content_id,title,content_type,release_year,runtime_minutes,language,rating,age_rating
CNT00001,StreamIQ Original 0001,Series,2020,171,Telugu,9.5,13+
CNT00002,StreamIQ Original 0002,Series,2019,76,Telugu,7.3,16+
CNT00003,StreamIQ Original 0003,Series,2020,148,English,6.5,18+
CNT00004,StreamIQ Original 0004,Series,2019,131,German,9.3,18+
CNT00005,StreamIQ Original 0005,Series,2023,128,Hindi,6.3,U
CNT00006,StreamIQ Original 0006,Movie,2020,90,English,5.2,18+
CNT00007,StreamIQ Original 0007,Series,2019,85,English,8.0,13+
CNT00008,StreamIQ Original 0008,Movie,2021,139,Hindi,9.6,16+
CNT00009,StreamIQ Original 0009,Movie,2024,82,Tamil,6.8,13+
CNT00010,StreamIQ Original 0010,Movie,2019,77,English,7.3,16+
CNT00011,StreamIQ Original 0011,Series,2021,166,English,6.4,16+
CNT00012,StreamIQ Original 0012,Series,2022,130,English,7.1,18+
CNT00013,StreamIQ Original 0013,Series,2019,72,English,6.4,13+
CNT00014,StreamIQ Original 0014,Series,2020,180,English,8.1,16+
CNT00015,StreamIQ Original 0015,Movie,2022,115,Hindi,8.5,13+
CNT00016,StreamIQ Original 0016,Series,2021,131,French,5.9,16+
CNT00017,StreamIQ Original 0017,Movie,2024,92,French,8.5,13+
CNT00018,StreamIQ Original 0018,Movie,2022,77,English,6.3,U
CNT00019,StreamIQ Original 0019,Movie,2019,89,English,7.6,16+
CNT00020,StreamIQ Original 0020,Movie,2018,99,English,8.1,16+
CNT00021,StreamIQ Original 0021,Movie,2024,179,English,7.0,18+
CNT00022,StreamIQ Original 0022,Movie,2019,144,English,6.0,18+
CNT00023,StreamIQ Original 0023,Series,2021,123,Spanish,6.3,13+
CNT00024,StreamIQ Original 0024,Movie,2025,89,English,8.1,U
CNT00025,StreamIQ Original 0025,Series,2022,71,English,8.3,16+
CNT00026,StreamIQ Original 0026,Series,2025,167,English,5.6,18+
CNT00027,StreamIQ Original 0027,Movie,2025,86,Portuguese,8.7,13+
CNT00028,StreamIQ Original 0028,Series,2018,84,English,6.5,U
CNT00029,StreamIQ Original 0029,Series,2023,134,French,6.7,16+
CNT00030,StreamIQ Original 0030,Series,2024,180,French,7.7,18+
CNT00031,StreamIQ Original 0031,Movie,2023,138,Tamil,5.1,13+
CNT00032,StreamIQ Original 0032,Series,2023,167,English,7.5,18+
CNT00033,StreamIQ Original 0033,Movie,2020,138,Spanish,7.1,16+
CNT00034,StreamIQ Original 0034,Movie,2022,173,English,7.8,13+
CNT00035,StreamIQ Original 0035,Series,2022,178,English,7.1,13+
CNT00036,StreamIQ Original 0036,Series,2019,141,Portuguese,8.3,13+
CNT00037,StreamIQ Original 0037,Movie,2020,137,Telugu,6.4,13+
CNT00038,StreamIQ Original 0038,Movie,2018,112,Hindi,7.8,13+
CNT00039,StreamIQ Original 0039,Series,2022,81,Hindi,6.9,18+
CNT00040,StreamIQ Original 0040,Series,2019,169,Portuguese,5.5,13+
CNT00041,StreamIQ Original 0041,Series,2019,177,English,6.5,U
CNT00042,StreamIQ Original 0042,Movie,2018,163,Tamil,7.3,U
CNT00043,StreamIQ Original 0043,Series,2020,152,English,7.1,18+
CNT00044,StreamIQ Original 0044,Movie,2020,91,Telugu,6.6,13+
CNT00045,StreamIQ Original 0045,Series,2019,161,Hindi,6.4,18+
CNT00046,StreamIQ Original 0046,Series,2020,163,Hindi,7.2,18+
CNT00047,StreamIQ Original 0047,Movie,2020,139,French,8.7,18+
CNT00048,StreamIQ Original 0048,Movie,2019,174,Telugu,7.1,18+
CNT00049,StreamIQ Original 0049,Movie,2022,89,English,6.0,18+
CNT00050,StreamIQ Original 0050,Series,2022,84,French,9.6,16+
CNT00051,StreamIQ Original 0051,Series,2023,77,Bengali,5.0,18+
CNT00052,StreamIQ Original 0052,Series,2020,106,English,9.0,16+
CNT00053,StreamIQ Original 0053,Movie,2019,97,English,7.4,16+
CNT00054,StreamIQ Original 0054,Movie,2022,80,English,6.9,18+
CNT00055,StreamIQ Original 0055,Movie,2023,139,German,6.8,16+
CNT00056,StreamIQ Original 0056,Movie,2023,96,Hindi,7.0,13+
CNT00057,StreamIQ Original 0057,Movie,2022,111,Bengali,7.0,13+
CNT00058,StreamIQ Original 0058,Series,2025,144,Hindi,9.0,13+
CNT00059,StreamIQ Original 0059,Series,2025,152,Hindi,6.1,18+
CNT00060,StreamIQ Original 0060,Series,2023,145,Hindi,7.0,U
CNT00061,StreamIQ Original 0061,Series,2019,150,Telugu,7.1,16+
CNT00062,StreamIQ Original 0062,Movie,2018,77,English,7.2,13+
CNT00063,StreamIQ Original 0063,Series,2024,128,Hindi,9.0,13+
CNT00064,StreamIQ Original 0064,Movie,2023,129,English,7.0,U
CNT00065,StreamIQ Original 0065,Movie,2024,164,English,6.3,U
CNT00066,StreamIQ Original 0066,Series,2020,131,French,9.2,13+
CNT00067,StreamIQ Original 0067,Movie,2024,88,English,6.6,16+
CNT00068,StreamIQ Original 0068,Series,2020,112,English,7.3,13+
CNT00069,StreamIQ Original 0069,Movie,2023,129,English,6.5,16+
CNT00070,StreamIQ Original 0070,Series,2022,120,English,6.9,18+
CNT00071,StreamIQ Original 0071,Series,2019,153,English,7.9,13+
CNT00072,StreamIQ Original 0072,Series,2021,133,French,7.4,18+
CNT00073,StreamIQ Original 0073,Movie,2024,135,Hindi,6.7,U
CNT00074,StreamIQ Original 0074,Series,2024,139,Spanish,7.4,13+
CNT00075,StreamIQ Original 0075,Movie,2023,174,Hindi,8.7,16+
CNT00076,StreamIQ Original 0076,Movie,2024,160,Spanish,6.4,13+
CNT00077,StreamIQ Original 0077,Series,2021,117,French,7.9,13+
CNT00078,StreamIQ Original 0078,Movie,2024,87,French,5.9,13+
CNT00079,StreamIQ Original 0079,Movie,2019,89,German,6.3,16+
CNT00080,StreamIQ Original 0080,Movie,2019,142,English,7.4,13+
CNT00081,StreamIQ Original 0081,Movie,2018,136,English,6.8,13+
CNT00082,StreamIQ Original 0082,Series,2024,109,French,8.8,18+
CNT00083,StreamIQ Original 0083,Series,2021,171,Portuguese,8.1,13+
CNT00084,StreamIQ Original 0084,Series,2024,87,French,8.1,16+
CNT00085,StreamIQ Original 0085,Movie,2019,81,Hindi,9.2,18+
CNT00086,StreamIQ Original 0086,Movie,2025,152,English,6.4,16+
CNT00087,StreamIQ Original 0087,Movie,2025,95,English,6.3,16+
CNT00088,StreamIQ Original 0088,Movie,2019,166,Hindi,7.6,18+
CNT00089,StreamIQ Original 0089,Movie,2025,102,English,7.3,13+
CNT00090,StreamIQ Original 0090,Series,2020,75,Bengali,7.4,13+
CNT00091,StreamIQ Original 0091,Movie,2021,127,English,6.8,13+
CNT00092,StreamIQ Original 0092,Movie,2019,126,English,6.4,16+
CNT00093,StreamIQ Original 0093,Movie,2021,78,French,7.0,U
CNT00094,StreamIQ Original 0094,Series,2019,79,Telugu,6.6,U
CNT00095,StreamIQ Original 0095,Series,2023,113,English,8.3,U
CNT00096,StreamIQ Original 0096,Series,2024,122,English,7.2,13+
CNT00097,StreamIQ Original 0097,Series,2021,96,English,8.3,U
CNT00098,StreamIQ Original 0098,Movie,2024,150,French,6.3,16+
CNT00099,StreamIQ Original 0099,Movie,2018,121,Telugu,7.3,16+
CNT00100,StreamIQ Original 0100,Movie,2018,153,French,6.5,13+
CNT00101,StreamIQ Original 0101,Series,2018,133,English,7.0,U
CNT00102,StreamIQ Original 0102,Series,2022,123,Hindi,8.2,18+
CNT00103,StreamIQ Original 0103,Series,2024,82,Hindi,8.7,16+
CNT00104,StreamIQ Original 0104,Movie,2019,100,Hindi,8.6,U
CNT00105,StreamIQ Original 0105,Movie,2024,175,Tamil,6.3,16+
CNT00106,StreamIQ Original 0106,Movie,2025,150,Bengali,8.0,U
CNT00107,StreamIQ Original 0107,Series,2020,118,Telugu,6.4,13+
CNT00108,StreamIQ Original 0108,Movie,2024,144,French,8.0,16+
CNT00109,StreamIQ Original 0109,Series,2022,96,Hindi,6.1,13+
CNT00110,StreamIQ Original 0110,Series,2021,82,English,7.5,U
CNT00111,StreamIQ Original 0111,Movie,2019,115,English,6.3,16+
CNT00112,StreamIQ Original 0112,Movie,2019,120,Tamil,8.2,U
CNT00113,StreamIQ Original 0113,Series,2024,112,English,6.2,13+
CNT00114,StreamIQ Original 0114,Series,2022,173,English,7.6,13+
CNT00115,StreamIQ Original 0115,Movie,2024,169,Hindi,7.9,16+
CNT00116,StreamIQ Original 0116,Movie,2019,148,English,6.6,18+
CNT00117,StreamIQ Original 0117,Series,2019,155,English,6.8,13+
CNT00118,StreamIQ Original 0118,Movie,2021,158,Spanish,7.5,16+
CNT00119,StreamIQ Original 0119,Movie,2025,88,Bengali,8.1,13+
CNT00120,StreamIQ Original 0120,Movie,2020,98,Spanish,8.9,U
CNT00121,StreamIQ Original 0121,Series,2025,156,English,8.1,16+
CNT00122,StreamIQ Original 0122,Movie,2021,152,English,8.3,13+
CNT00123,StreamIQ Original 0123,Series,2023,136,Hindi,7.7,16+
CNT00124,StreamIQ Original 0124,Movie,2022,88,Portuguese,7.0,13+
CNT00125,StreamIQ Original 0125,Movie,2019,82,Spanish,7.7,18+
CNT00126,StreamIQ Original 0126,Movie,2024,166,English,7.2,16+
CNT00127,StreamIQ Original 0127,Movie,2019,157,English,7.7,13+
CNT00128,StreamIQ Original 0128,Series,2020,107,French,4.9,13+
CNT00129,StreamIQ Original 0129,Series,2020,104,French,8.7,13+
CNT00130,StreamIQ Original 0130,Series,2018,102,English,9.2,16+
CNT00131,StreamIQ Original 0131,Movie,2024,114,Hindi,5.9,16+
CNT00132,StreamIQ Original 0132,Series,2020,126,Tamil,8.2,13+
CNT00133,StreamIQ Original 0133,Series,2021,118,English,8.3,16+
CNT00134,StreamIQ Original 0134,Movie,2023,135,Spanish,7.4,18+
CNT00135,StreamIQ Original 0135,Series,2025,152,English,5.2,13+
CNT00136,StreamIQ Original 0136,Series,2019,108,Spanish,6.9,13+
CNT00137,StreamIQ Original 0137,Series,2021,116,Hindi,6.5,18+
CNT00138,StreamIQ Original 0138,Series,2021,102,Bengali,8.7,U
CNT00139,StreamIQ Original 0139,Series,2021,160,English,7.2,13+
CNT00140,StreamIQ Original 0140,Series,2025,119,English,7.5,16+
CNT00141,StreamIQ Original 0141,Series,2021,135,English,8.0,U
CNT00142,StreamIQ Original 0142,Series,2025,102,Spanish,7.0,16+
CNT00143,StreamIQ Original 0143,Series,2021,118,English,6.5,16+
CNT00144,StreamIQ Original 0144,Movie,2021,140,English,8.1,13+
CNT00145,StreamIQ Original 0145,Movie,2019,79,Telugu,7.5,13+
CNT00146,StreamIQ Original 0146,Movie,2021,97,English,7.0,U
CNT00147,StreamIQ Original 0147,Series,2022,158,English,6.7,16+
CNT00148,StreamIQ Original 0148,Series,2021,164,Hindi,4.9,U
CNT00149,StreamIQ Original 0149,Movie,2018,113,Spanish,8.6,U
CNT00150,StreamIQ Original 0150,Movie,2023,82,Hindi,8.2,U
CNT00151,StreamIQ Original 0151,Movie,2021,164,Hindi,9.2,13+
CNT00152,StreamIQ Original 0152,Series,2018,98,English,8.6,16+
CNT00153,StreamIQ Original 0153,Movie,2019,109,English,8.2,16+
CNT00154,StreamIQ Original 0154,Series,2025,78,Spanish,7.6,13+
CNT00155,StreamIQ Original 0155,Movie,2022,164,German,6.5,13+
CNT00156,StreamIQ Original 0156,Movie,2024,174,English,7.9,16+
CNT00157,StreamIQ Original 0157,Movie,2025,98,Spanish,7.2,16+
CNT00158,StreamIQ Original 0158,Series,2019,73,English,8.6,16+
CNT00159,StreamIQ Original 0159,Movie,2019,150,English,7.3,13+
CNT00160,StreamIQ Original 0160,Movie,2021,150,English,7.2,U
CNT00161,StreamIQ Original 0161,Series,2018,88,English,6.3,13+
CNT00162,StreamIQ Original 0162,Series,2022,117,French,8.5,13+
CNT00163,StreamIQ Original 0163,Series,2021,136,English,6.4,18+
CNT00164,StreamIQ Original 0164,Movie,2024,166,English,7.9,U
CNT00165,StreamIQ Original 0165,Series,2018,170,Spanish,8.6,16+
CNT00166,StreamIQ Original 0166,Series,2023,111,Hindi,7.3,18+
CNT00167,StreamIQ Original 0167,Movie,2021,151,German,7.5,18+
CNT00168,StreamIQ Original 0168,Series,2024,154,English,5.8,16+
CNT00169,StreamIQ Original 0169,Series,2019,127,Hindi,5.9,U
CNT00170,StreamIQ Original 0170,Movie,2018,157,Bengali,6.0,18+
CNT00171,StreamIQ Original 0171,Movie,2023,128,Tamil,8.1,16+
CNT00172,StreamIQ Original 0172,Movie,2025,85,Hindi,6.2,16+
CNT00173,StreamIQ Original 0173,Movie,2020,164,Hindi,8.1,13+
CNT00174,StreamIQ Original 0174,Movie,2021,175,English,6.0,18+
CNT00175,StreamIQ Original 0175,Series,2019,129,Hindi,7.1,13+
CNT00176,StreamIQ Original 0176,Series,2025,136,Hindi,6.6,16+
CNT00177,StreamIQ Original 0177,Movie,2018,86,Bengali,6.9,13+
CNT00178,StreamIQ Original 0178,Series,2019,133,English,8.5,16+
CNT00179,StreamIQ Original 0179,Movie,2021,102,Hindi,5.1,13+
CNT00180,StreamIQ Original 0180,Movie,2023,140,Telugu,8.7,U
CNT00181,StreamIQ Original 0181,Series,2024,173,English,7.7,13+
CNT00182,StreamIQ Original 0182,Series,2025,91,English,6.0,16+
CNT00183,StreamIQ Original 0183,Series,2021,76,English,8.0,18+
CNT00184,StreamIQ Original 0184,Series,2021,166,English,6.6,18+
CNT00185,StreamIQ Original 0185,Movie,2022,74,Tamil,7.0,18+
CNT00186,StreamIQ Original 0186,Movie,2024,82,Spanish,8.6,18+
CNT00187,StreamIQ Original 0187,Series,2024,163,Portuguese,5.9,16+
CNT00188,StreamIQ Original 0188,Series,2024,79,German,7.1,U
CNT00189,StreamIQ Original 0189,Movie,2022,83,Telugu,8.0,16+
CNT00190,StreamIQ Original 0190,Movie,2021,140,English,6.5,16+
CNT00191,StreamIQ Original 0191,Series,2023,100,English,5.3,U
CNT00192,StreamIQ Original 0192,Series,2022,73,Spanish,6.3,16+
CNT00193,StreamIQ Original 0193,Movie,2023,179,Hindi,7.7,13+
CNT00194,StreamIQ Original 0194,Movie,2024,117,English,5.0,U
CNT00195,StreamIQ Original 0195,Series,2019,132,English,5.2,18+
CNT00196,StreamIQ Original 0196,Movie,2018,175,Hindi,7.6,13+
CNT00197,StreamIQ Original 0197,Movie,2022,73,German,6.1,U
CNT00198,StreamIQ Original 0198,Movie,2022,147,French,8.2,13+
CNT00199,StreamIQ Original 0199,Movie,2023,148,Hindi,7.7,16+
CNT00200,StreamIQ Original 0200,Series,2023,126,English,6.8,16+
CNT00201,StreamIQ Original 0201,Movie,2022,104,German,8.0,U
CNT00202,StreamIQ Original 0202,Series,2022,167,English,7.3,13+
CNT00203,StreamIQ Original 0203,Movie,2023,83,French,7.1,16+
CNT00204,StreamIQ Original 0204,Movie,2020,146,Telugu,7.5,16+
CNT00205,StreamIQ Original 0205,Movie,2018,93,English,6.9,16+
CNT00206,StreamIQ Original 0206,Movie,2019,92,English,7.5,13+
CNT00207,StreamIQ Original 0207,Series,2022,122,English,5.9,13+
CNT00208,StreamIQ Original 0208,Movie,2025,149,English,9.4,18+
CNT00209,StreamIQ Original 0209,Movie,2024,168,English,8.3,18+
CNT00210,StreamIQ Original 0210,Movie,2020,96,French,7.6,13+
CNT00211,StreamIQ Original 0211,Movie,2025,167,Hindi,8.3,18+
CNT00212,StreamIQ Original 0212,Movie,2021,154,Tamil,8.4,U
CNT00213,StreamIQ Original 0213,Movie,2021,77,English,7.2,16+
CNT00214,StreamIQ Original 0214,Series,2020,102,Hindi,6.4,U
CNT00215,StreamIQ Original 0215,Movie,2019,161,English,6.0,16+
CNT00216,StreamIQ Original 0216,Movie,2020,160,Spanish,8.0,16+
CNT00217,StreamIQ Original 0217,Movie,2021,86,German,8.7,18+
CNT00218,StreamIQ Original 0218,Movie,2022,127,Hindi,6.7,13+
CNT00219,StreamIQ Original 0219,Movie,2021,177,English,7.6,16+
CNT00220,StreamIQ Original 0220,Movie,2025,131,Hindi,8.4,16+
CNT00221,StreamIQ Original 0221,Movie,2024,147,English,8.0,16+
CNT00222,StreamIQ Original 0222,Series,2025,99,English,7.8,16+
CNT00223,StreamIQ Original 0223,Series,2018,115,Hindi,9.5,16+
CNT00224,StreamIQ Original 0224,Series,2018,86,Bengali,6.8,16+
CNT00225,StreamIQ Original 0225,Series,2021,171,Spanish,7.1,13+
CNT00226,StreamIQ Original 0226,Movie,2021,136,Spanish,6.4,U
CNT00227,StreamIQ Original 0227,Movie,2022,126,French,6.1,18+
CNT00228,StreamIQ Original 0228,Series,2022,75,English,7.4,U
CNT00229,StreamIQ Original 0229,Movie,2018,125,French,6.0,13+
CNT00230,StreamIQ Original 0230,Series,2024,158,English,5.0,16+
CNT00231,StreamIQ Original 0231,Movie,2023,139,French,6.7,16+
CNT00232,StreamIQ Original 0232,Movie,2024,169,Telugu,6.9,13+
CNT00233,StreamIQ Original 0233,Movie,2024,172,Hindi,8.4,16+
CNT00234,StreamIQ Original 0234,Movie,2019,169,English,5.6,13+
CNT00235,StreamIQ Original 0235,Movie,2024,119,Hindi,5.9,U
CNT00236,StreamIQ Original 0236,Movie,2023,136,English,6.6,16+
CNT00237,StreamIQ Original 0237,Series,2021,104,Hindi,6.8,16+
CNT00238,StreamIQ Original 0238,Movie,2025,180,English,5.9,U
CNT00239,StreamIQ Original 0239,Series,2022,88,Spanish,7.3,18+
CNT00240,StreamIQ Original 0240,Movie,2024,144,English,7.5,13+
CNT00241,StreamIQ Original 0241,Movie,2021,84,English,5.7,16+
CNT00242,StreamIQ Original 0242,Series,2018,106,English,7.8,13+
CNT00243,StreamIQ Original 0243,Movie,2022,165,English,7.9,13+
CNT00244,StreamIQ Original 0244,Movie,2023,100,English,5.9,16+
CNT00245,StreamIQ Original 0245,Movie,2020,124,English,8.5,13+
CNT00246,StreamIQ Original 0246,Movie,2018,155,English,8.1,18+
CNT00247,StreamIQ Original 0247,Movie,2021,140,Spanish,6.6,16+
CNT00248,StreamIQ Original 0248,Series,2022,70,English,6.4,16+
CNT00249,StreamIQ Original 0249,Movie,2018,165,English,5.6,U
CNT00250,StreamIQ Original 0250,Series,2021,123,English,5.8,13+
CNT00251,StreamIQ Original 0251,Movie,2019,154,Spanish,6.7,13+
CNT00252,StreamIQ Original 0252,Series,2023,103,English,7.0,13+
CNT00253,StreamIQ Original 0253,Movie,2025,172,German,7.6,18+
CNT00254,StreamIQ Original 0254,Movie,2022,141,English,8.1,16+
CNT00255,StreamIQ Original 0255,Movie,2024,96,Bengali,6.1,13+
CNT00256,StreamIQ Original 0256,Movie,2019,112,Hindi,7.2,13+
CNT00257,StreamIQ Original 0257,Movie,2018,156,English,7.7,13+
CNT00258,StreamIQ Original 0258,Series,2022,85,English,7.9,U
CNT00259,StreamIQ Original 0259,Movie,2021,147,English,6.6,16+
CNT00260,StreamIQ Original 0260,Series,2019,94,Spanish,7.7,16+
CNT00261,StreamIQ Original 0261,Movie,2018,138,English,7.7,16+
CNT00262,StreamIQ Original 0262,Movie,2021,72,Bengali,8.7,13+
CNT00263,StreamIQ Original 0263,Movie,2021,137,English,7.1,U
CNT00264,StreamIQ Original 0264,Series,2024,144,English,7.0,U
CNT00265,StreamIQ Original 0265,Movie,2021,141,English,6.5,13+
CNT00266,StreamIQ Original 0266,Movie,2021,128,English,6.2,18+
CNT00267,StreamIQ Original 0267,Series,2023,166,English,6.8,13+
CNT00268,StreamIQ Original 0268,Series,2019,130,Tamil,5.9,18+
CNT00269,StreamIQ Original 0269,Series,2021,155,Bengali,6.7,16+
CNT00270,StreamIQ Original 0270,Series,2020,84,French,5.9,16+
CNT00271,StreamIQ Original 0271,Series,2022,130,Hindi,5.9,16+
CNT00272,StreamIQ Original 0272,Movie,2021,81,German,6.3,13+
CNT00273,StreamIQ Original 0273,Movie,2021,132,English,7.6,13+
CNT00274,StreamIQ Original 0274,Series,2023,93,English,7.8,U
CNT00275,StreamIQ Original 0275,Series,2020,140,English,7.1,18+
CNT00276,StreamIQ Original 0276,Movie,2024,93,Hindi,7.3,18+
CNT00277,StreamIQ Original 0277,Movie,2022,147,English,7.8,16+
CNT00278,StreamIQ Original 0278,Series,2023,131,German,6.8,18+
CNT00279,StreamIQ Original 0279,Movie,2023,82,German,7.4,16+
CNT00280,StreamIQ Original 0280,Movie,2021,79,English,6.2,13+
CNT00281,StreamIQ Original 0281,Series,2021,134,French,7.6,16+
CNT00282,StreamIQ Original 0282,Movie,2024,74,English,7.0,16+
CNT00283,StreamIQ Original 0283,Movie,2021,167,English,7.5,13+
CNT00284,StreamIQ Original 0284,Movie,2020,178,English,6.9,13+
CNT00285,StreamIQ Original 0285,Series,2023,116,Hindi,8.6,16+
CNT00286,StreamIQ Original 0286,Movie,2022,176,English,8.5,13+
CNT00287,StreamIQ Original 0287,Movie,2018,77,French,8.5,13+
CNT00288,StreamIQ Original 0288,Movie,2022,120,English,5.5,16+
CNT00289,StreamIQ Original 0289,Movie,2020,147,English,7.6,13+
CNT00290,StreamIQ Original 0290,Movie,2024,177,Spanish,8.9,U
CNT00291,StreamIQ Original 0291,Movie,2022,106,French,7.3,18+
CNT00292,StreamIQ Original 0292,Movie,2023,150,English,7.5,13+
CNT00293,StreamIQ Original 0293,Series,2024,112,English,7.4,18+
CNT00294,StreamIQ Original 0294,Movie,2024,155,English,9.4,13+
CNT00295,StreamIQ Original 0295,Movie,2023,126,Spanish,7.9,16+
CNT00296,StreamIQ Original 0296,Movie,2021,113,Hindi,8.2,16+
CNT00297,StreamIQ Original 0297,Movie,2020,134,Portuguese,7.1,13+
CNT00298,StreamIQ Original 0298,Series,2020,118,English,7.8,U
CNT00299,StreamIQ Original 0299,Series,2022,108,English,6.8,13+
CNT00300,StreamIQ Original 0300,Series,2022,145,French,9.0,U
CNT00301,StreamIQ Original 0301,Movie,2025,99,Bengali,6.3,16+
CNT00302,StreamIQ Original 0302,Series,2019,162,Telugu,6.0,U
CNT00303,StreamIQ Original 0303,Movie,2022,149,English,6.0,13+
CNT00304,StreamIQ Original 0304,Series,2024,177,Spanish,7.6,U
CNT00305,StreamIQ Original 0305,Movie,2022,135,English,9.1,16+
CNT00306,StreamIQ Original 0306,Movie,2021,120,French,7.3,16+
CNT00307,StreamIQ Original 0307,Movie,2018,148,English,9.6,13+
CNT00308,StreamIQ Original 0308,Movie,2024,115,English,8.6,18+
CNT00309,StreamIQ Original 0309,Movie,2024,77,English,7.8,13+
CNT00310,StreamIQ Original 0310,Series,2025,75,English,6.1,18+
CNT00311,StreamIQ Original 0311,Movie,2025,128,Hindi,8.0,16+
CNT00312,StreamIQ Original 0312,Movie,2025,171,Telugu,9.6,18+
CNT00313,StreamIQ Original 0313,Movie,2024,74,English,8.3,U
CNT00314,StreamIQ Original 0314,Series,2018,147,English,8.3,18+
CNT00315,StreamIQ Original 0315,Movie,2018,137,German,6.4,16+
CNT00316,StreamIQ Original 0316,Movie,2022,180,German,7.6,16+
CNT00317,StreamIQ Original 0317,Movie,2023,72,English,8.9,U
CNT00318,StreamIQ Original 0318,Movie,2018,101,English,7.9,U
CNT00319,StreamIQ Original 0319,Series,2025,157,English,6.0,13+
CNT00320,StreamIQ Original 0320,Movie,2023,131,Hindi,7.6,13+
CNT00321,StreamIQ Original 0321,Movie,2024,157,English,7.3,13+
CNT00322,StreamIQ Original 0322,Movie,2024,99,French,6.9,16+
CNT00323,StreamIQ Original 0323,Series,2019,118,Hindi,7.8,16+
CNT00324,StreamIQ Original 0324,Series,2024,81,Spanish,6.7,18+
CNT00325,StreamIQ Original 0325,Movie,2020,158,English,7.6,13+
CNT00326,StreamIQ Original 0326,Series,2019,119,Hindi,6.8,16+
CNT00327,StreamIQ Original 0327,Series,2019,151,Spanish,6.6,16+
CNT00328,StreamIQ Original 0328,Movie,2025,87,Hindi,6.3,18+
CNT00329,StreamIQ Original 0329,Movie,2025,162,English,6.9,16+
CNT00330,StreamIQ Original 0330,Movie,2018,116,English,7.5,18+
CNT00331,StreamIQ Original 0331,Movie,2018,132,Portuguese,7.6,13+
CNT00332,StreamIQ Original 0332,Movie,2019,113,Hindi,6.8,16+
CNT00333,StreamIQ Original 0333,Movie,2025,90,English,8.0,16+
CNT00334,StreamIQ Original 0334,Movie,2019,117,Telugu,9.4,16+
CNT00335,StreamIQ Original 0335,Series,2019,135,Spanish,8.4,18+
CNT00336,StreamIQ Original 0336,Movie,2019,101,English,7.0,13+
CNT00337,StreamIQ Original 0337,Series,2019,163,Hindi,7.2,18+
CNT00338,StreamIQ Original 0338,Series,2022,114,English,8.2,U
CNT00339,StreamIQ Original 0339,Series,2019,120,German,7.3,13+
CNT00340,StreamIQ Original 0340,Series,2020,122,French,7.9,U
CNT00341,StreamIQ Original 0341,Series,2018,180,English,6.9,16+
CNT00342,StreamIQ Original 0342,Movie,2020,97,English,8.8,16+
CNT00343,StreamIQ Original 0343,Movie,2021,158,English,7.3,13+
CNT00344,StreamIQ Original 0344,Movie,2018,172,German,7.4,18+
CNT00345,StreamIQ Original 0345,Movie,2024,131,English,8.3,13+
CNT00346,StreamIQ Original 0346,Series,2020,98,Hindi,6.9,13+
CNT00347,StreamIQ Original 0347,Series,2019,130,Tamil,7.1,16+
CNT00348,StreamIQ Original 0348,Series,2019,77,Portuguese,7.9,13+
CNT00349,StreamIQ Original 0349,Movie,2018,115,English,6.8,16+
CNT00350,StreamIQ Original 0350,Movie,2022,100,English,6.8,13+
CNT00351,StreamIQ Original 0351,Series,2019,135,Portuguese,6.9,13+
CNT00352,StreamIQ Original 0352,Series,2020,131,English,7.1,13+
CNT00353,StreamIQ Original 0353,Series,2018,87,English,6.6,16+
CNT00354,StreamIQ Original 0354,Movie,2022,124,Bengali,6.9,16+
CNT00355,StreamIQ Original 0355,Movie,2023,154,Bengali,7.9,13+
CNT00356,StreamIQ Original 0356,Series,2019,106,Hindi,9.0,13+
CNT00357,StreamIQ Original 0357,Series,2022,171,Spanish,7.3,18+
CNT00358,StreamIQ Original 0358,Series,2020,155,English,7.0,18+
CNT00359,StreamIQ Original 0359,Movie,2018,99,Bengali,6.3,13+
CNT00360,StreamIQ Original 0360,Movie,2019,152,Tamil,7.7,13+
CNT00361,StreamIQ Original 0361,Series,2022,90,Hindi,7.5,U
CNT00362,StreamIQ Original 0362,Series,2018,147,English,6.3,13+
CNT00363,StreamIQ Original 0363,Series,2020,82,Spanish,7.1,13+
CNT00364,StreamIQ Original 0364,Movie,2018,168,Spanish,6.9,U
CNT00365,StreamIQ Original 0365,Movie,2024,88,English,6.5,13+
CNT00366,StreamIQ Original 0366,Movie,2019,73,English,7.0,18+
CNT00367,StreamIQ Original 0367,Series,2021,179,English,8.0,U
CNT00368,StreamIQ Original 0368,Movie,2023,90,Hindi,5.3,16+
CNT00369,StreamIQ Original 0369,Series,2018,93,English,7.7,16+
CNT00370,StreamIQ Original 0370,Movie,2019,175,English,7.0,13+
CNT00371,StreamIQ Original 0371,Movie,2025,114,Hindi,8.1,13+
CNT00372,StreamIQ Original 0372,Movie,2023,82,Telugu,5.9,13+
CNT00373,StreamIQ Original 0373,Series,2022,91,English,5.0,16+
CNT00374,StreamIQ Original 0374,Series,2018,156,English,7.9,U
CNT00375,StreamIQ Original 0375,Movie,2018,118,Tamil,6.9,16+
CNT00376,StreamIQ Original 0376,Movie,2023,117,English,6.5,13+
CNT00377,StreamIQ Original 0377,Movie,2021,86,Hindi,6.7,U
CNT00378,StreamIQ Original 0378,Movie,2024,89,English,7.0,18+
CNT00379,StreamIQ Original 0379,Movie,2021,101,Telugu,6.4,U
CNT00380,StreamIQ Original 0380,Series,2021,173,Spanish,8.3,18+
CNT00381,StreamIQ Original 0381,Series,2021,119,Telugu,6.5,13+
CNT00382,StreamIQ Original 0382,Movie,2019,174,Spanish,7.5,18+
CNT00383,StreamIQ Original 0383,Series,2023,131,Hindi,8.7,18+
CNT00384,StreamIQ Original 0384,Movie,2021,84,English,7.3,13+
CNT00385,StreamIQ Original 0385,Series,2021,111,Hindi,7.1,13+
CNT00386,StreamIQ Original 0386,Movie,2020,80,German,8.0,16+
CNT00387,StreamIQ Original 0387,Series,2021,106,English,6.2,U
CNT00388,StreamIQ Original 0388,Series,2024,173,Spanish,7.4,U
CNT00389,StreamIQ Original 0389,Movie,2025,137,English,8.0,16+
CNT00390,StreamIQ Original 0390,Movie,2024,107,English,9.2,13+
CNT00391,StreamIQ Original 0391,Movie,2024,150,Hindi,9.6,13+
CNT00392,StreamIQ Original 0392,Series,2019,130,English,5.8,13+
CNT00393,StreamIQ Original 0393,Movie,2024,130,Hindi,6.2,13+
CNT00394,StreamIQ Original 0394,Series,2019,162,Tamil,7.8,U
CNT00395,StreamIQ Original 0395,Movie,2019,171,English,7.0,16+
CNT00396,StreamIQ Original 0396,Movie,2025,84,Hindi,6.5,13+
CNT00397,StreamIQ Original 0397,Movie,2025,97,English,6.6,16+
CNT00398,StreamIQ Original 0398,Movie,2025,156,English,8.6,18+
CNT00399,StreamIQ Original 0399,Series,2022,136,English,8.1,13+
CNT00400,StreamIQ Original 0400,Movie,2022,90,English,7.9,18+
CNT00401,StreamIQ Original 0401,Movie,2020,98,Tamil,7.1,18+
CNT00402,StreamIQ Original 0402,Movie,2023,130,English,6.7,13+
CNT00403,StreamIQ Original 0403,Series,2022,85,English,7.7,18+
CNT00404,StreamIQ Original 0404,Movie,2024,112,Spanish,7.3,13+
CNT00405,StreamIQ Original 0405,Movie,2020,93,Telugu,6.0,16+
CNT00406,StreamIQ Original 0406,Movie,2022,165,Hindi,7.7,18+
CNT00407,StreamIQ Original 0407,Movie,2023,100,Tamil,8.3,18+
CNT00408,StreamIQ Original 0408,Movie,2018,167,Tamil,5.4,16+
CNT00409,StreamIQ Original 0409,Series,2020,154,French,7.5,13+
CNT00410,StreamIQ Original 0410,Series,2024,82,English,8.5,U
CNT00411,StreamIQ Original 0411,Movie,2022,94,Hindi,7.5,13+
CNT00412,StreamIQ Original 0412,Movie,2025,75,English,7.8,16+
CNT00413,StreamIQ Original 0413,Movie,2018,155,Bengali,5.8,U
CNT00414,StreamIQ Original 0414,Movie,2020,148,Spanish,7.5,18+
CNT00415,StreamIQ Original 0415,Series,2020,112,English,6.5,16+
CNT00416,StreamIQ Original 0416,Movie,2018,151,German,8.2,16+
CNT00417,StreamIQ Original 0417,Movie,2020,164,English,6.5,16+
CNT00418,StreamIQ Original 0418,Movie,2024,120,Hindi,6.9,18+
CNT00419,StreamIQ Original 0419,Movie,2025,144,English,7.1,16+
CNT00420,StreamIQ Original 0420,Movie,2025,158,English,6.6,13+
CNT00421,StreamIQ Original 0421,Movie,2018,110,French,6.9,18+
CNT00422,StreamIQ Original 0422,Movie,2018,158,Portuguese,6.4,18+
CNT00423,StreamIQ Original 0423,Movie,2020,151,Spanish,6.7,16+
CNT00424,StreamIQ Original 0424,Movie,2020,104,German,8.1,16+
CNT00425,StreamIQ Original 0425,Movie,2021,174,Telugu,8.2,16+
CNT00426,StreamIQ Original 0426,Movie,2021,113,English,7.6,U
CNT00427,StreamIQ Original 0427,Series,2023,83,Spanish,8.8,16+
CNT00428,StreamIQ Original 0428,Series,2019,178,Hindi,7.6,16+
CNT00429,StreamIQ Original 0429,Series,2019,125,English,7.6,13+
CNT00430,StreamIQ Original 0430,Movie,2018,153,English,7.7,16+
CNT00431,StreamIQ Original 0431,Movie,2020,127,Tamil,6.4,13+
CNT00432,StreamIQ Original 0432,Series,2018,112,English,6.4,16+
CNT00433,StreamIQ Original 0433,Movie,2021,128,Hindi,6.7,13+
CNT00434,StreamIQ Original 0434,Series,2019,124,English,6.7,13+
CNT00435,StreamIQ Original 0435,Series,2023,106,Hindi,7.5,16+
CNT00436,StreamIQ Original 0436,Series,2018,103,English,8.6,16+
CNT00437,StreamIQ Original 0437,Movie,2020,172,Spanish,6.8,U
CNT00438,StreamIQ Original 0438,Series,2019,115,Hindi,6.4,13+
CNT00439,StreamIQ Original 0439,Movie,2018,117,French,6.1,16+
CNT00440,StreamIQ Original 0440,Movie,2024,159,Hindi,7.6,U
CNT00441,StreamIQ Original 0441,Movie,2025,109,French,7.2,18+
CNT00442,StreamIQ Original 0442,Movie,2024,89,English,9.1,13+
CNT00443,StreamIQ Original 0443,Movie,2019,111,English,6.6,13+
CNT00444,StreamIQ Original 0444,Movie,2025,141,Hindi,8.5,16+
CNT00445,StreamIQ Original 0445,Movie,2020,176,Hindi,5.1,13+
CNT00446,StreamIQ Original 0446,Movie,2024,133,English,5.6,13+
CNT00447,StreamIQ Original 0447,Movie,2019,92,Hindi,8.2,16+
CNT00448,StreamIQ Original 0448,Series,2018,120,English,7.2,13+
CNT00449,StreamIQ Original 0449,Series,2018,168,Spanish,7.0,18+
CNT00450,StreamIQ Original 0450,Movie,2019,81,Portuguese,6.7,18+
CNT00451,StreamIQ Original 0451,Movie,2024,120,Hindi,8.0,13+
CNT00452,StreamIQ Original 0452,Movie,2023,72,Hindi,8.1,13+
CNT00453,StreamIQ Original 0453,Movie,2020,76,Telugu,9.0,13+
CNT00454,StreamIQ Original 0454,Movie,2023,106,Spanish,7.7,16+
CNT00455,StreamIQ Original 0455,Movie,2023,177,English,8.1,18+
CNT00456,StreamIQ Original 0456,Movie,2018,89,Hindi,5.9,U
CNT00457,StreamIQ Original 0457,Movie,2023,157,French,6.1,16+
CNT00458,StreamIQ Original 0458,Movie,2022,127,German,7.7,U
CNT00459,StreamIQ Original 0459,Movie,2019,158,English,8.1,16+
CNT00460,StreamIQ Original 0460,Series,2021,88,French,8.6,16+
CNT00461,StreamIQ Original 0461,Movie,2025,96,German,5.7,18+
CNT00462,StreamIQ Original 0462,Movie,2018,146,English,6.7,16+
CNT00463,StreamIQ Original 0463,Series,2021,155,Tamil,6.8,16+
CNT00464,StreamIQ Original 0464,Series,2021,105,French,6.4,U
CNT00465,StreamIQ Original 0465,Series,2020,129,Hindi,5.4,16+
CNT00466,StreamIQ Original 0466,Movie,2020,92,French,7.7,16+
CNT00467,StreamIQ Original 0467,Movie,2020,153,English,5.4,16+
CNT00468,StreamIQ Original 0468,Movie,2019,99,English,7.8,U
CNT00469,StreamIQ Original 0469,Movie,2025,152,English,8.0,13+
CNT00470,StreamIQ Original 0470,Movie,2021,160,English,8.1,U
CNT00471,StreamIQ Original 0471,Movie,2018,108,Hindi,7.6,18+
CNT00472,StreamIQ Original 0472,Series,2021,178,English,7.6,13+
CNT00473,StreamIQ Original 0473,Series,2022,135,English,5.7,18+
CNT00474,StreamIQ Original 0474,Movie,2021,173,English,6.2,13+
CNT00475,StreamIQ Original 0475,Movie,2021,103,Telugu,6.9,16+
CNT00476,StreamIQ Original 0476,Series,2019,78,Hindi,5.7,U
CNT00477,StreamIQ Original 0477,Movie,2025,154,English,5.9,16+
CNT00478,StreamIQ Original 0478,Movie,2025,153,Hindi,6.6,16+
CNT00479,StreamIQ Original 0479,Movie,2018,177,English,7.2,U
CNT00480,StreamIQ Original 0480,Series,2023,141,English,7.9,13+
CNT00481,StreamIQ Original 0481,Movie,2022,119,Telugu,5.6,16+
CNT00482,StreamIQ Original 0482,Movie,2019,154,Hindi,7.6,13+
CNT00483,StreamIQ Original 0483,Movie,2022,149,English,6.4,18+
CNT00484,StreamIQ Original 0484,Series,2024,70,Telugu,7.3,13+
CNT00485,StreamIQ Original 0485,Movie,2021,71,Bengali,8.3,18+
CNT00486,StreamIQ Original 0486,Series,2018,138,English,6.8,13+
CNT00487,StreamIQ Original 0487,Series,2021,104,English,7.7,18+
CNT00488,StreamIQ Original 0488,Movie,2019,143,English,8.1,13+
CNT00489,StreamIQ Original 0489,Movie,2018,114,German,7.4,18+
CNT00490,StreamIQ Original 0490,Series,2022,79,French,7.6,16+
CNT00491,StreamIQ Original 0491,Movie,2018,132,French,5.2,13+
CNT00492,StreamIQ Original 0492,Movie,2023,95,English,7.3,16+
CNT00493,StreamIQ Original 0493,Movie,2023,148,Portuguese,5.7,16+
CNT00494,StreamIQ Original 0494,Series,2018,172,English,8.0,U
CNT00495,StreamIQ Original 0495,Movie,2019,172,English,7.2,16+
CNT00496,StreamIQ Original 0496,Movie,2025,72,English,6.0,16+
CNT00497,StreamIQ Original 0497,Movie,2019,148,Hindi,7.7,13+
CNT00498,StreamIQ Original 0498,Series,2021,115,English,8.1,13+
CNT00499,StreamIQ Original 0499,Movie,2024,108,Hindi,6.6,13+
CNT00500,StreamIQ Original 0500,Movie,2018,170,Hindi,7.7,16+
CNT00501,StreamIQ Original 0501,Series,2024,173,English,4.9,18+
CNT00502,StreamIQ Original 0502,Series,2023,149,Tamil,7.4,13+
CNT00503,StreamIQ Original 0503,Series,2018,119,English,7.8,13+
CNT00504,StreamIQ Original 0504,Movie,2023,129,Portuguese,7.3,13+
CNT00505,StreamIQ Original 0505,Movie,2020,156,Portuguese,8.4,13+
CNT00506,StreamIQ Original 0506,Series,2024,88,English,5.8,13+
CNT00507,StreamIQ Original 0507,Movie,2021,79,Hindi,7.8,13+
CNT00508,StreamIQ Original 0508,Movie,2020,73,Bengali,7.8,13+
CNT00509,StreamIQ Original 0509,Series,2019,166,Hindi,6.4,16+
CNT00510,StreamIQ Original 0510,Movie,2022,108,German,8.9,16+
CNT00511,StreamIQ Original 0511,Movie,2025,146,Hindi,9.1,18+
CNT00512,StreamIQ Original 0512,Movie,2021,144,Hindi,8.4,U
CNT00513,StreamIQ Original 0513,Movie,2018,112,English,6.1,13+
CNT00514,StreamIQ Original 0514,Movie,2020,141,Hindi,7.9,13+
CNT00515,StreamIQ Original 0515,Movie,2018,162,English,7.3,18+
CNT00516,StreamIQ Original 0516,Movie,2025,167,Portuguese,7.2,13+
CNT00517,StreamIQ Original 0517,Movie,2022,106,Tamil,7.4,18+
CNT00518,StreamIQ Original 0518,Movie,2024,154,Tamil,6.7,13+
CNT00519,StreamIQ Original 0519,Series,2018,173,Spanish,6.6,18+
CNT00520,StreamIQ Original 0520,Movie,2025,87,English,7.9,U
CNT00521,StreamIQ Original 0521,Movie,2020,98,English,6.3,13+
CNT00522,StreamIQ Original 0522,Movie,2021,163,English,8.1,U
CNT00523,StreamIQ Original 0523,Movie,2023,115,German,7.5,16+
CNT00524,StreamIQ Original 0524,Series,2023,119,Telugu,5.0,16+
CNT00525,StreamIQ Original 0525,Movie,2023,86,Hindi,7.1,13+
CNT00526,StreamIQ Original 0526,Movie,2024,92,Tamil,7.3,U
CNT00527,StreamIQ Original 0527,Series,2018,75,Telugu,7.4,16+
CNT00528,StreamIQ Original 0528,Movie,2020,160,English,6.2,16+
CNT00529,StreamIQ Original 0529,Movie,2019,104,English,6.2,18+
CNT00530,StreamIQ Original 0530,Series,2018,106,English,8.8,13+
CNT00531,StreamIQ Original 0531,Series,2018,158,English,6.3,16+
CNT00532,StreamIQ Original 0532,Movie,2022,118,Hindi,6.5,18+
CNT00533,StreamIQ Original 0533,Movie,2025,72,French,7.6,13+
CNT00534,StreamIQ Original 0534,Series,2018,109,Spanish,5.3,16+
CNT00535,StreamIQ Original 0535,Movie,2023,129,Portuguese,6.7,16+
CNT00536,StreamIQ Original 0536,Movie,2020,104,English,7.6,U
CNT00537,StreamIQ Original 0537,Series,2022,109,English,6.8,16+
CNT00538,StreamIQ Original 0538,Movie,2022,128,French,5.4,16+
CNT00539,StreamIQ Original 0539,Movie,2018,73,Spanish,7.7,13+
CNT00540,StreamIQ Original 0540,Movie,2023,110,English,6.6,U
CNT00541,StreamIQ Original 0541,Movie,2021,124,German,7.1,16+
CNT00542,StreamIQ Original 0542,Movie,2019,74,English,6.8,U
CNT00543,StreamIQ Original 0543,Movie,2021,134,Hindi,6.2,16+
CNT00544,StreamIQ Original 0544,Movie,2025,100,Spanish,7.3,13+
CNT00545,StreamIQ Original 0545,Movie,2024,129,Hindi,6.6,18+
CNT00546,StreamIQ Original 0546,Movie,2020,112,Spanish,7.5,16+
CNT00547,StreamIQ Original 0547,Movie,2018,78,English,8.1,16+
CNT00548,StreamIQ Original 0548,Movie,2023,160,English,7.3,13+
CNT00549,StreamIQ Original 0549,Movie,2018,171,German,7.5,U
CNT00550,StreamIQ Original 0550,Series,2019,127,Bengali,6.0,16+
CNT00551,StreamIQ Original 0551,Movie,2021,85,English,6.7,13+
CNT00552,StreamIQ Original 0552,Series,2023,139,Portuguese,7.8,13+
CNT00553,StreamIQ Original 0553,Movie,2024,157,Bengali,8.0,16+
CNT00554,StreamIQ Original 0554,Movie,2025,158,Tamil,6.2,13+
CNT00555,StreamIQ Original 0555,Series,2024,103,French,6.9,13+
CNT00556,StreamIQ Original 0556,Movie,2021,180,Hindi,5.1,U
CNT00557,StreamIQ Original 0557,Movie,2023,104,English,8.6,U
CNT00558,StreamIQ Original 0558,Series,2021,154,English,6.8,13+
CNT00559,StreamIQ Original 0559,Movie,2021,165,English,5.5,18+
CNT00560,StreamIQ Original 0560,Movie,2022,146,Tamil,7.2,U
CNT00561,StreamIQ Original 0561,Movie,2019,107,English,7.1,16+
CNT00562,StreamIQ Original 0562,Movie,2023,119,English,9.0,18+
CNT00563,StreamIQ Original 0563,Movie,2023,163,Hindi,8.7,16+
CNT00564,StreamIQ Original 0564,Movie,2024,81,Portuguese,7.8,18+
CNT00565,StreamIQ Original 0565,Movie,2023,166,English,7.5,13+
CNT00566,StreamIQ Original 0566,Series,2023,99,English,6.6,18+
CNT00567,StreamIQ Original 0567,Series,2020,113,English,7.9,13+
CNT00568,StreamIQ Original 0568,Series,2024,156,English,7.1,16+
CNT00569,StreamIQ Original 0569,Series,2021,158,Tamil,7.5,13+
CNT00570,StreamIQ Original 0570,Movie,2019,163,English,7.7,13+
CNT00571,StreamIQ Original 0571,Movie,2019,165,English,7.8,16+
CNT00572,StreamIQ Original 0572,Series,2018,163,English,7.5,13+
CNT00573,StreamIQ Original 0573,Series,2020,161,English,6.8,18+
CNT00574,StreamIQ Original 0574,Movie,2023,71,Hindi,8.0,16+
CNT00575,StreamIQ Original 0575,Movie,2024,143,Tamil,8.0,16+
CNT00576,StreamIQ Original 0576,Movie,2020,169,Hindi,7.6,16+
CNT00577,StreamIQ Original 0577,Movie,2025,78,Hindi,7.7,16+
CNT00578,StreamIQ Original 0578,Series,2020,140,Hindi,8.4,18+
CNT00579,StreamIQ Original 0579,Movie,2023,81,English,6.3,16+
CNT00580,StreamIQ Original 0580,Series,2022,103,English,7.2,18+
CNT00581,StreamIQ Original 0581,Series,2021,148,Spanish,8.1,13+
CNT00582,StreamIQ Original 0582,Series,2021,118,English,5.6,U
CNT00583,StreamIQ Original 0583,Movie,2024,120,English,8.7,16+
CNT00584,StreamIQ Original 0584,Movie,2025,81,Tamil,7.7,U
CNT00585,StreamIQ Original 0585,Movie,2023,75,Hindi,7.4,13+
CNT00586,StreamIQ Original 0586,Series,2021,95,Tamil,8.2,13+
CNT00587,StreamIQ Original 0587,Movie,2019,138,Hindi,6.2,18+
CNT00588,StreamIQ Original 0588,Movie,2022,118,Spanish,9.1,16+
CNT00589,StreamIQ Original 0589,Movie,2020,120,Telugu,7.0,18+
CNT00590,StreamIQ Original 0590,Movie,2024,143,French,6.8,13+
CNT00591,StreamIQ Original 0591,Series,2025,154,English,6.6,13+
CNT00592,StreamIQ Original 0592,Movie,2018,161,English,9.6,13+
CNT00593,StreamIQ Original 0593,Movie,2024,110,English,9.2,16+
CNT00594,StreamIQ Original 0594,Series,2020,80,Hindi,8.2,16+
CNT00595,StreamIQ Original 0595,Series,2023,175,Bengali,7.4,13+
CNT00596,StreamIQ Original 0596,Movie,2019,116,English,5.7,13+
CNT00597,StreamIQ Original 0597,Series,2023,83,French,8.1,13+
CNT00598,StreamIQ Original 0598,Series,2023,85,English,5.4,16+
CNT00599,StreamIQ Original 0599,Movie,2025,113,German,6.1,13+
CNT00600,StreamIQ Original 0600,Movie,2021,127,English,7.7,16+
CNT00601,StreamIQ Original 0601,Series,2023,180,French,7.1,13+
CNT00602,StreamIQ Original 0602,Series,2018,90,Tamil,7.5,18+
CNT00603,StreamIQ Original 0603,Movie,2025,83,Hindi,6.4,18+
CNT00604,StreamIQ Original 0604,Series,2019,145,French,8.0,16+
CNT00605,StreamIQ Original 0605,Series,2023,95,English,6.4,18+
CNT00606,StreamIQ Original 0606,Movie,2018,142,English,5.3,16+
CNT00607,StreamIQ Original 0607,Series,2022,72,English,8.8,16+
CNT00608,StreamIQ Original 0608,Series,2018,157,Hindi,5.7,13+
CNT00609,StreamIQ Original 0609,Movie,2024,118,Spanish,7.7,16+
CNT00610,StreamIQ Original 0610,Movie,2024,110,Hindi,7.5,13+
CNT00611,StreamIQ Original 0611,Series,2018,88,Tamil,6.7,13+
CNT00612,StreamIQ Original 0612,Movie,2025,81,English,6.1,18+
CNT00613,StreamIQ Original 0613,Movie,2025,124,English,8.0,13+
CNT00614,StreamIQ Original 0614,Movie,2019,171,English,8.3,13+
CNT00615,StreamIQ Original 0615,Movie,2023,71,English,7.5,16+
CNT00616,StreamIQ Original 0616,Movie,2018,97,Hindi,7.8,16+
CNT00617,StreamIQ Original 0617,Movie,2024,111,Hindi,7.5,13+
CNT00618,StreamIQ Original 0618,Series,2019,134,French,6.6,16+
CNT00619,StreamIQ Original 0619,Series,2021,98,German,7.3,13+
CNT00620,StreamIQ Original 0620,Series,2019,72,English,6.7,16+
CNT00621,StreamIQ Original 0621,Movie,2021,156,English,8.2,16+
CNT00622,StreamIQ Original 0622,Series,2022,77,English,7.7,U
CNT00623,StreamIQ Original 0623,Movie,2024,147,Spanish,8.9,16+
CNT00624,StreamIQ Original 0624,Series,2020,97,German,8.4,16+
CNT00625,StreamIQ Original 0625,Movie,2021,111,Portuguese,7.0,18+
CNT00626,StreamIQ Original 0626,Movie,2023,154,Bengali,6.9,U
CNT00627,StreamIQ Original 0627,Movie,2022,72,Spanish,5.1,16+
CNT00628,StreamIQ Original 0628,Series,2023,129,French,6.1,13+
CNT00629,StreamIQ Original 0629,Movie,2025,179,English,7.9,16+
CNT00630,StreamIQ Original 0630,Movie,2023,120,Hindi,6.9,16+
CNT00631,StreamIQ Original 0631,Movie,2021,147,English,6.1,U
CNT00632,StreamIQ Original 0632,Series,2018,88,English,7.0,13+
CNT00633,StreamIQ Original 0633,Movie,2020,73,Hindi,6.2,13+
CNT00634,StreamIQ Original 0634,Movie,2022,156,English,7.2,13+
CNT00635,StreamIQ Original 0635,Movie,2025,76,English,5.7,13+
CNT00636,StreamIQ Original 0636,Movie,2025,110,Bengali,6.4,16+
CNT00637,StreamIQ Original 0637,Movie,2024,85,Bengali,8.3,U
CNT00638,StreamIQ Original 0638,Series,2025,134,Hindi,8.3,13+
CNT00639,StreamIQ Original 0639,Movie,2022,122,Bengali,7.7,16+
CNT00640,StreamIQ Original 0640,Movie,2018,124,English,7.1,18+
CNT00641,StreamIQ Original 0641,Movie,2024,89,German,5.5,16+
CNT00642,StreamIQ Original 0642,Series,2021,159,Bengali,5.8,U
CNT00643,StreamIQ Original 0643,Movie,2025,73,English,7.8,16+
CNT00644,StreamIQ Original 0644,Movie,2022,106,English,7.7,13+
CNT00645,StreamIQ Original 0645,Movie,2021,151,Spanish,8.2,16+
CNT00646,StreamIQ Original 0646,Movie,2021,150,Hindi,6.1,16+
CNT00647,StreamIQ Original 0647,Series,2018,91,English,6.9,13+
CNT00648,StreamIQ Original 0648,Series,2021,113,German,7.3,16+
CNT00649,StreamIQ Original 0649,Series,2020,177,English,6.7,13+
CNT00650,StreamIQ Original 0650,Movie,2018,167,Spanish,8.1,13+
CNT00651,StreamIQ Original 0651,Movie,2018,130,English,6.4,13+
CNT00652,StreamIQ Original 0652,Movie,2024,172,English,7.6,18+
CNT00653,StreamIQ Original 0653,Movie,2024,175,Bengali,7.9,13+
CNT00654,StreamIQ Original 0654,Series,2019,141,English,7.2,18+
CNT00655,StreamIQ Original 0655,Movie,2020,115,English,6.7,13+
CNT00656,StreamIQ Original 0656,Movie,2022,95,Hindi,7.1,13+
CNT00657,StreamIQ Original 0657,Movie,2024,72,English,8.4,13+
CNT00658,StreamIQ Original 0658,Series,2021,158,English,7.5,18+
CNT00659,StreamIQ Original 0659,Movie,2021,124,Hindi,6.2,16+
CNT00660,StreamIQ Original 0660,Movie,2024,106,Hindi,6.0,16+
CNT00661,StreamIQ Original 0661,Series,2018,116,Hindi,8.2,13+
CNT00662,StreamIQ Original 0662,Series,2021,117,Hindi,7.8,16+
CNT00663,StreamIQ Original 0663,Series,2020,105,Tamil,6.4,13+
CNT00664,StreamIQ Original 0664,Series,2022,84,English,7.1,13+
CNT00665,StreamIQ Original 0665,Movie,2023,76,English,6.7,U
CNT00666,StreamIQ Original 0666,Movie,2025,100,Telugu,8.8,U
CNT00667,StreamIQ Original 0667,Series,2023,130,Hindi,7.0,16+
CNT00668,StreamIQ Original 0668,Series,2021,115,German,7.6,18+
CNT00669,StreamIQ Original 0669,Movie,2018,84,English,9.0,16+
CNT00670,StreamIQ Original 0670,Series,2023,82,Hindi,6.9,18+
CNT00671,StreamIQ Original 0671,Series,2020,91,English,6.4,13+
CNT00672,StreamIQ Original 0672,Series,2022,119,English,6.5,13+
CNT00673,StreamIQ Original 0673,Series,2023,121,Hindi,6.4,13+
CNT00674,StreamIQ Original 0674,Movie,2025,125,Hindi,7.8,13+
CNT00675,StreamIQ Original 0675,Movie,2020,113,Bengali,6.9,13+
CNT00676,StreamIQ Original 0676,Series,2020,156,English,6.7,13+
CNT00677,StreamIQ Original 0677,Series,2023,136,English,7.5,18+
CNT00678,StreamIQ Original 0678,Movie,2020,89,French,7.4,13+
CNT00679,StreamIQ Original 0679,Movie,2023,152,English,8.4,18+
CNT00680,StreamIQ Original 0680,Movie,2025,115,French,7.1,13+
CNT00681,StreamIQ Original 0681,Movie,2024,117,Bengali,6.9,18+
CNT00682,StreamIQ Original 0682,Series,2021,99,Hindi,8.0,U
CNT00683,StreamIQ Original 0683,Movie,2020,111,English,9.6,13+
CNT00684,StreamIQ Original 0684,Series,2021,165,Hindi,7.4,13+
CNT00685,StreamIQ Original 0685,Movie,2020,110,English,7.0,U
CNT00686,StreamIQ Original 0686,Movie,2022,172,English,8.7,13+
CNT00687,StreamIQ Original 0687,Series,2024,99,German,6.4,13+
CNT00688,StreamIQ Original 0688,Movie,2025,93,Spanish,7.2,16+
CNT00689,StreamIQ Original 0689,Movie,2018,170,Tamil,6.3,16+
CNT00690,StreamIQ Original 0690,Movie,2021,81,Telugu,7.2,16+
CNT00691,StreamIQ Original 0691,Movie,2023,113,English,8.0,18+
CNT00692,StreamIQ Original 0692,Movie,2023,122,English,6.1,16+
CNT00693,StreamIQ Original 0693,Movie,2018,86,Hindi,8.7,U
CNT00694,StreamIQ Original 0694,Movie,2023,142,English,7.2,13+
CNT00695,StreamIQ Original 0695,Series,2022,148,Spanish,6.3,18+
CNT00696,StreamIQ Original 0696,Movie,2018,94,Tamil,6.9,16+
CNT00697,StreamIQ Original 0697,Series,2020,81,Hindi,6.7,16+
CNT00698,StreamIQ Original 0698,Series,2022,147,English,6.9,U
CNT00699,StreamIQ Original 0699,Movie,2021,153,Hindi,4.6,13+
CNT00700,StreamIQ Original 0700,Movie,2022,115,English,5.2,16+
CNT00701,StreamIQ Original 0701,Movie,2021,118,English,6.3,U
CNT00702,StreamIQ Original 0702,Movie,2023,114,English,6.8,16+
CNT00703,StreamIQ Original 0703,Movie,2023,106,Hindi,9.0,16+
CNT00704,StreamIQ Original 0704,Series,2020,96,German,6.9,13+
CNT00705,StreamIQ Original 0705,Series,2024,99,English,6.9,18+
CNT00706,StreamIQ Original 0706,Series,2019,94,English,6.0,U
CNT00707,StreamIQ Original 0707,Movie,2020,173,Bengali,7.4,18+
CNT00708,StreamIQ Original 0708,Series,2024,161,English,6.5,18+
CNT00709,StreamIQ Original 0709,Movie,2020,150,French,8.6,18+
CNT00710,StreamIQ Original 0710,Series,2023,95,Telugu,6.9,13+
CNT00711,StreamIQ Original 0711,Movie,2024,140,English,6.9,13+
CNT00712,StreamIQ Original 0712,Series,2018,116,Hindi,7.7,16+
CNT00713,StreamIQ Original 0713,Series,2019,108,Tamil,7.1,U
CNT00714,StreamIQ Original 0714,Movie,2025,153,Hindi,4.7,13+
CNT00715,StreamIQ Original 0715,Movie,2022,176,English,7.2,13+
CNT00716,StreamIQ Original 0716,Movie,2025,77,Hindi,7.7,16+
CNT00717,StreamIQ Original 0717,Series,2019,97,Portuguese,7.2,13+
CNT00718,StreamIQ Original 0718,Series,2025,84,Portuguese,7.6,13+
CNT00719,StreamIQ Original 0719,Movie,2020,150,Telugu,8.0,13+
CNT00720,StreamIQ Original 0720,Movie,2025,160,French,7.4,16+
CNT00721,StreamIQ Original 0721,Movie,2018,95,Telugu,8.8,16+
CNT00722,StreamIQ Original 0722,Movie,2023,122,English,8.1,13+
CNT00723,StreamIQ Original 0723,Movie,2019,175,English,6.3,13+
CNT00724,StreamIQ Original 0724,Movie,2022,84,Portuguese,7.9,16+
CNT00725,StreamIQ Original 0725,Series,2019,124,Telugu,7.0,13+
CNT00726,StreamIQ Original 0726,Movie,2021,82,English,6.6,16+
CNT00727,StreamIQ Original 0727,Movie,2021,89,German,8.0,16+
CNT00728,StreamIQ Original 0728,Movie,2022,150,English,7.1,13+
CNT00729,StreamIQ Original 0729,Series,2025,158,English,6.6,18+
CNT00730,StreamIQ Original 0730,Series,2025,180,English,7.6,13+
CNT00731,StreamIQ Original 0731,Series,2019,154,English,8.5,13+
CNT00732,StreamIQ Original 0732,Series,2018,77,German,6.4,16+
CNT00733,StreamIQ Original 0733,Movie,2024,86,English,9.2,16+
CNT00734,StreamIQ Original 0734,Movie,2022,169,English,6.5,13+
CNT00735,StreamIQ Original 0735,Movie,2020,103,English,7.0,16+
CNT00736,StreamIQ Original 0736,Movie,2020,177,English,7.8,16+
CNT00737,StreamIQ Original 0737,Movie,2024,117,Portuguese,6.7,13+
CNT00738,StreamIQ Original 0738,Movie,2022,79,English,8.4,16+
CNT00739,StreamIQ Original 0739,Movie,2020,164,English,6.7,13+
CNT00740,StreamIQ Original 0740,Series,2023,147,Spanish,7.4,16+
CNT00741,StreamIQ Original 0741,Movie,2021,144,Hindi,7.9,16+
CNT00742,StreamIQ Original 0742,Movie,2018,144,German,7.3,13+
CNT00743,StreamIQ Original 0743,Movie,2018,98,English,7.1,16+
CNT00744,StreamIQ Original 0744,Series,2018,85,Telugu,6.3,U
CNT00745,StreamIQ Original 0745,Series,2019,170,English,6.6,U
CNT00746,StreamIQ Original 0746,Series,2025,88,Hindi,5.7,16+
CNT00747,StreamIQ Original 0747,Movie,2022,155,Hindi,4.1,13+
CNT00748,StreamIQ Original 0748,Movie,2020,93,English,8.7,13+
CNT00749,StreamIQ Original 0749,Series,2019,112,English,7.0,18+
CNT00750,StreamIQ Original 0750,Movie,2020,125,English,7.0,18+
CNT00751,StreamIQ Original 0751,Series,2022,177,Hindi,8.9,13+
CNT00752,StreamIQ Original 0752,Movie,2020,173,English,6.4,18+
CNT00753,StreamIQ Original 0753,Movie,2025,108,English,6.4,16+
CNT00754,StreamIQ Original 0754,Movie,2025,78,English,7.4,13+
CNT00755,StreamIQ Original 0755,Movie,2024,162,Bengali,6.6,13+
CNT00756,StreamIQ Original 0756,Movie,2019,117,Hindi,5.6,13+
CNT00757,StreamIQ Original 0757,Movie,2019,102,English,6.6,U
CNT00758,StreamIQ Original 0758,Series,2019,111,Portuguese,5.3,13+
CNT00759,StreamIQ Original 0759,Movie,2018,160,English,8.4,13+
CNT00760,StreamIQ Original 0760,Series,2021,161,English,7.0,16+
CNT00761,StreamIQ Original 0761,Movie,2019,103,Hindi,5.4,18+
CNT00762,StreamIQ Original 0762,Movie,2021,114,English,7.4,13+
CNT00763,StreamIQ Original 0763,Movie,2023,105,Hindi,8.3,13+
CNT00764,StreamIQ Original 0764,Movie,2019,101,Spanish,8.0,18+
CNT00765,StreamIQ Original 0765,Movie,2020,151,English,8.2,16+
CNT00766,StreamIQ Original 0766,Movie,2022,95,English,6.7,13+
CNT00767,StreamIQ Original 0767,Movie,2023,149,English,7.8,13+
CNT00768,StreamIQ Original 0768,Movie,2019,165,Hindi,7.0,18+
CNT00769,StreamIQ Original 0769,Movie,2018,102,Hindi,8.1,16+
CNT00770,StreamIQ Original 0770,Series,2024,157,English,6.8,13+
CNT00771,StreamIQ Original 0771,Series,2023,112,German,7.8,13+
CNT00772,StreamIQ Original 0772,Movie,2019,75,English,6.9,18+
CNT00773,StreamIQ Original 0773,Movie,2020,121,English,7.2,16+
CNT00774,StreamIQ Original 0774,Series,2020,129,English,7.0,13+
CNT00775,StreamIQ Original 0775,Movie,2020,147,Hindi,7.1,16+
CNT00776,StreamIQ Original 0776,Movie,2020,153,Hindi,6.6,16+
CNT00777,StreamIQ Original 0777,Movie,2025,159,English,8.0,16+
CNT00778,StreamIQ Original 0778,Movie,2019,147,Spanish,7.0,16+
CNT00779,StreamIQ Original 0779,Movie,2021,173,English,6.6,13+
CNT00780,StreamIQ Original 0780,Series,2023,128,German,8.0,13+
CNT00781,StreamIQ Original 0781,Movie,2020,113,English,6.8,13+
CNT00782,StreamIQ Original 0782,Movie,2024,180,Hindi,7.6,U
CNT00783,StreamIQ Original 0783,Series,2020,93,French,6.1,16+
CNT00784,StreamIQ Original 0784,Movie,2019,140,English,8.2,13+
CNT00785,StreamIQ Original 0785,Series,2022,136,Telugu,6.2,U
CNT00786,StreamIQ Original 0786,Series,2023,109,English,7.6,13+
CNT00787,StreamIQ Original 0787,Movie,2024,159,German,7.9,13+
CNT00788,StreamIQ Original 0788,Movie,2018,89,English,7.3,13+
CNT00789,StreamIQ Original 0789,Series,2018,94,English,6.3,18+
CNT00790,StreamIQ Original 0790,Series,2024,163,Tamil,6.0,13+
CNT00791,StreamIQ Original 0791,Movie,2018,179,French,7.1,16+
CNT00792,StreamIQ Original 0792,Movie,2022,101,English,7.9,16+
CNT00793,StreamIQ Original 0793,Movie,2024,140,Spanish,6.7,16+
CNT00794,StreamIQ Original 0794,Movie,2019,121,English,5.7,16+
CNT00795,StreamIQ Original 0795,Movie,2022,154,Portuguese,8.4,18+
CNT00796,StreamIQ Original 0796,Series,2020,90,Hindi,6.6,13+
CNT00797,StreamIQ Original 0797,Series,2019,118,English,6.5,18+
CNT00798,StreamIQ Original 0798,Movie,2019,92,English,7.0,13+
CNT00799,StreamIQ Original 0799,Series,2018,133,Hindi,8.1,16+
CNT00800,StreamIQ Original 0800,Movie,2020,81,Spanish,7.4,U
CNT00801,StreamIQ Original 0801,Movie,2025,137,Portuguese,7.2,16+
CNT00802,StreamIQ Original 0802,Movie,2023,152,Hindi,8.1,16+
CNT00803,StreamIQ Original 0803,Series,2023,74,English,7.2,U
CNT00804,StreamIQ Original 0804,Series,2021,134,French,7.1,13+
CNT00805,StreamIQ Original 0805,Movie,2019,164,German,7.9,13+
CNT00806,StreamIQ Original 0806,Series,2025,133,Spanish,7.1,16+
CNT00807,StreamIQ Original 0807,Series,2019,112,French,6.5,13+
CNT00808,StreamIQ Original 0808,Movie,2024,117,Spanish,8.0,16+
CNT00809,StreamIQ Original 0809,Movie,2024,71,English,8.3,13+
CNT00810,StreamIQ Original 0810,Series,2019,135,German,7.5,18+
CNT00811,StreamIQ Original 0811,Movie,2021,144,Hindi,7.8,13+
CNT00812,StreamIQ Original 0812,Series,2023,142,English,7.7,13+
CNT00813,StreamIQ Original 0813,Series,2018,136,Spanish,5.5,13+
CNT00814,StreamIQ Original 0814,Series,2020,102,Tamil,7.0,16+
CNT00815,StreamIQ Original 0815,Movie,2021,92,Tamil,7.1,16+
CNT00816,StreamIQ Original 0816,Movie,2024,177,English,6.9,18+
CNT00817,StreamIQ Original 0817,Movie,2019,151,English,8.3,13+
CNT00818,StreamIQ Original 0818,Series,2018,131,English,6.8,18+
CNT00819,StreamIQ Original 0819,Series,2020,143,Hindi,7.4,13+
CNT00820,StreamIQ Original 0820,Movie,2022,128,Hindi,6.1,18+
CNT00821,StreamIQ Original 0821,Movie,2023,164,Hindi,8.0,18+
CNT00822,StreamIQ Original 0822,Movie,2024,149,English,6.4,13+
CNT00823,StreamIQ Original 0823,Movie,2018,178,English,8.7,16+
CNT00824,StreamIQ Original 0824,Movie,2020,96,English,8.7,16+
CNT00825,StreamIQ Original 0825,Movie,2019,137,Spanish,7.4,U
CNT00826,StreamIQ Original 0826,Movie,2020,112,Hindi,7.8,U
CNT00827,StreamIQ Original 0827,Movie,2025,123,English,6.9,U
CNT00828,StreamIQ Original 0828,Series,2019,134,German,6.9,18+
CNT00829,StreamIQ Original 0829,Series,2025,115,Bengali,5.9,16+
CNT00830,StreamIQ Original 0830,Movie,2018,81,English,5.7,13+
CNT00831,StreamIQ Original 0831,Series,2022,124,German,6.2,13+
CNT00832,StreamIQ Original 0832,Movie,2018,179,German,8.4,18+
CNT00833,StreamIQ Original 0833,Series,2025,127,Hindi,6.9,13+
CNT00834,StreamIQ Original 0834,Movie,2019,173,English,8.2,13+
CNT00835,StreamIQ Original 0835,Movie,2021,78,English,7.2,13+
CNT00836,StreamIQ Original 0836,Movie,2018,176,English,7.2,16+
CNT00837,StreamIQ Original 0837,Movie,2023,162,English,6.9,13+
CNT00838,StreamIQ Original 0838,Movie,2022,115,Hindi,7.5,16+
CNT00839,StreamIQ Original 0839,Movie,2021,106,English,7.2,16+
CNT00840,StreamIQ Original 0840,Movie,2021,134,Spanish,7.0,18+
CNT00841,StreamIQ Original 0841,Movie,2019,152,English,7.8,16+
CNT00842,StreamIQ Original 0842,Movie,2020,146,English,7.2,13+
CNT00843,StreamIQ Original 0843,Series,2022,179,English,6.7,13+
CNT00844,StreamIQ Original 0844,Movie,2024,133,English,6.6,U
CNT00845,StreamIQ Original 0845,Movie,2019,142,English,7.8,16+
CNT00846,StreamIQ Original 0846,Movie,2023,91,Hindi,4.6,13+
CNT00847,StreamIQ Original 0847,Movie,2022,94,Telugu,5.8,13+
CNT00848,StreamIQ Original 0848,Movie,2020,78,English,8.1,U
CNT00849,StreamIQ Original 0849,Series,2019,104,English,7.9,16+
CNT00850,StreamIQ Original 0850,Series,2018,122,German,6.7,16+
CNT00851,StreamIQ Original 0851,Series,2024,115,English,8.0,U
CNT00852,StreamIQ Original 0852,Movie,2018,115,Hindi,7.2,U
CNT00853,StreamIQ Original 0853,Movie,2021,132,German,6.8,16+
CNT00854,StreamIQ Original 0854,Series,2020,126,Hindi,7.4,16+
CNT00855,StreamIQ Original 0855,Series,2023,175,Bengali,6.7,U
CNT00856,StreamIQ Original 0856,Movie,2023,142,English,6.7,13+
CNT00857,StreamIQ Original 0857,Series,2019,76,Bengali,6.5,13+
CNT00858,StreamIQ Original 0858,Series,2020,150,French,7.5,13+
CNT00859,StreamIQ Original 0859,Series,2020,145,English,7.3,13+
CNT00860,StreamIQ Original 0860,Series,2018,142,Hindi,6.9,18+
CNT00861,StreamIQ Original 0861,Series,2019,75,Hindi,7.3,16+
CNT00862,StreamIQ Original 0862,Movie,2025,157,Telugu,6.5,16+
CNT00863,StreamIQ Original 0863,Movie,2025,88,English,6.8,16+
CNT00864,StreamIQ Original 0864,Movie,2024,124,English,7.1,16+
CNT00865,StreamIQ Original 0865,Movie,2021,133,English,8.3,18+
CNT00866,StreamIQ Original 0866,Movie,2019,150,English,6.7,16+
CNT00867,StreamIQ Original 0867,Movie,2024,147,Portuguese,7.1,13+
CNT00868,StreamIQ Original 0868,Series,2024,134,Hindi,7.6,13+
CNT00869,StreamIQ Original 0869,Movie,2025,180,French,7.5,16+
CNT00870,StreamIQ Original 0870,Series,2024,125,Portuguese,6.8,16+
CNT00871,StreamIQ Original 0871,Series,2018,151,Spanish,6.4,U
CNT00872,StreamIQ Original 0872,Movie,2021,163,Hindi,7.5,16+
CNT00873,StreamIQ Original 0873,Movie,2023,157,English,8.4,13+
CNT00874,StreamIQ Original 0874,Movie,2025,149,English,7.6,U
CNT00875,StreamIQ Original 0875,Movie,2024,174,Telugu,5.2,16+
CNT00876,StreamIQ Original 0876,Movie,2024,87,Hindi,7.8,16+
CNT00877,StreamIQ Original 0877,Series,2021,80,Tamil,7.9,16+
CNT00878,StreamIQ Original 0878,Movie,2022,170,English,6.4,U
CNT00879,StreamIQ Original 0879,Movie,2019,133,Hindi,8.4,13+
CNT00880,StreamIQ Original 0880,Movie,2024,103,English,6.8,13+
CNT00881,StreamIQ Original 0881,Movie,2023,107,English,8.0,18+
CNT00882,StreamIQ Original 0882,Movie,2025,135,Tamil,8.0,13+
CNT00883,StreamIQ Original 0883,Movie,2022,105,Tamil,7.5,13+
CNT00884,StreamIQ Original 0884,Series,2025,96,Telugu,8.6,U
CNT00885,StreamIQ Original 0885,Series,2018,77,English,7.6,16+
CNT00886,StreamIQ Original 0886,Movie,2023,149,Portuguese,7.5,16+
CNT00887,StreamIQ Original 0887,Movie,2019,148,English,6.2,13+
CNT00888,StreamIQ Original 0888,Movie,2019,70,Portuguese,6.4,13+
CNT00889,StreamIQ Original 0889,Series,2019,159,French,9.4,13+
CNT00890,StreamIQ Original 0890,Series,2024,164,Spanish,5.5,13+
CNT00891,StreamIQ Original 0891,Series,2022,169,Telugu,7.2,13+
CNT00892,StreamIQ Original 0892,Series,2020,136,Spanish,6.8,13+
CNT00893,StreamIQ Original 0893,Series,2025,134,English,7.8,U
CNT00894,StreamIQ Original 0894,Movie,2024,73,English,7.7,18+
CNT00895,StreamIQ Original 0895,Series,2020,79,English,6.6,13+
CNT00896,StreamIQ Original 0896,Movie,2025,166,Hindi,7.3,16+
CNT00897,StreamIQ Original 0897,Series,2025,140,German,5.5,U
CNT00898,StreamIQ Original 0898,Movie,2020,148,English,8.7,16+
CNT00899,StreamIQ Original 0899,Movie,2025,142,Bengali,6.9,13+
CNT00900,StreamIQ Original 0900,Movie,2025,138,English,8.3,18+
CNT00901,StreamIQ Original 0901,Series,2022,102,Portuguese,6.3,16+
CNT00902,StreamIQ Original 0902,Movie,2022,111,Hindi,7.8,13+
CNT00903,StreamIQ Original 0903,Movie,2021,98,English,7.0,16+
CNT00904,StreamIQ Original 0904,Movie,2024,132,English,7.6,13+
CNT00905,StreamIQ Original 0905,Series,2020,94,Spanish,6.6,16+
CNT00906,StreamIQ Original 0906,Series,2022,88,German,6.7,13+
CNT00907,StreamIQ Original 0907,Movie,2021,150,English,7.5,13+
CNT00908,StreamIQ Original 0908,Movie,2018,98,Telugu,5.9,16+
CNT00909,StreamIQ Original 0909,Series,2018,154,English,9.0,13+
CNT00910,StreamIQ Original 0910,Series,2025,148,Hindi,7.0,13+
CNT00911,StreamIQ Original 0911,Movie,2022,159,Hindi,7.3,18+
CNT00912,StreamIQ Original 0912,Movie,2021,72,German,8.7,13+
CNT00913,StreamIQ Original 0913,Movie,2021,175,Hindi,8.6,16+
CNT00914,StreamIQ Original 0914,Movie,2024,179,English,7.7,13+
CNT00915,StreamIQ Original 0915,Movie,2022,99,Hindi,7.1,16+
CNT00916,StreamIQ Original 0916,Movie,2025,150,Bengali,6.3,16+
CNT00917,StreamIQ Original 0917,Series,2025,75,English,9.6,13+
CNT00918,StreamIQ Original 0918,Series,2024,146,Spanish,7.9,U
CNT00919,StreamIQ Original 0919,Movie,2019,140,English,5.1,13+
CNT00920,StreamIQ Original 0920,Series,2024,110,English,7.8,18+
CNT00921,StreamIQ Original 0921,Movie,2018,149,Portuguese,6.7,U
CNT00922,StreamIQ Original 0922,Series,2024,74,Tamil,5.5,16+
CNT00923,StreamIQ Original 0923,Series,2018,150,Telugu,7.2,U
CNT00924,StreamIQ Original 0924,Movie,2019,134,English,6.5,13+
CNT00925,StreamIQ Original 0925,Movie,2018,142,English,7.6,16+
CNT00926,StreamIQ Original 0926,Series,2018,119,French,6.2,13+
CNT00927,StreamIQ Original 0927,Series,2018,146,Spanish,7.0,U
CNT00928,StreamIQ Original 0928,Series,2018,161,English,9.1,18+
CNT00929,StreamIQ Original 0929,Series,2020,174,English,7.2,18+
CNT00930,StreamIQ Original 0930,Series,2022,90,English,8.1,16+
CNT00931,StreamIQ Original 0931,Movie,2019,140,English,7.1,13+
CNT00932,StreamIQ Original 0932,Movie,2025,138,Telugu,6.2,16+
CNT00933,StreamIQ Original 0933,Movie,2024,125,English,4.5,13+
CNT00934,StreamIQ Original 0934,Movie,2018,141,English,7.8,16+
CNT00935,StreamIQ Original 0935,Series,2023,92,Hindi,7.2,13+
CNT00936,StreamIQ Original 0936,Movie,2024,102,English,8.1,13+
CNT00937,StreamIQ Original 0937,Movie,2020,134,Telugu,7.3,16+
CNT00938,StreamIQ Original 0938,Series,2022,163,Hindi,9.2,16+
CNT00939,StreamIQ Original 0939,Series,2019,93,English,6.6,13+
CNT00940,StreamIQ Original 0940,Series,2024,156,Hindi,7.5,13+
CNT00941,StreamIQ Original 0941,Movie,2018,90,Spanish,7.3,13+
CNT00942,StreamIQ Original 0942,Movie,2025,146,Hindi,7.8,16+
CNT00943,StreamIQ Original 0943,Series,2018,167,Hindi,6.1,16+
CNT00944,StreamIQ Original 0944,Movie,2023,110,English,6.4,U
CNT00945,StreamIQ Original 0945,Movie,2025,156,English,6.3,13+
CNT00946,StreamIQ Original 0946,Movie,2018,171,Spanish,8.1,18+
CNT00947,StreamIQ Original 0947,Movie,2023,154,Telugu,9.3,16+
CNT00948,StreamIQ Original 0948,Movie,2024,91,English,6.3,16+
CNT00949,StreamIQ Original 0949,Movie,2021,180,Tamil,7.4,U
CNT00950,StreamIQ Original 0950,Series,2020,174,German,7.4,U
CNT00951,StreamIQ Original 0951,Movie,2022,115,French,6.0,16+
CNT00952,StreamIQ Original 0952,Movie,2019,174,Hindi,8.1,18+
CNT00953,StreamIQ Original 0953,Movie,2024,98,Hindi,7.4,U
CNT00954,StreamIQ Original 0954,Movie,2023,122,Hindi,6.0,U
CNT00955,StreamIQ Original 0955,Movie,2024,92,Hindi,7.0,18+
CNT00956,StreamIQ Original 0956,Movie,2019,91,Hindi,8.2,13+
CNT00957,StreamIQ Original 0957,Series,2020,167,Hindi,7.9,16+
CNT00958,StreamIQ Original 0958,Series,2023,77,Hindi,7.7,16+
CNT00959,StreamIQ Original 0959,Series,2020,180,Spanish,7.8,13+
CNT00960,StreamIQ Original 0960,Series,2018,157,English,5.7,16+
CNT00961,StreamIQ Original 0961,Movie,2019,113,French,7.8,13+
CNT00962,StreamIQ Original 0962,Movie,2018,78,Portuguese,9.1,13+
CNT00963,StreamIQ Original 0963,Series,2020,100,English,5.9,13+
CNT00964,StreamIQ Original 0964,Series,2023,80,Telugu,7.7,13+
CNT00965,StreamIQ Original 0965,Series,2020,118,English,7.9,16+
CNT00966,StreamIQ Original 0966,Movie,2020,179,Telugu,7.4,U
CNT00967,StreamIQ Original 0967,Movie,2022,171,English,8.3,U
CNT00968,StreamIQ Original 0968,Movie,2022,164,French,8.5,U
CNT00969,StreamIQ Original 0969,Movie,2018,121,Hindi,9.5,16+
CNT00970,StreamIQ Original 0970,Movie,2020,123,French,7.8,16+
CNT00971,StreamIQ Original 0971,Movie,2018,136,Spanish,6.5,16+
CNT00972,StreamIQ Original 0972,Movie,2018,94,Bengali,7.7,13+
CNT00973,StreamIQ Original 0973,Movie,2023,146,English,6.5,16+
CNT00974,StreamIQ Original 0974,Movie,2023,149,Bengali,7.7,13+
CNT00975,StreamIQ Original 0975,Movie,2022,113,English,6.2,16+
CNT00976,StreamIQ Original 0976,Series,2021,91,German,5.9,16+
CNT00977,StreamIQ Original 0977,Movie,2022,82,Hindi,7.4,13+
CNT00978,StreamIQ Original 0978,Series,2018,88,English,5.4,16+
CNT00979,StreamIQ Original 0979,Movie,2022,127,English,8.5,16+
CNT00980,StreamIQ Original 0980,Series,2025,130,Hindi,7.4,13+
CNT00981,StreamIQ Original 0981,Series,2020,161,English,8.3,16+
CNT00982,StreamIQ Original 0982,Series,2020,90,Bengali,8.1,18+
CNT00983,StreamIQ Original 0983,Movie,2025,95,English,8.0,16+
CNT00984,StreamIQ Original 0984,Series,2019,110,Hindi,7.5,13+
CNT00985,StreamIQ Original 0985,Movie,2021,111,English,7.1,16+
CNT00986,StreamIQ Original 0986,Movie,2022,120,Hindi,7.7,13+
CNT00987,StreamIQ Original 0987,Series,2021,150,English,6.3,16+
CNT00988,StreamIQ Original 0988,Series,2019,130,Tamil,7.1,U
CNT00989,StreamIQ Original 0989,Movie,2020,76,English,6.9,18+
CNT00990,StreamIQ Original 0990,Movie,2018,159,Hindi,7.6,18+
CNT00991,StreamIQ Original 0991,Movie,2022,126,English,7.5,13+
CNT00992,StreamIQ Original 0992,Movie,2024,127,English,7.1,13+
CNT00993,StreamIQ Original 0993,Series,2025,93,English,8.8,13+
CNT00994,StreamIQ Original 0994,Movie,2023,86,English,8.5,16+
CNT00995,StreamIQ Original 0995,Series,2020,127,Hindi,9.0,U
CNT00996,StreamIQ Original 0996,Movie,2019,133,Telugu,5.9,16+
CNT00997,StreamIQ Original 0997,Movie,2018,83,English,7.8,13+
CNT00998,StreamIQ Original 0998,Movie,2020,73,English,6.8,13+
CNT00999,StreamIQ Original 0999,Movie,2025,149,English,6.2,16+
CNT01000,StreamIQ Original 1000,Movie,2020,89,German,8.0,16+
CNT01001,StreamIQ Original 1001,Movie,2020,102,English,9.2,13+
CNT01002,StreamIQ Original 1002,Movie,2022,171,French,6.1,13+
CNT01003,StreamIQ Original 1003,Series,2022,118,Hindi,7.0,13+
CNT01004,StreamIQ Original 1004,Series,2023,87,Spanish,5.7,13+
CNT01005,StreamIQ Original 1005,Series,2018,97,Hindi,7.5,13+
CNT01006,StreamIQ Original 1006,Movie,2022,151,Bengali,6.5,U
CNT01007,StreamIQ Original 1007,Movie,2019,122,English,7.7,13+
CNT01008,StreamIQ Original 1008,Series,2024,81,Spanish,8.6,16+
CNT01009,StreamIQ Original 1009,Series,2024,170,English,8.1,13+
CNT01010,StreamIQ Original 1010,Movie,2018,153,English,8.3,16+
CNT01011,StreamIQ Original 1011,Movie,2025,138,Spanish,7.2,16+
CNT01012,StreamIQ Original 1012,Series,2025,175,Hindi,8.0,13+
CNT01013,StreamIQ Original 1013,Movie,2020,127,Hindi,5.0,U
CNT01014,StreamIQ Original 1014,Movie,2019,105,German,7.9,16+
CNT01015,StreamIQ Original 1015,Movie,2020,132,Spanish,8.3,U
CNT01016,StreamIQ Original 1016,Movie,2018,133,English,6.7,13+
CNT01017,StreamIQ Original 1017,Series,2023,80,Spanish,7.0,16+
CNT01018,StreamIQ Original 1018,Series,2024,110,English,7.7,18+
CNT01019,StreamIQ Original 1019,Movie,2020,101,Hindi,5.4,16+
CNT01020,StreamIQ Original 1020,Series,2024,70,Hindi,6.2,13+
CNT01021,StreamIQ Original 1021,Movie,2021,91,English,4.9,16+
CNT01022,StreamIQ Original 1022,Movie,2025,91,English,7.7,13+
CNT01023,StreamIQ Original 1023,Movie,2019,123,Hindi,8.4,U
CNT01024,StreamIQ Original 1024,Series,2023,146,English,6.9,13+
CNT01025,StreamIQ Original 1025,Series,2023,116,Hindi,7.7,16+
CNT01026,StreamIQ Original 1026,Movie,2025,138,English,7.6,13+
CNT01027,StreamIQ Original 1027,Series,2023,100,Hindi,7.8,13+
CNT01028,StreamIQ Original 1028,Series,2024,149,English,8.6,18+
CNT01029,StreamIQ Original 1029,Movie,2018,99,English,7.8,13+
CNT01030,StreamIQ Original 1030,Series,2018,159,English,5.7,13+
CNT01031,StreamIQ Original 1031,Series,2020,152,Telugu,7.9,16+
CNT01032,StreamIQ Original 1032,Movie,2020,78,English,9.0,18+
CNT01033,StreamIQ Original 1033,Movie,2019,123,Hindi,5.9,18+
CNT01034,StreamIQ Original 1034,Series,2022,152,English,6.5,16+
CNT01035,StreamIQ Original 1035,Movie,2019,138,English,6.0,18+
CNT01036,StreamIQ Original 1036,Movie,2023,79,Spanish,6.5,18+
CNT01037,StreamIQ Original 1037,Movie,2021,166,Portuguese,9.6,16+
CNT01038,StreamIQ Original 1038,Movie,2024,158,Hindi,7.0,16+
CNT01039,StreamIQ Original 1039,Movie,2019,77,English,5.7,13+
CNT01040,StreamIQ Original 1040,Movie,2020,125,English,5.7,16+
CNT01041,StreamIQ Original 1041,Series,2022,95,English,5.7,13+
CNT01042,StreamIQ Original 1042,Movie,2022,101,English,7.7,18+
CNT01043,StreamIQ Original 1043,Series,2019,156,Hindi,7.8,U
CNT01044,StreamIQ Original 1044,Movie,2021,81,English,6.1,18+
CNT01045,StreamIQ Original 1045,Series,2019,107,French,7.2,18+
CNT01046,StreamIQ Original 1046,Series,2018,101,Spanish,8.0,13+
CNT01047,StreamIQ Original 1047,Series,2022,165,English,8.5,18+
CNT01048,StreamIQ Original 1048,Series,2025,95,English,6.5,16+
CNT01049,StreamIQ Original 1049,Movie,2018,71,English,8.5,13+
CNT01050,StreamIQ Original 1050,Movie,2025,163,English,7.4,16+
CNT01051,StreamIQ Original 1051,Movie,2024,108,English,6.2,16+
CNT01052,StreamIQ Original 1052,Movie,2021,168,English,8.6,13+
CNT01053,StreamIQ Original 1053,Series,2021,74,Spanish,7.0,16+
CNT01054,StreamIQ Original 1054,Movie,2025,153,Spanish,6.8,13+
CNT01055,StreamIQ Original 1055,Series,2020,129,English,7.1,U
CNT01056,StreamIQ Original 1056,Movie,2025,150,Hindi,8.5,18+
CNT01057,StreamIQ Original 1057,Movie,2019,92,English,7.8,13+
CNT01058,StreamIQ Original 1058,Movie,2019,166,French,8.1,13+
CNT01059,StreamIQ Original 1059,Movie,2023,129,English,6.6,U
CNT01060,StreamIQ Original 1060,Series,2019,109,English,5.4,18+
CNT01061,StreamIQ Original 1061,Series,2025,179,English,8.0,16+
CNT01062,StreamIQ Original 1062,Movie,2018,178,Spanish,7.5,13+
CNT01063,StreamIQ Original 1063,Series,2025,145,English,6.2,16+
CNT01064,StreamIQ Original 1064,Movie,2023,126,German,6.9,13+
CNT01065,StreamIQ Original 1065,Movie,2025,128,Spanish,8.3,16+
CNT01066,StreamIQ Original 1066,Series,2021,97,English,6.6,13+
CNT01067,StreamIQ Original 1067,Movie,2023,74,Portuguese,6.3,13+
CNT01068,StreamIQ Original 1068,Series,2021,155,Bengali,7.4,13+
CNT01069,StreamIQ Original 1069,Series,2023,71,English,6.6,16+
CNT01070,StreamIQ Original 1070,Movie,2018,110,English,7.1,U
CNT01071,StreamIQ Original 1071,Movie,2019,135,English,8.5,16+
CNT01072,StreamIQ Original 1072,Series,2019,102,Portuguese,6.2,16+
CNT01073,StreamIQ Original 1073,Movie,2018,138,Spanish,5.8,13+
CNT01074,StreamIQ Original 1074,Series,2024,157,Telugu,6.2,13+
CNT01075,StreamIQ Original 1075,Movie,2023,152,English,8.1,16+
CNT01076,StreamIQ Original 1076,Movie,2023,107,Telugu,6.7,13+
CNT01077,StreamIQ Original 1077,Movie,2020,98,English,7.8,16+
CNT01078,StreamIQ Original 1078,Movie,2020,174,Portuguese,6.4,13+
CNT01079,StreamIQ Original 1079,Movie,2023,177,English,6.6,13+
CNT01080,StreamIQ Original 1080,Series,2023,141,English,6.1,13+
CNT01081,StreamIQ Original 1081,Movie,2024,171,German,7.7,16+
CNT01082,StreamIQ Original 1082,Series,2019,119,Tamil,9.1,16+
CNT01083,StreamIQ Original 1083,Movie,2019,137,Tamil,7.8,16+
CNT01084,StreamIQ Original 1084,Movie,2024,140,English,6.9,13+
CNT01085,StreamIQ Original 1085,Series,2018,158,Spanish,8.7,16+
CNT01086,StreamIQ Original 1086,Series,2024,127,English,7.1,16+
CNT01087,StreamIQ Original 1087,Movie,2024,71,Hindi,7.0,U
CNT01088,StreamIQ Original 1088,Movie,2022,76,Tamil,8.3,13+
CNT01089,StreamIQ Original 1089,Movie,2021,179,English,7.8,U
CNT01090,StreamIQ Original 1090,Movie,2019,141,English,5.2,16+
CNT01091,StreamIQ Original 1091,Series,2023,132,English,7.4,18+
CNT01092,StreamIQ Original 1092,Movie,2019,116,Telugu,6.6,13+
CNT01093,StreamIQ Original 1093,Movie,2022,98,English,6.8,16+
CNT01094,StreamIQ Original 1094,Movie,2020,130,Telugu,7.5,13+
CNT01095,StreamIQ Original 1095,Movie,2021,172,English,8.2,16+
CNT01096,StreamIQ Original 1096,Series,2022,154,English,6.4,16+
CNT01097,StreamIQ Original 1097,Movie,2025,154,French,8.2,16+
CNT01098,StreamIQ Original 1098,Movie,2018,179,English,5.6,13+
CNT01099,StreamIQ Original 1099,Movie,2020,158,Telugu,5.7,U
CNT01100,StreamIQ Original 1100,Series,2021,100,English,7.8,16+
CNT01101,StreamIQ Original 1101,Movie,2020,160,English,7.2,U
CNT01102,StreamIQ Original 1102,Series,2024,102,Tamil,8.8,U
CNT01103,StreamIQ Original 1103,Movie,2022,108,English,7.0,13+
CNT01104,StreamIQ Original 1104,Series,2025,83,Hindi,7.9,13+
CNT01105,StreamIQ Original 1105,Movie,2021,103,English,9.2,13+
CNT01106,StreamIQ Original 1106,Series,2025,100,Hindi,8.0,18+
CNT01107,StreamIQ Original 1107,Movie,2024,117,Hindi,6.6,16+
CNT01108,StreamIQ Original 1108,Series,2025,170,Hindi,8.8,13+
CNT01109,StreamIQ Original 1109,Series,2019,139,English,9.0,16+
CNT01110,StreamIQ Original 1110,Series,2024,95,French,7.1,13+
CNT01111,StreamIQ Original 1111,Movie,2018,162,English,8.4,16+
CNT01112,StreamIQ Original 1112,Movie,2020,121,English,8.7,13+
CNT01113,StreamIQ Original 1113,Series,2023,101,Hindi,7.6,13+
CNT01114,StreamIQ Original 1114,Series,2018,74,English,7.1,13+
CNT01115,StreamIQ Original 1115,Movie,2020,121,English,7.1,13+
CNT01116,StreamIQ Original 1116,Series,2024,130,English,7.1,16+
CNT01117,StreamIQ Original 1117,Movie,2020,88,Hindi,6.2,13+
CNT01118,StreamIQ Original 1118,Movie,2023,142,Portuguese,6.4,U
CNT01119,StreamIQ Original 1119,Movie,2020,86,English,7.0,13+
CNT01120,StreamIQ Original 1120,Movie,2024,107,English,8.2,16+
CNT01121,StreamIQ Original 1121,Series,2018,134,English,9.0,13+
CNT01122,StreamIQ Original 1122,Movie,2019,146,Spanish,7.8,16+
CNT01123,StreamIQ Original 1123,Movie,2020,90,Hindi,7.2,13+
CNT01124,StreamIQ Original 1124,Movie,2022,83,English,6.6,16+
CNT01125,StreamIQ Original 1125,Movie,2023,152,French,5.8,13+
CNT01126,StreamIQ Original 1126,Movie,2022,122,English,8.0,U
CNT01127,StreamIQ Original 1127,Movie,2023,83,English,7.7,16+
CNT01128,StreamIQ Original 1128,Movie,2018,179,English,8.4,16+
CNT01129,StreamIQ Original 1129,Series,2018,141,English,7.3,16+
CNT01130,StreamIQ Original 1130,Movie,2024,132,Hindi,6.9,18+
CNT01131,StreamIQ Original 1131,Series,2022,173,English,6.9,13+
CNT01132,StreamIQ Original 1132,Movie,2023,94,English,6.5,18+
CNT01133,StreamIQ Original 1133,Movie,2019,87,Hindi,5.9,U
CNT01134,StreamIQ Original 1134,Movie,2019,146,English,8.1,18+
CNT01135,StreamIQ Original 1135,Movie,2021,157,English,7.3,16+
CNT01136,StreamIQ Original 1136,Series,2024,125,Telugu,8.8,13+
CNT01137,StreamIQ Original 1137,Movie,2020,78,French,7.6,18+
CNT01138,StreamIQ Original 1138,Movie,2025,159,Hindi,5.6,16+
CNT01139,StreamIQ Original 1139,Series,2023,92,Spanish,7.1,13+
CNT01140,StreamIQ Original 1140,Series,2022,167,English,6.7,13+
CNT01141,StreamIQ Original 1141,Series,2023,82,Telugu,6.4,16+
CNT01142,StreamIQ Original 1142,Series,2018,173,English,5.4,U
CNT01143,StreamIQ Original 1143,Movie,2022,108,English,5.9,13+
CNT01144,StreamIQ Original 1144,Series,2022,83,English,9.1,U
CNT01145,StreamIQ Original 1145,Movie,2018,130,English,6.2,13+
CNT01146,StreamIQ Original 1146,Series,2022,162,English,7.3,U
CNT01147,StreamIQ Original 1147,Movie,2025,171,Tamil,6.5,16+
CNT01148,StreamIQ Original 1148,Series,2023,160,Hindi,5.5,13+
CNT01149,StreamIQ Original 1149,Movie,2019,155,English,6.9,16+
CNT01150,StreamIQ Original 1150,Movie,2020,110,Tamil,7.9,13+
CNT01151,StreamIQ Original 1151,Series,2019,90,English,6.7,16+
CNT01152,StreamIQ Original 1152,Series,2022,131,English,9.5,13+
CNT01153,StreamIQ Original 1153,Series,2019,112,Bengali,6.2,13+
CNT01154,StreamIQ Original 1154,Movie,2021,94,Portuguese,7.4,13+
CNT01155,StreamIQ Original 1155,Movie,2022,98,English,5.6,13+
CNT01156,StreamIQ Original 1156,Movie,2021,91,German,7.5,13+
CNT01157,StreamIQ Original 1157,Series,2024,146,English,8.6,13+
CNT01158,StreamIQ Original 1158,Series,2023,161,Telugu,7.8,16+
CNT01159,StreamIQ Original 1159,Movie,2019,82,German,4.7,13+
CNT01160,StreamIQ Original 1160,Movie,2025,155,Spanish,7.8,16+
CNT01161,StreamIQ Original 1161,Series,2023,115,Tamil,6.5,16+
CNT01162,StreamIQ Original 1162,Movie,2018,160,Hindi,6.3,13+
CNT01163,StreamIQ Original 1163,Movie,2020,163,English,7.8,13+
CNT01164,StreamIQ Original 1164,Series,2025,127,Spanish,8.0,U
CNT01165,StreamIQ Original 1165,Series,2018,97,Spanish,7.3,13+
CNT01166,StreamIQ Original 1166,Movie,2021,180,Hindi,7.4,18+
CNT01167,StreamIQ Original 1167,Movie,2023,110,German,8.3,16+
CNT01168,StreamIQ Original 1168,Movie,2024,110,English,8.5,18+
CNT01169,StreamIQ Original 1169,Series,2018,89,Spanish,7.3,13+
CNT01170,StreamIQ Original 1170,Movie,2021,168,Hindi,8.2,16+
CNT01171,StreamIQ Original 1171,Movie,2024,120,English,8.0,13+
CNT01172,StreamIQ Original 1172,Series,2018,77,English,9.6,16+
CNT01173,StreamIQ Original 1173,Movie,2020,119,Hindi,6.3,16+
CNT01174,StreamIQ Original 1174,Movie,2022,101,English,8.8,U
CNT01175,StreamIQ Original 1175,Series,2020,180,German,7.0,U
CNT01176,StreamIQ Original 1176,Movie,2019,112,Hindi,9.6,U
CNT01177,StreamIQ Original 1177,Series,2025,130,Portuguese,7.1,13+
CNT01178,StreamIQ Original 1178,Movie,2023,172,Bengali,7.8,16+
CNT01179,StreamIQ Original 1179,Movie,2019,154,Telugu,7.4,16+
CNT01180,StreamIQ Original 1180,Series,2018,155,Hindi,7.0,13+
CNT01181,StreamIQ Original 1181,Series,2020,157,Hindi,6.0,18+
CNT01182,StreamIQ Original 1182,Movie,2019,154,English,7.2,16+
CNT01183,StreamIQ Original 1183,Series,2022,113,French,7.1,18+
CNT01184,StreamIQ Original 1184,Movie,2018,105,Telugu,7.0,16+
CNT01185,StreamIQ Original 1185,Movie,2021,137,English,6.4,16+
CNT01186,StreamIQ Original 1186,Series,2018,177,Tamil,7.5,16+
CNT01187,StreamIQ Original 1187,Movie,2025,80,English,7.2,18+
CNT01188,StreamIQ Original 1188,Movie,2025,77,Bengali,7.7,13+
CNT01189,StreamIQ Original 1189,Movie,2024,73,English,7.8,16+
CNT01190,StreamIQ Original 1190,Movie,2024,143,German,7.3,13+
CNT01191,StreamIQ Original 1191,Movie,2020,81,German,9.1,13+
CNT01192,StreamIQ Original 1192,Movie,2024,166,French,6.9,13+
CNT01193,StreamIQ Original 1193,Series,2020,106,English,6.5,U
CNT01194,StreamIQ Original 1194,Movie,2022,134,English,7.7,16+
CNT01195,StreamIQ Original 1195,Movie,2018,150,English,7.5,U
CNT01196,StreamIQ Original 1196,Movie,2018,83,English,8.4,18+
CNT01197,StreamIQ Original 1197,Series,2023,167,French,7.0,18+
CNT01198,StreamIQ Original 1198,Series,2020,109,English,6.6,13+
CNT01199,StreamIQ Original 1199,Series,2018,160,English,6.5,16+
CNT01200,StreamIQ Original 1200,Movie,2024,93,English,7.8,13+
CNT01201,StreamIQ Original 1201,Movie,2025,151,English,7.5,13+
CNT01202,StreamIQ Original 1202,Movie,2019,132,English,8.4,16+
CNT01203,StreamIQ Original 1203,Movie,2019,85,English,8.0,13+
CNT01204,StreamIQ Original 1204,Movie,2018,120,Spanish,6.6,18+
CNT01205,StreamIQ Original 1205,Series,2019,85,Tamil,7.2,18+
CNT01206,StreamIQ Original 1206,Series,2020,127,Spanish,6.2,18+
CNT01207,StreamIQ Original 1207,Movie,2025,104,English,6.9,16+
CNT01208,StreamIQ Original 1208,Movie,2021,137,English,6.0,13+
CNT01209,StreamIQ Original 1209,Movie,2024,167,Hindi,5.9,16+
CNT01210,StreamIQ Original 1210,Movie,2018,102,Hindi,9.3,13+
CNT01211,StreamIQ Original 1211,Series,2023,156,French,6.8,16+
CNT01212,StreamIQ Original 1212,Movie,2022,143,Bengali,7.6,U
CNT01213,StreamIQ Original 1213,Movie,2025,126,English,8.2,18+
CNT01214,StreamIQ Original 1214,Series,2025,144,English,7.5,U
CNT01215,StreamIQ Original 1215,Series,2018,137,French,6.1,16+
CNT01216,StreamIQ Original 1216,Movie,2020,161,English,9.4,13+
CNT01217,StreamIQ Original 1217,Movie,2022,81,English,6.8,16+
CNT01218,StreamIQ Original 1218,Movie,2025,86,English,7.4,16+
CNT01219,StreamIQ Original 1219,Movie,2024,138,English,7.1,16+
CNT01220,StreamIQ Original 1220,Movie,2022,165,Spanish,7.4,16+
CNT01221,StreamIQ Original 1221,Series,2021,71,English,8.5,U
CNT01222,StreamIQ Original 1222,Series,2024,146,Tamil,6.9,13+
CNT01223,StreamIQ Original 1223,Movie,2024,154,Hindi,6.8,13+
CNT01224,StreamIQ Original 1224,Movie,2018,82,Hindi,8.0,13+
CNT01225,StreamIQ Original 1225,Movie,2018,101,English,7.2,U
CNT01226,StreamIQ Original 1226,Movie,2022,170,English,7.8,13+
CNT01227,StreamIQ Original 1227,Movie,2019,110,English,7.8,13+
CNT01228,StreamIQ Original 1228,Movie,2018,89,English,6.7,U
CNT01229,StreamIQ Original 1229,Series,2024,128,Bengali,6.9,16+
CNT01230,StreamIQ Original 1230,Series,2024,70,Hindi,7.6,U
CNT01231,StreamIQ Original 1231,Series,2024,116,Hindi,7.8,18+
CNT01232,StreamIQ Original 1232,Movie,2018,116,English,7.4,13+
CNT01233,StreamIQ Original 1233,Movie,2019,156,Bengali,8.6,13+
CNT01234,StreamIQ Original 1234,Movie,2023,146,French,7.1,13+
CNT01235,StreamIQ Original 1235,Series,2024,74,English,7.4,13+
CNT01236,StreamIQ Original 1236,Series,2025,174,English,6.9,16+
CNT01237,StreamIQ Original 1237,Movie,2023,168,Spanish,7.3,16+
CNT01238,StreamIQ Original 1238,Series,2023,73,English,6.5,16+
CNT01239,StreamIQ Original 1239,Movie,2021,162,Hindi,5.9,18+
CNT01240,StreamIQ Original 1240,Movie,2018,135,French,6.9,16+
CNT01241,StreamIQ Original 1241,Movie,2024,117,English,8.9,13+
CNT01242,StreamIQ Original 1242,Series,2020,123,English,6.7,13+
CNT01243,StreamIQ Original 1243,Series,2019,72,Hindi,7.3,16+
CNT01244,StreamIQ Original 1244,Movie,2024,91,Spanish,7.3,16+
CNT01245,StreamIQ Original 1245,Series,2018,147,Hindi,6.4,16+
CNT01246,StreamIQ Original 1246,Movie,2019,146,English,6.7,16+
CNT01247,StreamIQ Original 1247,Movie,2019,71,Tamil,7.4,18+
CNT01248,StreamIQ Original 1248,Movie,2021,124,Hindi,6.3,13+
CNT01249,StreamIQ Original 1249,Movie,2021,142,English,6.1,16+
CNT01250,StreamIQ Original 1250,Movie,2022,85,English,6.6,13+
CNT01251,StreamIQ Original 1251,Movie,2018,81,Portuguese,6.6,13+
CNT01252,StreamIQ Original 1252,Movie,2021,125,Spanish,6.0,13+
CNT01253,StreamIQ Original 1253,Series,2018,119,English,8.1,16+
CNT01254,StreamIQ Original 1254,Movie,2022,178,English,8.8,13+
CNT01255,StreamIQ Original 1255,Movie,2023,135,Hindi,6.6,13+
CNT01256,StreamIQ Original 1256,Movie,2021,166,English,8.2,U
CNT01257,StreamIQ Original 1257,Movie,2024,171,English,7.9,16+
CNT01258,StreamIQ Original 1258,Movie,2025,154,Spanish,7.6,U
CNT01259,StreamIQ Original 1259,Movie,2021,148,Tamil,7.7,U
CNT01260,StreamIQ Original 1260,Series,2022,147,English,8.2,16+
CNT01261,StreamIQ Original 1261,Movie,2020,80,Hindi,5.4,13+
CNT01262,StreamIQ Original 1262,Movie,2020,87,Hindi,7.0,18+
CNT01263,StreamIQ Original 1263,Series,2022,120,English,6.1,18+
CNT01264,StreamIQ Original 1264,Series,2020,158,German,7.2,13+
CNT01265,StreamIQ Original 1265,Movie,2020,141,Hindi,7.2,U
CNT01266,StreamIQ Original 1266,Series,2020,135,English,6.3,16+
CNT01267,StreamIQ Original 1267,Movie,2020,153,Hindi,9.2,18+
CNT01268,StreamIQ Original 1268,Series,2019,126,Hindi,8.2,16+
CNT01269,StreamIQ Original 1269,Movie,2019,95,Portuguese,5.7,16+
CNT01270,StreamIQ Original 1270,Series,2021,173,English,8.3,13+
CNT01271,StreamIQ Original 1271,Series,2018,143,Hindi,7.2,U
CNT01272,StreamIQ Original 1272,Movie,2024,141,Hindi,6.0,18+
CNT01273,StreamIQ Original 1273,Movie,2025,173,English,8.7,13+
CNT01274,StreamIQ Original 1274,Movie,2019,163,French,7.2,13+
CNT01275,StreamIQ Original 1275,Movie,2025,172,English,9.0,13+
CNT01276,StreamIQ Original 1276,Series,2018,75,Spanish,6.5,U
CNT01277,StreamIQ Original 1277,Movie,2024,167,English,6.7,13+
CNT01278,StreamIQ Original 1278,Movie,2024,125,German,7.0,18+
CNT01279,StreamIQ Original 1279,Movie,2023,116,Portuguese,8.8,U
CNT01280,StreamIQ Original 1280,Movie,2022,149,Spanish,6.9,16+
CNT01281,StreamIQ Original 1281,Movie,2024,88,German,7.6,U
CNT01282,StreamIQ Original 1282,Series,2023,72,English,9.4,U
CNT01283,StreamIQ Original 1283,Movie,2023,82,Telugu,7.2,U
CNT01284,StreamIQ Original 1284,Movie,2022,151,Tamil,8.1,13+
CNT01285,StreamIQ Original 1285,Series,2023,110,English,6.0,18+
CNT01286,StreamIQ Original 1286,Movie,2022,110,Hindi,5.6,16+
CNT01287,StreamIQ Original 1287,Series,2018,76,Tamil,6.3,18+
CNT01288,StreamIQ Original 1288,Series,2022,91,Hindi,8.4,18+
CNT01289,StreamIQ Original 1289,Series,2021,100,Telugu,5.9,U
CNT01290,StreamIQ Original 1290,Series,2018,152,French,8.8,16+
CNT01291,StreamIQ Original 1291,Series,2021,88,English,5.7,16+
CNT01292,StreamIQ Original 1292,Movie,2021,116,Bengali,7.6,18+
CNT01293,StreamIQ Original 1293,Movie,2020,84,Bengali,7.4,16+
CNT01294,StreamIQ Original 1294,Movie,2025,141,English,5.8,18+
CNT01295,StreamIQ Original 1295,Movie,2024,179,English,6.7,13+
CNT01296,StreamIQ Original 1296,Movie,2021,162,Hindi,6.9,16+
CNT01297,StreamIQ Original 1297,Series,2019,125,Hindi,6.5,13+
CNT01298,StreamIQ Original 1298,Movie,2023,119,Telugu,5.7,13+
CNT01299,StreamIQ Original 1299,Series,2021,86,English,8.2,U
CNT01300,StreamIQ Original 1300,Movie,2022,103,English,5.6,18+
CNT01301,StreamIQ Original 1301,Movie,2020,111,Portuguese,6.1,U
CNT01302,StreamIQ Original 1302,Movie,2023,179,Tamil,6.7,18+
CNT01303,StreamIQ Original 1303,Movie,2018,154,Telugu,7.4,13+
CNT01304,StreamIQ Original 1304,Series,2021,98,English,8.0,13+
CNT01305,StreamIQ Original 1305,Movie,2023,141,English,6.5,U
CNT01306,StreamIQ Original 1306,Movie,2020,75,Hindi,6.1,U
CNT01307,StreamIQ Original 1307,Series,2021,137,Telugu,6.2,16+
CNT01308,StreamIQ Original 1308,Series,2021,93,English,7.4,13+
CNT01309,StreamIQ Original 1309,Movie,2022,176,English,6.0,13+
CNT01310,StreamIQ Original 1310,Series,2019,89,Hindi,6.8,13+
CNT01311,StreamIQ Original 1311,Series,2024,180,Telugu,6.3,13+
CNT01312,StreamIQ Original 1312,Movie,2020,152,English,5.2,16+
CNT01313,StreamIQ Original 1313,Movie,2020,150,Hindi,6.8,16+
CNT01314,StreamIQ Original 1314,Series,2021,121,Portuguese,7.2,U
CNT01315,StreamIQ Original 1315,Series,2020,157,English,7.8,16+
CNT01316,StreamIQ Original 1316,Movie,2018,170,English,7.5,13+
CNT01317,StreamIQ Original 1317,Movie,2024,160,English,6.6,16+
CNT01318,StreamIQ Original 1318,Movie,2018,92,English,6.9,13+
CNT01319,StreamIQ Original 1319,Movie,2024,147,French,7.0,U
CNT01320,StreamIQ Original 1320,Series,2021,123,English,8.1,13+
CNT01321,StreamIQ Original 1321,Movie,2024,144,Telugu,8.1,16+
CNT01322,StreamIQ Original 1322,Series,2020,156,Bengali,8.8,16+
CNT01323,StreamIQ Original 1323,Movie,2024,77,Hindi,7.2,13+
CNT01324,StreamIQ Original 1324,Movie,2023,81,Hindi,8.4,16+
CNT01325,StreamIQ Original 1325,Series,2025,114,Telugu,7.0,13+
CNT01326,StreamIQ Original 1326,Series,2024,126,Hindi,7.3,13+
CNT01327,StreamIQ Original 1327,Movie,2021,134,English,6.6,16+
CNT01328,StreamIQ Original 1328,Movie,2018,137,English,7.6,13+
CNT01329,StreamIQ Original 1329,Movie,2020,170,Hindi,5.7,13+
CNT01330,StreamIQ Original 1330,Movie,2019,73,Spanish,8.3,U
CNT01331,StreamIQ Original 1331,Movie,2021,176,Hindi,7.4,13+
CNT01332,StreamIQ Original 1332,Movie,2018,131,Bengali,7.7,U
CNT01333,StreamIQ Original 1333,Movie,2018,146,Hindi,7.4,13+
CNT01334,StreamIQ Original 1334,Movie,2019,100,Hindi,8.4,13+
CNT01335,StreamIQ Original 1335,Series,2024,123,German,7.6,13+
CNT01336,StreamIQ Original 1336,Movie,2021,100,English,6.1,U
CNT01337,StreamIQ Original 1337,Movie,2024,101,Hindi,6.3,16+
CNT01338,StreamIQ Original 1338,Movie,2022,109,English,7.1,18+
CNT01339,StreamIQ Original 1339,Series,2022,73,English,6.3,18+
CNT01340,StreamIQ Original 1340,Series,2018,172,English,6.2,16+
CNT01341,StreamIQ Original 1341,Series,2022,178,German,6.5,13+
CNT01342,StreamIQ Original 1342,Series,2023,76,English,7.3,16+
CNT01343,StreamIQ Original 1343,Movie,2018,125,Hindi,8.4,13+
CNT01344,StreamIQ Original 1344,Series,2022,126,English,8.4,13+
CNT01345,StreamIQ Original 1345,Movie,2018,115,English,7.8,13+
CNT01346,StreamIQ Original 1346,Movie,2025,118,English,6.9,13+
CNT01347,StreamIQ Original 1347,Series,2025,119,Spanish,7.1,13+
CNT01348,StreamIQ Original 1348,Series,2024,118,French,7.3,16+
CNT01349,StreamIQ Original 1349,Movie,2025,149,Portuguese,6.5,13+
CNT01350,StreamIQ Original 1350,Movie,2023,171,German,7.6,U
CNT01351,StreamIQ Original 1351,Series,2024,112,Spanish,7.9,U
CNT01352,StreamIQ Original 1352,Movie,2020,134,Spanish,6.7,13+
CNT01353,StreamIQ Original 1353,Movie,2019,75,English,4.5,16+
CNT01354,StreamIQ Original 1354,Movie,2024,155,Portuguese,5.8,U
CNT01355,StreamIQ Original 1355,Series,2018,99,Hindi,7.9,13+
CNT01356,StreamIQ Original 1356,Series,2022,141,English,5.8,13+
CNT01357,StreamIQ Original 1357,Movie,2021,177,English,7.5,18+
CNT01358,StreamIQ Original 1358,Movie,2022,136,English,6.8,18+
CNT01359,StreamIQ Original 1359,Movie,2019,123,English,8.4,13+
CNT01360,StreamIQ Original 1360,Movie,2022,143,Hindi,7.3,18+
CNT01361,StreamIQ Original 1361,Movie,2022,94,English,5.3,18+
CNT01362,StreamIQ Original 1362,Movie,2024,111,Hindi,7.1,16+
CNT01363,StreamIQ Original 1363,Movie,2021,141,English,7.2,13+
CNT01364,StreamIQ Original 1364,Movie,2018,130,English,7.0,U
CNT01365,StreamIQ Original 1365,Movie,2023,107,English,6.3,16+
CNT01366,StreamIQ Original 1366,Movie,2020,105,English,7.5,16+
CNT01367,StreamIQ Original 1367,Movie,2021,110,English,6.9,13+
CNT01368,StreamIQ Original 1368,Series,2019,116,English,7.9,13+
CNT01369,StreamIQ Original 1369,Movie,2023,156,English,7.1,13+
CNT01370,StreamIQ Original 1370,Series,2021,100,German,7.4,16+
CNT01371,StreamIQ Original 1371,Movie,2024,71,English,6.8,16+
CNT01372,StreamIQ Original 1372,Movie,2023,137,Spanish,6.8,13+
CNT01373,StreamIQ Original 1373,Series,2018,103,Spanish,7.7,13+
CNT01374,StreamIQ Original 1374,Movie,2019,77,English,7.6,16+
CNT01375,StreamIQ Original 1375,Series,2020,125,Tamil,6.9,13+
CNT01376,StreamIQ Original 1376,Movie,2020,165,Hindi,6.7,16+
CNT01377,StreamIQ Original 1377,Series,2022,80,French,7.8,16+
CNT01378,StreamIQ Original 1378,Series,2022,156,Hindi,6.1,13+
CNT01379,StreamIQ Original 1379,Movie,2019,139,English,7.0,16+
CNT01380,StreamIQ Original 1380,Series,2020,143,English,6.3,16+
CNT01381,StreamIQ Original 1381,Movie,2024,137,Portuguese,7.7,16+
CNT01382,StreamIQ Original 1382,Movie,2018,136,German,6.2,13+
CNT01383,StreamIQ Original 1383,Movie,2019,81,Tamil,7.4,16+
CNT01384,StreamIQ Original 1384,Movie,2022,130,English,6.0,13+
CNT01385,StreamIQ Original 1385,Movie,2022,70,German,7.2,13+
CNT01386,StreamIQ Original 1386,Movie,2025,147,English,7.0,16+
CNT01387,StreamIQ Original 1387,Movie,2022,161,English,6.6,U
CNT01388,StreamIQ Original 1388,Movie,2024,80,English,7.0,U
CNT01389,StreamIQ Original 1389,Movie,2024,99,English,6.2,13+
CNT01390,StreamIQ Original 1390,Series,2021,173,English,6.8,18+
CNT01391,StreamIQ Original 1391,Movie,2024,178,Spanish,6.8,13+
CNT01392,StreamIQ Original 1392,Movie,2020,71,Hindi,8.1,13+
CNT01393,StreamIQ Original 1393,Series,2021,75,German,6.9,16+
CNT01394,StreamIQ Original 1394,Movie,2019,93,German,9.6,U
CNT01395,StreamIQ Original 1395,Movie,2021,147,English,6.0,U
CNT01396,StreamIQ Original 1396,Movie,2020,105,English,7.6,13+
CNT01397,StreamIQ Original 1397,Series,2025,71,English,5.6,13+
CNT01398,StreamIQ Original 1398,Movie,2019,136,Hindi,6.4,U
CNT01399,StreamIQ Original 1399,Series,2020,95,German,7.9,16+
CNT01400,StreamIQ Original 1400,Series,2020,98,English,7.9,U
CNT01401,StreamIQ Original 1401,Movie,2025,156,Hindi,7.1,18+
CNT01402,StreamIQ Original 1402,Series,2025,119,Hindi,6.3,13+
CNT01403,StreamIQ Original 1403,Movie,2024,76,English,8.0,13+
CNT01404,StreamIQ Original 1404,Movie,2024,129,English,8.4,13+
CNT01405,StreamIQ Original 1405,Series,2025,137,Spanish,6.3,16+
CNT01406,StreamIQ Original 1406,Series,2023,148,English,7.2,U
CNT01407,StreamIQ Original 1407,Series,2018,92,Hindi,7.8,U
CNT01408,StreamIQ Original 1408,Movie,2018,177,Telugu,7.2,16+
CNT01409,StreamIQ Original 1409,Series,2018,173,Telugu,6.8,13+
CNT01410,StreamIQ Original 1410,Movie,2024,91,Tamil,7.1,16+
CNT01411,StreamIQ Original 1411,Series,2022,173,English,6.4,18+
CNT01412,StreamIQ Original 1412,Series,2025,140,Tamil,4.8,13+
CNT01413,StreamIQ Original 1413,Series,2023,119,English,6.3,13+
CNT01414,StreamIQ Original 1414,Movie,2023,151,English,8.0,13+
CNT01415,StreamIQ Original 1415,Movie,2023,171,English,6.0,18+
CNT01416,StreamIQ Original 1416,Series,2021,158,English,7.5,18+
CNT01417,StreamIQ Original 1417,Movie,2018,117,Telugu,7.6,13+
CNT01418,StreamIQ Original 1418,Series,2019,84,French,9.6,18+
CNT01419,StreamIQ Original 1419,Movie,2024,75,French,7.1,13+
CNT01420,StreamIQ Original 1420,Series,2023,178,Bengali,8.3,U
CNT01421,StreamIQ Original 1421,Movie,2025,128,French,7.5,13+
CNT01422,StreamIQ Original 1422,Series,2022,174,English,5.4,13+
CNT01423,StreamIQ Original 1423,Movie,2018,145,English,6.3,13+
CNT01424,StreamIQ Original 1424,Movie,2025,149,Tamil,7.3,16+
CNT01425,StreamIQ Original 1425,Series,2021,95,French,9.0,16+
CNT01426,StreamIQ Original 1426,Series,2022,108,Hindi,7.8,U
CNT01427,StreamIQ Original 1427,Movie,2022,141,French,7.0,U
CNT01428,StreamIQ Original 1428,Movie,2023,96,French,7.5,16+
CNT01429,StreamIQ Original 1429,Movie,2019,160,French,6.5,13+
CNT01430,StreamIQ Original 1430,Movie,2020,134,Hindi,7.1,13+
CNT01431,StreamIQ Original 1431,Movie,2019,112,Hindi,6.1,U
CNT01432,StreamIQ Original 1432,Movie,2021,110,German,7.3,13+
CNT01433,StreamIQ Original 1433,Movie,2021,130,Bengali,8.1,18+
CNT01434,StreamIQ Original 1434,Movie,2024,178,Hindi,8.7,U
CNT01435,StreamIQ Original 1435,Movie,2021,101,Spanish,9.6,16+
CNT01436,StreamIQ Original 1436,Series,2022,72,Hindi,9.4,U
CNT01437,StreamIQ Original 1437,Movie,2025,163,English,6.1,18+
CNT01438,StreamIQ Original 1438,Movie,2021,130,German,9.3,13+
CNT01439,StreamIQ Original 1439,Movie,2024,86,English,8.1,18+
CNT01440,StreamIQ Original 1440,Movie,2019,78,English,8.2,13+
CNT01441,StreamIQ Original 1441,Movie,2022,126,Hindi,8.5,13+
CNT01442,StreamIQ Original 1442,Series,2019,117,Spanish,6.3,16+
CNT01443,StreamIQ Original 1443,Movie,2018,76,Telugu,8.2,18+
CNT01444,StreamIQ Original 1444,Movie,2024,101,English,5.4,U
CNT01445,StreamIQ Original 1445,Series,2023,162,English,6.5,13+
CNT01446,StreamIQ Original 1446,Series,2018,127,English,6.2,18+
CNT01447,StreamIQ Original 1447,Series,2023,151,Hindi,8.8,13+
CNT01448,StreamIQ Original 1448,Series,2018,180,English,8.2,18+
CNT01449,StreamIQ Original 1449,Movie,2019,74,English,6.9,16+
CNT01450,StreamIQ Original 1450,Series,2020,167,English,7.3,13+
CNT01451,StreamIQ Original 1451,Series,2023,108,Hindi,8.1,13+
CNT01452,StreamIQ Original 1452,Series,2025,84,German,7.9,13+
CNT01453,StreamIQ Original 1453,Movie,2025,139,English,8.2,16+
CNT01454,StreamIQ Original 1454,Series,2019,173,German,5.4,16+
CNT01455,StreamIQ Original 1455,Series,2018,177,Portuguese,6.6,U
CNT01456,StreamIQ Original 1456,Series,2023,101,Hindi,6.4,16+
CNT01457,StreamIQ Original 1457,Movie,2020,122,Hindi,5.9,18+
CNT01458,StreamIQ Original 1458,Movie,2023,128,French,6.7,13+
CNT01459,StreamIQ Original 1459,Movie,2022,72,French,7.6,13+
CNT01460,StreamIQ Original 1460,Movie,2023,94,English,5.6,16+
CNT01461,StreamIQ Original 1461,Movie,2021,126,Tamil,5.8,U
CNT01462,StreamIQ Original 1462,Movie,2020,172,English,8.2,18+
CNT01463,StreamIQ Original 1463,Movie,2023,120,Hindi,7.2,13+
CNT01464,StreamIQ Original 1464,Movie,2018,86,Hindi,6.4,16+
CNT01465,StreamIQ Original 1465,Movie,2023,116,Tamil,7.8,13+
CNT01466,StreamIQ Original 1466,Movie,2020,80,English,6.7,13+
CNT01467,StreamIQ Original 1467,Series,2025,104,Spanish,7.8,16+
CNT01468,StreamIQ Original 1468,Series,2025,75,Telugu,6.8,18+
CNT01469,StreamIQ Original 1469,Movie,2021,94,Hindi,7.4,16+
CNT01470,StreamIQ Original 1470,Movie,2023,86,Tamil,8.0,18+
CNT01471,StreamIQ Original 1471,Series,2022,124,Telugu,7.3,18+
CNT01472,StreamIQ Original 1472,Series,2024,175,English,7.3,16+
CNT01473,StreamIQ Original 1473,Movie,2019,99,Telugu,8.5,U
CNT01474,StreamIQ Original 1474,Series,2020,79,Spanish,5.9,13+
CNT01475,StreamIQ Original 1475,Series,2018,97,Tamil,5.9,16+
CNT01476,StreamIQ Original 1476,Movie,2021,136,English,9.1,U
CNT01477,StreamIQ Original 1477,Movie,2020,124,English,7.0,13+
CNT01478,StreamIQ Original 1478,Movie,2020,151,Hindi,8.8,16+
CNT01479,StreamIQ Original 1479,Movie,2020,149,French,6.3,18+
CNT01480,StreamIQ Original 1480,Movie,2018,175,Portuguese,6.2,13+
CNT01481,StreamIQ Original 1481,Series,2020,95,English,7.6,16+
CNT01482,StreamIQ Original 1482,Movie,2023,152,Hindi,6.5,13+
CNT01483,StreamIQ Original 1483,Series,2024,150,Hindi,6.9,U
CNT01484,StreamIQ Original 1484,Movie,2023,110,Telugu,6.8,13+
CNT01485,StreamIQ Original 1485,Movie,2020,130,English,5.1,13+
CNT01486,StreamIQ Original 1486,Movie,2023,126,English,6.9,13+
CNT01487,StreamIQ Original 1487,Series,2022,114,Hindi,6.9,18+
CNT01488,StreamIQ Original 1488,Movie,2018,97,French,7.4,16+
CNT01489,StreamIQ Original 1489,Series,2024,89,Portuguese,6.1,U
CNT01490,StreamIQ Original 1490,Series,2023,107,Hindi,7.2,13+
CNT01491,StreamIQ Original 1491,Movie,2020,163,French,7.8,13+
CNT01492,StreamIQ Original 1492,Series,2021,82,English,6.5,16+
CNT01493,StreamIQ Original 1493,Movie,2025,82,Spanish,7.3,13+
CNT01494,StreamIQ Original 1494,Movie,2024,101,English,8.1,13+
CNT01495,StreamIQ Original 1495,Movie,2025,160,Hindi,6.4,U
CNT01496,StreamIQ Original 1496,Movie,2024,92,English,6.6,16+
CNT01497,StreamIQ Original 1497,Series,2019,124,English,8.8,16+
CNT01498,StreamIQ Original 1498,Movie,2019,106,German,8.5,13+
CNT01499,StreamIQ Original 1499,Movie,2024,165,English,7.9,16+
CNT01500,StreamIQ Original 1500,Movie,2022,85,English,8.5,U
CNT01501,StreamIQ Original 1501,Movie,2018,80,English,8.2,16+
CNT01502,StreamIQ Original 1502,Series,2021,153,Hindi,8.2,13+
CNT01503,StreamIQ Original 1503,Movie,2018,80,French,7.3,U
CNT01504,StreamIQ Original 1504,Movie,2019,94,English,7.0,16+
CNT01505,StreamIQ Original 1505,Series,2021,178,Hindi,7.2,U
CNT01506,StreamIQ Original 1506,Series,2019,105,Spanish,6.0,16+
CNT01507,StreamIQ Original 1507,Series,2024,179,Portuguese,8.0,13+
CNT01508,StreamIQ Original 1508,Movie,2019,114,English,6.1,13+
CNT01509,StreamIQ Original 1509,Movie,2024,121,English,7.7,18+
CNT01510,StreamIQ Original 1510,Movie,2018,104,English,6.9,U
CNT01511,StreamIQ Original 1511,Series,2020,94,Hindi,7.2,16+
CNT01512,StreamIQ Original 1512,Series,2023,71,Spanish,6.6,16+
CNT01513,StreamIQ Original 1513,Series,2022,119,English,5.9,13+
CNT01514,StreamIQ Original 1514,Movie,2021,96,English,6.9,18+
CNT01515,StreamIQ Original 1515,Series,2023,119,Hindi,7.0,18+
CNT01516,StreamIQ Original 1516,Movie,2022,105,English,6.9,16+
CNT01517,StreamIQ Original 1517,Series,2021,88,Portuguese,7.6,16+
CNT01518,StreamIQ Original 1518,Series,2025,175,Spanish,7.9,U
CNT01519,StreamIQ Original 1519,Movie,2019,95,Hindi,6.9,13+
CNT01520,StreamIQ Original 1520,Movie,2021,102,French,7.7,18+
CNT01521,StreamIQ Original 1521,Movie,2021,73,English,7.3,U
CNT01522,StreamIQ Original 1522,Movie,2023,135,German,7.0,13+
CNT01523,StreamIQ Original 1523,Series,2018,99,English,5.4,18+
CNT01524,StreamIQ Original 1524,Series,2022,142,English,8.4,16+
CNT01525,StreamIQ Original 1525,Movie,2022,174,Telugu,8.9,U
CNT01526,StreamIQ Original 1526,Series,2021,135,Spanish,8.2,18+
CNT01527,StreamIQ Original 1527,Series,2020,125,English,6.9,13+
CNT01528,StreamIQ Original 1528,Movie,2020,162,Bengali,5.8,U
CNT01529,StreamIQ Original 1529,Movie,2023,79,Portuguese,6.9,16+
CNT01530,StreamIQ Original 1530,Movie,2023,109,Hindi,7.7,16+
CNT01531,StreamIQ Original 1531,Movie,2022,141,English,6.8,13+
CNT01532,StreamIQ Original 1532,Movie,2021,126,Hindi,7.9,13+
CNT01533,StreamIQ Original 1533,Movie,2023,118,Spanish,7.4,16+
CNT01534,StreamIQ Original 1534,Movie,2022,135,English,8.3,16+
CNT01535,StreamIQ Original 1535,Movie,2025,162,English,6.4,13+
CNT01536,StreamIQ Original 1536,Series,2018,88,English,8.4,18+
CNT01537,StreamIQ Original 1537,Series,2019,90,Hindi,6.8,13+
CNT01538,StreamIQ Original 1538,Series,2018,141,English,6.7,18+
CNT01539,StreamIQ Original 1539,Movie,2019,125,English,7.2,U
CNT01540,StreamIQ Original 1540,Series,2021,130,Hindi,8.2,13+
CNT01541,StreamIQ Original 1541,Series,2025,178,English,7.8,13+
CNT01542,StreamIQ Original 1542,Movie,2021,93,Hindi,5.9,16+
CNT01543,StreamIQ Original 1543,Series,2018,165,Spanish,6.4,18+
CNT01544,StreamIQ Original 1544,Movie,2025,84,English,9.6,16+
CNT01545,StreamIQ Original 1545,Series,2024,75,German,8.1,16+
CNT01546,StreamIQ Original 1546,Movie,2018,151,English,7.4,13+
CNT01547,StreamIQ Original 1547,Movie,2023,112,Spanish,6.5,U
CNT01548,StreamIQ Original 1548,Movie,2020,146,English,7.8,16+
CNT01549,StreamIQ Original 1549,Movie,2023,138,Hindi,6.2,16+
CNT01550,StreamIQ Original 1550,Movie,2018,113,English,8.0,18+
CNT01551,StreamIQ Original 1551,Series,2022,178,English,8.0,13+
CNT01552,StreamIQ Original 1552,Movie,2023,149,English,8.0,16+
CNT01553,StreamIQ Original 1553,Series,2019,89,French,9.5,18+
CNT01554,StreamIQ Original 1554,Movie,2024,72,English,7.6,18+
CNT01555,StreamIQ Original 1555,Series,2024,74,English,6.6,13+
CNT01556,StreamIQ Original 1556,Series,2020,172,French,5.6,13+
CNT01557,StreamIQ Original 1557,Movie,2023,110,English,8.9,U
CNT01558,StreamIQ Original 1558,Movie,2023,143,Hindi,6.9,16+
CNT01559,StreamIQ Original 1559,Series,2023,150,English,7.2,16+
CNT01560,StreamIQ Original 1560,Series,2023,100,French,5.4,16+
CNT01561,StreamIQ Original 1561,Movie,2023,163,Portuguese,6.8,13+
CNT01562,StreamIQ Original 1562,Movie,2022,147,Bengali,6.7,16+
CNT01563,StreamIQ Original 1563,Movie,2022,147,Hindi,9.0,13+
CNT01564,StreamIQ Original 1564,Series,2018,116,English,7.2,18+
CNT01565,StreamIQ Original 1565,Movie,2020,162,Portuguese,7.3,18+
CNT01566,StreamIQ Original 1566,Movie,2021,138,Telugu,6.8,U
CNT01567,StreamIQ Original 1567,Movie,2021,73,English,8.3,16+
CNT01568,StreamIQ Original 1568,Movie,2018,165,English,5.2,13+
CNT01569,StreamIQ Original 1569,Movie,2019,96,English,6.9,16+
CNT01570,StreamIQ Original 1570,Movie,2018,166,Bengali,7.3,13+
CNT01571,StreamIQ Original 1571,Series,2019,149,English,7.9,13+
CNT01572,StreamIQ Original 1572,Movie,2022,140,English,7.3,U
CNT01573,StreamIQ Original 1573,Movie,2020,146,Tamil,8.0,13+
CNT01574,StreamIQ Original 1574,Movie,2021,156,Hindi,7.0,16+
CNT01575,StreamIQ Original 1575,Series,2025,140,Hindi,7.3,18+
CNT01576,StreamIQ Original 1576,Series,2023,107,English,7.5,13+
CNT01577,StreamIQ Original 1577,Movie,2023,174,English,8.8,18+
CNT01578,StreamIQ Original 1578,Series,2022,149,English,7.3,16+
CNT01579,StreamIQ Original 1579,Movie,2018,156,Hindi,7.7,16+
CNT01580,StreamIQ Original 1580,Series,2020,173,German,8.5,18+
CNT01581,StreamIQ Original 1581,Movie,2021,169,Spanish,8.0,13+
CNT01582,StreamIQ Original 1582,Series,2023,153,French,6.8,18+
CNT01583,StreamIQ Original 1583,Series,2022,92,English,6.3,13+
CNT01584,StreamIQ Original 1584,Series,2018,117,Hindi,7.5,16+
CNT01585,StreamIQ Original 1585,Movie,2019,147,English,8.9,13+
CNT01586,StreamIQ Original 1586,Movie,2020,105,English,8.6,16+
CNT01587,StreamIQ Original 1587,Series,2023,115,English,5.5,13+
CNT01588,StreamIQ Original 1588,Movie,2019,73,Telugu,8.8,18+
CNT01589,StreamIQ Original 1589,Movie,2020,132,Telugu,7.8,U
CNT01590,StreamIQ Original 1590,Movie,2023,103,German,5.9,16+
CNT01591,StreamIQ Original 1591,Movie,2019,151,English,6.0,U
CNT01592,StreamIQ Original 1592,Movie,2022,154,English,6.8,18+
CNT01593,StreamIQ Original 1593,Movie,2024,98,English,6.5,13+
CNT01594,StreamIQ Original 1594,Series,2021,156,Tamil,9.2,16+
CNT01595,StreamIQ Original 1595,Movie,2024,123,English,8.3,16+
CNT01596,StreamIQ Original 1596,Movie,2024,150,Spanish,7.5,18+
CNT01597,StreamIQ Original 1597,Series,2018,176,Tamil,8.5,18+
CNT01598,StreamIQ Original 1598,Movie,2021,131,Hindi,9.6,18+
CNT01599,StreamIQ Original 1599,Movie,2020,88,English,7.1,16+
CNT01600,StreamIQ Original 1600,Movie,2023,153,Hindi,6.1,13+
CNT01601,StreamIQ Original 1601,Series,2019,98,Spanish,8.6,13+
CNT01602,StreamIQ Original 1602,Movie,2023,130,Spanish,8.1,16+
CNT01603,StreamIQ Original 1603,Series,2021,156,Hindi,7.4,16+
CNT01604,StreamIQ Original 1604,Series,2024,96,Hindi,6.7,18+
CNT01605,StreamIQ Original 1605,Series,2024,87,English,7.8,13+
CNT01606,StreamIQ Original 1606,Movie,2024,161,English,6.1,13+
CNT01607,StreamIQ Original 1607,Movie,2025,78,Telugu,7.9,13+
CNT01608,StreamIQ Original 1608,Series,2018,158,English,5.6,16+
CNT01609,StreamIQ Original 1609,Series,2018,152,Spanish,6.2,16+
CNT01610,StreamIQ Original 1610,Movie,2021,173,English,8.1,13+
CNT01611,StreamIQ Original 1611,Series,2019,160,English,5.1,13+
CNT01612,StreamIQ Original 1612,Movie,2023,86,English,7.8,13+
CNT01613,StreamIQ Original 1613,Series,2020,138,English,7.7,13+
CNT01614,StreamIQ Original 1614,Movie,2024,138,English,6.0,18+
CNT01615,StreamIQ Original 1615,Movie,2024,174,Bengali,7.7,18+
CNT01616,StreamIQ Original 1616,Movie,2022,98,English,6.9,13+
CNT01617,StreamIQ Original 1617,Movie,2023,103,English,6.7,13+
CNT01618,StreamIQ Original 1618,Series,2019,109,Hindi,6.9,13+
CNT01619,StreamIQ Original 1619,Series,2022,155,Telugu,5.9,16+
CNT01620,StreamIQ Original 1620,Series,2025,99,Portuguese,8.0,U
CNT01621,StreamIQ Original 1621,Series,2024,97,Hindi,6.8,13+
CNT01622,StreamIQ Original 1622,Movie,2025,113,Telugu,5.6,U
CNT01623,StreamIQ Original 1623,Series,2021,101,Bengali,7.4,U
CNT01624,StreamIQ Original 1624,Series,2024,106,Hindi,8.4,16+
CNT01625,StreamIQ Original 1625,Movie,2021,118,English,4.8,13+
CNT01626,StreamIQ Original 1626,Movie,2021,163,Hindi,7.7,16+
CNT01627,StreamIQ Original 1627,Movie,2020,167,Hindi,8.0,13+
CNT01628,StreamIQ Original 1628,Movie,2021,131,Hindi,6.4,16+
CNT01629,StreamIQ Original 1629,Movie,2019,177,English,6.5,13+
CNT01630,StreamIQ Original 1630,Movie,2019,101,Spanish,8.3,13+
CNT01631,StreamIQ Original 1631,Movie,2025,129,Hindi,6.7,18+
CNT01632,StreamIQ Original 1632,Movie,2025,106,Hindi,8.2,16+
CNT01633,StreamIQ Original 1633,Movie,2020,77,English,6.0,U
CNT01634,StreamIQ Original 1634,Movie,2025,158,English,6.1,16+
CNT01635,StreamIQ Original 1635,Movie,2025,113,French,8.4,U
CNT01636,StreamIQ Original 1636,Movie,2018,167,English,6.8,16+
CNT01637,StreamIQ Original 1637,Movie,2024,88,German,7.9,16+
CNT01638,StreamIQ Original 1638,Series,2025,93,English,5.8,13+
CNT01639,StreamIQ Original 1639,Movie,2022,176,Portuguese,7.8,13+
CNT01640,StreamIQ Original 1640,Series,2023,164,Hindi,6.7,13+
CNT01641,StreamIQ Original 1641,Movie,2019,91,English,6.9,16+
CNT01642,StreamIQ Original 1642,Series,2023,136,Hindi,5.7,13+
CNT01643,StreamIQ Original 1643,Movie,2019,134,Hindi,8.1,16+
CNT01644,StreamIQ Original 1644,Movie,2024,143,Spanish,6.3,U
CNT01645,StreamIQ Original 1645,Movie,2023,139,English,6.4,16+
CNT01646,StreamIQ Original 1646,Series,2021,111,Hindi,7.5,13+
CNT01647,StreamIQ Original 1647,Series,2018,116,English,7.7,13+
CNT01648,StreamIQ Original 1648,Movie,2021,130,Telugu,8.6,16+
CNT01649,StreamIQ Original 1649,Series,2024,140,English,7.7,18+
CNT01650,StreamIQ Original 1650,Series,2024,142,English,6.8,16+
CNT01651,StreamIQ Original 1651,Movie,2020,102,Hindi,5.2,16+
CNT01652,StreamIQ Original 1652,Movie,2024,125,Portuguese,5.6,13+
CNT01653,StreamIQ Original 1653,Movie,2022,155,Spanish,7.0,13+
CNT01654,StreamIQ Original 1654,Movie,2023,146,Hindi,7.3,18+
CNT01655,StreamIQ Original 1655,Series,2022,119,Tamil,7.7,16+
CNT01656,StreamIQ Original 1656,Movie,2021,108,English,9.1,13+
CNT01657,StreamIQ Original 1657,Series,2024,163,English,6.9,18+
CNT01658,StreamIQ Original 1658,Movie,2022,110,English,5.2,13+
CNT01659,StreamIQ Original 1659,Movie,2025,171,English,7.1,18+
CNT01660,StreamIQ Original 1660,Series,2022,112,English,6.5,16+
CNT01661,StreamIQ Original 1661,Movie,2024,119,English,9.3,16+
CNT01662,StreamIQ Original 1662,Series,2018,100,English,7.9,16+
CNT01663,StreamIQ Original 1663,Movie,2024,176,Hindi,6.2,18+
CNT01664,StreamIQ Original 1664,Movie,2019,95,Hindi,5.8,18+
CNT01665,StreamIQ Original 1665,Movie,2023,167,Spanish,6.2,13+
CNT01666,StreamIQ Original 1666,Series,2020,130,English,7.3,16+
CNT01667,StreamIQ Original 1667,Movie,2018,118,Hindi,6.9,13+
CNT01668,StreamIQ Original 1668,Movie,2025,149,English,7.2,13+
CNT01669,StreamIQ Original 1669,Series,2018,150,English,6.1,18+
CNT01670,StreamIQ Original 1670,Series,2021,71,Portuguese,6.5,13+
CNT01671,StreamIQ Original 1671,Movie,2024,159,Tamil,5.8,13+
CNT01672,StreamIQ Original 1672,Movie,2021,179,Hindi,7.7,13+
CNT01673,StreamIQ Original 1673,Series,2024,75,Portuguese,7.6,16+
CNT01674,StreamIQ Original 1674,Series,2021,171,English,7.0,16+
CNT01675,StreamIQ Original 1675,Series,2020,88,Portuguese,8.4,13+
CNT01676,StreamIQ Original 1676,Movie,2021,89,English,7.8,18+
CNT01677,StreamIQ Original 1677,Movie,2025,142,Spanish,6.2,18+
CNT01678,StreamIQ Original 1678,Series,2025,135,Hindi,7.3,16+
CNT01679,StreamIQ Original 1679,Series,2019,170,Telugu,5.8,13+
CNT01680,StreamIQ Original 1680,Movie,2020,99,Hindi,6.9,13+
CNT01681,StreamIQ Original 1681,Series,2022,102,English,7.9,16+
CNT01682,StreamIQ Original 1682,Series,2020,95,English,6.7,16+
CNT01683,StreamIQ Original 1683,Movie,2025,131,French,7.0,13+
CNT01684,StreamIQ Original 1684,Series,2024,117,Tamil,7.5,18+
CNT01685,StreamIQ Original 1685,Series,2022,169,Hindi,7.7,13+
CNT01686,StreamIQ Original 1686,Movie,2018,84,German,7.1,18+
CNT01687,StreamIQ Original 1687,Series,2025,167,English,8.4,16+
CNT01688,StreamIQ Original 1688,Series,2022,176,Hindi,7.6,13+
CNT01689,StreamIQ Original 1689,Movie,2025,84,Hindi,6.3,13+
CNT01690,StreamIQ Original 1690,Movie,2020,146,Tamil,9.6,U
CNT01691,StreamIQ Original 1691,Movie,2019,127,Telugu,6.3,18+
CNT01692,StreamIQ Original 1692,Movie,2024,158,English,8.4,16+
CNT01693,StreamIQ Original 1693,Series,2019,163,Hindi,7.5,16+
CNT01694,StreamIQ Original 1694,Movie,2025,124,English,9.4,18+
CNT01695,StreamIQ Original 1695,Movie,2022,149,Hindi,6.5,18+
CNT01696,StreamIQ Original 1696,Series,2020,133,Tamil,7.6,18+
CNT01697,StreamIQ Original 1697,Movie,2022,108,Spanish,8.3,13+
CNT01698,StreamIQ Original 1698,Movie,2022,179,Hindi,8.6,13+
CNT01699,StreamIQ Original 1699,Series,2024,111,Hindi,7.0,16+
CNT01700,StreamIQ Original 1700,Series,2018,72,Tamil,8.0,13+
CNT01701,StreamIQ Original 1701,Series,2020,144,Tamil,6.7,13+
CNT01702,StreamIQ Original 1702,Series,2022,100,English,6.9,13+
CNT01703,StreamIQ Original 1703,Movie,2021,76,English,6.4,U
CNT01704,StreamIQ Original 1704,Series,2021,91,English,6.0,16+
CNT01705,StreamIQ Original 1705,Movie,2024,111,English,6.6,U
CNT01706,StreamIQ Original 1706,Movie,2024,129,Portuguese,7.4,16+
CNT01707,StreamIQ Original 1707,Series,2021,173,Bengali,7.9,13+
CNT01708,StreamIQ Original 1708,Movie,2024,83,Telugu,6.3,16+
CNT01709,StreamIQ Original 1709,Movie,2022,122,Hindi,7.9,18+
CNT01710,StreamIQ Original 1710,Series,2020,140,Hindi,9.0,16+
CNT01711,StreamIQ Original 1711,Movie,2018,98,English,8.2,13+
CNT01712,StreamIQ Original 1712,Movie,2021,147,Spanish,8.2,13+
CNT01713,StreamIQ Original 1713,Series,2025,88,Telugu,7.4,13+
CNT01714,StreamIQ Original 1714,Movie,2022,140,Tamil,5.7,13+
CNT01715,StreamIQ Original 1715,Series,2022,179,French,8.2,18+
CNT01716,StreamIQ Original 1716,Series,2020,91,English,8.4,18+
CNT01717,StreamIQ Original 1717,Movie,2024,96,Hindi,4.7,18+
CNT01718,StreamIQ Original 1718,Series,2022,113,English,6.1,13+
CNT01719,StreamIQ Original 1719,Movie,2020,145,German,6.5,13+
CNT01720,StreamIQ Original 1720,Movie,2018,102,Bengali,5.8,13+
CNT01721,StreamIQ Original 1721,Series,2018,142,Bengali,6.1,13+
CNT01722,StreamIQ Original 1722,Movie,2025,83,Bengali,8.9,18+
CNT01723,StreamIQ Original 1723,Movie,2022,87,English,7.8,18+
CNT01724,StreamIQ Original 1724,Series,2019,151,English,7.3,U
CNT01725,StreamIQ Original 1725,Series,2018,119,English,7.2,13+
CNT01726,StreamIQ Original 1726,Series,2020,142,French,9.0,16+
CNT01727,StreamIQ Original 1727,Series,2022,176,Portuguese,6.8,U
CNT01728,StreamIQ Original 1728,Series,2023,176,English,6.2,13+
CNT01729,StreamIQ Original 1729,Movie,2023,140,Hindi,8.3,16+
CNT01730,StreamIQ Original 1730,Movie,2019,166,English,6.2,13+
CNT01731,StreamIQ Original 1731,Movie,2018,111,French,5.0,18+
CNT01732,StreamIQ Original 1732,Movie,2020,102,Tamil,7.2,16+
CNT01733,StreamIQ Original 1733,Movie,2025,172,English,5.9,16+
CNT01734,StreamIQ Original 1734,Series,2023,80,Spanish,8.0,13+
CNT01735,StreamIQ Original 1735,Movie,2022,134,English,7.4,13+
CNT01736,StreamIQ Original 1736,Series,2025,144,Bengali,7.3,16+
CNT01737,StreamIQ Original 1737,Series,2020,159,English,7.1,18+
CNT01738,StreamIQ Original 1738,Series,2025,140,French,7.1,13+
CNT01739,StreamIQ Original 1739,Movie,2022,103,English,7.0,16+
CNT01740,StreamIQ Original 1740,Movie,2019,77,French,7.8,16+
CNT01741,StreamIQ Original 1741,Movie,2024,133,Bengali,6.0,16+
CNT01742,StreamIQ Original 1742,Movie,2020,162,Telugu,8.5,13+
CNT01743,StreamIQ Original 1743,Series,2024,168,English,7.2,U
CNT01744,StreamIQ Original 1744,Movie,2023,141,English,8.5,18+
CNT01745,StreamIQ Original 1745,Movie,2020,104,Telugu,8.1,13+
CNT01746,StreamIQ Original 1746,Movie,2024,115,English,6.6,13+
CNT01747,StreamIQ Original 1747,Series,2024,88,English,8.1,16+
CNT01748,StreamIQ Original 1748,Movie,2018,132,English,6.3,18+
CNT01749,StreamIQ Original 1749,Movie,2020,160,Hindi,6.6,16+
CNT01750,StreamIQ Original 1750,Series,2018,109,English,5.3,13+
CNT01751,StreamIQ Original 1751,Movie,2020,111,English,8.7,16+
CNT01752,StreamIQ Original 1752,Series,2025,113,Hindi,8.4,13+
CNT01753,StreamIQ Original 1753,Movie,2020,115,English,6.0,13+
CNT01754,StreamIQ Original 1754,Movie,2018,153,Telugu,7.1,13+
CNT01755,StreamIQ Original 1755,Movie,2024,110,Hindi,7.7,16+
CNT01756,StreamIQ Original 1756,Series,2018,84,Hindi,7.5,U
CNT01757,StreamIQ Original 1757,Series,2023,86,Telugu,6.3,U
CNT01758,StreamIQ Original 1758,Series,2018,121,English,7.9,U
CNT01759,StreamIQ Original 1759,Series,2019,137,Hindi,8.8,U
CNT01760,StreamIQ Original 1760,Series,2024,71,English,8.8,U
CNT01761,StreamIQ Original 1761,Movie,2022,76,German,7.5,16+
CNT01762,StreamIQ Original 1762,Series,2023,88,English,7.5,13+
CNT01763,StreamIQ Original 1763,Series,2021,123,Hindi,5.6,U
CNT01764,StreamIQ Original 1764,Movie,2022,145,Hindi,6.2,13+
CNT01765,StreamIQ Original 1765,Movie,2022,147,German,6.7,13+
CNT01766,StreamIQ Original 1766,Movie,2022,74,Spanish,8.8,16+
CNT01767,StreamIQ Original 1767,Movie,2025,95,English,7.3,18+
CNT01768,StreamIQ Original 1768,Movie,2023,158,English,5.8,13+
CNT01769,StreamIQ Original 1769,Series,2019,143,Tamil,6.2,U
CNT01770,StreamIQ Original 1770,Movie,2023,89,Portuguese,8.4,16+
CNT01771,StreamIQ Original 1771,Series,2024,81,French,7.0,16+
CNT01772,StreamIQ Original 1772,Series,2022,140,English,6.0,13+
CNT01773,StreamIQ Original 1773,Movie,2024,93,English,6.9,16+
CNT01774,StreamIQ Original 1774,Movie,2023,70,Hindi,6.7,18+
CNT01775,StreamIQ Original 1775,Series,2024,92,English,6.5,U
CNT01776,StreamIQ Original 1776,Series,2019,78,English,8.8,13+
CNT01777,StreamIQ Original 1777,Movie,2024,81,English,9.2,U
CNT01778,StreamIQ Original 1778,Series,2021,137,Portuguese,6.2,16+
CNT01779,StreamIQ Original 1779,Series,2021,175,Spanish,6.2,16+
CNT01780,StreamIQ Original 1780,Movie,2025,173,Hindi,5.1,U
CNT01781,StreamIQ Original 1781,Movie,2025,73,Telugu,7.4,U
CNT01782,StreamIQ Original 1782,Series,2018,124,English,8.8,18+
CNT01783,StreamIQ Original 1783,Movie,2022,128,Hindi,7.7,16+
CNT01784,StreamIQ Original 1784,Series,2022,126,English,8.2,13+
CNT01785,StreamIQ Original 1785,Series,2018,130,Hindi,8.1,13+
CNT01786,StreamIQ Original 1786,Movie,2019,75,Telugu,7.1,13+
CNT01787,StreamIQ Original 1787,Movie,2022,113,French,7.7,13+
CNT01788,StreamIQ Original 1788,Series,2024,130,Hindi,7.1,16+
CNT01789,StreamIQ Original 1789,Movie,2025,134,Hindi,6.9,13+
CNT01790,StreamIQ Original 1790,Movie,2022,148,Hindi,7.9,13+
CNT01791,StreamIQ Original 1791,Movie,2024,141,Hindi,8.1,13+
CNT01792,StreamIQ Original 1792,Movie,2025,146,Hindi,7.1,13+
CNT01793,StreamIQ Original 1793,Movie,2024,151,Hindi,7.2,16+
CNT01794,StreamIQ Original 1794,Movie,2025,92,Hindi,7.6,18+
CNT01795,StreamIQ Original 1795,Movie,2023,123,Hindi,7.6,18+
CNT01796,StreamIQ Original 1796,Movie,2023,180,English,6.6,16+
CNT01797,StreamIQ Original 1797,Series,2024,94,Hindi,5.9,16+
CNT01798,StreamIQ Original 1798,Movie,2021,127,Tamil,6.0,13+
CNT01799,StreamIQ Original 1799,Series,2019,119,Telugu,6.9,13+
CNT01800,StreamIQ Original 1800,Series,2019,162,Spanish,7.8,16+
CNT01801,StreamIQ Original 1801,Series,2021,144,Tamil,7.2,13+
CNT01802,StreamIQ Original 1802,Series,2019,159,English,6.5,18+
CNT01803,StreamIQ Original 1803,Movie,2023,119,Bengali,7.2,U
CNT01804,StreamIQ Original 1804,Movie,2018,142,English,5.9,U
CNT01805,StreamIQ Original 1805,Movie,2022,123,Bengali,6.6,13+
CNT01806,StreamIQ Original 1806,Movie,2024,84,English,8.5,U
CNT01807,StreamIQ Original 1807,Movie,2024,119,English,8.6,U
CNT01808,StreamIQ Original 1808,Series,2020,150,Telugu,9.4,13+
CNT01809,StreamIQ Original 1809,Movie,2023,122,English,7.6,13+
CNT01810,StreamIQ Original 1810,Movie,2018,102,Tamil,7.1,16+
CNT01811,StreamIQ Original 1811,Movie,2021,88,English,7.0,13+
CNT01812,StreamIQ Original 1812,Series,2021,118,English,7.1,U
CNT01813,StreamIQ Original 1813,Series,2021,121,English,6.4,16+
CNT01814,StreamIQ Original 1814,Movie,2020,130,Portuguese,7.2,13+
CNT01815,StreamIQ Original 1815,Movie,2018,170,English,7.3,13+
CNT01816,StreamIQ Original 1816,Movie,2020,107,English,6.4,13+
CNT01817,StreamIQ Original 1817,Series,2023,157,English,7.0,13+
CNT01818,StreamIQ Original 1818,Movie,2022,175,English,7.0,U
CNT01819,StreamIQ Original 1819,Series,2021,160,English,6.5,13+
CNT01820,StreamIQ Original 1820,Series,2020,162,English,7.9,13+
CNT01821,StreamIQ Original 1821,Movie,2022,90,English,5.7,16+
CNT01822,StreamIQ Original 1822,Series,2025,161,Bengali,5.8,16+
CNT01823,StreamIQ Original 1823,Movie,2022,164,Hindi,5.2,16+
CNT01824,StreamIQ Original 1824,Movie,2023,166,English,5.7,16+
CNT01825,StreamIQ Original 1825,Series,2025,121,English,9.6,13+
CNT01826,StreamIQ Original 1826,Movie,2022,93,English,9.1,13+
CNT01827,StreamIQ Original 1827,Movie,2025,108,English,6.7,U
CNT01828,StreamIQ Original 1828,Movie,2021,152,English,6.8,16+
CNT01829,StreamIQ Original 1829,Movie,2019,98,Bengali,6.7,13+
CNT01830,StreamIQ Original 1830,Series,2022,79,Portuguese,6.6,18+
CNT01831,StreamIQ Original 1831,Movie,2025,86,Hindi,8.6,18+
CNT01832,StreamIQ Original 1832,Series,2019,102,Tamil,7.7,13+
CNT01833,StreamIQ Original 1833,Movie,2022,112,English,6.4,U
CNT01834,StreamIQ Original 1834,Movie,2025,153,English,7.2,U
CNT01835,StreamIQ Original 1835,Movie,2020,74,Hindi,9.5,13+
CNT01836,StreamIQ Original 1836,Movie,2023,172,English,7.4,16+
CNT01837,StreamIQ Original 1837,Movie,2022,115,Hindi,8.9,16+
CNT01838,StreamIQ Original 1838,Movie,2021,70,Telugu,7.7,13+
CNT01839,StreamIQ Original 1839,Movie,2021,169,French,8.1,18+
CNT01840,StreamIQ Original 1840,Movie,2019,105,English,6.1,18+
CNT01841,StreamIQ Original 1841,Movie,2019,131,German,8.4,16+
CNT01842,StreamIQ Original 1842,Movie,2023,90,French,6.2,13+
CNT01843,StreamIQ Original 1843,Movie,2025,90,Bengali,8.7,16+
CNT01844,StreamIQ Original 1844,Movie,2024,84,Hindi,7.1,16+
CNT01845,StreamIQ Original 1845,Series,2018,119,Portuguese,5.3,13+
CNT01846,StreamIQ Original 1846,Series,2020,122,Hindi,7.2,16+
CNT01847,StreamIQ Original 1847,Movie,2023,139,Hindi,8.6,16+
CNT01848,StreamIQ Original 1848,Series,2018,97,English,6.7,16+
CNT01849,StreamIQ Original 1849,Movie,2023,86,Bengali,9.2,U
CNT01850,StreamIQ Original 1850,Movie,2022,137,English,7.4,13+
CNT01851,StreamIQ Original 1851,Movie,2019,111,Tamil,9.6,13+
CNT01852,StreamIQ Original 1852,Movie,2021,175,English,6.9,18+
CNT01853,StreamIQ Original 1853,Series,2020,179,Bengali,7.5,13+
CNT01854,StreamIQ Original 1854,Movie,2021,127,Bengali,7.2,13+
CNT01855,StreamIQ Original 1855,Movie,2023,107,English,7.4,13+
CNT01856,StreamIQ Original 1856,Movie,2019,133,Spanish,7.0,16+
CNT01857,StreamIQ Original 1857,Series,2018,149,English,6.8,U
CNT01858,StreamIQ Original 1858,Movie,2020,115,English,7.2,18+
CNT01859,StreamIQ Original 1859,Movie,2019,132,English,7.0,16+
CNT01860,StreamIQ Original 1860,Series,2024,113,English,6.5,13+
CNT01861,StreamIQ Original 1861,Movie,2024,109,English,7.2,13+
CNT01862,StreamIQ Original 1862,Movie,2021,80,Hindi,8.3,18+
CNT01863,StreamIQ Original 1863,Movie,2025,93,Hindi,7.4,U
CNT01864,StreamIQ Original 1864,Movie,2022,162,English,7.9,13+
CNT01865,StreamIQ Original 1865,Series,2022,163,English,7.0,13+
CNT01866,StreamIQ Original 1866,Movie,2022,83,French,8.5,16+
CNT01867,StreamIQ Original 1867,Movie,2025,155,English,7.0,13+
CNT01868,StreamIQ Original 1868,Movie,2024,157,English,7.0,U
CNT01869,StreamIQ Original 1869,Series,2023,134,English,7.5,13+
CNT01870,StreamIQ Original 1870,Series,2018,152,Telugu,6.8,16+
CNT01871,StreamIQ Original 1871,Movie,2024,165,Telugu,8.4,U
CNT01872,StreamIQ Original 1872,Movie,2021,83,English,6.3,13+
CNT01873,StreamIQ Original 1873,Movie,2020,74,Tamil,8.5,16+
CNT01874,StreamIQ Original 1874,Series,2019,140,English,6.9,16+
CNT01875,StreamIQ Original 1875,Series,2024,174,English,7.5,U
CNT01876,StreamIQ Original 1876,Movie,2025,153,Hindi,5.2,18+
CNT01877,StreamIQ Original 1877,Series,2022,125,Telugu,6.7,13+
CNT01878,StreamIQ Original 1878,Movie,2022,150,English,8.2,13+
CNT01879,StreamIQ Original 1879,Movie,2018,137,English,8.6,16+
CNT01880,StreamIQ Original 1880,Movie,2022,138,English,8.5,U
CNT01881,StreamIQ Original 1881,Series,2018,136,French,8.5,13+
CNT01882,StreamIQ Original 1882,Series,2024,118,German,6.4,18+
CNT01883,StreamIQ Original 1883,Series,2018,162,Telugu,9.6,16+
CNT01884,StreamIQ Original 1884,Movie,2018,127,English,7.9,16+
CNT01885,StreamIQ Original 1885,Movie,2025,107,Spanish,6.4,13+
CNT01886,StreamIQ Original 1886,Movie,2022,117,Hindi,7.0,13+
CNT01887,StreamIQ Original 1887,Movie,2022,99,English,6.2,16+
CNT01888,StreamIQ Original 1888,Movie,2023,171,Spanish,8.5,18+
CNT01889,StreamIQ Original 1889,Movie,2024,91,English,8.0,13+
CNT01890,StreamIQ Original 1890,Movie,2020,111,English,7.4,13+
CNT01891,StreamIQ Original 1891,Movie,2018,131,Telugu,7.6,13+
CNT01892,StreamIQ Original 1892,Movie,2023,143,Spanish,8.3,13+
CNT01893,StreamIQ Original 1893,Series,2019,93,English,7.3,13+
CNT01894,StreamIQ Original 1894,Movie,2023,80,Spanish,5.6,13+
CNT01895,StreamIQ Original 1895,Movie,2021,154,English,8.5,13+
CNT01896,StreamIQ Original 1896,Movie,2018,76,English,5.4,18+
CNT01897,StreamIQ Original 1897,Series,2023,166,English,8.1,U
CNT01898,StreamIQ Original 1898,Movie,2019,91,French,8.1,16+
CNT01899,StreamIQ Original 1899,Series,2018,155,English,7.0,18+
CNT01900,StreamIQ Original 1900,Movie,2022,100,English,6.7,13+
CNT01901,StreamIQ Original 1901,Movie,2023,128,Portuguese,6.0,13+
CNT01902,StreamIQ Original 1902,Series,2024,109,English,6.8,U
CNT01903,StreamIQ Original 1903,Movie,2022,72,Hindi,5.4,16+
CNT01904,StreamIQ Original 1904,Movie,2020,171,English,7.1,13+
CNT01905,StreamIQ Original 1905,Series,2020,158,Bengali,8.1,16+
CNT01906,StreamIQ Original 1906,Movie,2024,111,Hindi,5.3,13+
CNT01907,StreamIQ Original 1907,Movie,2018,161,Hindi,7.0,U
CNT01908,StreamIQ Original 1908,Series,2024,86,English,8.3,13+
CNT01909,StreamIQ Original 1909,Movie,2022,141,Bengali,8.6,18+
CNT01910,StreamIQ Original 1910,Movie,2018,73,Spanish,7.4,16+
CNT01911,StreamIQ Original 1911,Series,2024,153,English,5.2,U
CNT01912,StreamIQ Original 1912,Movie,2023,77,Hindi,6.0,13+
CNT01913,StreamIQ Original 1913,Series,2019,93,Tamil,6.0,16+
CNT01914,StreamIQ Original 1914,Movie,2018,110,French,8.1,16+
CNT01915,StreamIQ Original 1915,Series,2024,125,Telugu,8.0,18+
CNT01916,StreamIQ Original 1916,Movie,2020,159,Bengali,6.6,13+
CNT01917,StreamIQ Original 1917,Movie,2021,97,English,7.7,18+
CNT01918,StreamIQ Original 1918,Series,2019,103,Spanish,5.9,13+
CNT01919,StreamIQ Original 1919,Movie,2020,141,English,6.8,18+
CNT01920,StreamIQ Original 1920,Movie,2022,170,English,7.0,16+
CNT01921,StreamIQ Original 1921,Movie,2018,180,English,7.2,18+
CNT01922,StreamIQ Original 1922,Movie,2020,73,Portuguese,5.9,16+
CNT01923,StreamIQ Original 1923,Movie,2025,87,English,7.6,16+
CNT01924,StreamIQ Original 1924,Movie,2023,103,Spanish,5.4,16+
CNT01925,StreamIQ Original 1925,Movie,2020,97,Hindi,5.9,16+
CNT01926,StreamIQ Original 1926,Series,2022,179,German,6.4,13+
CNT01927,StreamIQ Original 1927,Movie,2021,107,Spanish,8.1,13+
CNT01928,StreamIQ Original 1928,Movie,2025,138,Bengali,7.7,13+
CNT01929,StreamIQ Original 1929,Series,2022,98,Tamil,6.2,13+
CNT01930,StreamIQ Original 1930,Series,2018,105,English,7.4,16+
CNT01931,StreamIQ Original 1931,Series,2023,112,Telugu,8.2,13+
CNT01932,StreamIQ Original 1932,Series,2022,75,English,9.2,16+
CNT01933,StreamIQ Original 1933,Series,2018,163,Spanish,7.8,13+
CNT01934,StreamIQ Original 1934,Movie,2024,121,English,7.8,16+
CNT01935,StreamIQ Original 1935,Movie,2024,164,Bengali,6.1,16+
CNT01936,StreamIQ Original 1936,Movie,2025,108,Spanish,7.5,13+
CNT01937,StreamIQ Original 1937,Series,2023,179,Hindi,7.3,13+
CNT01938,StreamIQ Original 1938,Series,2023,83,German,6.7,U
CNT01939,StreamIQ Original 1939,Series,2024,114,English,5.7,13+
CNT01940,StreamIQ Original 1940,Movie,2022,179,Spanish,6.3,16+
CNT01941,StreamIQ Original 1941,Series,2021,159,English,6.4,13+
CNT01942,StreamIQ Original 1942,Series,2018,159,English,8.2,13+
CNT01943,StreamIQ Original 1943,Series,2018,114,English,6.8,16+
CNT01944,StreamIQ Original 1944,Movie,2020,79,French,6.6,13+
CNT01945,StreamIQ Original 1945,Movie,2022,76,Telugu,5.5,13+
CNT01946,StreamIQ Original 1946,Series,2020,85,English,7.5,16+
CNT01947,StreamIQ Original 1947,Series,2019,83,Hindi,8.1,U
CNT01948,StreamIQ Original 1948,Series,2025,174,German,5.3,18+
CNT01949,StreamIQ Original 1949,Movie,2018,95,Tamil,6.8,13+
CNT01950,StreamIQ Original 1950,Series,2021,111,Portuguese,7.4,13+
CNT01951,StreamIQ Original 1951,Movie,2024,134,German,8.8,16+
CNT01952,StreamIQ Original 1952,Movie,2021,171,English,6.5,U
CNT01953,StreamIQ Original 1953,Movie,2018,175,English,8.4,U
CNT01954,StreamIQ Original 1954,Movie,2020,120,Tamil,6.4,U
CNT01955,StreamIQ Original 1955,Series,2018,163,English,8.4,16+
CNT01956,StreamIQ Original 1956,Series,2019,132,English,6.5,16+
CNT01957,StreamIQ Original 1957,Series,2023,156,Bengali,7.2,13+
CNT01958,StreamIQ Original 1958,Movie,2024,71,English,7.8,13+
CNT01959,StreamIQ Original 1959,Series,2024,73,English,4.9,16+
CNT01960,StreamIQ Original 1960,Movie,2025,159,English,4.6,13+
CNT01961,StreamIQ Original 1961,Movie,2019,131,Tamil,8.1,13+
CNT01962,StreamIQ Original 1962,Movie,2024,112,Hindi,8.3,18+
CNT01963,StreamIQ Original 1963,Movie,2025,115,English,8.6,16+
CNT01964,StreamIQ Original 1964,Movie,2019,83,Tamil,8.0,18+
CNT01965,StreamIQ Original 1965,Series,2018,177,Tamil,7.7,16+
CNT01966,StreamIQ Original 1966,Series,2023,147,French,7.0,13+
CNT01967,StreamIQ Original 1967,Series,2022,112,English,7.0,U
CNT01968,StreamIQ Original 1968,Series,2020,70,English,7.5,13+
CNT01969,StreamIQ Original 1969,Series,2021,97,Hindi,5.2,13+
CNT01970,StreamIQ Original 1970,Movie,2023,153,Hindi,7.4,13+
CNT01971,StreamIQ Original 1971,Movie,2022,88,Hindi,7.4,U
CNT01972,StreamIQ Original 1972,Series,2023,136,French,7.3,13+
CNT01973,StreamIQ Original 1973,Movie,2018,166,English,5.2,13+
CNT01974,StreamIQ Original 1974,Series,2020,131,Spanish,7.6,16+
CNT01975,StreamIQ Original 1975,Series,2024,169,Tamil,6.3,13+
CNT01976,StreamIQ Original 1976,Movie,2023,147,English,7.6,16+
CNT01977,StreamIQ Original 1977,Movie,2018,77,Hindi,8.8,18+
CNT01978,StreamIQ Original 1978,Series,2024,172,Spanish,7.3,13+
CNT01979,StreamIQ Original 1979,Movie,2025,153,Portuguese,6.5,16+
CNT01980,StreamIQ Original 1980,Series,2021,129,English,5.7,16+
CNT01981,StreamIQ Original 1981,Movie,2018,125,French,7.5,13+
CNT01982,StreamIQ Original 1982,Movie,2024,127,Hindi,7.3,U
CNT01983,StreamIQ Original 1983,Series,2018,113,English,6.9,16+
CNT01984,StreamIQ Original 1984,Movie,2022,118,English,6.8,13+
CNT01985,StreamIQ Original 1985,Series,2025,155,English,7.0,13+
CNT01986,StreamIQ Original 1986,Series,2018,180,Tamil,6.7,U
CNT01987,StreamIQ Original 1987,Movie,2021,159,Spanish,6.3,18+
CNT01988,StreamIQ Original 1988,Movie,2022,168,English,6.6,13+
CNT01989,StreamIQ Original 1989,Series,2024,117,Portuguese,8.0,16+
CNT01990,StreamIQ Original 1990,Movie,2025,171,French,5.9,U
CNT01991,StreamIQ Original 1991,Movie,2018,147,English,7.7,16+
CNT01992,StreamIQ Original 1992,Movie,2018,92,German,7.4,U
CNT01993,StreamIQ Original 1993,Movie,2019,119,Tamil,7.0,13+
CNT01994,StreamIQ Original 1994,Series,2024,120,Telugu,7.1,13+
CNT01995,StreamIQ Original 1995,Movie,2023,138,French,7.2,13+
CNT01996,StreamIQ Original 1996,Series,2019,70,English,6.5,16+
CNT01997,StreamIQ Original 1997,Series,2022,159,German,5.9,13+
CNT01998,StreamIQ Original 1998,Movie,2025,84,Bengali,7.9,13+
CNT01999,StreamIQ Original 1999,Series,2023,120,Hindi,6.2,16+
CNT02000,StreamIQ Original 2000,Movie,2021,145,French,7.8,13+
