device_id,user_id,device_type,operating_system,registered_date
DEV000001,USR000001,Laptop,iOS,2025-11-13
DEV000002,USR000002,Smart TV,Android,2025-10-15
DEV000003,USR000003,Gaming Console,Windows,2025-01-05
DEV000004,USR000003,Smart TV,Windows,2025-02-28
DEV000005,USR000004,Smart TV,Android,2025-08-17
DEV000006,USR000004,Tablet,Smart TV OS,2025-05-04
DEV000007,USR000005,Streaming Stick,Windows,2025-11-11
DEV000008,USR000005,Mobile,Android,2025-11-15
DEV000009,USR000006,Tablet,Windows,2025-01-21
DEV000010,USR000007,Mobile,Android,2025-06-14
DEV000011,USR000007,Mobile,Android,2025-07-15
DEV000012,USR000008,Laptop,Windows,2025-02-28
DEV000013,USR000008,Smart TV,iOS,2025-07-17
DEV000014,USR000009,Smart TV,Android,2025-05-25
DEV000015,USR000010,Mobile,iOS,2025-09-22
DEV000016,USR000011,Laptop,iOS,2025-07-11
DEV000017,USR000011,Smart TV,Windows,2025-09-21
DEV000018,USR000012,Gaming Console,Android,2025-08-17
DEV000019,USR000012,Smart TV,macOS,2025-09-07
DEV000020,USR000013,Smart TV,iOS,2025-04-09
DEV000021,USR000014,Smart TV,Windows,2025-02-12
DEV000022,USR000015,Mobile,iOS,2025-03-27
DEV000023,USR000015,Smart TV,Smart TV OS,2025-10-03
DEV000024,USR000015,Smart TV,Android,2025-10-01
DEV000025,USR000016,Mobile,macOS,2025-02-03
DEV000026,USR000017,Gaming Console,Android,2025-11-19
DEV000027,USR000018,Gaming Console,Smart TV OS,2025-08-06
DEV000028,USR000018,Streaming Stick,Smart TV OS,2025-02-23
DEV000029,USR000019,Tablet,iOS,2025-08-11
DEV000030,USR000020,Tablet,iOS,2025-02-06
DEV000031,USR000020,Mobile,Android,2025-03-20
DEV000032,USR000021,Mobile,Android,2025-06-19
DEV000033,USR000022,Mobile,iOS,2025-02-07
DEV000034,USR000023,Laptop,Android,2025-05-09
DEV000035,USR000024,Laptop,iOS,2025-10-22
DEV000036,USR000025,Tablet,Smart TV OS,2025-05-13
DEV000037,USR000025,Smart TV,Smart TV OS,2025-07-28
DEV000038,USR000026,Mobile,Android,2025-11-19
DEV000039,USR000027,Smart TV,Windows,2025-06-11
DEV000040,USR000028,Mobile,Windows,2025-03-02
DEV000041,USR000029,Mobile,Android,2025-11-25
DEV000042,USR000030,Mobile,Smart TV OS,2025-02-02
DEV000043,USR000030,Mobile,Android,2025-10-27
DEV000044,USR000031,Mobile,Android,2025-02-07
DEV000045,USR000032,Mobile,macOS,2025-09-15
DEV000046,USR000033,Smart TV,Smart TV OS,2025-06-04
DEV000047,USR000034,Mobile,Windows,2025-05-25
DEV000048,USR000034,Mobile,Android,2025-08-13
DEV000049,USR000035,Smart TV,iOS,2025-01-16
DEV000050,USR000036,Mobile,Windows,2025-10-01
DEV000051,USR000037,Mobile,iOS,2025-07-20
DEV000052,USR000038,Tablet,Android,2025-10-07
DEV000053,USR000038,Mobile,Android,2025-06-01
DEV000054,USR000039,Streaming Stick,macOS,2025-03-15
DEV000055,USR000039,Tablet,Android,2025-06-02
DEV000056,USR000039,Streaming Stick,Android,2025-07-11
DEV000057,USR000040,Mobile,Android,2025-01-06
DEV000058,USR000040,Streaming Stick,Smart TV OS,2025-10-11
DEV000059,USR000040,Mobile,Smart TV OS,2025-10-12
DEV000060,USR000041,Smart TV,Smart TV OS,2025-01-22
DEV000061,USR000042,Mobile,Windows,2025-11-02
DEV000062,USR000043,Mobile,Windows,2025-10-08
DEV000063,USR000044,Smart TV,Windows,2025-06-06
DEV000064,USR000044,Mobile,iOS,2025-04-18
DEV000065,USR000044,Mobile,iOS,2025-06-26
DEV000066,USR000045,Mobile,Android,2025-11-27
DEV000067,USR000046,Tablet,Windows,2025-03-14
DEV000068,USR000046,Laptop,Android,2025-03-24
DEV000069,USR000047,Tablet,macOS,2025-11-12
DEV000070,USR000048,Tablet,Windows,2025-04-10
DEV000071,USR000048,Mobile,Smart TV OS,2025-02-28
DEV000072,USR000049,Laptop,Android,2025-10-18
DEV000073,USR000050,Mobile,Windows,2025-10-09
DEV000074,USR000050,Mobile,macOS,2025-08-25
DEV000075,USR000051,Mobile,iOS,2025-02-07
DEV000076,USR000051,Mobile,iOS,2025-05-29
DEV000077,USR000052,Mobile,Windows,2025-05-09
DEV000078,USR000052,Streaming Stick,macOS,2025-02-20
DEV000079,USR000053,Smart TV,iOS,2025-10-25
DEV000080,USR000054,Mobile,Android,2025-06-19
DEV000081,USR000055,Laptop,Android,2025-05-01
DEV000082,USR000056,Smart TV,iOS,2025-11-14
DEV000083,USR000057,Smart TV,iOS,2025-04-10
DEV000084,USR000058,Mobile,Android,2025-08-19
DEV000085,USR000059,Laptop,Android,2025-06-06
DEV000086,USR000060,Laptop,Windows,2025-03-20
DEV000087,USR000060,Tablet,Smart TV OS,2025-10-17
DEV000088,USR000061,Laptop,Windows,2025-06-11
DEV000089,USR000062,Laptop,Windows,2025-03-28
DEV000090,USR000062,Laptop,Smart TV OS,2025-01-03
DEV000091,USR000062,Laptop,iOS,2025-06-10
DEV000092,USR000063,Laptop,Android,2025-04-24
DEV000093,USR000064,Mobile,iOS,2025-11-25
DEV000094,USR000064,Mobile,Windows,2025-08-12
DEV000095,USR000065,Smart TV,Smart TV OS,2025-07-04
DEV000096,USR000066,Smart TV,Windows,2025-06-19
DEV000097,USR000067,Mobile,Android,2025-08-25
DEV000098,USR000067,Mobile,iOS,2025-08-17
DEV000099,USR000068,Tablet,Windows,2025-06-06
DEV000100,USR000069,Tablet,Android,2025-02-25
DEV000101,USR000070,Tablet,iOS,2025-11-07
DEV000102,USR000071,Smart TV,Android,2025-05-24
DEV000103,USR000072,Mobile,iOS,2025-03-13
DEV000104,USR000072,Smart TV,Windows,2025-10-03
DEV000105,USR000073,Smart TV,iOS,2025-11-17
DEV000106,USR000074,Mobile,macOS,2025-02-08
DEV000107,USR000075,Smart TV,Windows,2025-09-17
DEV000108,USR000075,Smart TV,Windows,2025-11-20
DEV000109,USR000076,Mobile,Smart TV OS,2025-10-25
DEV000110,USR000077,Streaming Stick,iOS,2025-10-30
DEV000111,USR000078,Tablet,Android,2025-01-19
DEV000112,USR000079,Tablet,iOS,2025-10-06
DEV000113,USR000080,Smart TV,Android,2025-10-04
DEV000114,USR000080,Mobile,Windows,2025-08-30
DEV000115,USR000081,Tablet,Windows,2025-03-18
DEV000116,USR000081,Mobile,iOS,2025-07-07
DEV000117,USR000082,Laptop,Windows,2025-10-29
DEV000118,USR000083,Smart TV,iOS,2025-05-29
DEV000119,USR000083,Mobile,macOS,2025-03-10
DEV000120,USR000084,Mobile,Smart TV OS,2025-09-19
DEV000121,USR000085,Laptop,macOS,2025-07-06
DEV000122,USR000086,Laptop,Smart TV OS,2025-05-03
DEV000123,USR000087,Mobile,Android,2025-11-11
DEV000124,USR000087,Smart TV,iOS,2025-03-26
DEV000125,USR000088,Mobile,iOS,2025-03-13
DEV000126,USR000088,Mobile,iOS,2025-08-17
DEV000127,USR000089,Smart TV,macOS,2025-10-17
DEV000128,USR000090,Streaming Stick,Windows,2025-03-16
DEV000129,USR000090,Mobile,Android,2025-09-05
DEV000130,USR000090,Streaming Stick,iOS,2025-07-03
DEV000131,USR000091,Tablet,Android,2025-09-07
DEV000132,USR000092,Streaming Stick,Windows,2025-05-16
DEV000133,USR000093,Mobile,macOS,2025-01-22
DEV000134,USR000094,Mobile,Android,2025-09-23
DEV000135,USR000094,Tablet,Smart TV OS,2025-07-04
DEV000136,USR000095,Smart TV,Android,2025-08-21
DEV000137,USR000096,Streaming Stick,Smart TV OS,2025-01-21
DEV000138,USR000096,Laptop,iOS,2025-06-15
DEV000139,USR000097,Mobile,iOS,2025-09-24
DEV000140,USR000098,Gaming Console,Windows,2025-05-21
DEV000141,USR000098,Gaming Console,Smart TV OS,2025-05-15
DEV000142,USR000099,Laptop,Android,2025-10-19
DEV000143,USR000100,Mobile,Windows,2025-07-13
DEV000144,USR000101,Mobile,iOS,2025-02-09
DEV000145,USR000102,Mobile,Android,2025-07-12
DEV000146,USR000103,Mobile,Smart TV OS,2025-04-25
DEV000147,USR000103,Smart TV,iOS,2025-09-22
DEV000148,USR000103,Gaming Console,iOS,2025-07-27
DEV000149,USR000104,Tablet,Android,2025-06-26
DEV000150,USR000105,Mobile,Windows,2025-09-04
DEV000151,USR000106,Smart TV,iOS,2025-01-04
DEV000152,USR000106,Mobile,Smart TV OS,2025-09-14
DEV000153,USR000107,Laptop,Smart TV OS,2025-08-14
DEV000154,USR000107,Gaming Console,iOS,2025-03-26
DEV000155,USR000108,Mobile,Windows,2025-09-21
DEV000156,USR000109,Streaming Stick,Android,2025-04-19
DEV000157,USR000109,Smart TV,macOS,2025-03-18
DEV000158,USR000110,Mobile,macOS,2025-07-05
DEV000159,USR000111,Laptop,macOS,2025-03-02
DEV000160,USR000111,Mobile,Android,2025-04-28
DEV000161,USR000112,Laptop,iOS,2025-06-19
DEV000162,USR000113,Gaming Console,Android,2025-09-04
DEV000163,USR000113,Laptop,iOS,2025-09-03
DEV000164,USR000114,Mobile,Android,2025-10-30
DEV000165,USR000115,Streaming Stick,Smart TV OS,2025-07-30
DEV000166,USR000116,Mobile,Android,2025-01-23
DEV000167,USR000117,Laptop,Android,2025-10-31
DEV000168,USR000118,Smart TV,macOS,2025-11-19
DEV000169,USR000119,Smart TV,Smart TV OS,2025-10-21
DEV000170,USR000120,Laptop,Android,2025-03-27
DEV000171,USR000121,Smart TV,Smart TV OS,2025-04-03
DEV000172,USR000122,Laptop,iOS,2025-07-27
DEV000173,USR000123,Gaming Console,Android,2025-10-16
DEV000174,USR000124,Mobile,macOS,2025-05-26
DEV000175,USR000124,Gaming Console,macOS,2025-02-13
DEV000176,USR000125,Laptop,Android,2025-11-07
DEV000177,USR000126,Mobile,Windows,2025-09-04
DEV000178,USR000126,Tablet,Windows,2025-03-29
DEV000179,USR000126,Tablet,Windows,2025-04-23
DEV000180,USR000127,Smart TV,macOS,2025-11-04
DEV000181,USR000127,Laptop,iOS,2025-03-15
DEV000182,USR000128,Tablet,Smart TV OS,2025-04-04
DEV000183,USR000128,Laptop,iOS,2025-11-16
DEV000184,USR000129,Mobile,Android,2025-05-16
DEV000185,USR000129,Tablet,Windows,2025-03-27
DEV000186,USR000130,Laptop,Android,2025-06-25
DEV000187,USR000130,Mobile,Smart TV OS,2025-08-21
DEV000188,USR000131,Mobile,Windows,2025-02-05
DEV000189,USR000132,Streaming Stick,Smart TV OS,2025-07-17
DEV000190,USR000133,Smart TV,Smart TV OS,2025-01-09
DEV000191,USR000134,Laptop,iOS,2025-09-16
DEV000192,USR000135,Tablet,iOS,2025-03-18
DEV000193,USR000135,Mobile,Windows,2025-11-07
DEV000194,USR000136,Tablet,iOS,2025-09-01
DEV000195,USR000137,Smart TV,Windows,2025-11-04
DEV000196,USR000137,Gaming Console,Android,2025-01-20
DEV000197,USR000138,Smart TV,iOS,2025-09-30
DEV000198,USR000138,Mobile,iOS,2025-09-15
DEV000199,USR000139,Mobile,Smart TV OS,2025-02-17
DEV000200,USR000139,Smart TV,Android,2025-09-04
DEV000201,USR000140,Smart TV,Android,2025-11-05
DEV000202,USR000140,Tablet,iOS,2025-10-04
DEV000203,USR000141,Tablet,Windows,2025-08-09
DEV000204,USR000141,Mobile,Android,2025-09-25
DEV000205,USR000142,Smart TV,Windows,2025-01-23
DEV000206,USR000143,Smart TV,iOS,2025-08-08
DEV000207,USR000143,Gaming Console,Android,2025-04-28
DEV000208,USR000144,Laptop,Android,2025-09-04
DEV000209,USR000144,Smart TV,Windows,2025-07-15
DEV000210,USR000144,Smart TV,iOS,2025-06-29
DEV000211,USR000145,Mobile,iOS,2025-10-22
DEV000212,USR000146,Mobile,Android,2025-03-10
DEV000213,USR000147,Tablet,Android,2025-04-30
DEV000214,USR000148,Tablet,macOS,2025-02-12
DEV000215,USR000148,Streaming Stick,Android,2025-05-26
DEV000216,USR000149,Streaming Stick,iOS,2025-10-06
DEV000217,USR000150,Laptop,Smart TV OS,2025-04-07
DEV000218,USR000151,Smart TV,Android,2025-01-04
DEV000219,USR000152,Smart TV,Windows,2025-03-02
DEV000220,USR000153,Tablet,macOS,2025-07-12
DEV000221,USR000154,Streaming Stick,Windows,2025-06-11
DEV000222,USR000154,Mobile,Android,2025-07-29
DEV000223,USR000155,Tablet,iOS,2025-03-21
DEV000224,USR000156,Smart TV,Android,2025-10-27
DEV000225,USR000157,Streaming Stick,Windows,2025-10-02
DEV000226,USR000158,Laptop,Android,2025-07-07
DEV000227,USR000159,Mobile,Android,2025-07-23
DEV000228,USR000159,Mobile,Android,2025-04-15
DEV000229,USR000160,Smart TV,macOS,2025-10-13
DEV000230,USR000161,Laptop,macOS,2025-07-09
DEV000231,USR000162,Tablet,iOS,2025-09-05
DEV000232,USR000163,Laptop,macOS,2025-06-07
DEV000233,USR000164,Smart TV,Windows,2025-07-23
DEV000234,USR000165,Streaming Stick,Windows,2025-03-02
DEV000235,USR000165,Mobile,Windows,2025-04-28
DEV000236,USR000166,Laptop,macOS,2025-03-24
DEV000237,USR000167,Smart TV,Android,2025-09-18
DEV000238,USR000168,Mobile,Windows,2025-06-23
DEV000239,USR000169,Smart TV,Android,2025-11-11
DEV000240,USR000169,Smart TV,macOS,2025-01-27
DEV000241,USR000170,Laptop,Windows,2025-11-22
DEV000242,USR000171,Mobile,iOS,2025-02-16
DEV000243,USR000172,Mobile,macOS,2025-08-30
DEV000244,USR000172,Laptop,macOS,2025-11-04
DEV000245,USR000173,Smart TV,iOS,2025-02-02
DEV000246,USR000174,Laptop,iOS,2025-07-09
DEV000247,USR000175,Mobile,Smart TV OS,2025-01-20
DEV000248,USR000176,Smart TV,macOS,2025-07-25
DEV000249,USR000176,Laptop,iOS,2025-11-11
DEV000250,USR000177,Mobile,Windows,2025-05-27
DEV000251,USR000177,Tablet,macOS,2025-11-02
DEV000252,USR000178,Laptop,Android,2025-03-31
DEV000253,USR000179,Mobile,iOS,2025-08-13
DEV000254,USR000179,Mobile,Windows,2025-01-06
DEV000255,USR000180,Laptop,iOS,2025-09-23
DEV000256,USR000181,Mobile,Android,2025-01-18
DEV000257,USR000182,Streaming Stick,Smart TV OS,2025-09-19
DEV000258,USR000182,Mobile,iOS,2025-09-22
DEV000259,USR000183,Mobile,Android,2025-11-11
DEV000260,USR000183,Mobile,iOS,2025-03-28
DEV000261,USR000184,Smart TV,Android,2025-07-04
DEV000262,USR000184,Smart TV,Android,2025-05-03
DEV000263,USR000185,Smart TV,Android,2025-03-22
DEV000264,USR000185,Smart TV,Smart TV OS,2025-02-14
DEV000265,USR000186,Smart TV,Smart TV OS,2025-07-24
DEV000266,USR000186,Smart TV,iOS,2025-06-30
DEV000267,USR000186,Gaming Console,iOS,2025-07-22
DEV000268,USR000187,Laptop,iOS,2025-04-13
DEV000269,USR000188,Gaming Console,Android,2025-02-05
DEV000270,USR000189,Smart TV,iOS,2025-10-09
DEV000271,USR000189,Tablet,Windows,2025-05-26
DEV000272,USR000190,Streaming Stick,Smart TV OS,2025-10-14
DEV000273,USR000190,Gaming Console,Android,2025-10-26
DEV000274,USR000191,Mobile,iOS,2025-05-22
DEV000275,USR000192,Smart TV,Smart TV OS,2025-04-10
DEV000276,USR000193,Mobile,Windows,2025-07-26
DEV000277,USR000194,Laptop,Android,2025-05-14
DEV000278,USR000195,Mobile,Android,2025-09-17
DEV000279,USR000196,Mobile,Windows,2025-02-07
DEV000280,USR000197,Mobile,iOS,2025-06-24
DEV000281,USR000198,Mobile,macOS,2025-09-20
DEV000282,USR000198,Mobile,iOS,2025-05-12
DEV000283,USR000198,Mobile,Smart TV OS,2025-10-03
DEV000284,USR000199,Mobile,iOS,2025-10-22
DEV000285,USR000199,Smart TV,Windows,2025-05-09
DEV000286,USR000200,Smart TV,Windows,2025-07-13
DEV000287,USR000200,Mobile,macOS,2025-10-16
DEV000288,USR000201,Tablet,macOS,2025-05-05
DEV000289,USR000202,Mobile,iOS,2025-08-23
DEV000290,USR000202,Mobile,iOS,2025-08-24
DEV000291,USR000203,Laptop,iOS,2025-01-15
DEV000292,USR000203,Laptop,Smart TV OS,2025-09-04
DEV000293,USR000204,Smart TV,Android,2025-02-04
DEV000294,USR000205,Laptop,Windows,2025-04-23
DEV000295,USR000206,Mobile,macOS,2025-04-28
DEV000296,USR000206,Laptop,Smart TV OS,2025-06-11
DEV000297,USR000207,Tablet,Android,2025-06-30
DEV000298,USR000208,Mobile,iOS,2025-01-05
DEV000299,USR000209,Tablet,Android,2025-05-15
DEV000300,USR000209,Smart TV,Android,2025-05-08
DEV000301,USR000210,Mobile,iOS,2025-07-24
DEV000302,USR000211,Smart TV,Smart TV OS,2025-06-25
DEV000303,USR000211,Smart TV,iOS,2025-02-08
DEV000304,USR000212,Mobile,Windows,2025-04-02
DEV000305,USR000213,Tablet,Android,2025-07-01
DEV000306,USR000214,Smart TV,macOS,2025-10-21
DEV000307,USR000215,Mobile,Windows,2025-04-08
DEV000308,USR000216,Mobile,Android,2025-04-13
DEV000309,USR000217,Smart TV,macOS,2025-05-04
DEV000310,USR000218,Mobile,Windows,2025-04-16
DEV000311,USR000218,Smart TV,Windows,2025-04-28
DEV000312,USR000219,Laptop,Windows,2025-05-08
DEV000313,USR000220,Smart TV,Android,2025-07-02
DEV000314,USR000220,Streaming Stick,Android,2025-03-21
DEV000315,USR000221,Laptop,Android,2025-03-03
DEV000316,USR000221,Mobile,iOS,2025-02-10
DEV000317,USR000222,Tablet,macOS,2025-09-10
DEV000318,USR000222,Tablet,Smart TV OS,2025-11-11
DEV000319,USR000223,Mobile,Android,2025-10-05
DEV000320,USR000224,Laptop,Android,2025-09-04
DEV000321,USR000224,Gaming Console,macOS,2025-07-10
DEV000322,USR000224,Mobile,macOS,2025-11-14
DEV000323,USR000225,Streaming Stick,Android,2025-10-22
DEV000324,USR000226,Laptop,Android,2025-09-09
DEV000325,USR000226,Mobile,Android,2025-04-04
DEV000326,USR000227,Mobile,iOS,2025-09-19
DEV000327,USR000227,Mobile,Android,2025-05-24
DEV000328,USR000227,Tablet,iOS,2025-07-23
DEV000329,USR000228,Laptop,Smart TV OS,2025-10-23
DEV000330,USR000229,Smart TV,Windows,2025-09-27
DEV000331,USR000230,Tablet,Smart TV OS,2025-09-02
DEV000332,USR000230,Smart TV,Android,2025-10-04
DEV000333,USR000231,Smart TV,Android,2025-06-27
DEV000334,USR000232,Streaming Stick,Windows,2025-03-31
DEV000335,USR000233,Streaming Stick,iOS,2025-03-03
DEV000336,USR000234,Streaming Stick,Windows,2025-08-24
DEV000337,USR000234,Tablet,Windows,2025-06-11
DEV000338,USR000235,Mobile,Windows,2025-01-07
DEV000339,USR000235,Laptop,Windows,2025-04-18
DEV000340,USR000236,Mobile,Android,2025-02-21
DEV000341,USR000237,Mobile,Smart TV OS,2025-11-10
DEV000342,USR000238,Streaming Stick,Smart TV OS,2025-04-06
DEV000343,USR000238,Laptop,iOS,2025-10-08
DEV000344,USR000239,Smart TV,iOS,2025-05-18
DEV000345,USR000240,Tablet,Android,2025-11-10
DEV000346,USR000241,Tablet,Android,2025-04-05
DEV000347,USR000242,Mobile,Android,2025-04-18
DEV000348,USR000243,Smart TV,Smart TV OS,2025-07-10
DEV000349,USR000244,Laptop,Android,2025-07-25
DEV000350,USR000245,Mobile,iOS,2025-04-03
DEV000351,USR000246,Laptop,Windows,2025-10-22
DEV000352,USR000247,Laptop,iOS,2025-02-21
DEV000353,USR000247,Smart TV,iOS,2025-05-19
DEV000354,USR000248,Laptop,Smart TV OS,2025-10-12
DEV000355,USR000248,Laptop,iOS,2025-08-10
DEV000356,USR000249,Gaming Console,Smart TV OS,2025-04-11
DEV000357,USR000249,Streaming Stick,Android,2025-03-16
DEV000358,USR000250,Gaming Console,Android,2025-03-18
DEV000359,USR000250,Smart TV,Android,2025-08-31
DEV000360,USR000251,Laptop,iOS,2025-04-01
DEV000361,USR000251,Smart TV,macOS,2025-08-04
DEV000362,USR000252,Smart TV,Android,2025-11-19
DEV000363,USR000253,Tablet,Windows,2025-06-11
DEV000364,USR000254,Laptop,Smart TV OS,2025-06-03
DEV000365,USR000254,Gaming Console,iOS,2025-05-09
DEV000366,USR000255,Mobile,Android,2025-10-18
DEV000367,USR000256,Mobile,Android,2025-02-20
DEV000368,USR000257,Laptop,iOS,2025-01-31
DEV000369,USR000257,Smart TV,Windows,2025-04-21
DEV000370,USR000258,Smart TV,Android,2025-09-01
DEV000371,USR000258,Smart TV,macOS,2025-11-19
DEV000372,USR000259,Smart TV,macOS,2025-06-21
DEV000373,USR000260,Smart TV,Windows,2025-07-04
DEV000374,USR000261,Smart TV,iOS,2025-05-12
DEV000375,USR000262,Mobile,macOS,2025-07-30
DEV000376,USR000263,Tablet,Smart TV OS,2025-11-07
DEV000377,USR000264,Smart TV,Smart TV OS,2025-10-22
DEV000378,USR000265,Smart TV,macOS,2025-10-03
DEV000379,USR000265,Tablet,Android,2025-03-31
DEV000380,USR000266,Smart TV,Android,2025-05-26
DEV000381,USR000266,Smart TV,Smart TV OS,2025-07-01
DEV000382,USR000266,Mobile,Android,2025-06-16
DEV000383,USR000267,Mobile,Android,2025-09-07
DEV000384,USR000267,Gaming Console,Windows,2025-08-17
DEV000385,USR000268,Mobile,Android,2025-07-15
DEV000386,USR000268,Smart TV,macOS,2025-11-11
DEV000387,USR000269,Streaming Stick,macOS,2025-11-20
DEV000388,USR000270,Laptop,Windows,2025-03-27
DEV000389,USR000270,Mobile,Android,2025-11-24
DEV000390,USR000270,Smart TV,macOS,2025-06-22
DEV000391,USR000271,Tablet,Android,2025-11-10
DEV000392,USR000272,Mobile,Android,2025-02-06
DEV000393,USR000273,Tablet,Android,2025-06-25
DEV000394,USR000274,Mobile,Windows,2025-06-12
DEV000395,USR000275,Mobile,Windows,2025-05-17
DEV000396,USR000275,Streaming Stick,Windows,2025-11-06
DEV000397,USR000276,Mobile,iOS,2025-05-19
DEV000398,USR000276,Mobile,iOS,2025-08-16
DEV000399,USR000277,Smart TV,Android,2025-07-05
DEV000400,USR000277,Mobile,macOS,2025-10-28
DEV000401,USR000278,Streaming Stick,macOS,2025-08-19
DEV000402,USR000279,Smart TV,iOS,2025-04-05
DEV000403,USR000280,Mobile,Android,2025-03-06
DEV000404,USR000280,Mobile,Android,2025-05-01
DEV000405,USR000281,Smart TV,iOS,2025-02-10
DEV000406,USR000281,Mobile,Smart TV OS,2025-04-18
DEV000407,USR000282,Laptop,Windows,2025-02-22
DEV000408,USR000283,Mobile,iOS,2025-08-31
DEV000409,USR000284,Mobile,Android,2025-01-14
DEV000410,USR000285,Gaming Console,Windows,2025-09-26
DEV000411,USR000285,Mobile,Android,2025-02-12
DEV000412,USR000286,Smart TV,Android,2025-11-13
DEV000413,USR000287,Tablet,Smart TV OS,2025-07-19
DEV000414,USR000288,Laptop,iOS,2025-05-07
DEV000415,USR000289,Tablet,Smart TV OS,2025-08-15
DEV000416,USR000289,Mobile,iOS,2025-11-17
DEV000417,USR000290,Mobile,iOS,2025-09-27
DEV000418,USR000291,Laptop,Smart TV OS,2025-01-15
DEV000419,USR000291,Streaming Stick,Android,2025-01-18
DEV000420,USR000292,Smart TV,iOS,2025-06-16
DEV000421,USR000292,Smart TV,Android,2025-09-01
DEV000422,USR000293,Smart TV,Windows,2025-10-04
DEV000423,USR000294,Mobile,Windows,2025-10-08
DEV000424,USR000294,Smart TV,Smart TV OS,2025-08-16
DEV000425,USR000294,Gaming Console,Smart TV OS,2025-03-11
DEV000426,USR000295,Smart TV,Smart TV OS,2025-10-04
DEV000427,USR000295,Mobile,Windows,2025-04-01
DEV000428,USR000295,Smart TV,iOS,2025-10-30
DEV000429,USR000296,Streaming Stick,iOS,2025-11-20
DEV000430,USR000297,Streaming Stick,iOS,2025-10-16
DEV000431,USR000297,Laptop,iOS,2025-08-11
DEV000432,USR000298,Smart TV,iOS,2025-11-24
DEV000433,USR000299,Mobile,Android,2025-06-27
DEV000434,USR000300,Mobile,Android,2025-04-27
DEV000435,USR000301,Smart TV,Smart TV OS,2025-08-15
DEV000436,USR000301,Tablet,Windows,2025-06-07
DEV000437,USR000302,Mobile,Android,2025-05-14
DEV000438,USR000303,Laptop,Android,2025-01-06
DEV000439,USR000304,Laptop,iOS,2025-03-11
DEV000440,USR000305,Streaming Stick,Smart TV OS,2025-08-29
DEV000441,USR000306,Mobile,Smart TV OS,2025-09-09
DEV000442,USR000307,Laptop,Windows,2025-09-02
DEV000443,USR000307,Smart TV,Smart TV OS,2025-06-03
DEV000444,USR000307,Smart TV,Android,2025-01-05
DEV000445,USR000308,Smart TV,Android,2025-05-30
DEV000446,USR000308,Gaming Console,iOS,2025-11-02
DEV000447,USR000309,Smart TV,Android,2025-01-04
DEV000448,USR000310,Smart TV,Android,2025-04-07
DEV000449,USR000311,Smart TV,Android,2025-10-15
DEV000450,USR000312,Smart TV,iOS,2025-05-08
DEV000451,USR000313,Gaming Console,Windows,2025-11-27
DEV000452,USR000314,Mobile,Smart TV OS,2025-07-13
DEV000453,USR000315,Laptop,iOS,2025-02-10
DEV000454,USR000316,Tablet,iOS,2025-05-03
DEV000455,USR000317,Smart TV,Windows,2025-11-10
DEV000456,USR000318,Laptop,Smart TV OS,2025-05-20
DEV000457,USR000318,Smart TV,iOS,2025-05-26
DEV000458,USR000319,Laptop,Windows,2025-09-30
DEV000459,USR000319,Mobile,Android,2025-05-18
DEV000460,USR000320,Smart TV,Smart TV OS,2025-02-05
DEV000461,USR000321,Smart TV,macOS,2025-05-29
DEV000462,USR000322,Smart TV,Android,2025-08-22
DEV000463,USR000323,Tablet,iOS,2025-05-20
DEV000464,USR000323,Gaming Console,macOS,2025-11-15
DEV000465,USR000324,Mobile,iOS,2025-06-14
DEV000466,USR000325,Smart TV,macOS,2025-01-26
DEV000467,USR000326,Smart TV,Android,2025-01-12
DEV000468,USR000326,Streaming Stick,Smart TV OS,2025-04-06
DEV000469,USR000326,Mobile,macOS,2025-02-22
DEV000470,USR000327,Tablet,macOS,2025-03-06
DEV000471,USR000328,Tablet,Smart TV OS,2025-01-05
DEV000472,USR000328,Smart TV,iOS,2025-04-30
DEV000473,USR000329,Laptop,Android,2025-01-08
DEV000474,USR000330,Mobile,Windows,2025-06-25
DEV000475,USR000331,Smart TV,Windows,2025-09-13
DEV000476,USR000332,Smart TV,Android,2025-08-26
DEV000477,USR000332,Laptop,Windows,2025-01-17
DEV000478,USR000332,Tablet,Android,2025-06-19
DEV000479,USR000333,Smart TV,iOS,2025-03-16
DEV000480,USR000334,Smart TV,iOS,2025-07-20
DEV000481,USR000335,Mobile,Windows,2025-08-29
DEV000482,USR000336,Smart TV,Android,2025-05-09
DEV000483,USR000337,Smart TV,Smart TV OS,2025-01-07
DEV000484,USR000337,Tablet,macOS,2025-03-04
DEV000485,USR000338,Smart TV,Windows,2025-05-08
DEV000486,USR000338,Laptop,Android,2025-07-17
DEV000487,USR000338,Laptop,Android,2025-08-15
DEV000488,USR000339,Mobile,Windows,2025-01-18
DEV000489,USR000340,Smart TV,iOS,2025-02-18
DEV000490,USR000341,Laptop,Android,2025-04-17
DEV000491,USR000342,Streaming Stick,iOS,2025-06-09
DEV000492,USR000343,Mobile,Android,2025-03-23
DEV000493,USR000343,Gaming Console,Windows,2025-11-19
DEV000494,USR000343,Laptop,Windows,2025-01-22
DEV000495,USR000344,Mobile,iOS,2025-10-09
DEV000496,USR000344,Mobile,Android,2025-09-24
DEV000497,USR000345,Laptop,iOS,2025-09-04
DEV000498,USR000346,Smart TV,macOS,2025-04-12
DEV000499,USR000346,Smart TV,Android,2025-07-04
DEV000500,USR000347,Smart TV,iOS,2025-04-22
DEV000501,USR000347,Laptop,Android,2025-02-27
DEV000502,USR000348,Smart TV,Windows,2025-08-11
DEV000503,USR000349,Laptop,Smart TV OS,2025-03-27
DEV000504,USR000350,Laptop,Windows,2025-10-27
DEV000505,USR000350,Mobile,Android,2025-03-03
DEV000506,USR000351,Gaming Console,Windows,2025-05-05
DEV000507,USR000352,Mobile,Windows,2025-01-22
DEV000508,USR000353,Gaming Console,iOS,2025-09-01
DEV000509,USR000354,Gaming Console,Windows,2025-03-21
DEV000510,USR000354,Streaming Stick,macOS,2025-07-10
DEV000511,USR000355,Smart TV,Windows,2025-05-08
DEV000512,USR000355,Gaming Console,iOS,2025-03-22
DEV000513,USR000356,Mobile,Android,2025-11-13
DEV000514,USR000357,Mobile,Android,2025-11-17
DEV000515,USR000358,Tablet,Android,2025-07-02
DEV000516,USR000359,Laptop,iOS,2025-10-02
DEV000517,USR000359,Streaming Stick,Windows,2025-02-24
DEV000518,USR000360,Streaming Stick,Android,2025-04-30
DEV000519,USR000361,Gaming Console,Android,2025-10-13
DEV000520,USR000362,Gaming Console,Smart TV OS,2025-06-27
DEV000521,USR000362,Smart TV,Windows,2025-08-13
DEV000522,USR000363,Mobile,iOS,2025-01-11
DEV000523,USR000363,Smart TV,macOS,2025-07-13
DEV000524,USR000364,Smart TV,macOS,2025-03-10
DEV000525,USR000365,Laptop,Smart TV OS,2025-01-21
DEV000526,USR000366,Smart TV,iOS,2025-08-13
DEV000527,USR000367,Smart TV,macOS,2025-10-05
DEV000528,USR000368,Mobile,Android,2025-04-08
DEV000529,USR000368,Laptop,iOS,2025-10-18
DEV000530,USR000369,Tablet,macOS,2025-06-28
DEV000531,USR000370,Smart TV,Smart TV OS,2025-08-28
DEV000532,USR000371,Gaming Console,macOS,2025-11-03
DEV000533,USR000372,Tablet,Smart TV OS,2025-10-11
DEV000534,USR000372,Tablet,Windows,2025-03-24
DEV000535,USR000373,Smart TV,iOS,2025-03-21
DEV000536,USR000374,Tablet,Android,2025-05-15
DEV000537,USR000375,Laptop,iOS,2025-08-21
DEV000538,USR000376,Streaming Stick,iOS,2025-11-23
DEV000539,USR000377,Smart TV,Windows,2025-04-05
DEV000540,USR000378,Smart TV,Android,2025-11-14
DEV000541,USR000378,Mobile,macOS,2025-07-06
DEV000542,USR000379,Mobile,Android,2025-05-03
DEV000543,USR000379,Smart TV,Windows,2025-06-14
DEV000544,USR000380,Mobile,Android,2025-10-03
DEV000545,USR000380,Laptop,iOS,2025-07-18
DEV000546,USR000381,Mobile,Windows,2025-09-12
DEV000547,USR000382,Tablet,Windows,2025-03-20
DEV000548,USR000382,Smart TV,Smart TV OS,2025-11-10
DEV000549,USR000383,Smart TV,Android,2025-07-29
DEV000550,USR000384,Smart TV,iOS,2025-02-26
DEV000551,USR000384,Mobile,Smart TV OS,2025-02-19
DEV000552,USR000385,Tablet,Android,2025-02-04
DEV000553,USR000386,Gaming Console,iOS,2025-03-08
DEV000554,USR000387,Smart TV,Smart TV OS,2025-01-17
DEV000555,USR000388,Mobile,Windows,2025-09-06
DEV000556,USR000389,Laptop,Windows,2025-01-17
DEV000557,USR000390,Laptop,Android,2025-07-18
DEV000558,USR000391,Laptop,macOS,2025-09-27
DEV000559,USR000391,Smart TV,Windows,2025-11-16
DEV000560,USR000392,Smart TV,Windows,2025-05-12
DEV000561,USR000392,Smart TV,Android,2025-01-26
DEV000562,USR000393,Smart TV,Smart TV OS,2025-11-07
DEV000563,USR000394,Mobile,Smart TV OS,2025-01-07
DEV000564,USR000394,Mobile,Smart TV OS,2025-04-17
DEV000565,USR000395,Mobile,iOS,2025-02-10
DEV000566,USR000395,Smart TV,iOS,2025-08-28
DEV000567,USR000396,Smart TV,Smart TV OS,2025-02-01
DEV000568,USR000396,Mobile,Windows,2025-07-04
DEV000569,USR000397,Gaming Console,iOS,2025-08-01
DEV000570,USR000398,Mobile,Windows,2025-01-30
DEV000571,USR000398,Tablet,Windows,2025-11-12
DEV000572,USR000399,Smart TV,Android,2025-01-21
DEV000573,USR000400,Laptop,Smart TV OS,2025-06-05
DEV000574,USR000400,Laptop,Android,2025-02-09
DEV000575,USR000401,Mobile,Windows,2025-09-23
DEV000576,USR000401,Laptop,iOS,2025-02-19
DEV000577,USR000401,Mobile,Android,2025-02-21
DEV000578,USR000402,Smart TV,Android,2025-09-30
DEV000579,USR000402,Mobile,Windows,2025-07-17
DEV000580,USR000403,Tablet,Android,2025-09-27
DEV000581,USR000404,Smart TV,Smart TV OS,2025-10-19
DEV000582,USR000404,Laptop,Android,2025-11-17
DEV000583,USR000405,Smart TV,iOS,2025-10-13
DEV000584,USR000405,Gaming Console,Android,2025-10-13
DEV000585,USR000405,Mobile,iOS,2025-08-01
DEV000586,USR000406,Gaming Console,Android,2025-11-23
DEV000587,USR000406,Mobile,Smart TV OS,2025-10-23
DEV000588,USR000407,Laptop,Android,2025-08-23
DEV000589,USR000408,Streaming Stick,Windows,2025-08-07
DEV000590,USR000408,Tablet,macOS,2025-02-23
DEV000591,USR000409,Mobile,macOS,2025-04-03
DEV000592,USR000410,Streaming Stick,macOS,2025-09-16
DEV000593,USR000411,Laptop,Windows,2025-03-22
DEV000594,USR000412,Mobile,Android,2025-11-04
DEV000595,USR000413,Mobile,Windows,2025-06-30
DEV000596,USR000414,Mobile,iOS,2025-10-09
DEV000597,USR000414,Smart TV,iOS,2025-06-16
DEV000598,USR000415,Smart TV,Android,2025-07-31
DEV000599,USR000415,Laptop,Windows,2025-11-21
DEV000600,USR000416,Mobile,Android,2025-06-15
DEV000601,USR000417,Laptop,Android,2025-10-16
DEV000602,USR000417,Gaming Console,Android,2025-10-07
DEV000603,USR000418,Smart TV,macOS,2025-10-09
DEV000604,USR000419,Smart TV,Windows,2025-05-11
DEV000605,USR000419,Mobile,macOS,2025-07-04
DEV000606,USR000419,Tablet,Smart TV OS,2025-08-20
DEV000607,USR000420,Mobile,Android,2025-07-23
DEV000608,USR000421,Smart TV,iOS,2025-01-18
DEV000609,USR000422,Tablet,Smart TV OS,2025-11-02
DEV000610,USR000422,Smart TV,iOS,2025-01-09
DEV000611,USR000422,Mobile,Android,2025-09-23
DEV000612,USR000423,Mobile,macOS,2025-06-04
DEV000613,USR000424,Smart TV,Windows,2025-04-24
DEV000614,USR000425,Laptop,Android,2025-06-11
DEV000615,USR000426,Laptop,Android,2025-05-22
DEV000616,USR000427,Laptop,iOS,2025-09-19
DEV000617,USR000427,Laptop,Windows,2025-10-12
DEV000618,USR000428,Gaming Console,Android,2025-10-20
DEV000619,USR000429,Smart TV,Windows,2025-01-20
DEV000620,USR000430,Laptop,Smart TV OS,2025-03-21
DEV000621,USR000431,Smart TV,Android,2025-07-07
DEV000622,USR000432,Smart TV,Android,2025-05-08
DEV000623,USR000432,Smart TV,macOS,2025-04-30
DEV000624,USR000433,Smart TV,iOS,2025-06-03
DEV000625,USR000434,Smart TV,macOS,2025-07-24
DEV000626,USR000435,Smart TV,iOS,2025-04-22
DEV000627,USR000436,Mobile,Android,2025-06-16
DEV000628,USR000436,Mobile,Android,2025-09-05
DEV000629,USR000437,Mobile,Windows,2025-10-23
DEV000630,USR000438,Laptop,Windows,2025-02-18
DEV000631,USR000438,Mobile,Windows,2025-11-01
DEV000632,USR000439,Smart TV,iOS,2025-01-20
DEV000633,USR000439,Gaming Console,Smart TV OS,2025-10-23
DEV000634,USR000440,Laptop,iOS,2025-01-29
DEV000635,USR000441,Smart TV,iOS,2025-06-21
DEV000636,USR000441,Laptop,macOS,2025-06-28
DEV000637,USR000441,Tablet,Android,2025-08-11
DEV000638,USR000442,Mobile,Windows,2025-03-03
DEV000639,USR000443,Laptop,Smart TV OS,2025-04-27
DEV000640,USR000443,Smart TV,iOS,2025-11-05
DEV000641,USR000444,Smart TV,Windows,2025-11-21
DEV000642,USR000444,Laptop,Android,2025-11-20
DEV000643,USR000444,Mobile,Smart TV OS,2025-07-15
DEV000644,USR000445,Smart TV,Android,2025-09-26
DEV000645,USR000446,Mobile,Windows,2025-10-04
DEV000646,USR000447,Tablet,Android,2025-06-17
DEV000647,USR000448,Mobile,macOS,2025-04-24
DEV000648,USR000449,Mobile,Smart TV OS,2025-07-21
DEV000649,USR000450,Streaming Stick,Smart TV OS,2025-11-01
DEV000650,USR000450,Smart TV,Windows,2025-10-22
DEV000651,USR000450,Gaming Console,Smart TV OS,2025-09-16
DEV000652,USR000451,Mobile,iOS,2025-08-10
DEV000653,USR000452,Smart TV,Smart TV OS,2025-07-21
DEV000654,USR000453,Laptop,Android,2025-06-22
DEV000655,USR000454,Streaming Stick,Windows,2025-10-20
DEV000656,USR000455,Mobile,Android,2025-10-08
DEV000657,USR000455,Laptop,Android,2025-07-24
DEV000658,USR000456,Streaming Stick,Windows,2025-07-24
DEV000659,USR000457,Smart TV,Windows,2025-03-08
DEV000660,USR000458,Smart TV,Smart TV OS,2025-09-04
DEV000661,USR000458,Laptop,Smart TV OS,2025-10-14
DEV000662,USR000459,Laptop,iOS,2025-07-22
DEV000663,USR000460,Tablet,macOS,2025-04-11
DEV000664,USR000460,Gaming Console,Windows,2025-10-15
DEV000665,USR000461,Laptop,iOS,2025-09-26
DEV000666,USR000461,Smart TV,Android,2025-05-07
DEV000667,USR000462,Laptop,iOS,2025-05-17
DEV000668,USR000463,Tablet,iOS,2025-06-15
DEV000669,USR000463,Gaming Console,iOS,2025-10-22
DEV000670,USR000464,Mobile,Windows,2025-07-31
DEV000671,USR000465,Mobile,Windows,2025-06-28
DEV000672,USR000466,Smart TV,Android,2025-06-26
DEV000673,USR000467,Smart TV,Android,2025-01-13
DEV000674,USR000468,Streaming Stick,Smart TV OS,2025-03-28
DEV000675,USR000468,Smart TV,iOS,2025-06-29
DEV000676,USR000469,Smart TV,macOS,2025-08-15
DEV000677,USR000469,Smart TV,Android,2025-11-16
DEV000678,USR000470,Laptop,Android,2025-01-23
DEV000679,USR000471,Gaming Console,macOS,2025-04-30
DEV000680,USR000471,Gaming Console,iOS,2025-04-13
DEV000681,USR000471,Smart TV,Smart TV OS,2025-07-11
DEV000682,USR000472,Mobile,Smart TV OS,2025-02-13
DEV000683,USR000473,Gaming Console,macOS,2025-01-28
DEV000684,USR000474,Smart TV,Android,2025-11-14
DEV000685,USR000475,Laptop,iOS,2025-05-28
DEV000686,USR000475,Mobile,Android,2025-01-08
DEV000687,USR000475,Smart TV,iOS,2025-06-25
DEV000688,USR000476,Laptop,Android,2025-02-26
DEV000689,USR000476,Mobile,macOS,2025-06-06
DEV000690,USR000477,Mobile,Windows,2025-01-12
DEV000691,USR000478,Smart TV,Smart TV OS,2025-10-03
DEV000692,USR000479,Smart TV,Windows,2025-10-07
DEV000693,USR000480,Smart TV,Smart TV OS,2025-05-13
DEV000694,USR000481,Laptop,Windows,2025-11-15
DEV000695,USR000482,Tablet,Android,2025-03-14
DEV000696,USR000482,Mobile,Smart TV OS,2025-01-10
DEV000697,USR000483,Mobile,Windows,2025-09-27
DEV000698,USR000484,Smart TV,Android,2025-03-29
DEV000699,USR000485,Smart TV,iOS,2025-04-13
DEV000700,USR000486,Laptop,iOS,2025-11-13
DEV000701,USR000486,Mobile,Windows,2025-05-19
DEV000702,USR000487,Smart TV,macOS,2025-01-05
DEV000703,USR000488,Mobile,Android,2025-05-19
DEV000704,USR000489,Gaming Console,Android,2025-07-04
DEV000705,USR000489,Mobile,Smart TV OS,2025-02-25
DEV000706,USR000490,Mobile,Android,2025-07-17
DEV000707,USR000491,Gaming Console,Smart TV OS,2025-07-14
DEV000708,USR000492,Laptop,Smart TV OS,2025-02-20
DEV000709,USR000493,Gaming Console,Android,2025-09-06
DEV000710,USR000493,Tablet,Android,2025-11-02
DEV000711,USR000494,Laptop,Windows,2025-04-06
DEV000712,USR000495,Mobile,Windows,2025-08-23
DEV000713,USR000496,Smart TV,Android,2025-01-12
DEV000714,USR000497,Smart TV,Smart TV OS,2025-09-29
DEV000715,USR000498,Smart TV,Windows,2025-09-08
DEV000716,USR000499,Mobile,Smart TV OS,2025-03-22
DEV000717,USR000500,Gaming Console,Windows,2025-06-30
DEV000718,USR000501,Mobile,iOS,2025-06-04
DEV000719,USR000502,Mobile,Android,2025-09-14
DEV000720,USR000503,Smart TV,Windows,2025-02-01
DEV000721,USR000504,Mobile,Android,2025-07-18
DEV000722,USR000504,Mobile,Smart TV OS,2025-01-16
DEV000723,USR000505,Mobile,iOS,2025-05-24
DEV000724,USR000505,Smart TV,macOS,2025-04-26
DEV000725,USR000505,Laptop,Android,2025-03-19
DEV000726,USR000506,Mobile,macOS,2025-07-21
DEV000727,USR000507,Smart TV,iOS,2025-02-14
DEV000728,USR000507,Mobile,Windows,2025-07-15
DEV000729,USR000508,Mobile,iOS,2025-11-10
DEV000730,USR000509,Smart TV,iOS,2025-04-27
DEV000731,USR000509,Mobile,Smart TV OS,2025-08-02
DEV000732,USR000510,Laptop,Windows,2025-03-20
DEV000733,USR000511,Mobile,Windows,2025-06-09
DEV000734,USR000512,Smart TV,iOS,2025-06-18
DEV000735,USR000512,Mobile,iOS,2025-08-18
DEV000736,USR000513,Smart TV,iOS,2025-04-16
DEV000737,USR000514,Smart TV,macOS,2025-10-25
DEV000738,USR000514,Mobile,Smart TV OS,2025-10-05
DEV000739,USR000515,Mobile,Android,2025-04-14
DEV000740,USR000515,Gaming Console,iOS,2025-03-12
DEV000741,USR000516,Mobile,Android,2025-09-26
DEV000742,USR000517,Smart TV,macOS,2025-08-09
DEV000743,USR000517,Laptop,iOS,2025-03-16
DEV000744,USR000518,Streaming Stick,Windows,2025-10-17
DEV000745,USR000518,Laptop,macOS,2025-03-22
DEV000746,USR000519,Laptop,Android,2025-10-13
DEV000747,USR000520,Mobile,Windows,2025-03-02
DEV000748,USR000521,Smart TV,Android,2025-03-16
DEV000749,USR000522,Tablet,Smart TV OS,2025-06-13
DEV000750,USR000522,Gaming Console,Windows,2025-07-31
DEV000751,USR000523,Laptop,Windows,2025-06-05
DEV000752,USR000523,Mobile,iOS,2025-08-15
DEV000753,USR000523,Smart TV,iOS,2025-11-23
DEV000754,USR000524,Smart TV,macOS,2025-05-21
DEV000755,USR000524,Gaming Console,Android,2025-03-19
DEV000756,USR000524,Mobile,iOS,2025-04-07
DEV000757,USR000525,Laptop,iOS,2025-04-05
DEV000758,USR000526,Mobile,Android,2025-11-10
DEV000759,USR000527,Mobile,Windows,2025-11-07
DEV000760,USR000527,Smart TV,iOS,2025-10-18
DEV000761,USR000528,Smart TV,Android,2025-11-02
DEV000762,USR000528,Mobile,iOS,2025-04-29
DEV000763,USR000529,Mobile,Android,2025-01-14
DEV000764,USR000530,Smart TV,Android,2025-09-02
DEV000765,USR000531,Mobile,Android,2025-11-06
DEV000766,USR000532,Smart TV,iOS,2025-07-11
DEV000767,USR000533,Gaming Console,Windows,2025-07-18
DEV000768,USR000534,Laptop,Android,2025-03-12
DEV000769,USR000535,Mobile,Android,2025-04-26
DEV000770,USR000536,Mobile,macOS,2025-01-08
DEV000771,USR000537,Mobile,Android,2025-07-31
DEV000772,USR000537,Mobile,iOS,2025-04-24
DEV000773,USR000537,Tablet,Windows,2025-04-14
DEV000774,USR000538,Gaming Console,Smart TV OS,2025-02-03
DEV000775,USR000538,Mobile,Windows,2025-04-01
DEV000776,USR000539,Laptop,Windows,2025-08-13
DEV000777,USR000539,Tablet,Android,2025-11-12
DEV000778,USR000539,Tablet,Android,2025-09-08
DEV000779,USR000540,Mobile,Android,2025-08-23
DEV000780,USR000540,Laptop,Smart TV OS,2025-05-07
DEV000781,USR000541,Laptop,Smart TV OS,2025-01-22
DEV000782,USR000542,Gaming Console,iOS,2025-07-14
DEV000783,USR000542,Smart TV,Windows,2025-06-10
DEV000784,USR000543,Mobile,iOS,2025-10-20
DEV000785,USR000544,Smart TV,Android,2025-09-26
DEV000786,USR000545,Tablet,iOS,2025-01-20
DEV000787,USR000545,Mobile,iOS,2025-09-24
DEV000788,USR000546,Mobile,macOS,2025-08-22
DEV000789,USR000547,Mobile,Android,2025-01-22
DEV000790,USR000547,Smart TV,Android,2025-05-06
DEV000791,USR000548,Smart TV,Smart TV OS,2025-07-22
DEV000792,USR000549,Smart TV,macOS,2025-01-21
DEV000793,USR000549,Mobile,Smart TV OS,2025-10-13
DEV000794,USR000549,Laptop,Windows,2025-07-18
DEV000795,USR000550,Mobile,Smart TV OS,2025-11-19
DEV000796,USR000551,Smart TV,Android,2025-04-08
DEV000797,USR000551,Streaming Stick,Smart TV OS,2025-05-30
DEV000798,USR000551,Tablet,Android,2025-08-14
DEV000799,USR000552,Streaming Stick,Android,2025-06-05
DEV000800,USR000553,Streaming Stick,iOS,2025-05-27
DEV000801,USR000553,Smart TV,Windows,2025-08-25
DEV000802,USR000554,Mobile,Android,2025-05-31
DEV000803,USR000555,Smart TV,iOS,2025-01-28
DEV000804,USR000555,Laptop,Android,2025-09-22
DEV000805,USR000556,Mobile,Android,2025-08-26
DEV000806,USR000556,Streaming Stick,Windows,2025-11-27
DEV000807,USR000557,Smart TV,iOS,2025-09-14
DEV000808,USR000558,Laptop,Android,2025-10-27
DEV000809,USR000559,Smart TV,Windows,2025-10-07
DEV000810,USR000559,Tablet,iOS,2025-03-11
DEV000811,USR000559,Smart TV,Smart TV OS,2025-07-21
DEV000812,USR000560,Mobile,iOS,2025-08-19
DEV000813,USR000561,Laptop,Smart TV OS,2025-08-21
DEV000814,USR000562,Mobile,macOS,2025-04-14
DEV000815,USR000563,Streaming Stick,Smart TV OS,2025-02-16
DEV000816,USR000563,Laptop,macOS,2025-05-09
DEV000817,USR000564,Tablet,macOS,2025-03-25
DEV000818,USR000565,Smart TV,Android,2025-03-05
DEV000819,USR000565,Mobile,Windows,2025-02-16
DEV000820,USR000566,Smart TV,Android,2025-08-19
DEV000821,USR000567,Mobile,Smart TV OS,2025-02-13
DEV000822,USR000567,Smart TV,Smart TV OS,2025-09-26
DEV000823,USR000568,Streaming Stick,Android,2025-09-19
DEV000824,USR000568,Tablet,Smart TV OS,2025-11-10
DEV000825,USR000569,Smart TV,Windows,2025-07-13
DEV000826,USR000569,Tablet,iOS,2025-10-09
DEV000827,USR000569,Smart TV,Android,2025-07-14
DEV000828,USR000570,Mobile,Android,2025-03-29
DEV000829,USR000571,Smart TV,Smart TV OS,2025-10-17
DEV000830,USR000571,Smart TV,Android,2025-03-18
DEV000831,USR000572,Laptop,macOS,2025-03-16
DEV000832,USR000573,Smart TV,Android,2025-01-27
DEV000833,USR000574,Smart TV,iOS,2025-06-08
DEV000834,USR000575,Gaming Console,Windows,2025-08-17
DEV000835,USR000575,Smart TV,Android,2025-05-28
DEV000836,USR000576,Smart TV,Windows,2025-03-02
DEV000837,USR000576,Mobile,Windows,2025-03-09
DEV000838,USR000577,Laptop,Android,2025-01-02
DEV000839,USR000577,Mobile,Windows,2025-11-15
DEV000840,USR000577,Streaming Stick,macOS,2025-05-10
DEV000841,USR000578,Laptop,macOS,2025-09-12
DEV000842,USR000579,Gaming Console,macOS,2025-10-06
DEV000843,USR000579,Smart TV,iOS,2025-01-03
DEV000844,USR000580,Mobile,iOS,2025-09-10
DEV000845,USR000580,Laptop,iOS,2025-05-02
DEV000846,USR000581,Mobile,Windows,2025-09-01
DEV000847,USR000582,Tablet,iOS,2025-08-15
DEV000848,USR000583,Laptop,iOS,2025-11-04
DEV000849,USR000584,Gaming Console,Smart TV OS,2025-10-08
DEV000850,USR000585,Mobile,macOS,2025-11-18
DEV000851,USR000586,Streaming Stick,Android,2025-04-17
DEV000852,USR000587,Streaming Stick,Smart TV OS,2025-03-17
DEV000853,USR000588,Tablet,Windows,2025-06-28
DEV000854,USR000589,Smart TV,iOS,2025-01-17
DEV000855,USR000590,Tablet,iOS,2025-11-05
DEV000856,USR000590,Gaming Console,Android,2025-06-02
DEV000857,USR000591,Streaming Stick,iOS,2025-02-14
DEV000858,USR000592,Tablet,iOS,2025-08-02
DEV000859,USR000593,Tablet,Windows,2025-03-24
DEV000860,USR000593,Streaming Stick,iOS,2025-05-26
DEV000861,USR000593,Streaming Stick,Android,2025-11-09
DEV000862,USR000594,Tablet,Android,2025-11-01
DEV000863,USR000594,Smart TV,Android,2025-10-21
DEV000864,USR000595,Laptop,Windows,2025-04-01
DEV000865,USR000595,Mobile,Smart TV OS,2025-08-22
DEV000866,USR000596,Smart TV,macOS,2025-07-04
DEV000867,USR000596,Smart TV,Android,2025-01-19
DEV000868,USR000597,Laptop,iOS,2025-06-03
DEV000869,USR000598,Mobile,iOS,2025-07-14
DEV000870,USR000599,Smart TV,Windows,2025-08-07
DEV000871,USR000599,Smart TV,Android,2025-10-09
DEV000872,USR000600,Laptop,macOS,2025-08-30
DEV000873,USR000601,Smart TV,Smart TV OS,2025-05-21
DEV000874,USR000602,Smart TV,Smart TV OS,2025-07-31
DEV000875,USR000603,Mobile,iOS,2025-04-18
DEV000876,USR000604,Laptop,Android,2025-02-25
DEV000877,USR000604,Mobile,Windows,2025-10-20
DEV000878,USR000605,Laptop,Smart TV OS,2025-11-19
DEV000879,USR000605,Mobile,Android,2025-09-28
DEV000880,USR000606,Mobile,Android,2025-09-05
DEV000881,USR000606,Streaming Stick,Smart TV OS,2025-11-06
DEV000882,USR000606,Laptop,macOS,2025-05-28
DEV000883,USR000607,Laptop,Windows,2025-06-12
DEV000884,USR000608,Tablet,Smart TV OS,2025-10-22
DEV000885,USR000609,Mobile,macOS,2025-07-01
DEV000886,USR000609,Mobile,Android,2025-03-08
DEV000887,USR000609,Mobile,Android,2025-11-11
DEV000888,USR000610,Mobile,Windows,2025-09-24
DEV000889,USR000611,Smart TV,macOS,2025-09-12
DEV000890,USR000611,Streaming Stick,iOS,2025-09-10
DEV000891,USR000612,Gaming Console,Windows,2025-11-09
DEV000892,USR000612,Mobile,iOS,2025-04-30
DEV000893,USR000613,Smart TV,iOS,2025-04-10
DEV000894,USR000613,Streaming Stick,macOS,2025-01-01
DEV000895,USR000614,Gaming Console,macOS,2025-08-27
DEV000896,USR000615,Laptop,Android,2025-03-02
DEV000897,USR000615,Gaming Console,Android,2025-04-17
DEV000898,USR000616,Smart TV,Android,2025-08-01
DEV000899,USR000616,Mobile,Smart TV OS,2025-07-31
DEV000900,USR000617,Tablet,Windows,2025-06-29
DEV000901,USR000618,Laptop,Android,2025-11-23
DEV000902,USR000619,Smart TV,iOS,2025-11-24
DEV000903,USR000620,Laptop,Windows,2025-05-25
DEV000904,USR000621,Smart TV,macOS,2025-02-04
DEV000905,USR000622,Smart TV,Android,2025-09-17
DEV000906,USR000623,Gaming Console,Smart TV OS,2025-01-04
DEV000907,USR000624,Smart TV,Android,2025-06-20
DEV000908,USR000625,Laptop,macOS,2025-10-19
DEV000909,USR000626,Mobile,Android,2025-01-15
DEV000910,USR000626,Mobile,Android,2025-03-31
DEV000911,USR000627,Smart TV,Android,2025-06-23
DEV000912,USR000628,Gaming Console,Android,2025-09-03
DEV000913,USR000628,Mobile,Android,2025-08-31
DEV000914,USR000628,Streaming Stick,Windows,2025-01-19
DEV000915,USR000629,Laptop,macOS,2025-09-04
DEV000916,USR000629,Tablet,Android,2025-03-21
DEV000917,USR000630,Laptop,macOS,2025-10-02
DEV000918,USR000630,Smart TV,Windows,2025-06-21
DEV000919,USR000631,Smart TV,Android,2025-07-31
DEV000920,USR000632,Tablet,iOS,2025-01-29
DEV000921,USR000632,Smart TV,macOS,2025-09-24
DEV000922,USR000632,Streaming Stick,Windows,2025-06-03
DEV000923,USR000633,Streaming Stick,Android,2025-06-11
DEV000924,USR000634,Mobile,Android,2025-01-10
DEV000925,USR000635,Smart TV,iOS,2025-06-19
DEV000926,USR000636,Laptop,macOS,2025-07-01
DEV000927,USR000636,Smart TV,Windows,2025-02-03
DEV000928,USR000637,Mobile,macOS,2025-05-24
DEV000929,USR000637,Laptop,iOS,2025-01-16
DEV000930,USR000637,Smart TV,Smart TV OS,2025-06-23
DEV000931,USR000638,Smart TV,Android,2025-11-17
DEV000932,USR000638,Laptop,Windows,2025-10-01
DEV000933,USR000638,Smart TV,iOS,2025-03-26
DEV000934,USR000639,Smart TV,Android,2025-07-19
DEV000935,USR000640,Smart TV,Android,2025-03-01
DEV000936,USR000641,Gaming Console,Smart TV OS,2025-06-07
DEV000937,USR000641,Laptop,macOS,2025-06-11
DEV000938,USR000642,Streaming Stick,Windows,2025-05-20
DEV000939,USR000642,Tablet,Smart TV OS,2025-07-31
DEV000940,USR000643,Smart TV,macOS,2025-05-02
DEV000941,USR000644,Smart TV,Smart TV OS,2025-06-04
DEV000942,USR000645,Laptop,Smart TV OS,2025-06-04
DEV000943,USR000646,Mobile,Smart TV OS,2025-07-11
DEV000944,USR000647,Gaming Console,Android,2025-04-14
DEV000945,USR000647,Streaming Stick,iOS,2025-02-17
DEV000946,USR000648,Mobile,Smart TV OS,2025-01-13
DEV000947,USR000649,Mobile,iOS,2025-09-14
DEV000948,USR000649,Smart TV,iOS,2025-03-20
DEV000949,USR000650,Laptop,Windows,2025-09-05
DEV000950,USR000651,Tablet,macOS,2025-09-26
DEV000951,USR000651,Mobile,macOS,2025-06-08
DEV000952,USR000652,Smart TV,Android,2025-03-15
DEV000953,USR000652,Gaming Console,Smart TV OS,2025-02-20
DEV000954,USR000653,Mobile,Smart TV OS,2025-09-22
DEV000955,USR000653,Laptop,Android,2025-03-09
DEV000956,USR000654,Mobile,Android,2025-01-19
DEV000957,USR000655,Mobile,Android,2025-09-25
DEV000958,USR000656,Tablet,macOS,2025-06-09
DEV000959,USR000657,Smart TV,Windows,2025-11-01
DEV000960,USR000657,Laptop,Windows,2025-02-14
DEV000961,USR000657,Smart TV,Android,2025-06-20
DEV000962,USR000658,Mobile,Android,2025-01-24
DEV000963,USR000659,Smart TV,iOS,2025-06-09
DEV000964,USR000660,Mobile,Android,2025-06-09
DEV000965,USR000661,Laptop,Windows,2025-04-18
DEV000966,USR000661,Gaming Console,Android,2025-06-14
DEV000967,USR000662,Smart TV,iOS,2025-05-27
DEV000968,USR000663,Mobile,iOS,2025-06-13
DEV000969,USR000664,Mobile,Smart TV OS,2025-03-02
DEV000970,USR000664,Smart TV,iOS,2025-05-20
DEV000971,USR000665,Laptop,Smart TV OS,2025-05-21
DEV000972,USR000666,Streaming Stick,Android,2025-11-15
DEV000973,USR000667,Mobile,Windows,2025-02-22
DEV000974,USR000668,Mobile,iOS,2025-06-29
DEV000975,USR000669,Smart TV,Android,2025-05-19
DEV000976,USR000670,Tablet,iOS,2025-05-26
DEV000977,USR000671,Streaming Stick,Android,2025-03-29
DEV000978,USR000672,Mobile,iOS,2025-11-10
DEV000979,USR000673,Laptop,iOS,2025-10-04
DEV000980,USR000673,Laptop,iOS,2025-08-16
DEV000981,USR000674,Gaming Console,Smart TV OS,2025-01-15
DEV000982,USR000675,Tablet,Smart TV OS,2025-01-26
DEV000983,USR000676,Smart TV,iOS,2025-01-28
DEV000984,USR000677,Laptop,iOS,2025-07-20
DEV000985,USR000678,Smart TV,Android,2025-11-02
DEV000986,USR000679,Gaming Console,Android,2025-11-19
DEV000987,USR000679,Mobile,Android,2025-08-17
DEV000988,USR000680,Mobile,macOS,2025-06-09
DEV000989,USR000680,Mobile,Smart TV OS,2025-06-20
DEV000990,USR000681,Smart TV,Android,2025-10-01
DEV000991,USR000681,Laptop,macOS,2025-02-10
DEV000992,USR000682,Smart TV,Android,2025-08-27
DEV000993,USR000682,Smart TV,iOS,2025-10-18
DEV000994,USR000682,Laptop,Windows,2025-03-09
DEV000995,USR000683,Smart TV,Smart TV OS,2025-08-28
DEV000996,USR000684,Tablet,Windows,2025-06-08
DEV000997,USR000685,Mobile,iOS,2025-08-27
DEV000998,USR000685,Laptop,Android,2025-08-29
DEV000999,USR000686,Smart TV,Smart TV OS,2025-04-25
DEV001000,USR000687,Gaming Console,Smart TV OS,2025-11-12
DEV001001,USR000688,Mobile,Android,2025-07-06
DEV001002,USR000689,Mobile,iOS,2025-06-19
DEV001003,USR000690,Mobile,Smart TV OS,2025-06-16
DEV001004,USR000690,Mobile,macOS,2025-08-21
DEV001005,USR000691,Mobile,Smart TV OS,2025-02-03
DEV001006,USR000692,Mobile,Windows,2025-06-29
DEV001007,USR000693,Mobile,iOS,2025-03-29
DEV001008,USR000694,Laptop,macOS,2025-06-28
DEV001009,USR000695,Smart TV,iOS,2025-03-07
DEV001010,USR000695,Smart TV,Android,2025-09-18
DEV001011,USR000696,Smart TV,macOS,2025-02-24
DEV001012,USR000697,Smart TV,Smart TV OS,2025-02-06
DEV001013,USR000698,Smart TV,Smart TV OS,2025-09-30
DEV001014,USR000698,Gaming Console,iOS,2025-08-25
DEV001015,USR000699,Mobile,iOS,2025-07-31
DEV001016,USR000700,Streaming Stick,iOS,2025-05-05
DEV001017,USR000701,Gaming Console,Smart TV OS,2025-09-04
DEV001018,USR000702,Gaming Console,iOS,2025-06-24
DEV001019,USR000703,Smart TV,Windows,2025-10-30
DEV001020,USR000704,Streaming Stick,iOS,2025-08-11
DEV001021,USR000705,Gaming Console,Smart TV OS,2025-06-25
DEV001022,USR000706,Laptop,Android,2025-05-01
DEV001023,USR000707,Streaming Stick,Android,2025-02-09
DEV001024,USR000708,Mobile,Android,2025-10-21
DEV001025,USR000708,Smart TV,Windows,2025-09-07
DEV001026,USR000709,Smart TV,Android,2025-11-02
DEV001027,USR000710,Smart TV,Android,2025-10-12
DEV001028,USR000711,Mobile,macOS,2025-08-16
DEV001029,USR000712,Smart TV,iOS,2025-07-27
DEV001030,USR000713,Mobile,Windows,2025-02-25
DEV001031,USR000714,Mobile,Android,2025-11-02
DEV001032,USR000714,Smart TV,Smart TV OS,2025-07-14
DEV001033,USR000715,Smart TV,macOS,2025-11-27
DEV001034,USR000716,Smart TV,macOS,2025-02-16
DEV001035,USR000716,Laptop,Smart TV OS,2025-04-22
DEV001036,USR000717,Smart TV,Android,2025-10-25
DEV001037,USR000717,Tablet,Windows,2025-11-22
DEV001038,USR000718,Mobile,Android,2025-03-17
DEV001039,USR000718,Mobile,iOS,2025-03-18
DEV001040,USR000719,Smart TV,Windows,2025-05-30
DEV001041,USR000720,Laptop,Windows,2025-10-23
DEV001042,USR000721,Laptop,Android,2025-04-16
DEV001043,USR000722,Streaming Stick,Android,2025-06-12
DEV001044,USR000722,Smart TV,Android,2025-06-03
DEV001045,USR000723,Gaming Console,Android,2025-06-05
DEV001046,USR000724,Streaming Stick,iOS,2025-08-11
DEV001047,USR000724,Laptop,Android,2025-06-26
DEV001048,USR000725,Laptop,Smart TV OS,2025-10-26
DEV001049,USR000725,Mobile,Smart TV OS,2025-01-05
DEV001050,USR000725,Mobile,Windows,2025-11-10
DEV001051,USR000726,Smart TV,Android,2025-07-26
DEV001052,USR000726,Smart TV,iOS,2025-03-07
DEV001053,USR000726,Streaming Stick,Android,2025-05-31
DEV001054,USR000727,Smart TV,iOS,2025-10-09
DEV001055,USR000728,Smart TV,Android,2025-01-01
DEV001056,USR000728,Streaming Stick,Windows,2025-10-14
DEV001057,USR000728,Mobile,Android,2025-07-03
DEV001058,USR000729,Smart TV,Smart TV OS,2025-05-25
DEV001059,USR000730,Mobile,Android,2025-05-01
DEV001060,USR000730,Mobile,Windows,2025-08-10
DEV001061,USR000731,Laptop,Android,2025-07-21
DEV001062,USR000731,Laptop,macOS,2025-11-17
DEV001063,USR000732,Mobile,Windows,2025-07-15
DEV001064,USR000733,Smart TV,Smart TV OS,2025-08-11
DEV001065,USR000734,Smart TV,Android,2025-03-30
DEV001066,USR000735,Laptop,Smart TV OS,2025-04-07
DEV001067,USR000736,Smart TV,Android,2025-07-04
DEV001068,USR000737,Smart TV,Windows,2025-03-20
DEV001069,USR000737,Mobile,Smart TV OS,2025-05-28
DEV001070,USR000738,Smart TV,iOS,2025-03-06
DEV001071,USR000738,Laptop,Smart TV OS,2025-03-10
DEV001072,USR000738,Mobile,Android,2025-01-06
DEV001073,USR000739,Streaming Stick,Smart TV OS,2025-01-09
DEV001074,USR000740,Streaming Stick,Windows,2025-09-07
DEV001075,USR000741,Gaming Console,Windows,2025-03-11
DEV001076,USR000741,Smart TV,iOS,2025-02-13
DEV001077,USR000742,Tablet,Smart TV OS,2025-08-01
DEV001078,USR000743,Tablet,iOS,2025-11-06
DEV001079,USR000743,Smart TV,Android,2025-08-06
DEV001080,USR000744,Smart TV,macOS,2025-08-21
DEV001081,USR000744,Mobile,Windows,2025-09-18
DEV001082,USR000745,Mobile,Android,2025-08-19
DEV001083,USR000746,Mobile,iOS,2025-04-26
DEV001084,USR000747,Tablet,Windows,2025-11-06
DEV001085,USR000748,Mobile,macOS,2025-09-13
DEV001086,USR000749,Laptop,iOS,2025-05-02
DEV001087,USR000749,Tablet,iOS,2025-09-14
DEV001088,USR000750,Smart TV,Smart TV OS,2025-10-07
DEV001089,USR000751,Mobile,iOS,2025-01-18
DEV001090,USR000752,Streaming Stick,Android,2025-10-18
DEV001091,USR000752,Gaming Console,Android,2025-09-05
DEV001092,USR000752,Laptop,Android,2025-07-08
DEV001093,USR000753,Smart TV,Smart TV OS,2025-09-04
DEV001094,USR000754,Streaming Stick,Smart TV OS,2025-02-10
DEV001095,USR000754,Laptop,iOS,2025-03-14
DEV001096,USR000754,Laptop,Windows,2025-09-27
DEV001097,USR000755,Tablet,macOS,2025-05-24
DEV001098,USR000755,Laptop,Android,2025-08-27
DEV001099,USR000755,Laptop,iOS,2025-09-22
DEV001100,USR000756,Tablet,iOS,2025-11-09
DEV001101,USR000757,Mobile,iOS,2025-08-30
DEV001102,USR000758,Gaming Console,Windows,2025-02-09
DEV001103,USR000758,Streaming Stick,Smart TV OS,2025-11-21
DEV001104,USR000759,Laptop,iOS,2025-10-24
DEV001105,USR000760,Mobile,Smart TV OS,2025-01-28
DEV001106,USR000761,Smart TV,macOS,2025-10-01
DEV001107,USR000761,Mobile,Android,2025-01-06
DEV001108,USR000762,Mobile,Windows,2025-09-20
DEV001109,USR000763,Smart TV,macOS,2025-10-21
DEV001110,USR000763,Laptop,macOS,2025-06-19
DEV001111,USR000764,Mobile,iOS,2025-05-31
DEV001112,USR000765,Smart TV,iOS,2025-01-19
DEV001113,USR000766,Gaming Console,iOS,2025-11-02
DEV001114,USR000766,Smart TV,iOS,2025-06-05
DEV001115,USR000767,Tablet,Smart TV OS,2025-10-16
DEV001116,USR000767,Smart TV,iOS,2025-05-14
DEV001117,USR000768,Gaming Console,Android,2025-08-31
DEV001118,USR000769,Smart TV,macOS,2025-10-21
DEV001119,USR000770,Laptop,macOS,2025-05-30
DEV001120,USR000771,Smart TV,iOS,2025-11-16
DEV001121,USR000771,Mobile,macOS,2025-01-14
DEV001122,USR000772,Mobile,iOS,2025-02-12
DEV001123,USR000773,Mobile,Android,2025-02-09
DEV001124,USR000774,Tablet,Windows,2025-05-23
DEV001125,USR000774,Smart TV,iOS,2025-05-10
DEV001126,USR000775,Smart TV,Android,2025-05-24
DEV001127,USR000776,Mobile,Smart TV OS,2025-05-12
DEV001128,USR000777,Smart TV,Smart TV OS,2025-02-27
DEV001129,USR000778,Smart TV,Smart TV OS,2025-10-30
DEV001130,USR000778,Smart TV,Smart TV OS,2025-03-19
DEV001131,USR000779,Streaming Stick,Smart TV OS,2025-07-09
DEV001132,USR000779,Smart TV,Windows,2025-03-31
DEV001133,USR000780,Tablet,macOS,2025-05-01
DEV001134,USR000781,Mobile,Smart TV OS,2025-09-28
DEV001135,USR000782,Smart TV,Smart TV OS,2025-06-25
DEV001136,USR000782,Smart TV,iOS,2025-02-13
DEV001137,USR000783,Mobile,Android,2025-11-01
DEV001138,USR000783,Mobile,iOS,2025-03-20
DEV001139,USR000783,Smart TV,Android,2025-09-11
DEV001140,USR000784,Gaming Console,Windows,2025-07-31
DEV001141,USR000784,Mobile,Android,2025-07-16
DEV001142,USR000785,Laptop,iOS,2025-08-14
DEV001143,USR000786,Laptop,iOS,2025-03-27
DEV001144,USR000786,Smart TV,Windows,2025-04-18
DEV001145,USR000787,Tablet,Android,2025-06-26
DEV001146,USR000788,Laptop,iOS,2025-05-16
DEV001147,USR000789,Tablet,iOS,2025-03-01
DEV001148,USR000789,Smart TV,Windows,2025-01-27
DEV001149,USR000790,Laptop,iOS,2025-07-24
DEV001150,USR000791,Smart TV,macOS,2025-09-01
DEV001151,USR000792,Mobile,Android,2025-09-30
DEV001152,USR000792,Smart TV,Windows,2025-04-30
DEV001153,USR000793,Mobile,Windows,2025-07-19
DEV001154,USR000794,Mobile,iOS,2025-03-16
DEV001155,USR000795,Smart TV,iOS,2025-08-11
DEV001156,USR000796,Smart TV,iOS,2025-08-18
DEV001157,USR000797,Mobile,macOS,2025-06-11
DEV001158,USR000798,Tablet,iOS,2025-01-22
DEV001159,USR000798,Gaming Console,Android,2025-02-19
DEV001160,USR000798,Smart TV,macOS,2025-09-30
DEV001161,USR000799,Mobile,Android,2025-08-10
DEV001162,USR000799,Mobile,Android,2025-11-09
DEV001163,USR000800,Laptop,iOS,2025-05-20
DEV001164,USR000800,Mobile,Android,2025-06-21
DEV001165,USR000801,Laptop,Android,2025-02-20
DEV001166,USR000802,Smart TV,iOS,2025-10-27
DEV001167,USR000803,Tablet,iOS,2025-05-04
DEV001168,USR000804,Smart TV,Smart TV OS,2025-10-29
DEV001169,USR000804,Laptop,iOS,2025-04-10
DEV001170,USR000805,Laptop,Android,2025-04-03
DEV001171,USR000806,Mobile,macOS,2025-01-06
DEV001172,USR000807,Smart TV,macOS,2025-02-04
DEV001173,USR000807,Mobile,Android,2025-01-07
DEV001174,USR000808,Smart TV,Smart TV OS,2025-09-26
DEV001175,USR000809,Mobile,Android,2025-08-17
DEV001176,USR000810,Smart TV,iOS,2025-05-26
DEV001177,USR000811,Tablet,Android,2025-01-18
DEV001178,USR000812,Smart TV,iOS,2025-02-17
DEV001179,USR000813,Streaming Stick,Smart TV OS,2025-11-01
DEV001180,USR000814,Tablet,Smart TV OS,2025-04-22
DEV001181,USR000814,Smart TV,Smart TV OS,2025-11-03
DEV001182,USR000815,Smart TV,iOS,2025-03-03
DEV001183,USR000815,Smart TV,iOS,2025-02-14
DEV001184,USR000816,Gaming Console,iOS,2025-03-08
DEV001185,USR000816,Laptop,Windows,2025-07-12
DEV001186,USR000817,Mobile,Android,2025-10-17
DEV001187,USR000817,Tablet,macOS,2025-04-05
DEV001188,USR000818,Laptop,Smart TV OS,2025-04-05
DEV001189,USR000818,Mobile,Windows,2025-05-10
DEV001190,USR000819,Tablet,iOS,2025-02-08
DEV001191,USR000820,Gaming Console,Smart TV OS,2025-05-22
DEV001192,USR000820,Mobile,Android,2025-08-07
DEV001193,USR000821,Mobile,Android,2025-06-15
DEV001194,USR000821,Mobile,Android,2025-05-12
DEV001195,USR000822,Tablet,Android,2025-02-07
DEV001196,USR000823,Laptop,Android,2025-02-01
DEV001197,USR000824,Laptop,iOS,2025-06-20
DEV001198,USR000825,Mobile,iOS,2025-05-13
DEV001199,USR000825,Laptop,iOS,2025-05-16
DEV001200,USR000825,Laptop,Android,2025-04-02
DEV001201,USR000826,Gaming Console,iOS,2025-09-09
DEV001202,USR000827,Laptop,Windows,2025-04-13
DEV001203,USR000827,Laptop,Windows,2025-11-09
DEV001204,USR000827,Smart TV,iOS,2025-07-21
DEV001205,USR000828,Streaming Stick,Smart TV OS,2025-09-09
DEV001206,USR000829,Mobile,Windows,2025-10-04
DEV001207,USR000830,Tablet,iOS,2025-04-22
DEV001208,USR000830,Laptop,Windows,2025-11-11
DEV001209,USR000831,Gaming Console,iOS,2025-08-15
DEV001210,USR000831,Tablet,Android,2025-05-13
DEV001211,USR000832,Laptop,iOS,2025-02-07
DEV001212,USR000833,Smart TV,Android,2025-05-09
DEV001213,USR000834,Laptop,macOS,2025-01-10
DEV001214,USR000834,Tablet,iOS,2025-09-12
DEV001215,USR000835,Smart TV,Smart TV OS,2025-11-24
DEV001216,USR000836,Mobile,iOS,2025-01-20
DEV001217,USR000837,Laptop,iOS,2025-05-17
DEV001218,USR000837,Mobile,iOS,2025-03-19
DEV001219,USR000838,Mobile,Windows,2025-07-20
DEV001220,USR000838,Smart TV,Android,2025-10-22
DEV001221,USR000839,Smart TV,Smart TV OS,2025-09-09
DEV001222,USR000840,Streaming Stick,iOS,2025-07-26
DEV001223,USR000841,Laptop,Android,2025-02-05
DEV001224,USR000841,Streaming Stick,Smart TV OS,2025-10-04
DEV001225,USR000842,Smart TV,Smart TV OS,2025-07-16
DEV001226,USR000843,Mobile,iOS,2025-09-04
DEV001227,USR000843,Laptop,iOS,2025-03-04
DEV001228,USR000843,Mobile,iOS,2025-10-18
DEV001229,USR000844,Smart TV,Windows,2025-07-03
DEV001230,USR000845,Smart TV,Android,2025-06-05
DEV001231,USR000846,Laptop,iOS,2025-11-20
DEV001232,USR000847,Mobile,Android,2025-02-16
DEV001233,USR000847,Laptop,Android,2025-07-07
DEV001234,USR000847,Smart TV,Smart TV OS,2025-10-01
DEV001235,USR000848,Smart TV,macOS,2025-06-24
DEV001236,USR000848,Smart TV,macOS,2025-02-11
DEV001237,USR000849,Laptop,Android,2025-05-29
DEV001238,USR000849,Smart TV,Windows,2025-04-14
DEV001239,USR000850,Tablet,Windows,2025-01-21
DEV001240,USR000851,Mobile,macOS,2025-04-08
DEV001241,USR000851,Smart TV,iOS,2025-06-03
DEV001242,USR000851,Smart TV,Android,2025-07-19
DEV001243,USR000852,Gaming Console,Windows,2025-11-19
DEV001244,USR000852,Smart TV,Android,2025-07-03
DEV001245,USR000853,Smart TV,iOS,2025-11-20
DEV001246,USR000854,Streaming Stick,Windows,2025-04-08
DEV001247,USR000855,Mobile,iOS,2025-04-09
DEV001248,USR000856,Smart TV,Android,2025-10-31
DEV001249,USR000857,Streaming Stick,iOS,2025-07-19
DEV001250,USR000858,Gaming Console,macOS,2025-10-04
DEV001251,USR000859,Laptop,iOS,2025-09-13
DEV001252,USR000859,Mobile,Android,2025-10-01
DEV001253,USR000860,Tablet,iOS,2025-08-19
DEV001254,USR000860,Tablet,Android,2025-01-09
DEV001255,USR000860,Mobile,Android,2025-01-19
DEV001256,USR000861,Laptop,macOS,2025-06-22
DEV001257,USR000862,Tablet,iOS,2025-01-22
DEV001258,USR000862,Smart TV,Smart TV OS,2025-07-27
DEV001259,USR000863,Smart TV,iOS,2025-09-25
DEV001260,USR000864,Mobile,macOS,2025-10-02
DEV001261,USR000865,Tablet,Android,2025-10-24
DEV001262,USR000866,Mobile,Windows,2025-02-06
DEV001263,USR000867,Tablet,Android,2025-03-14
DEV001264,USR000868,Gaming Console,Windows,2025-01-10
DEV001265,USR000869,Mobile,macOS,2025-11-13
DEV001266,USR000870,Smart TV,Smart TV OS,2025-03-08
DEV001267,USR000871,Mobile,Android,2025-11-20
DEV001268,USR000872,Laptop,Android,2025-06-07
DEV001269,USR000873,Mobile,Smart TV OS,2025-02-19
DEV001270,USR000873,Laptop,Android,2025-08-22
DEV001271,USR000874,Streaming Stick,macOS,2025-10-30
DEV001272,USR000874,Laptop,Android,2025-02-02
DEV001273,USR000875,Laptop,macOS,2025-02-24
DEV001274,USR000875,Laptop,iOS,2025-02-28
DEV001275,USR000876,Gaming Console,Android,2025-11-12
DEV001276,USR000877,Mobile,iOS,2025-04-14
DEV001277,USR000878,Streaming Stick,Android,2025-07-25
DEV001278,USR000879,Tablet,Windows,2025-10-22
DEV001279,USR000880,Laptop,Android,2025-06-14
DEV001280,USR000881,Laptop,Android,2025-04-20
DEV001281,USR000881,Mobile,iOS,2025-01-24
DEV001282,USR000882,Gaming Console,iOS,2025-06-21
DEV001283,USR000883,Mobile,macOS,2025-05-21
DEV001284,USR000884,Mobile,Smart TV OS,2025-08-01
DEV001285,USR000885,Mobile,Smart TV OS,2025-07-09
DEV001286,USR000886,Laptop,Windows,2025-08-13
DEV001287,USR000887,Mobile,iOS,2025-10-25
DEV001288,USR000888,Mobile,macOS,2025-02-21
DEV001289,USR000889,Laptop,Android,2025-11-20
DEV001290,USR000889,Laptop,Android,2025-11-10
DEV001291,USR000890,Gaming Console,iOS,2025-03-22
DEV001292,USR000891,Smart TV,Android,2025-09-07
DEV001293,USR000892,Gaming Console,iOS,2025-01-04
DEV001294,USR000893,Gaming Console,iOS,2025-02-15
DEV001295,USR000894,Smart TV,Smart TV OS,2025-10-31
DEV001296,USR000894,Streaming Stick,iOS,2025-05-26
DEV001297,USR000895,Laptop,Android,2025-09-01
DEV001298,USR000896,Laptop,Android,2025-04-16
DEV001299,USR000896,Mobile,iOS,2025-03-15
DEV001300,USR000897,Mobile,iOS,2025-09-25
DEV001301,USR000897,Laptop,iOS,2025-08-19
DEV001302,USR000898,Mobile,Windows,2025-03-31
DEV001303,USR000899,Tablet,iOS,2025-01-20
DEV001304,USR000899,Mobile,Smart TV OS,2025-11-02
DEV001305,USR000900,Smart TV,iOS,2025-09-13
DEV001306,USR000901,Smart TV,iOS,2025-02-15
DEV001307,USR000901,Smart TV,Windows,2025-11-18
DEV001308,USR000902,Mobile,Android,2025-06-04
DEV001309,USR000902,Mobile,Windows,2025-06-28
DEV001310,USR000903,Smart TV,Android,2025-10-13
DEV001311,USR000904,Streaming Stick,Windows,2025-03-02
DEV001312,USR000905,Smart TV,Windows,2025-02-18
DEV001313,USR000905,Tablet,Smart TV OS,2025-11-13
DEV001314,USR000905,Tablet,macOS,2025-07-05
DEV001315,USR000906,Streaming Stick,iOS,2025-10-04
DEV001316,USR000906,Mobile,Windows,2025-09-17
DEV001317,USR000907,Streaming Stick,Android,2025-11-17
DEV001318,USR000908,Mobile,macOS,2025-05-22
DEV001319,USR000908,Mobile,Android,2025-01-28
DEV001320,USR000909,Mobile,Smart TV OS,2025-03-18
DEV001321,USR000910,Laptop,macOS,2025-08-31
DEV001322,USR000910,Smart TV,Windows,2025-09-12
DEV001323,USR000911,Streaming Stick,Smart TV OS,2025-01-23
DEV001324,USR000912,Gaming Console,macOS,2025-07-06
DEV001325,USR000913,Streaming Stick,Android,2025-08-11
DEV001326,USR000914,Smart TV,Windows,2025-11-12
DEV001327,USR000915,Laptop,Smart TV OS,2025-08-21
DEV001328,USR000915,Mobile,iOS,2025-01-23
DEV001329,USR000916,Streaming Stick,Android,2025-01-27
DEV001330,USR000917,Mobile,Android,2025-04-01
DEV001331,USR000917,Tablet,Windows,2025-03-22
DEV001332,USR000917,Mobile,Windows,2025-01-15
DEV001333,USR000918,Laptop,macOS,2025-03-01
DEV001334,USR000919,Smart TV,Android,2025-05-01
DEV001335,USR000920,Mobile,Windows,2025-10-31
DEV001336,USR000920,Streaming Stick,Windows,2025-10-24
DEV001337,USR000921,Mobile,Smart TV OS,2025-04-12
DEV001338,USR000922,Gaming Console,Android,2025-06-16
DEV001339,USR000922,Laptop,iOS,2025-04-28
DEV001340,USR000923,Tablet,iOS,2025-06-16
DEV001341,USR000923,Streaming Stick,iOS,2025-04-27
DEV001342,USR000924,Laptop,iOS,2025-07-31
DEV001343,USR000925,Mobile,Windows,2025-07-12
DEV001344,USR000925,Smart TV,Android,2025-04-23
DEV001345,USR000926,Smart TV,iOS,2025-10-27
DEV001346,USR000927,Laptop,Android,2025-08-12
DEV001347,USR000928,Smart TV,macOS,2025-11-09
DEV001348,USR000929,Mobile,Android,2025-07-18
DEV001349,USR000930,Mobile,iOS,2025-08-23
DEV001350,USR000931,Smart TV,Windows,2025-11-20
DEV001351,USR000931,Tablet,macOS,2025-07-03
DEV001352,USR000932,Mobile,iOS,2025-04-14
DEV001353,USR000932,Streaming Stick,Android,2025-06-21
DEV001354,USR000932,Mobile,iOS,2025-03-07
DEV001355,USR000933,Mobile,Windows,2025-10-19
DEV001356,USR000934,Mobile,Windows,2025-03-11
DEV001357,USR000935,Smart TV,iOS,2025-08-27
DEV001358,USR000936,Laptop,macOS,2025-03-29
DEV001359,USR000937,Smart TV,iOS,2025-04-23
DEV001360,USR000937,Laptop,iOS,2025-06-01
DEV001361,USR000938,Mobile,Android,2025-11-23
DEV001362,USR000938,Smart TV,Android,2025-11-10
DEV001363,USR000939,Laptop,iOS,2025-10-23
DEV001364,USR000939,Smart TV,Android,2025-10-11
DEV001365,USR000940,Mobile,Android,2025-02-14
DEV001366,USR000940,Laptop,Windows,2025-07-30
DEV001367,USR000941,Mobile,Android,2025-09-08
DEV001368,USR000941,Mobile,iOS,2025-04-21
DEV001369,USR000942,Mobile,Smart TV OS,2025-08-25
DEV001370,USR000943,Laptop,Windows,2025-08-08
DEV001371,USR000944,Smart TV,iOS,2025-05-07
DEV001372,USR000944,Smart TV,Smart TV OS,2025-05-07
DEV001373,USR000945,Mobile,Smart TV OS,2025-10-24
DEV001374,USR000946,Mobile,Smart TV OS,2025-10-30
DEV001375,USR000947,Laptop,Windows,2025-10-21
DEV001376,USR000947,Laptop,Android,2025-01-03
DEV001377,USR000947,Laptop,iOS,2025-08-02
DEV001378,USR000948,Tablet,iOS,2025-01-21
DEV001379,USR000948,Streaming Stick,iOS,2025-08-29
DEV001380,USR000948,Mobile,iOS,2025-09-16
DEV001381,USR000949,Mobile,Android,2025-09-29
DEV001382,USR000950,Tablet,iOS,2025-02-20
DEV001383,USR000951,Mobile,Windows,2025-05-04
DEV001384,USR000952,Smart TV,Android,2025-01-07
DEV001385,USR000953,Smart TV,Windows,2025-07-28
DEV001386,USR000953,Tablet,iOS,2025-04-22
DEV001387,USR000954,Mobile,Android,2025-06-01
DEV001388,USR000955,Smart TV,Android,2025-02-16
DEV001389,USR000956,Mobile,iOS,2025-06-06
DEV001390,USR000957,Mobile,iOS,2025-08-24
DEV001391,USR000958,Mobile,Windows,2025-10-26
DEV001392,USR000958,Mobile,macOS,2025-01-13
DEV001393,USR000959,Tablet,Android,2025-08-26
DEV001394,USR000959,Smart TV,Smart TV OS,2025-03-12
DEV001395,USR000959,Smart TV,Windows,2025-07-27
DEV001396,USR000960,Streaming Stick,Android,2025-07-09
DEV001397,USR000961,Smart TV,Android,2025-11-21
DEV001398,USR000961,Laptop,Windows,2025-01-01
DEV001399,USR000962,Mobile,Smart TV OS,2025-02-06
DEV001400,USR000962,Gaming Console,Android,2025-07-17
DEV001401,USR000963,Streaming Stick,Android,2025-06-20
DEV001402,USR000963,Smart TV,macOS,2025-09-29
DEV001403,USR000964,Laptop,Android,2025-08-07
DEV001404,USR000965,Smart TV,Windows,2025-11-10
DEV001405,USR000965,Smart TV,Android,2025-10-05
DEV001406,USR000966,Mobile,Smart TV OS,2025-04-17
DEV001407,USR000967,Tablet,Android,2025-02-11
DEV001408,USR000967,Mobile,iOS,2025-11-14
DEV001409,USR000968,Mobile,macOS,2025-01-29
DEV001410,USR000968,Gaming Console,Windows,2025-09-21
DEV001411,USR000969,Smart TV,iOS,2025-07-06
DEV001412,USR000969,Mobile,Smart TV OS,2025-01-27
DEV001413,USR000969,Mobile,Windows,2025-02-26
DEV001414,USR000970,Smart TV,iOS,2025-08-27
DEV001415,USR000971,Smart TV,Android,2025-07-07
DEV001416,USR000971,Mobile,Windows,2025-07-07
DEV001417,USR000972,Streaming Stick,Android,2025-10-14
DEV001418,USR000973,Mobile,Windows,2025-10-15
DEV001419,USR000973,Smart TV,Smart TV OS,2025-04-15
DEV001420,USR000974,Streaming Stick,Smart TV OS,2025-06-21
DEV001421,USR000975,Laptop,Smart TV OS,2025-02-28
DEV001422,USR000976,Tablet,iOS,2025-10-25
DEV001423,USR000976,Laptop,Android,2025-04-18
DEV001424,USR000977,Streaming Stick,Smart TV OS,2025-04-26
DEV001425,USR000977,Tablet,Android,2025-06-14
DEV001426,USR000978,Smart TV,Android,2025-05-17
DEV001427,USR000979,Mobile,Android,2025-08-05
DEV001428,USR000980,Gaming Console,Windows,2025-02-02
DEV001429,USR000981,Mobile,iOS,2025-08-20
DEV001430,USR000982,Mobile,iOS,2025-09-27
DEV001431,USR000983,Mobile,Windows,2025-08-29
DEV001432,USR000983,Smart TV,Windows,2025-09-30
DEV001433,USR000984,Mobile,iOS,2025-09-30
DEV001434,USR000984,Gaming Console,macOS,2025-05-30
DEV001435,USR000985,Laptop,Smart TV OS,2025-07-08
DEV001436,USR000986,Mobile,Android,2025-02-03
DEV001437,USR000986,Mobile,Windows,2025-04-07
DEV001438,USR000987,Mobile,Android,2025-08-23
DEV001439,USR000987,Smart TV,Smart TV OS,2025-02-14
DEV001440,USR000988,Smart TV,iOS,2025-04-02
DEV001441,USR000989,Mobile,iOS,2025-02-09
DEV001442,USR000990,Tablet,Smart TV OS,2025-05-22
DEV001443,USR000991,Gaming Console,Android,2025-03-17
DEV001444,USR000992,Smart TV,Android,2025-04-15
DEV001445,USR000993,Laptop,iOS,2025-11-18
DEV001446,USR000994,Mobile,Smart TV OS,2025-08-02
DEV001447,USR000995,Mobile,Smart TV OS,2025-10-05
DEV001448,USR000995,Mobile,iOS,2025-03-09
DEV001449,USR000995,Tablet,Smart TV OS,2025-08-31
DEV001450,USR000996,Tablet,iOS,2025-08-16
DEV001451,USR000997,Laptop,Android,2025-01-11
DEV001452,USR000997,Smart TV,Android,2025-05-30
DEV001453,USR000998,Smart TV,iOS,2025-01-12
DEV001454,USR000999,Laptop,Android,2025-04-29
DEV001455,USR000999,Smart TV,Windows,2025-09-24
DEV001456,USR001000,Streaming Stick,Android,2025-07-30
DEV001457,USR001000,Laptop,Windows,2025-10-24
DEV001458,USR001001,Mobile,Android,2025-11-27
DEV001459,USR001002,Laptop,iOS,2025-09-06
DEV001460,USR001002,Mobile,macOS,2025-10-31
DEV001461,USR001003,Mobile,Windows,2025-09-29
DEV001462,USR001003,Smart TV,Android,2025-10-08
DEV001463,USR001004,Smart TV,iOS,2025-06-05
DEV001464,USR001005,Laptop,Windows,2025-06-06
DEV001465,USR001006,Mobile,iOS,2025-05-14
DEV001466,USR001007,Laptop,Android,2025-07-10
DEV001467,USR001008,Smart TV,Android,2025-01-25
DEV001468,USR001008,Smart TV,Android,2025-03-17
DEV001469,USR001008,Mobile,Android,2025-06-30
DEV001470,USR001009,Laptop,Android,2025-03-27
DEV001471,USR001010,Smart TV,Windows,2025-03-24
DEV001472,USR001010,Laptop,Android,2025-10-02
DEV001473,USR001011,Laptop,Android,2025-03-31
DEV001474,USR001012,Tablet,Android,2025-03-20
DEV001475,USR001012,Mobile,Smart TV OS,2025-03-24
DEV001476,USR001013,Mobile,macOS,2025-01-22
DEV001477,USR001014,Laptop,iOS,2025-10-22
DEV001478,USR001014,Smart TV,iOS,2025-03-06
DEV001479,USR001014,Smart TV,Android,2025-08-14
DEV001480,USR001015,Smart TV,iOS,2025-04-05
DEV001481,USR001016,Smart TV,macOS,2025-01-18
DEV001482,USR001017,Gaming Console,Android,2025-06-26
DEV001483,USR001017,Mobile,Android,2025-03-17
DEV001484,USR001018,Mobile,Smart TV OS,2025-10-04
DEV001485,USR001019,Tablet,macOS,2025-10-01
DEV001486,USR001019,Mobile,macOS,2025-06-04
DEV001487,USR001019,Smart TV,Windows,2025-03-04
DEV001488,USR001020,Mobile,iOS,2025-07-27
DEV001489,USR001020,Mobile,macOS,2025-09-13
DEV001490,USR001020,Mobile,iOS,2025-03-16
DEV001491,USR001021,Mobile,Android,2025-06-13
DEV001492,USR001021,Mobile,Windows,2025-03-21
DEV001493,USR001021,Gaming Console,Android,2025-01-03
DEV001494,USR001022,Smart TV,iOS,2025-10-07
DEV001495,USR001022,Laptop,Smart TV OS,2025-09-17
DEV001496,USR001022,Gaming Console,iOS,2025-06-19
DEV001497,USR001023,Mobile,iOS,2025-06-01
DEV001498,USR001023,Mobile,iOS,2025-08-31
DEV001499,USR001024,Smart TV,Windows,2025-10-21
DEV001500,USR001024,Laptop,Smart TV OS,2025-03-17
DEV001501,USR001025,Laptop,Windows,2025-08-15
DEV001502,USR001025,Mobile,Android,2025-06-23
DEV001503,USR001026,Laptop,Android,2025-09-03
DEV001504,USR001026,Laptop,macOS,2025-01-21
DEV001505,USR001027,Smart TV,Android,2025-10-10
DEV001506,USR001028,Tablet,Smart TV OS,2025-01-13
DEV001507,USR001029,Laptop,iOS,2025-04-23
DEV001508,USR001030,Tablet,Android,2025-02-17
DEV001509,USR001031,Streaming Stick,Android,2025-11-08
DEV001510,USR001032,Gaming Console,Android,2025-10-26
DEV001511,USR001032,Streaming Stick,Smart TV OS,2025-09-27
DEV001512,USR001033,Mobile,iOS,2025-05-23
DEV001513,USR001034,Smart TV,iOS,2025-02-12
DEV001514,USR001035,Smart TV,Android,2025-08-17
DEV001515,USR001036,Smart TV,Windows,2025-02-14
DEV001516,USR001036,Laptop,Android,2025-09-20
DEV001517,USR001037,Laptop,Android,2025-09-09
DEV001518,USR001038,Smart TV,Windows,2025-11-06
DEV001519,USR001039,Smart TV,iOS,2025-01-29
DEV001520,USR001040,Smart TV,iOS,2025-07-04
DEV001521,USR001040,Streaming Stick,macOS,2025-07-23
DEV001522,USR001041,Mobile,iOS,2025-08-07
DEV001523,USR001042,Mobile,Android,2025-07-10
DEV001524,USR001043,Mobile,Windows,2025-06-26
DEV001525,USR001044,Tablet,Windows,2025-08-17
DEV001526,USR001045,Laptop,Android,2025-02-14
DEV001527,USR001045,Smart TV,Android,2025-04-21
DEV001528,USR001046,Smart TV,macOS,2025-08-16
DEV001529,USR001046,Laptop,iOS,2025-08-01
DEV001530,USR001047,Smart TV,Windows,2025-05-28
DEV001531,USR001047,Mobile,Android,2025-03-25
DEV001532,USR001048,Laptop,Android,2025-08-06
DEV001533,USR001048,Mobile,iOS,2025-08-01
DEV001534,USR001049,Mobile,Android,2025-10-28
DEV001535,USR001050,Smart TV,macOS,2025-03-15
DEV001536,USR001051,Smart TV,Android,2025-09-01
DEV001537,USR001052,Gaming Console,macOS,2025-09-26
DEV001538,USR001052,Mobile,macOS,2025-06-21
DEV001539,USR001052,Gaming Console,Smart TV OS,2025-02-03
DEV001540,USR001053,Mobile,iOS,2025-10-30
DEV001541,USR001053,Laptop,iOS,2025-07-12
DEV001542,USR001053,Smart TV,Android,2025-02-15
DEV001543,USR001054,Mobile,iOS,2025-11-24
DEV001544,USR001055,Mobile,iOS,2025-08-01
DEV001545,USR001055,Mobile,Android,2025-03-31
DEV001546,USR001056,Laptop,iOS,2025-10-18
DEV001547,USR001057,Mobile,macOS,2025-03-12
DEV001548,USR001057,Laptop,macOS,2025-04-13
DEV001549,USR001058,Laptop,Windows,2025-07-15
DEV001550,USR001059,Mobile,Android,2025-09-09
DEV001551,USR001060,Smart TV,Smart TV OS,2025-06-04
DEV001552,USR001061,Smart TV,Windows,2025-06-05
DEV001553,USR001061,Smart TV,Smart TV OS,2025-09-10
DEV001554,USR001062,Smart TV,Smart TV OS,2025-08-26
DEV001555,USR001063,Streaming Stick,Android,2025-01-02
DEV001556,USR001064,Streaming Stick,Android,2025-06-03
DEV001557,USR001065,Laptop,iOS,2025-11-22
DEV001558,USR001065,Gaming Console,iOS,2025-08-30
DEV001559,USR001065,Smart TV,Android,2025-03-05
DEV001560,USR001066,Mobile,iOS,2025-05-28
DEV001561,USR001066,Gaming Console,iOS,2025-08-02
DEV001562,USR001067,Streaming Stick,Smart TV OS,2025-11-27
DEV001563,USR001068,Smart TV,Smart TV OS,2025-03-03
DEV001564,USR001069,Smart TV,macOS,2025-09-10
DEV001565,USR001069,Gaming Console,Android,2025-02-04
DEV001566,USR001070,Laptop,iOS,2025-07-05
DEV001567,USR001071,Mobile,Windows,2025-10-17
DEV001568,USR001072,Gaming Console,Windows,2025-05-13
DEV001569,USR001073,Gaming Console,Smart TV OS,2025-09-01
DEV001570,USR001073,Tablet,Windows,2025-03-03
DEV001571,USR001074,Smart TV,Windows,2025-10-22
DEV001572,USR001075,Smart TV,Smart TV OS,2025-05-13
DEV001573,USR001076,Gaming Console,iOS,2025-01-30
DEV001574,USR001077,Smart TV,macOS,2025-08-25
DEV001575,USR001078,Mobile,iOS,2025-03-11
DEV001576,USR001078,Mobile,Android,2025-07-02
DEV001577,USR001079,Mobile,iOS,2025-05-20
DEV001578,USR001080,Gaming Console,Android,2025-11-22
DEV001579,USR001081,Smart TV,Windows,2025-07-02
DEV001580,USR001081,Smart TV,Windows,2025-01-25
DEV001581,USR001082,Mobile,Android,2025-09-29
DEV001582,USR001083,Mobile,macOS,2025-02-09
DEV001583,USR001083,Smart TV,Android,2025-09-21
DEV001584,USR001084,Smart TV,iOS,2025-11-18
DEV001585,USR001085,Gaming Console,Android,2025-02-18
DEV001586,USR001086,Tablet,macOS,2025-03-27
DEV001587,USR001087,Mobile,Android,2025-06-11
DEV001588,USR001088,Laptop,macOS,2025-06-04
DEV001589,USR001088,Smart TV,Windows,2025-05-19
DEV001590,USR001089,Streaming Stick,Android,2025-07-05
DEV001591,USR001089,Smart TV,Windows,2025-02-19
DEV001592,USR001090,Mobile,Smart TV OS,2025-06-30
DEV001593,USR001091,Mobile,macOS,2025-01-07
DEV001594,USR001091,Mobile,Android,2025-03-12
DEV001595,USR001092,Mobile,iOS,2025-07-10
DEV001596,USR001093,Mobile,Android,2025-07-30
DEV001597,USR001093,Mobile,Smart TV OS,2025-06-24
DEV001598,USR001094,Mobile,Android,2025-03-25
DEV001599,USR001094,Smart TV,iOS,2025-02-22
DEV001600,USR001094,Smart TV,macOS,2025-04-22
DEV001601,USR001095,Tablet,macOS,2025-04-24
DEV001602,USR001096,Streaming Stick,Smart TV OS,2025-10-14
DEV001603,USR001096,Laptop,iOS,2025-11-11
DEV001604,USR001097,Tablet,Smart TV OS,2025-09-27
DEV001605,USR001097,Smart TV,iOS,2025-09-30
DEV001606,USR001098,Laptop,iOS,2025-02-28
DEV001607,USR001098,Tablet,macOS,2025-08-02
DEV001608,USR001099,Laptop,Android,2025-02-09
DEV001609,USR001100,Streaming Stick,iOS,2025-03-09
DEV001610,USR001101,Gaming Console,iOS,2025-09-03
DEV001611,USR001101,Smart TV,Android,2025-06-28
DEV001612,USR001101,Tablet,iOS,2025-06-09
DEV001613,USR001102,Laptop,Windows,2025-03-13
DEV001614,USR001102,Mobile,Windows,2025-08-15
DEV001615,USR001103,Smart TV,Windows,2025-11-02
DEV001616,USR001103,Laptop,Android,2025-09-25
DEV001617,USR001104,Mobile,Android,2025-06-25
DEV001618,USR001104,Tablet,iOS,2025-03-30
DEV001619,USR001105,Mobile,iOS,2025-01-15
DEV001620,USR001105,Mobile,Android,2025-03-02
DEV001621,USR001106,Laptop,Smart TV OS,2025-03-14
DEV001622,USR001107,Gaming Console,macOS,2025-06-07
DEV001623,USR001107,Mobile,Windows,2025-03-06
DEV001624,USR001108,Smart TV,iOS,2025-02-10
DEV001625,USR001109,Laptop,Smart TV OS,2025-02-27
DEV001626,USR001110,Smart TV,Android,2025-09-05
DEV001627,USR001111,Smart TV,Android,2025-01-22
DEV001628,USR001111,Tablet,Windows,2025-04-11
DEV001629,USR001112,Streaming Stick,Android,2025-09-20
DEV001630,USR001113,Laptop,iOS,2025-08-29
DEV001631,USR001114,Smart TV,macOS,2025-05-10
DEV001632,USR001115,Laptop,Windows,2025-06-04
DEV001633,USR001116,Smart TV,Windows,2025-02-19
DEV001634,USR001116,Mobile,Android,2025-03-05
DEV001635,USR001117,Laptop,Android,2025-04-16
DEV001636,USR001117,Streaming Stick,Android,2025-10-28
DEV001637,USR001117,Mobile,Windows,2025-04-13
DEV001638,USR001118,Tablet,Android,2025-06-29
DEV001639,USR001119,Streaming Stick,Android,2025-03-16
DEV001640,USR001120,Mobile,Android,2025-05-23
DEV001641,USR001120,Laptop,Android,2025-10-24
DEV001642,USR001121,Smart TV,iOS,2025-03-24
DEV001643,USR001122,Laptop,Android,2025-11-10
DEV001644,USR001122,Smart TV,Android,2025-05-04
DEV001645,USR001123,Smart TV,Android,2025-02-04
DEV001646,USR001124,Streaming Stick,iOS,2025-10-24
DEV001647,USR001125,Streaming Stick,Android,2025-09-28
DEV001648,USR001125,Gaming Console,macOS,2025-04-22
DEV001649,USR001126,Tablet,Windows,2025-05-25
DEV001650,USR001126,Smart TV,Smart TV OS,2025-03-29
DEV001651,USR001127,Tablet,macOS,2025-10-03
DEV001652,USR001127,Streaming Stick,Android,2025-01-03
DEV001653,USR001128,Streaming Stick,iOS,2025-02-20
DEV001654,USR001128,Laptop,Smart TV OS,2025-04-20
DEV001655,USR001128,Streaming Stick,Android,2025-09-16
DEV001656,USR001129,Laptop,macOS,2025-09-01
DEV001657,USR001129,Mobile,Android,2025-07-07
DEV001658,USR001130,Mobile,macOS,2025-04-05
DEV001659,USR001130,Laptop,macOS,2025-08-14
DEV001660,USR001131,Streaming Stick,iOS,2025-02-24
DEV001661,USR001131,Laptop,Android,2025-04-03
DEV001662,USR001132,Laptop,Android,2025-07-14
DEV001663,USR001132,Smart TV,iOS,2025-08-06
DEV001664,USR001133,Tablet,Android,2025-04-27
DEV001665,USR001134,Tablet,Windows,2025-06-10
DEV001666,USR001135,Mobile,Windows,2025-02-26
DEV001667,USR001136,Mobile,Smart TV OS,2025-09-11
DEV001668,USR001137,Smart TV,Android,2025-05-28
DEV001669,USR001137,Streaming Stick,Android,2025-10-13
DEV001670,USR001138,Smart TV,Smart TV OS,2025-02-12
DEV001671,USR001138,Smart TV,Smart TV OS,2025-06-17
DEV001672,USR001139,Mobile,Windows,2025-07-17
DEV001673,USR001140,Smart TV,Windows,2025-11-04
DEV001674,USR001141,Mobile,iOS,2025-08-16
DEV001675,USR001141,Laptop,Smart TV OS,2025-04-26
DEV001676,USR001142,Laptop,Windows,2025-05-29
DEV001677,USR001143,Streaming Stick,Smart TV OS,2025-08-08
DEV001678,USR001143,Laptop,macOS,2025-04-07
DEV001679,USR001143,Smart TV,Windows,2025-02-05
DEV001680,USR001144,Mobile,Smart TV OS,2025-09-01
DEV001681,USR001144,Gaming Console,Android,2025-07-08
DEV001682,USR001145,Laptop,Smart TV OS,2025-09-09
DEV001683,USR001146,Laptop,Windows,2025-07-22
DEV001684,USR001146,Tablet,Windows,2025-08-13
DEV001685,USR001147,Tablet,Smart TV OS,2025-02-13
DEV001686,USR001148,Mobile,Windows,2025-07-22
DEV001687,USR001149,Laptop,Android,2025-10-30
DEV001688,USR001150,Tablet,iOS,2025-03-28
DEV001689,USR001150,Gaming Console,macOS,2025-02-03
DEV001690,USR001150,Smart TV,Android,2025-07-06
DEV001691,USR001151,Smart TV,macOS,2025-06-23
DEV001692,USR001151,Laptop,Windows,2025-04-13
DEV001693,USR001151,Smart TV,iOS,2025-11-01
DEV001694,USR001152,Mobile,Smart TV OS,2025-07-26
DEV001695,USR001152,Smart TV,iOS,2025-03-04
DEV001696,USR001153,Laptop,Android,2025-08-06
DEV001697,USR001154,Smart TV,iOS,2025-05-23
DEV001698,USR001154,Mobile,Windows,2025-10-25
DEV001699,USR001155,Tablet,Smart TV OS,2025-11-26
DEV001700,USR001156,Mobile,iOS,2025-07-02
DEV001701,USR001156,Streaming Stick,iOS,2025-09-01
DEV001702,USR001156,Smart TV,iOS,2025-11-05
DEV001703,USR001157,Tablet,iOS,2025-09-06
DEV001704,USR001157,Smart TV,Smart TV OS,2025-09-19
DEV001705,USR001157,Mobile,iOS,2025-05-23
DEV001706,USR001158,Mobile,iOS,2025-08-21
DEV001707,USR001159,Laptop,iOS,2025-05-09
DEV001708,USR001160,Smart TV,iOS,2025-04-29
DEV001709,USR001161,Mobile,Windows,2025-03-10
DEV001710,USR001161,Smart TV,Windows,2025-01-16
DEV001711,USR001162,Mobile,macOS,2025-01-28
DEV001712,USR001163,Mobile,Android,2025-09-13
DEV001713,USR001163,Smart TV,iOS,2025-01-14
DEV001714,USR001164,Mobile,iOS,2025-07-15
DEV001715,USR001164,Tablet,Windows,2025-11-06
DEV001716,USR001164,Mobile,Windows,2025-06-17
DEV001717,USR001165,Tablet,Windows,2025-11-15
DEV001718,USR001166,Smart TV,iOS,2025-02-09
DEV001719,USR001166,Smart TV,Smart TV OS,2025-09-24
DEV001720,USR001167,Smart TV,Windows,2025-08-27
DEV001721,USR001167,Smart TV,iOS,2025-04-14
DEV001722,USR001168,Streaming Stick,macOS,2025-09-12
DEV001723,USR001169,Smart TV,Windows,2025-05-14
DEV001724,USR001170,Mobile,Android,2025-10-04
DEV001725,USR001171,Tablet,Smart TV OS,2025-01-17
DEV001726,USR001172,Mobile,Android,2025-03-02
DEV001727,USR001172,Mobile,Android,2025-07-16
DEV001728,USR001172,Laptop,Smart TV OS,2025-08-19
DEV001729,USR001173,Smart TV,Windows,2025-07-12
DEV001730,USR001174,Smart TV,Android,2025-01-19
DEV001731,USR001175,Mobile,iOS,2025-10-13
DEV001732,USR001176,Smart TV,Smart TV OS,2025-06-05
DEV001733,USR001176,Smart TV,Windows,2025-03-26
DEV001734,USR001177,Mobile,Smart TV OS,2025-03-10
DEV001735,USR001178,Tablet,Windows,2025-07-19
DEV001736,USR001179,Laptop,Smart TV OS,2025-02-26
DEV001737,USR001180,Mobile,Android,2025-09-09
DEV001738,USR001181,Tablet,Android,2025-10-04
DEV001739,USR001181,Mobile,Smart TV OS,2025-10-20
DEV001740,USR001182,Laptop,Android,2025-10-15
DEV001741,USR001183,Smart TV,Android,2025-09-17
DEV001742,USR001183,Smart TV,Android,2025-01-29
DEV001743,USR001184,Laptop,Android,2025-09-11
DEV001744,USR001185,Gaming Console,Android,2025-07-13
DEV001745,USR001186,Mobile,Android,2025-06-30
DEV001746,USR001186,Smart TV,Smart TV OS,2025-05-26
DEV001747,USR001187,Mobile,Windows,2025-01-15
DEV001748,USR001188,Laptop,iOS,2025-03-07
DEV001749,USR001189,Mobile,iOS,2025-06-28
DEV001750,USR001189,Laptop,Windows,2025-10-26
DEV001751,USR001190,Mobile,Android,2025-11-17
DEV001752,USR001191,Laptop,iOS,2025-02-19
DEV001753,USR001192,Smart TV,iOS,2025-07-02
DEV001754,USR001193,Smart TV,Android,2025-01-29
DEV001755,USR001194,Gaming Console,macOS,2025-05-07
DEV001756,USR001194,Gaming Console,Smart TV OS,2025-05-01
DEV001757,USR001195,Gaming Console,iOS,2025-10-31
DEV001758,USR001195,Laptop,Android,2025-02-13
DEV001759,USR001196,Mobile,Windows,2025-02-03
DEV001760,USR001196,Smart TV,Smart TV OS,2025-06-06
DEV001761,USR001197,Smart TV,macOS,2025-03-28
DEV001762,USR001198,Laptop,Smart TV OS,2025-06-16
DEV001763,USR001199,Smart TV,Windows,2025-08-05
DEV001764,USR001200,Smart TV,Android,2025-08-04
DEV001765,USR001201,Smart TV,Smart TV OS,2025-08-29
DEV001766,USR001202,Tablet,Android,2025-06-12
DEV001767,USR001203,Smart TV,macOS,2025-07-19
DEV001768,USR001204,Mobile,iOS,2025-02-20
DEV001769,USR001205,Laptop,iOS,2025-02-21
DEV001770,USR001205,Laptop,Android,2025-04-16
DEV001771,USR001206,Mobile,Smart TV OS,2025-09-15
DEV001772,USR001207,Tablet,Smart TV OS,2025-06-23
DEV001773,USR001207,Smart TV,Smart TV OS,2025-03-27
DEV001774,USR001208,Smart TV,Smart TV OS,2025-07-06
DEV001775,USR001208,Smart TV,Android,2025-08-12
DEV001776,USR001209,Laptop,macOS,2025-11-22
DEV001777,USR001210,Gaming Console,iOS,2025-02-08
DEV001778,USR001210,Mobile,Windows,2025-10-02
DEV001779,USR001211,Tablet,macOS,2025-05-16
DEV001780,USR001212,Gaming Console,Windows,2025-10-21
DEV001781,USR001213,Tablet,macOS,2025-04-26
DEV001782,USR001214,Smart TV,iOS,2025-02-17
DEV001783,USR001214,Smart TV,Android,2025-10-24
DEV001784,USR001215,Tablet,Smart TV OS,2025-06-22
DEV001785,USR001216,Mobile,iOS,2025-10-18
DEV001786,USR001217,Mobile,Windows,2025-09-01
DEV001787,USR001217,Gaming Console,Smart TV OS,2025-08-07
DEV001788,USR001218,Smart TV,Smart TV OS,2025-02-09
DEV001789,USR001219,Mobile,macOS,2025-06-04
DEV001790,USR001219,Tablet,iOS,2025-09-16
DEV001791,USR001220,Smart TV,iOS,2025-08-10
DEV001792,USR001220,Smart TV,iOS,2025-10-04
DEV001793,USR001221,Gaming Console,Smart TV OS,2025-08-01
DEV001794,USR001222,Mobile,macOS,2025-11-16
DEV001795,USR001223,Laptop,Windows,2025-10-08
DEV001796,USR001224,Laptop,Smart TV OS,2025-01-10
DEV001797,USR001225,Mobile,Android,2025-09-22
DEV001798,USR001225,Mobile,Windows,2025-04-06
DEV001799,USR001226,Mobile,Windows,2025-04-20
DEV001800,USR001227,Mobile,Windows,2025-08-28
DEV001801,USR001227,Smart TV,iOS,2025-05-18
DEV001802,USR001228,Laptop,Android,2025-09-30
DEV001803,USR001228,Mobile,Android,2025-11-11
DEV001804,USR001228,Tablet,iOS,2025-08-11
DEV001805,USR001229,Smart TV,Windows,2025-11-17
DEV001806,USR001229,Smart TV,iOS,2025-01-31
DEV001807,USR001229,Smart TV,Windows,2025-09-25
DEV001808,USR001230,Smart TV,Smart TV OS,2025-08-25
DEV001809,USR001231,Laptop,Android,2025-03-19
DEV001810,USR001232,Mobile,Android,2025-06-03
DEV001811,USR001232,Laptop,macOS,2025-08-11
DEV001812,USR001233,Mobile,Windows,2025-02-02
DEV001813,USR001234,Streaming Stick,Smart TV OS,2025-07-31
DEV001814,USR001234,Smart TV,iOS,2025-05-17
DEV001815,USR001235,Smart TV,Windows,2025-11-27
DEV001816,USR001235,Tablet,Windows,2025-03-24
DEV001817,USR001236,Gaming Console,Android,2025-11-04
DEV001818,USR001237,Smart TV,Smart TV OS,2025-05-03
DEV001819,USR001238,Mobile,macOS,2025-04-09
DEV001820,USR001239,Gaming Console,Windows,2025-06-08
DEV001821,USR001240,Laptop,iOS,2025-10-14
DEV001822,USR001241,Streaming Stick,Windows,2025-08-05
DEV001823,USR001241,Laptop,Android,2025-01-19
DEV001824,USR001241,Mobile,Smart TV OS,2025-04-14
DEV001825,USR001242,Mobile,Smart TV OS,2025-03-11
DEV001826,USR001243,Gaming Console,Windows,2025-05-23
DEV001827,USR001244,Mobile,Android,2025-04-01
DEV001828,USR001244,Mobile,Android,2025-11-26
DEV001829,USR001245,Mobile,Windows,2025-09-06
DEV001830,USR001245,Mobile,Android,2025-01-11
DEV001831,USR001246,Tablet,Windows,2025-02-12
DEV001832,USR001247,Smart TV,Android,2025-06-02
DEV001833,USR001248,Mobile,macOS,2025-07-28
DEV001834,USR001248,Mobile,Windows,2025-07-06
DEV001835,USR001249,Tablet,iOS,2025-02-16
DEV001836,USR001249,Smart TV,iOS,2025-07-23
DEV001837,USR001250,Tablet,Android,2025-03-13
DEV001838,USR001250,Smart TV,iOS,2025-05-01
DEV001839,USR001250,Laptop,Android,2025-02-27
DEV001840,USR001251,Mobile,Windows,2025-09-14
DEV001841,USR001252,Mobile,Android,2025-09-25
DEV001842,USR001252,Mobile,iOS,2025-10-25
DEV001843,USR001252,Smart TV,Smart TV OS,2025-09-26
DEV001844,USR001253,Laptop,Smart TV OS,2025-02-16
DEV001845,USR001254,Mobile,Smart TV OS,2025-03-04
DEV001846,USR001255,Mobile,iOS,2025-06-10
DEV001847,USR001255,Tablet,Android,2025-06-18
DEV001848,USR001256,Laptop,Smart TV OS,2025-07-19
DEV001849,USR001256,Streaming Stick,Android,2025-05-01
DEV001850,USR001257,Streaming Stick,Windows,2025-04-22
DEV001851,USR001257,Tablet,Windows,2025-03-15
DEV001852,USR001257,Laptop,Windows,2025-02-24
DEV001853,USR001258,Mobile,Smart TV OS,2025-05-21
DEV001854,USR001259,Smart TV,Android,2025-05-11
DEV001855,USR001260,Laptop,Windows,2025-01-29
DEV001856,USR001260,Tablet,Windows,2025-09-09
DEV001857,USR001261,Smart TV,Smart TV OS,2025-02-27
DEV001858,USR001262,Smart TV,iOS,2025-08-05
DEV001859,USR001263,Laptop,Windows,2025-05-07
DEV001860,USR001264,Mobile,iOS,2025-03-16
DEV001861,USR001264,Mobile,Smart TV OS,2025-07-05
DEV001862,USR001264,Mobile,Windows,2025-09-01
DEV001863,USR001265,Mobile,Windows,2025-06-07
DEV001864,USR001265,Laptop,Android,2025-01-11
DEV001865,USR001266,Mobile,Android,2025-11-07
DEV001866,USR001266,Mobile,Android,2025-01-18
DEV001867,USR001267,Smart TV,macOS,2025-01-28
DEV001868,USR001267,Laptop,Windows,2025-05-03
DEV001869,USR001268,Smart TV,iOS,2025-07-16
DEV001870,USR001269,Mobile,iOS,2025-07-05
DEV001871,USR001270,Mobile,Android,2025-03-04
DEV001872,USR001270,Smart TV,Android,2025-10-01
DEV001873,USR001271,Mobile,Smart TV OS,2025-08-15
DEV001874,USR001271,Mobile,Android,2025-07-18
DEV001875,USR001272,Laptop,Android,2025-07-21
DEV001876,USR001273,Smart TV,Android,2025-05-11
DEV001877,USR001273,Mobile,iOS,2025-06-04
DEV001878,USR001273,Laptop,Windows,2025-02-16
DEV001879,USR001274,Mobile,Smart TV OS,2025-05-01
DEV001880,USR001274,Smart TV,iOS,2025-06-02
DEV001881,USR001274,Laptop,iOS,2025-04-18
DEV001882,USR001275,Mobile,Android,2025-03-24
DEV001883,USR001275,Smart TV,Android,2025-08-13
DEV001884,USR001276,Gaming Console,macOS,2025-11-26
DEV001885,USR001276,Laptop,Android,2025-07-28
DEV001886,USR001277,Mobile,Windows,2025-05-21
DEV001887,USR001277,Laptop,iOS,2025-02-11
DEV001888,USR001278,Tablet,iOS,2025-09-09
DEV001889,USR001278,Tablet,iOS,2025-08-30
DEV001890,USR001279,Laptop,iOS,2025-06-20
DEV001891,USR001279,Mobile,Android,2025-08-05
DEV001892,USR001280,Mobile,Android,2025-02-21
DEV001893,USR001280,Mobile,Windows,2025-03-24
DEV001894,USR001281,Smart TV,macOS,2025-09-17
DEV001895,USR001281,Mobile,Smart TV OS,2025-02-03
DEV001896,USR001282,Smart TV,Android,2025-11-05
DEV001897,USR001283,Mobile,iOS,2025-10-08
DEV001898,USR001283,Mobile,iOS,2025-06-17
DEV001899,USR001284,Streaming Stick,Android,2025-01-15
DEV001900,USR001285,Streaming Stick,macOS,2025-11-25
DEV001901,USR001285,Tablet,Smart TV OS,2025-11-25
DEV001902,USR001286,Mobile,Smart TV OS,2025-08-16
DEV001903,USR001287,Mobile,Windows,2025-03-11
DEV001904,USR001287,Mobile,macOS,2025-01-02
DEV001905,USR001288,Smart TV,Smart TV OS,2025-11-18
DEV001906,USR001289,Smart TV,Android,2025-10-22
DEV001907,USR001290,Laptop,Android,2025-03-22
DEV001908,USR001291,Mobile,iOS,2025-03-08
DEV001909,USR001292,Mobile,Smart TV OS,2025-07-30
DEV001910,USR001292,Mobile,Windows,2025-06-13
DEV001911,USR001293,Streaming Stick,Windows,2025-03-10
DEV001912,USR001294,Laptop,iOS,2025-10-31
DEV001913,USR001295,Gaming Console,macOS,2025-05-25
DEV001914,USR001295,Gaming Console,Android,2025-04-12
DEV001915,USR001296,Smart TV,Windows,2025-07-08
DEV001916,USR001297,Laptop,macOS,2025-07-13
DEV001917,USR001298,Tablet,Android,2025-10-20
DEV001918,USR001298,Laptop,Android,2025-04-25
DEV001919,USR001298,Mobile,Android,2025-01-11
DEV001920,USR001299,Smart TV,Android,2025-10-13
DEV001921,USR001299,Mobile,iOS,2025-11-10
DEV001922,USR001299,Streaming Stick,Windows,2025-11-17
DEV001923,USR001300,Smart TV,iOS,2025-02-15
DEV001924,USR001301,Smart TV,macOS,2025-04-12
DEV001925,USR001301,Gaming Console,iOS,2025-05-15
DEV001926,USR001301,Gaming Console,Android,2025-03-28
DEV001927,USR001302,Laptop,Windows,2025-11-13
DEV001928,USR001303,Tablet,Android,2025-05-14
DEV001929,USR001304,Smart TV,iOS,2025-07-08
DEV001930,USR001305,Laptop,Android,2025-10-18
DEV001931,USR001306,Gaming Console,iOS,2025-09-27
DEV001932,USR001307,Mobile,iOS,2025-08-21
DEV001933,USR001308,Mobile,iOS,2025-09-11
DEV001934,USR001308,Smart TV,Android,2025-03-02
DEV001935,USR001309,Mobile,Windows,2025-04-15
DEV001936,USR001310,Mobile,Android,2025-05-17
DEV001937,USR001311,Mobile,Windows,2025-09-11
DEV001938,USR001312,Smart TV,iOS,2025-08-09
DEV001939,USR001313,Tablet,Android,2025-11-04
DEV001940,USR001313,Smart TV,Windows,2025-04-21
DEV001941,USR001314,Mobile,Windows,2025-05-25
DEV001942,USR001314,Mobile,Android,2025-04-07
DEV001943,USR001314,Smart TV,iOS,2025-08-03
DEV001944,USR001315,Smart TV,Windows,2025-03-16
DEV001945,USR001316,Laptop,Windows,2025-05-15
DEV001946,USR001317,Laptop,Smart TV OS,2025-08-19
DEV001947,USR001318,Gaming Console,Android,2025-07-09
DEV001948,USR001318,Mobile,macOS,2025-10-26
DEV001949,USR001319,Gaming Console,iOS,2025-08-23
DEV001950,USR001319,Smart TV,macOS,2025-02-13
DEV001951,USR001320,Mobile,Android,2025-03-10
DEV001952,USR001321,Laptop,iOS,2025-07-23
DEV001953,USR001321,Laptop,Windows,2025-04-19
DEV001954,USR001322,Tablet,Windows,2025-08-05
DEV001955,USR001322,Streaming Stick,iOS,2025-11-02
DEV001956,USR001323,Mobile,iOS,2025-02-18
DEV001957,USR001324,Smart TV,Windows,2025-01-27
DEV001958,USR001325,Mobile,Windows,2025-05-01
DEV001959,USR001326,Laptop,Android,2025-07-01
DEV001960,USR001327,Mobile,Smart TV OS,2025-11-03
DEV001961,USR001327,Streaming Stick,iOS,2025-01-24
DEV001962,USR001327,Laptop,Android,2025-01-03
DEV001963,USR001328,Smart TV,macOS,2025-11-14
DEV001964,USR001329,Mobile,Android,2025-07-22
DEV001965,USR001330,Mobile,Smart TV OS,2025-03-09
DEV001966,USR001330,Streaming Stick,Windows,2025-10-14
DEV001967,USR001331,Smart TV,Windows,2025-04-02
DEV001968,USR001332,Streaming Stick,Smart TV OS,2025-09-15
DEV001969,USR001333,Mobile,Android,2025-06-23
DEV001970,USR001334,Gaming Console,macOS,2025-03-09
DEV001971,USR001334,Mobile,Windows,2025-02-15
DEV001972,USR001335,Mobile,iOS,2025-09-29
DEV001973,USR001336,Mobile,Android,2025-05-14
DEV001974,USR001337,Gaming Console,Android,2025-01-23
DEV001975,USR001338,Mobile,iOS,2025-09-13
DEV001976,USR001338,Smart TV,iOS,2025-05-24
DEV001977,USR001338,Mobile,Android,2025-07-04
DEV001978,USR001339,Smart TV,iOS,2025-05-25
DEV001979,USR001339,Laptop,Android,2025-05-15
DEV001980,USR001339,Mobile,iOS,2025-11-10
DEV001981,USR001340,Mobile,Windows,2025-05-16
DEV001982,USR001340,Laptop,iOS,2025-09-22
DEV001983,USR001341,Smart TV,Windows,2025-03-26
DEV001984,USR001342,Smart TV,iOS,2025-09-09
DEV001985,USR001343,Smart TV,iOS,2025-03-19
DEV001986,USR001343,Laptop,macOS,2025-10-12
DEV001987,USR001344,Smart TV,Windows,2025-11-22
DEV001988,USR001344,Smart TV,iOS,2025-08-14
DEV001989,USR001345,Streaming Stick,Android,2025-03-18
DEV001990,USR001346,Gaming Console,Windows,2025-04-04
DEV001991,USR001347,Laptop,Android,2025-05-14
DEV001992,USR001348,Smart TV,Smart TV OS,2025-08-28
DEV001993,USR001349,Smart TV,Android,2025-09-11
DEV001994,USR001350,Laptop,Windows,2025-07-02
DEV001995,USR001351,Mobile,Smart TV OS,2025-10-15
DEV001996,USR001351,Streaming Stick,Smart TV OS,2025-09-06
DEV001997,USR001351,Smart TV,iOS,2025-08-23
DEV001998,USR001352,Mobile,Android,2025-03-17
DEV001999,USR001353,Streaming Stick,Smart TV OS,2025-02-17
DEV002000,USR001354,Smart TV,Android,2025-05-26
DEV002001,USR001355,Smart TV,Android,2025-03-28
DEV002002,USR001356,Mobile,iOS,2025-05-20
DEV002003,USR001356,Mobile,Windows,2025-10-16
DEV002004,USR001357,Smart TV,Smart TV OS,2025-10-27
DEV002005,USR001357,Streaming Stick,Android,2025-04-19
DEV002006,USR001358,Laptop,Windows,2025-01-03
DEV002007,USR001359,Smart TV,iOS,2025-10-20
DEV002008,USR001360,Laptop,Windows,2025-02-09
DEV002009,USR001361,Tablet,Android,2025-09-13
DEV002010,USR001362,Mobile,macOS,2025-06-18
DEV002011,USR001362,Smart TV,Windows,2025-01-14
DEV002012,USR001363,Smart TV,Android,2025-03-04
DEV002013,USR001364,Smart TV,Android,2025-10-30
DEV002014,USR001365,Smart TV,Smart TV OS,2025-02-24
DEV002015,USR001365,Smart TV,macOS,2025-06-15
DEV002016,USR001365,Mobile,iOS,2025-03-20
DEV002017,USR001366,Mobile,Android,2025-08-24
DEV002018,USR001367,Smart TV,Smart TV OS,2025-09-03
DEV002019,USR001367,Tablet,macOS,2025-08-21
DEV002020,USR001368,Mobile,Windows,2025-05-18
DEV002021,USR001368,Streaming Stick,iOS,2025-11-01
DEV002022,USR001369,Smart TV,Smart TV OS,2025-06-18
DEV002023,USR001369,Smart TV,Smart TV OS,2025-01-23
DEV002024,USR001370,Laptop,iOS,2025-08-20
DEV002025,USR001370,Laptop,Windows,2025-06-16
DEV002026,USR001371,Mobile,Android,2025-10-19
DEV002027,USR001371,Tablet,Windows,2025-03-08
DEV002028,USR001371,Laptop,Android,2025-04-19
DEV002029,USR001372,Smart TV,macOS,2025-11-26
DEV002030,USR001372,Mobile,iOS,2025-05-25
DEV002031,USR001373,Smart TV,iOS,2025-01-29
DEV002032,USR001374,Laptop,Android,2025-10-08
DEV002033,USR001374,Smart TV,Windows,2025-11-05
DEV002034,USR001375,Mobile,Smart TV OS,2025-07-24
DEV002035,USR001376,Laptop,iOS,2025-05-03
DEV002036,USR001377,Mobile,Android,2025-07-24
DEV002037,USR001377,Mobile,Android,2025-02-15
DEV002038,USR001377,Mobile,Android,2025-01-11
DEV002039,USR001378,Laptop,Windows,2025-03-25
DEV002040,USR001378,Tablet,Smart TV OS,2025-07-18
DEV002041,USR001379,Laptop,Android,2025-05-26
DEV002042,USR001379,Mobile,Smart TV OS,2025-03-20
DEV002043,USR001380,Smart TV,iOS,2025-09-09
DEV002044,USR001381,Laptop,macOS,2025-06-08
DEV002045,USR001381,Gaming Console,Android,2025-11-05
DEV002046,USR001382,Tablet,Android,2025-02-19
DEV002047,USR001383,Smart TV,Smart TV OS,2025-09-20
DEV002048,USR001383,Streaming Stick,Android,2025-04-13
DEV002049,USR001384,Smart TV,iOS,2025-07-18
DEV002050,USR001385,Mobile,iOS,2025-10-16
DEV002051,USR001386,Mobile,Android,2025-02-16
DEV002052,USR001386,Gaming Console,Smart TV OS,2025-08-05
DEV002053,USR001387,Mobile,iOS,2025-11-11
DEV002054,USR001387,Mobile,Windows,2025-04-06
DEV002055,USR001388,Laptop,Windows,2025-08-07
DEV002056,USR001389,Streaming Stick,iOS,2025-09-20
DEV002057,USR001390,Smart TV,Windows,2025-08-26
DEV002058,USR001391,Smart TV,Windows,2025-03-21
DEV002059,USR001391,Mobile,Android,2025-09-11
DEV002060,USR001392,Mobile,Android,2025-09-26
DEV002061,USR001393,Laptop,Android,2025-08-28
DEV002062,USR001394,Tablet,Windows,2025-09-02
DEV002063,USR001395,Tablet,Android,2025-03-07
DEV002064,USR001396,Mobile,Windows,2025-06-03
DEV002065,USR001396,Smart TV,Android,2025-05-08
DEV002066,USR001397,Gaming Console,macOS,2025-06-01
DEV002067,USR001398,Tablet,Smart TV OS,2025-10-10
DEV002068,USR001399,Mobile,Windows,2025-01-24
DEV002069,USR001400,Smart TV,iOS,2025-09-19
DEV002070,USR001401,Smart TV,Android,2025-02-18
DEV002071,USR001402,Smart TV,iOS,2025-10-19
DEV002072,USR001403,Laptop,iOS,2025-07-01
DEV002073,USR001403,Streaming Stick,iOS,2025-05-11
DEV002074,USR001404,Tablet,iOS,2025-09-15
DEV002075,USR001405,Smart TV,Smart TV OS,2025-08-25
DEV002076,USR001406,Mobile,Android,2025-04-04
DEV002077,USR001407,Smart TV,Android,2025-01-24
DEV002078,USR001407,Laptop,iOS,2025-02-12
DEV002079,USR001408,Gaming Console,Windows,2025-06-02
DEV002080,USR001409,Smart TV,Windows,2025-08-21
DEV002081,USR001410,Gaming Console,Android,2025-08-19
DEV002082,USR001410,Smart TV,Smart TV OS,2025-11-16
DEV002083,USR001411,Smart TV,Smart TV OS,2025-06-24
DEV002084,USR001411,Laptop,Android,2025-04-06
DEV002085,USR001412,Smart TV,Android,2025-02-10
DEV002086,USR001413,Tablet,macOS,2025-11-06
DEV002087,USR001413,Tablet,Smart TV OS,2025-05-13
DEV002088,USR001414,Mobile,Smart TV OS,2025-02-24
DEV002089,USR001414,Smart TV,Smart TV OS,2025-08-11
DEV002090,USR001415,Smart TV,iOS,2025-01-03
DEV002091,USR001416,Mobile,macOS,2025-01-07
DEV002092,USR001417,Mobile,iOS,2025-09-02
DEV002093,USR001418,Gaming Console,Android,2025-07-27
DEV002094,USR001419,Smart TV,Android,2025-11-05
DEV002095,USR001419,Streaming Stick,Android,2025-09-07
DEV002096,USR001420,Smart TV,macOS,2025-11-12
DEV002097,USR001421,Laptop,macOS,2025-07-22
DEV002098,USR001422,Mobile,Android,2025-02-14
DEV002099,USR001422,Mobile,Android,2025-03-06
DEV002100,USR001423,Laptop,Windows,2025-04-08
DEV002101,USR001424,Laptop,Smart TV OS,2025-01-09
DEV002102,USR001425,Smart TV,Android,2025-04-07
DEV002103,USR001425,Laptop,Smart TV OS,2025-01-14
DEV002104,USR001426,Mobile,macOS,2025-03-16
DEV002105,USR001427,Laptop,Smart TV OS,2025-08-12
DEV002106,USR001427,Smart TV,iOS,2025-11-17
DEV002107,USR001428,Laptop,Android,2025-10-03
DEV002108,USR001428,Tablet,macOS,2025-04-08
DEV002109,USR001429,Laptop,Windows,2025-08-26
DEV002110,USR001430,Smart TV,Smart TV OS,2025-08-05
DEV002111,USR001431,Mobile,Android,2025-03-27
DEV002112,USR001432,Laptop,Android,2025-08-16
DEV002113,USR001432,Smart TV,Android,2025-09-06
DEV002114,USR001433,Mobile,Android,2025-08-19
DEV002115,USR001434,Tablet,Android,2025-04-14
DEV002116,USR001435,Tablet,Android,2025-07-20
DEV002117,USR001436,Tablet,Android,2025-01-05
DEV002118,USR001437,Tablet,Windows,2025-08-10
DEV002119,USR001438,Smart TV,iOS,2025-09-11
DEV002120,USR001438,Smart TV,Android,2025-10-24
DEV002121,USR001438,Mobile,iOS,2025-11-02
DEV002122,USR001439,Tablet,macOS,2025-05-29
DEV002123,USR001439,Smart TV,Android,2025-01-19
DEV002124,USR001440,Smart TV,Windows,2025-09-06
DEV002125,USR001441,Laptop,Android,2025-11-10
DEV002126,USR001442,Mobile,Smart TV OS,2025-09-07
DEV002127,USR001442,Gaming Console,Smart TV OS,2025-04-29
DEV002128,USR001442,Laptop,Android,2025-02-01
DEV002129,USR001443,Mobile,Android,2025-08-05
DEV002130,USR001444,Streaming Stick,Android,2025-10-11
DEV002131,USR001445,Smart TV,Android,2025-08-02
DEV002132,USR001446,Laptop,Smart TV OS,2025-03-01
DEV002133,USR001446,Mobile,iOS,2025-09-11
DEV002134,USR001447,Tablet,Smart TV OS,2025-11-27
DEV002135,USR001447,Smart TV,Smart TV OS,2025-06-27
DEV002136,USR001448,Mobile,Smart TV OS,2025-08-12
DEV002137,USR001449,Smart TV,Smart TV OS,2025-05-28
DEV002138,USR001450,Smart TV,macOS,2025-08-29
DEV002139,USR001450,Smart TV,Android,2025-06-26
DEV002140,USR001451,Smart TV,Windows,2025-09-17
DEV002141,USR001452,Laptop,Android,2025-06-23
DEV002142,USR001453,Mobile,Windows,2025-08-28
DEV002143,USR001453,Streaming Stick,Android,2025-03-09
DEV002144,USR001453,Mobile,Android,2025-05-31
DEV002145,USR001454,Smart TV,iOS,2025-07-19
DEV002146,USR001454,Mobile,macOS,2025-08-02
DEV002147,USR001455,Streaming Stick,iOS,2025-07-04
DEV002148,USR001455,Laptop,Windows,2025-08-30
DEV002149,USR001456,Tablet,Android,2025-03-24
DEV002150,USR001456,Tablet,Windows,2025-11-15
DEV002151,USR001457,Tablet,iOS,2025-02-14
DEV002152,USR001458,Smart TV,Smart TV OS,2025-03-08
DEV002153,USR001458,Laptop,Windows,2025-03-30
DEV002154,USR001459,Mobile,Android,2025-11-07
DEV002155,USR001460,Smart TV,iOS,2025-08-01
DEV002156,USR001461,Tablet,Smart TV OS,2025-09-10
DEV002157,USR001461,Mobile,Smart TV OS,2025-06-05
DEV002158,USR001461,Gaming Console,iOS,2025-05-01
DEV002159,USR001462,Smart TV,iOS,2025-01-25
DEV002160,USR001463,Gaming Console,iOS,2025-07-03
DEV002161,USR001463,Mobile,iOS,2025-05-14
DEV002162,USR001463,Gaming Console,Android,2025-07-02
DEV002163,USR001464,Mobile,Android,2025-03-31
DEV002164,USR001464,Smart TV,iOS,2025-09-15
DEV002165,USR001465,Tablet,Android,2025-02-02
DEV002166,USR001466,Mobile,iOS,2025-02-28
DEV002167,USR001467,Smart TV,Smart TV OS,2025-03-03
DEV002168,USR001467,Smart TV,Smart TV OS,2025-10-15
DEV002169,USR001468,Smart TV,Windows,2025-05-13
DEV002170,USR001469,Tablet,Smart TV OS,2025-07-01
DEV002171,USR001469,Mobile,Android,2025-01-24
DEV002172,USR001469,Smart TV,Smart TV OS,2025-10-13
DEV002173,USR001470,Mobile,Android,2025-03-19
DEV002174,USR001471,Mobile,Android,2025-09-21
DEV002175,USR001471,Laptop,iOS,2025-11-06
DEV002176,USR001472,Laptop,macOS,2025-01-26
DEV002177,USR001472,Mobile,Windows,2025-08-13
DEV002178,USR001473,Tablet,Android,2025-02-26
DEV002179,USR001473,Smart TV,Smart TV OS,2025-02-24
DEV002180,USR001474,Smart TV,iOS,2025-11-09
DEV002181,USR001474,Tablet,iOS,2025-02-22
DEV002182,USR001475,Tablet,Android,2025-01-22
DEV002183,USR001475,Streaming Stick,iOS,2025-09-17
DEV002184,USR001476,Smart TV,Windows,2025-11-19
DEV002185,USR001477,Smart TV,Windows,2025-04-16
DEV002186,USR001478,Streaming Stick,Android,2025-03-22
DEV002187,USR001478,Smart TV,iOS,2025-05-30
DEV002188,USR001479,Gaming Console,iOS,2025-09-17
DEV002189,USR001479,Smart TV,Android,2025-09-13
DEV002190,USR001480,Smart TV,Android,2025-02-20
DEV002191,USR001480,Laptop,Android,2025-03-20
DEV002192,USR001481,Streaming Stick,Windows,2025-06-21
DEV002193,USR001481,Laptop,iOS,2025-03-12
DEV002194,USR001482,Tablet,Android,2025-04-14
DEV002195,USR001483,Mobile,Smart TV OS,2025-08-01
DEV002196,USR001484,Mobile,iOS,2025-01-04
DEV002197,USR001484,Smart TV,Android,2025-05-06
DEV002198,USR001485,Mobile,Android,2025-08-31
DEV002199,USR001485,Mobile,macOS,2025-06-24
DEV002200,USR001486,Tablet,Android,2025-03-29
DEV002201,USR001487,Streaming Stick,iOS,2025-07-10
DEV002202,USR001488,Mobile,Windows,2025-08-01
DEV002203,USR001488,Smart TV,Smart TV OS,2025-07-04
DEV002204,USR001489,Tablet,iOS,2025-05-06
DEV002205,USR001489,Mobile,iOS,2025-03-19
DEV002206,USR001490,Laptop,Windows,2025-09-29
DEV002207,USR001490,Mobile,Android,2025-08-04
DEV002208,USR001491,Laptop,iOS,2025-03-12
DEV002209,USR001491,Streaming Stick,iOS,2025-08-08
DEV002210,USR001492,Tablet,iOS,2025-07-29
DEV002211,USR001493,Mobile,macOS,2025-09-22
DEV002212,USR001493,Mobile,Android,2025-07-05
DEV002213,USR001494,Tablet,Windows,2025-08-15
DEV002214,USR001494,Laptop,macOS,2025-03-16
DEV002215,USR001494,Laptop,Android,2025-01-06
DEV002216,USR001495,Smart TV,macOS,2025-09-22
DEV002217,USR001495,Gaming Console,Windows,2025-02-05
DEV002218,USR001496,Tablet,Smart TV OS,2025-06-11
DEV002219,USR001497,Smart TV,iOS,2025-03-26
DEV002220,USR001498,Laptop,iOS,2025-07-21
DEV002221,USR001499,Laptop,Android,2025-11-25
DEV002222,USR001499,Laptop,Windows,2025-03-19
DEV002223,USR001500,Gaming Console,Smart TV OS,2025-01-30
DEV002224,USR001500,Mobile,Android,2025-11-20
DEV002225,USR001501,Mobile,macOS,2025-09-24
DEV002226,USR001501,Mobile,macOS,2025-06-01
DEV002227,USR001501,Smart TV,macOS,2025-08-03
DEV002228,USR001502,Tablet,Android,2025-10-11
DEV002229,USR001503,Smart TV,Windows,2025-06-10
DEV002230,USR001503,Tablet,Smart TV OS,2025-06-26
DEV002231,USR001504,Laptop,Windows,2025-05-24
DEV002232,USR001505,Mobile,iOS,2025-11-09
DEV002233,USR001505,Mobile,Windows,2025-03-17
DEV002234,USR001506,Gaming Console,Windows,2025-08-17
DEV002235,USR001506,Mobile,iOS,2025-11-26
DEV002236,USR001507,Mobile,iOS,2025-10-06
DEV002237,USR001508,Mobile,iOS,2025-11-13
DEV002238,USR001508,Streaming Stick,Android,2025-08-15
DEV002239,USR001509,Mobile,Smart TV OS,2025-07-27
DEV002240,USR001509,Mobile,Smart TV OS,2025-04-12
DEV002241,USR001510,Laptop,Android,2025-02-13
DEV002242,USR001510,Smart TV,Android,2025-01-19
DEV002243,USR001511,Laptop,Windows,2025-07-19
DEV002244,USR001512,Tablet,Smart TV OS,2025-03-06
DEV002245,USR001512,Mobile,Android,2025-09-24
DEV002246,USR001513,Smart TV,Windows,2025-05-26
DEV002247,USR001513,Mobile,Android,2025-04-20
DEV002248,USR001513,Smart TV,Windows,2025-02-17
DEV002249,USR001514,Gaming Console,macOS,2025-06-09
DEV002250,USR001515,Gaming Console,macOS,2025-11-22
DEV002251,USR001516,Gaming Console,Android,2025-01-15
DEV002252,USR001517,Streaming Stick,Windows,2025-10-04
DEV002253,USR001517,Laptop,Windows,2025-10-31
DEV002254,USR001518,Mobile,iOS,2025-06-05
DEV002255,USR001519,Tablet,iOS,2025-09-16
DEV002256,USR001519,Mobile,macOS,2025-02-26
DEV002257,USR001520,Gaming Console,iOS,2025-07-10
DEV002258,USR001520,Gaming Console,Smart TV OS,2025-05-13
DEV002259,USR001521,Smart TV,Android,2025-07-01
DEV002260,USR001521,Tablet,Android,2025-03-05
DEV002261,USR001522,Gaming Console,Android,2025-03-05
DEV002262,USR001523,Smart TV,Windows,2025-10-21
DEV002263,USR001524,Mobile,Smart TV OS,2025-08-21
DEV002264,USR001524,Smart TV,Android,2025-06-23
DEV002265,USR001525,Laptop,iOS,2025-10-25
DEV002266,USR001525,Laptop,Android,2025-10-17
DEV002267,USR001525,Tablet,Android,2025-11-18
DEV002268,USR001526,Mobile,Windows,2025-11-01
DEV002269,USR001526,Smart TV,Android,2025-04-30
DEV002270,USR001527,Smart TV,Android,2025-05-26
DEV002271,USR001528,Streaming Stick,iOS,2025-10-21
DEV002272,USR001528,Smart TV,Smart TV OS,2025-03-13
DEV002273,USR001529,Smart TV,Smart TV OS,2025-09-24
DEV002274,USR001529,Smart TV,Windows,2025-05-07
DEV002275,USR001530,Smart TV,Smart TV OS,2025-09-22
DEV002276,USR001531,Smart TV,iOS,2025-07-04
DEV002277,USR001532,Smart TV,iOS,2025-03-17
DEV002278,USR001533,Mobile,macOS,2025-07-30
DEV002279,USR001533,Tablet,Smart TV OS,2025-02-11
DEV002280,USR001534,Smart TV,Android,2025-08-06
DEV002281,USR001535,Laptop,Windows,2025-09-01
DEV002282,USR001535,Tablet,macOS,2025-04-20
DEV002283,USR001536,Smart TV,iOS,2025-07-09
DEV002284,USR001537,Mobile,Smart TV OS,2025-07-26
DEV002285,USR001537,Mobile,Windows,2025-10-29
DEV002286,USR001538,Mobile,Android,2025-07-22
DEV002287,USR001539,Mobile,Android,2025-10-27
DEV002288,USR001539,Mobile,iOS,2025-09-13
DEV002289,USR001540,Smart TV,Windows,2025-08-14
DEV002290,USR001540,Smart TV,Windows,2025-09-08
DEV002291,USR001541,Smart TV,Windows,2025-08-02
DEV002292,USR001541,Smart TV,Android,2025-03-25
DEV002293,USR001542,Mobile,Smart TV OS,2025-03-07
DEV002294,USR001543,Laptop,Android,2025-08-23
DEV002295,USR001544,Tablet,iOS,2025-09-20
DEV002296,USR001545,Gaming Console,Windows,2025-03-02
DEV002297,USR001545,Streaming Stick,Android,2025-04-19
DEV002298,USR001546,Mobile,Android,2025-01-17
DEV002299,USR001547,Mobile,iOS,2025-10-14
DEV002300,USR001547,Smart TV,iOS,2025-07-09
DEV002301,USR001548,Tablet,Windows,2025-03-02
DEV002302,USR001548,Mobile,Windows,2025-11-05
DEV002303,USR001548,Streaming Stick,Android,2025-07-29
DEV002304,USR001549,Mobile,Smart TV OS,2025-07-09
DEV002305,USR001550,Laptop,Android,2025-01-21
DEV002306,USR001551,Tablet,macOS,2025-03-02
DEV002307,USR001552,Laptop,Windows,2025-07-11
DEV002308,USR001553,Smart TV,iOS,2025-09-06
DEV002309,USR001554,Smart TV,iOS,2025-03-15
DEV002310,USR001555,Mobile,Android,2025-10-29
DEV002311,USR001556,Tablet,Windows,2025-06-06
DEV002312,USR001557,Smart TV,Windows,2025-04-21
DEV002313,USR001557,Mobile,iOS,2025-04-04
DEV002314,USR001558,Mobile,Android,2025-09-08
DEV002315,USR001558,Gaming Console,iOS,2025-01-02
DEV002316,USR001559,Smart TV,Android,2025-06-28
DEV002317,USR001560,Tablet,iOS,2025-01-23
DEV002318,USR001561,Mobile,Windows,2025-10-21
DEV002319,USR001562,Smart TV,iOS,2025-08-20
DEV002320,USR001563,Laptop,iOS,2025-07-13
DEV002321,USR001563,Smart TV,Smart TV OS,2025-09-01
DEV002322,USR001564,Mobile,Smart TV OS,2025-11-07
DEV002323,USR001564,Mobile,Android,2025-03-09
DEV002324,USR001565,Smart TV,Android,2025-09-16
DEV002325,USR001565,Streaming Stick,iOS,2025-11-22
DEV002326,USR001566,Tablet,Windows,2025-08-19
DEV002327,USR001567,Tablet,iOS,2025-03-18
DEV002328,USR001567,Tablet,Smart TV OS,2025-06-16
DEV002329,USR001568,Smart TV,Smart TV OS,2025-11-16
DEV002330,USR001569,Laptop,Windows,2025-07-29
DEV002331,USR001569,Gaming Console,Android,2025-07-18
DEV002332,USR001570,Laptop,Android,2025-07-22
DEV002333,USR001571,Mobile,Android,2025-01-24
DEV002334,USR001572,Mobile,Smart TV OS,2025-08-15
DEV002335,USR001572,Laptop,iOS,2025-05-23
DEV002336,USR001572,Smart TV,Android,2025-11-27
DEV002337,USR001573,Gaming Console,iOS,2025-03-26
DEV002338,USR001574,Laptop,Smart TV OS,2025-10-20
DEV002339,USR001574,Laptop,iOS,2025-11-19
DEV002340,USR001575,Mobile,Smart TV OS,2025-06-08
DEV002341,USR001575,Mobile,iOS,2025-10-15
DEV002342,USR001576,Laptop,Windows,2025-11-26
DEV002343,USR001576,Mobile,iOS,2025-10-14
DEV002344,USR001577,Laptop,iOS,2025-11-13
DEV002345,USR001578,Mobile,Smart TV OS,2025-01-28
DEV002346,USR001579,Mobile,Android,2025-09-25
DEV002347,USR001579,Smart TV,Android,2025-04-07
DEV002348,USR001579,Gaming Console,Smart TV OS,2025-09-01
DEV002349,USR001580,Smart TV,Android,2025-01-10
DEV002350,USR001581,Mobile,iOS,2025-09-30
DEV002351,USR001582,Mobile,Windows,2025-01-10
DEV002352,USR001583,Mobile,Windows,2025-04-16
DEV002353,USR001584,Mobile,Android,2025-10-24
DEV002354,USR001585,Laptop,macOS,2025-10-01
DEV002355,USR001586,Mobile,Smart TV OS,2025-07-25
DEV002356,USR001586,Mobile,macOS,2025-10-29
DEV002357,USR001587,Laptop,iOS,2025-01-12
DEV002358,USR001588,Smart TV,Windows,2025-04-03
DEV002359,USR001589,Smart TV,macOS,2025-09-28
DEV002360,USR001590,Smart TV,Android,2025-05-12
DEV002361,USR001591,Mobile,Smart TV OS,2025-02-20
DEV002362,USR001592,Smart TV,Android,2025-05-27
DEV002363,USR001593,Mobile,Android,2025-05-11
DEV002364,USR001594,Laptop,Windows,2025-03-20
DEV002365,USR001594,Smart TV,iOS,2025-06-07
DEV002366,USR001595,Tablet,Android,2025-03-28
DEV002367,USR001595,Laptop,iOS,2025-01-31
DEV002368,USR001595,Mobile,iOS,2025-11-11
DEV002369,USR001596,Mobile,Android,2025-04-03
DEV002370,USR001596,Laptop,Android,2025-01-14
DEV002371,USR001596,Tablet,macOS,2025-01-30
DEV002372,USR001597,Mobile,Android,2025-02-20
DEV002373,USR001598,Mobile,Windows,2025-07-31
DEV002374,USR001599,Mobile,Android,2025-05-13
DEV002375,USR001599,Smart TV,Windows,2025-07-12
DEV002376,USR001600,Tablet,macOS,2025-03-03
DEV002377,USR001600,Laptop,macOS,2025-01-27
DEV002378,USR001600,Gaming Console,Android,2025-04-14
DEV002379,USR001601,Mobile,Android,2025-11-02
DEV002380,USR001602,Smart TV,iOS,2025-09-10
DEV002381,USR001603,Mobile,Windows,2025-09-16
DEV002382,USR001604,Mobile,Android,2025-02-28
DEV002383,USR001605,Smart TV,Android,2025-06-12
DEV002384,USR001606,Mobile,Windows,2025-07-28
DEV002385,USR001607,Laptop,Android,2025-01-15
DEV002386,USR001608,Mobile,iOS,2025-04-30
DEV002387,USR001609,Smart TV,Smart TV OS,2025-01-10
DEV002388,USR001609,Laptop,Windows,2025-05-18
DEV002389,USR001610,Mobile,iOS,2025-10-28
DEV002390,USR001611,Smart TV,iOS,2025-05-07
DEV002391,USR001611,Smart TV,macOS,2025-10-12
DEV002392,USR001612,Smart TV,Android,2025-03-06
DEV002393,USR001612,Smart TV,iOS,2025-06-05
DEV002394,USR001613,Laptop,Android,2025-08-17
DEV002395,USR001614,Mobile,Smart TV OS,2025-11-22
DEV002396,USR001615,Mobile,macOS,2025-03-14
DEV002397,USR001616,Tablet,Windows,2025-03-28
DEV002398,USR001617,Mobile,macOS,2025-10-03
DEV002399,USR001617,Streaming Stick,Android,2025-08-05
DEV002400,USR001618,Mobile,Windows,2025-10-12
DEV002401,USR001618,Laptop,iOS,2025-08-20
DEV002402,USR001618,Mobile,Android,2025-01-22
DEV002403,USR001619,Smart TV,Smart TV OS,2025-08-26
DEV002404,USR001620,Mobile,Android,2025-11-14
DEV002405,USR001620,Smart TV,Windows,2025-05-29
DEV002406,USR001620,Laptop,Windows,2025-03-27
DEV002407,USR001621,Smart TV,macOS,2025-09-04
DEV002408,USR001622,Smart TV,iOS,2025-05-09
DEV002409,USR001623,Tablet,Android,2025-07-14
DEV002410,USR001623,Smart TV,Android,2025-06-29
DEV002411,USR001624,Mobile,Smart TV OS,2025-04-19
DEV002412,USR001624,Mobile,Smart TV OS,2025-10-27
DEV002413,USR001625,Smart TV,iOS,2025-05-25
DEV002414,USR001625,Gaming Console,macOS,2025-01-24
DEV002415,USR001626,Mobile,Android,2025-10-01
DEV002416,USR001627,Smart TV,iOS,2025-06-03
DEV002417,USR001628,Tablet,macOS,2025-03-04
DEV002418,USR001629,Tablet,iOS,2025-10-12
DEV002419,USR001629,Mobile,iOS,2025-05-24
DEV002420,USR001630,Mobile,Windows,2025-04-18
DEV002421,USR001630,Mobile,Android,2025-11-09
DEV002422,USR001631,Mobile,Windows,2025-06-12
DEV002423,USR001632,Mobile,iOS,2025-06-25
DEV002424,USR001632,Smart TV,iOS,2025-11-22
DEV002425,USR001633,Mobile,Android,2025-08-20
DEV002426,USR001634,Smart TV,iOS,2025-06-14
DEV002427,USR001635,Mobile,Windows,2025-08-24
DEV002428,USR001636,Smart TV,Windows,2025-06-18
DEV002429,USR001636,Streaming Stick,Smart TV OS,2025-01-09
DEV002430,USR001636,Streaming Stick,macOS,2025-03-10
DEV002431,USR001637,Streaming Stick,Smart TV OS,2025-01-02
DEV002432,USR001637,Mobile,iOS,2025-11-08
DEV002433,USR001638,Laptop,iOS,2025-01-05
DEV002434,USR001639,Streaming Stick,Smart TV OS,2025-07-31
DEV002435,USR001639,Mobile,iOS,2025-10-12
DEV002436,USR001640,Mobile,Windows,2025-09-08
DEV002437,USR001640,Laptop,iOS,2025-07-21
DEV002438,USR001641,Tablet,Android,2025-02-09
DEV002439,USR001642,Smart TV,Smart TV OS,2025-08-16
DEV002440,USR001643,Streaming Stick,iOS,2025-06-30
DEV002441,USR001643,Gaming Console,iOS,2025-07-12
DEV002442,USR001644,Mobile,Windows,2025-07-03
DEV002443,USR001644,Laptop,Windows,2025-07-18
DEV002444,USR001645,Streaming Stick,Windows,2025-01-05
DEV002445,USR001646,Smart TV,Android,2025-07-09
DEV002446,USR001647,Gaming Console,Android,2025-08-16
DEV002447,USR001647,Laptop,Smart TV OS,2025-01-05
DEV002448,USR001647,Smart TV,Smart TV OS,2025-04-24
DEV002449,USR001648,Laptop,Android,2025-05-24
DEV002450,USR001648,Laptop,Smart TV OS,2025-07-03
DEV002451,USR001649,Mobile,macOS,2025-11-11
DEV002452,USR001650,Mobile,iOS,2025-04-24
DEV002453,USR001650,Laptop,Android,2025-04-30
DEV002454,USR001651,Laptop,Android,2025-07-05
DEV002455,USR001651,Tablet,Windows,2025-01-19
DEV002456,USR001651,Mobile,Windows,2025-05-24
DEV002457,USR001652,Streaming Stick,iOS,2025-11-07
DEV002458,USR001653,Streaming Stick,Smart TV OS,2025-04-11
DEV002459,USR001654,Mobile,macOS,2025-11-23
DEV002460,USR001654,Tablet,Windows,2025-07-22
DEV002461,USR001654,Smart TV,macOS,2025-02-26
DEV002462,USR001655,Smart TV,Smart TV OS,2025-10-19
DEV002463,USR001655,Mobile,Android,2025-09-14
DEV002464,USR001656,Smart TV,Android,2025-10-10
DEV002465,USR001657,Streaming Stick,Android,2025-10-17
DEV002466,USR001658,Smart TV,iOS,2025-11-05
DEV002467,USR001658,Smart TV,Android,2025-10-17
DEV002468,USR001659,Smart TV,Android,2025-10-29
DEV002469,USR001660,Laptop,Android,2025-02-03
DEV002470,USR001661,Mobile,Windows,2025-10-19
DEV002471,USR001662,Mobile,iOS,2025-09-25
DEV002472,USR001662,Tablet,macOS,2025-05-21
DEV002473,USR001663,Laptop,iOS,2025-01-12
DEV002474,USR001664,Mobile,Smart TV OS,2025-09-30
DEV002475,USR001664,Mobile,Android,2025-11-11
DEV002476,USR001664,Smart TV,Windows,2025-05-10
DEV002477,USR001665,Smart TV,macOS,2025-08-21
DEV002478,USR001665,Smart TV,iOS,2025-01-02
DEV002479,USR001666,Mobile,Android,2025-11-25
DEV002480,USR001666,Gaming Console,Android,2025-01-27
DEV002481,USR001666,Smart TV,Android,2025-06-15
DEV002482,USR001667,Smart TV,Smart TV OS,2025-07-28
DEV002483,USR001668,Smart TV,Windows,2025-09-23
DEV002484,USR001669,Laptop,macOS,2025-07-05
DEV002485,USR001670,Smart TV,Android,2025-01-23
DEV002486,USR001671,Mobile,Android,2025-04-25
DEV002487,USR001671,Smart TV,Windows,2025-01-25
DEV002488,USR001672,Mobile,Android,2025-08-04
DEV002489,USR001673,Mobile,Android,2025-06-11
DEV002490,USR001674,Mobile,iOS,2025-04-10
DEV002491,USR001675,Streaming Stick,Windows,2025-10-20
DEV002492,USR001676,Laptop,Android,2025-04-26
DEV002493,USR001676,Mobile,Smart TV OS,2025-08-05
DEV002494,USR001677,Mobile,Android,2025-05-08
DEV002495,USR001677,Laptop,Android,2025-04-11
DEV002496,USR001677,Streaming Stick,Windows,2025-03-26
DEV002497,USR001678,Gaming Console,Android,2025-02-02
DEV002498,USR001679,Smart TV,iOS,2025-02-19
DEV002499,USR001679,Mobile,macOS,2025-01-15
DEV002500,USR001680,Laptop,iOS,2025-01-13
DEV002501,USR001681,Smart TV,Smart TV OS,2025-11-17
DEV002502,USR001682,Mobile,Android,2025-05-09
DEV002503,USR001682,Smart TV,Windows,2025-05-07
DEV002504,USR001682,Smart TV,macOS,2025-02-25
DEV002505,USR001683,Tablet,Smart TV OS,2025-06-24
DEV002506,USR001684,Tablet,Android,2025-06-20
DEV002507,USR001684,Mobile,Android,2025-09-24
DEV002508,USR001685,Smart TV,Android,2025-02-07
DEV002509,USR001685,Smart TV,iOS,2025-11-04
DEV002510,USR001686,Smart TV,iOS,2025-02-18
DEV002511,USR001686,Smart TV,macOS,2025-11-17
DEV002512,USR001687,Mobile,Windows,2025-03-05
DEV002513,USR001688,Mobile,iOS,2025-02-01
DEV002514,USR001689,Mobile,Android,2025-07-13
DEV002515,USR001689,Smart TV,Smart TV OS,2025-06-10
DEV002516,USR001690,Laptop,Android,2025-02-03
DEV002517,USR001690,Smart TV,Windows,2025-03-07
DEV002518,USR001691,Smart TV,Windows,2025-08-15
DEV002519,USR001692,Mobile,Windows,2025-11-09
DEV002520,USR001693,Mobile,Android,2025-02-03
DEV002521,USR001693,Gaming Console,Android,2025-02-22
DEV002522,USR001694,Streaming Stick,Windows,2025-10-14
DEV002523,USR001694,Mobile,macOS,2025-01-27
DEV002524,USR001695,Smart TV,Android,2025-07-15
DEV002525,USR001696,Laptop,Windows,2025-11-13
DEV002526,USR001697,Mobile,Smart TV OS,2025-04-30
DEV002527,USR001697,Laptop,iOS,2025-11-03
DEV002528,USR001698,Laptop,Windows,2025-11-16
DEV002529,USR001698,Smart TV,Android,2025-01-06
DEV002530,USR001699,Mobile,Windows,2025-08-26
DEV002531,USR001700,Streaming Stick,Windows,2025-11-14
DEV002532,USR001700,Laptop,iOS,2025-11-14
DEV002533,USR001701,Streaming Stick,Smart TV OS,2025-01-14
DEV002534,USR001702,Mobile,Windows,2025-06-18
DEV002535,USR001703,Laptop,Android,2025-02-25
DEV002536,USR001704,Smart TV,Smart TV OS,2025-11-01
DEV002537,USR001705,Tablet,macOS,2025-10-31
DEV002538,USR001705,Streaming Stick,macOS,2025-04-10
DEV002539,USR001706,Tablet,Android,2025-03-06
DEV002540,USR001706,Mobile,iOS,2025-11-23
DEV002541,USR001707,Mobile,macOS,2025-07-01
DEV002542,USR001708,Mobile,Smart TV OS,2025-11-14
DEV002543,USR001709,Mobile,iOS,2025-05-05
DEV002544,USR001710,Streaming Stick,Android,2025-01-23
DEV002545,USR001711,Mobile,Android,2025-06-09
DEV002546,USR001712,Mobile,Windows,2025-09-20
DEV002547,USR001713,Laptop,iOS,2025-07-03
DEV002548,USR001713,Mobile,iOS,2025-06-09
DEV002549,USR001713,Laptop,iOS,2025-10-26
DEV002550,USR001714,Smart TV,Smart TV OS,2025-03-16
DEV002551,USR001714,Mobile,iOS,2025-03-17
DEV002552,USR001715,Mobile,Windows,2025-11-05
DEV002553,USR001716,Mobile,macOS,2025-07-08
DEV002554,USR001717,Smart TV,macOS,2025-09-23
DEV002555,USR001717,Smart TV,Android,2025-10-28
DEV002556,USR001717,Mobile,iOS,2025-03-16
DEV002557,USR001718,Smart TV,Android,2025-09-17
DEV002558,USR001719,Streaming Stick,Windows,2025-10-14
DEV002559,USR001719,Smart TV,macOS,2025-01-28
DEV002560,USR001720,Gaming Console,Android,2025-04-11
DEV002561,USR001721,Laptop,Android,2025-11-24
DEV002562,USR001721,Mobile,Android,2025-04-14
DEV002563,USR001721,Smart TV,Windows,2025-02-05
DEV002564,USR001722,Tablet,Smart TV OS,2025-09-01
DEV002565,USR001723,Tablet,Android,2025-08-28
DEV002566,USR001723,Laptop,Android,2025-11-04
DEV002567,USR001724,Mobile,Android,2025-10-24
DEV002568,USR001724,Tablet,Android,2025-10-17
DEV002569,USR001725,Laptop,Android,2025-11-12
DEV002570,USR001725,Mobile,Android,2025-06-03
DEV002571,USR001725,Smart TV,iOS,2025-08-03
DEV002572,USR001726,Gaming Console,Android,2025-02-23
DEV002573,USR001727,Mobile,Android,2025-01-22
DEV002574,USR001728,Smart TV,Android,2025-01-02
DEV002575,USR001729,Mobile,macOS,2025-04-28
DEV002576,USR001729,Mobile,macOS,2025-08-27
DEV002577,USR001730,Smart TV,Android,2025-05-03
DEV002578,USR001730,Smart TV,iOS,2025-09-04
DEV002579,USR001731,Mobile,macOS,2025-06-19
DEV002580,USR001731,Gaming Console,macOS,2025-07-12
DEV002581,USR001732,Tablet,Smart TV OS,2025-04-05
DEV002582,USR001733,Mobile,Smart TV OS,2025-01-04
DEV002583,USR001733,Laptop,Windows,2025-07-05
DEV002584,USR001734,Smart TV,iOS,2025-07-03
DEV002585,USR001735,Gaming Console,Smart TV OS,2025-02-28
DEV002586,USR001736,Mobile,Windows,2025-08-14
DEV002587,USR001737,Tablet,iOS,2025-10-27
DEV002588,USR001738,Smart TV,Android,2025-07-04
DEV002589,USR001738,Smart TV,Smart TV OS,2025-01-23
DEV002590,USR001739,Mobile,Windows,2025-04-12
DEV002591,USR001739,Smart TV,iOS,2025-04-12
DEV002592,USR001739,Gaming Console,iOS,2025-05-26
DEV002593,USR001740,Smart TV,iOS,2025-05-15
DEV002594,USR001741,Smart TV,Windows,2025-06-23
DEV002595,USR001741,Mobile,Android,2025-10-11
DEV002596,USR001742,Tablet,Windows,2025-04-11
DEV002597,USR001743,Mobile,macOS,2025-05-15
DEV002598,USR001744,Mobile,Android,2025-01-11
DEV002599,USR001744,Smart TV,Windows,2025-03-12
DEV002600,USR001745,Smart TV,Android,2025-02-26
DEV002601,USR001746,Laptop,Smart TV OS,2025-04-18
DEV002602,USR001747,Laptop,iOS,2025-05-03
DEV002603,USR001748,Smart TV,Android,2025-07-10
DEV002604,USR001749,Tablet,Smart TV OS,2025-09-27
DEV002605,USR001749,Smart TV,Windows,2025-11-16
DEV002606,USR001750,Laptop,iOS,2025-02-03
DEV002607,USR001750,Mobile,Windows,2025-03-02
DEV002608,USR001751,Mobile,iOS,2025-03-08
DEV002609,USR001752,Smart TV,Windows,2025-04-09
DEV002610,USR001752,Smart TV,Android,2025-09-30
DEV002611,USR001753,Smart TV,Smart TV OS,2025-07-11
DEV002612,USR001754,Smart TV,iOS,2025-08-08
DEV002613,USR001755,Laptop,iOS,2025-05-06
DEV002614,USR001755,Laptop,Android,2025-01-24
DEV002615,USR001755,Streaming Stick,iOS,2025-11-12
DEV002616,USR001756,Mobile,Windows,2025-10-02
DEV002617,USR001757,Laptop,Android,2025-03-18
DEV002618,USR001758,Mobile,Windows,2025-01-28
DEV002619,USR001759,Mobile,Android,2025-05-24
DEV002620,USR001759,Laptop,iOS,2025-03-06
DEV002621,USR001760,Smart TV,macOS,2025-10-27
DEV002622,USR001760,Smart TV,Android,2025-09-08
DEV002623,USR001761,Laptop,Windows,2025-02-11
DEV002624,USR001762,Mobile,iOS,2025-11-11
DEV002625,USR001762,Gaming Console,Android,2025-02-03
DEV002626,USR001763,Mobile,Smart TV OS,2025-07-18
DEV002627,USR001764,Smart TV,Android,2025-11-27
DEV002628,USR001764,Mobile,macOS,2025-09-18
DEV002629,USR001765,Smart TV,Android,2025-09-23
DEV002630,USR001766,Smart TV,iOS,2025-06-14
DEV002631,USR001767,Streaming Stick,Android,2025-09-27
DEV002632,USR001767,Smart TV,Smart TV OS,2025-09-05
DEV002633,USR001768,Streaming Stick,Android,2025-09-11
DEV002634,USR001768,Mobile,Android,2025-08-31
DEV002635,USR001769,Smart TV,iOS,2025-07-25
DEV002636,USR001770,Tablet,Android,2025-10-26
DEV002637,USR001770,Mobile,Windows,2025-01-19
DEV002638,USR001771,Streaming Stick,Smart TV OS,2025-04-14
DEV002639,USR001772,Laptop,macOS,2025-05-01
DEV002640,USR001773,Smart TV,Windows,2025-06-06
DEV002641,USR001774,Mobile,Windows,2025-07-13
DEV002642,USR001775,Smart TV,Windows,2025-07-11
DEV002643,USR001776,Mobile,iOS,2025-02-13
DEV002644,USR001777,Smart TV,Windows,2025-02-13
DEV002645,USR001778,Laptop,Android,2025-09-23
DEV002646,USR001779,Mobile,macOS,2025-10-26
DEV002647,USR001780,Smart TV,Android,2025-09-20
DEV002648,USR001781,Streaming Stick,macOS,2025-08-07
DEV002649,USR001781,Mobile,macOS,2025-08-19
DEV002650,USR001782,Smart TV,macOS,2025-07-29
DEV002651,USR001783,Mobile,Android,2025-09-12
DEV002652,USR001784,Smart TV,iOS,2025-07-15
DEV002653,USR001785,Laptop,macOS,2025-08-15
DEV002654,USR001786,Smart TV,Smart TV OS,2025-11-27
DEV002655,USR001787,Tablet,Smart TV OS,2025-02-12
DEV002656,USR001788,Smart TV,Android,2025-09-14
DEV002657,USR001789,Streaming Stick,Android,2025-11-26
DEV002658,USR001790,Mobile,iOS,2025-05-22
DEV002659,USR001791,Smart TV,Android,2025-02-20
DEV002660,USR001791,Laptop,iOS,2025-03-02
DEV002661,USR001791,Smart TV,iOS,2025-02-06
DEV002662,USR001792,Mobile,Android,2025-10-07
DEV002663,USR001793,Gaming Console,Windows,2025-04-11
DEV002664,USR001794,Smart TV,Android,2025-05-09
DEV002665,USR001794,Gaming Console,Windows,2025-06-04
DEV002666,USR001795,Laptop,Android,2025-05-21
DEV002667,USR001795,Streaming Stick,Android,2025-04-08
DEV002668,USR001796,Tablet,Android,2025-03-12
DEV002669,USR001796,Tablet,Android,2025-10-06
DEV002670,USR001797,Gaming Console,Android,2025-01-05
DEV002671,USR001797,Laptop,Smart TV OS,2025-06-03
DEV002672,USR001798,Mobile,iOS,2025-06-27
DEV002673,USR001799,Gaming Console,Android,2025-07-26
DEV002674,USR001799,Mobile,iOS,2025-07-27
DEV002675,USR001800,Mobile,Android,2025-01-07
DEV002676,USR001800,Smart TV,Android,2025-08-30
DEV002677,USR001801,Smart TV,Android,2025-03-18
DEV002678,USR001801,Smart TV,Android,2025-07-23
DEV002679,USR001802,Mobile,Smart TV OS,2025-04-18
DEV002680,USR001803,Mobile,Smart TV OS,2025-09-22
DEV002681,USR001804,Smart TV,iOS,2025-10-10
DEV002682,USR001805,Mobile,Android,2025-08-25
DEV002683,USR001805,Streaming Stick,Android,2025-06-24
DEV002684,USR001806,Tablet,iOS,2025-06-10
DEV002685,USR001806,Mobile,Smart TV OS,2025-04-07
DEV002686,USR001807,Mobile,Android,2025-08-02
DEV002687,USR001808,Mobile,Android,2025-08-19
DEV002688,USR001809,Mobile,iOS,2025-01-16
DEV002689,USR001809,Streaming Stick,Smart TV OS,2025-07-11
DEV002690,USR001810,Streaming Stick,Windows,2025-03-07
DEV002691,USR001811,Laptop,iOS,2025-01-05
DEV002692,USR001812,Laptop,Smart TV OS,2025-07-01
DEV002693,USR001813,Smart TV,Android,2025-08-03
DEV002694,USR001814,Smart TV,iOS,2025-07-26
DEV002695,USR001815,Tablet,iOS,2025-10-03
DEV002696,USR001815,Streaming Stick,Smart TV OS,2025-06-03
DEV002697,USR001816,Smart TV,Android,2025-01-12
DEV002698,USR001817,Mobile,iOS,2025-01-17
DEV002699,USR001818,Laptop,Windows,2025-03-20
DEV002700,USR001818,Smart TV,iOS,2025-06-19
DEV002701,USR001818,Mobile,Smart TV OS,2025-10-18
DEV002702,USR001819,Laptop,Android,2025-11-05
DEV002703,USR001819,Laptop,iOS,2025-11-08
DEV002704,USR001820,Streaming Stick,Android,2025-07-20
DEV002705,USR001821,Gaming Console,Android,2025-04-15
DEV002706,USR001821,Laptop,Android,2025-07-20
DEV002707,USR001821,Mobile,iOS,2025-02-02
DEV002708,USR001822,Mobile,Android,2025-04-07
DEV002709,USR001823,Smart TV,Windows,2025-06-18
DEV002710,USR001824,Streaming Stick,Windows,2025-08-20
DEV002711,USR001825,Mobile,Android,2025-06-05
DEV002712,USR001825,Mobile,macOS,2025-02-17
DEV002713,USR001826,Smart TV,macOS,2025-10-11
DEV002714,USR001827,Mobile,macOS,2025-11-05
DEV002715,USR001828,Smart TV,Android,2025-04-06
DEV002716,USR001829,Mobile,iOS,2025-07-17
DEV002717,USR001830,Gaming Console,Smart TV OS,2025-04-30
DEV002718,USR001831,Mobile,Android,2025-09-26
DEV002719,USR001832,Laptop,Android,2025-01-30
DEV002720,USR001833,Smart TV,Windows,2025-01-06
DEV002721,USR001834,Gaming Console,Android,2025-07-30
DEV002722,USR001835,Laptop,Smart TV OS,2025-02-26
DEV002723,USR001836,Laptop,iOS,2025-08-03
DEV002724,USR001837,Tablet,macOS,2025-02-05
DEV002725,USR001838,Laptop,Android,2025-04-16
DEV002726,USR001839,Laptop,Android,2025-04-16
DEV002727,USR001840,Streaming Stick,Windows,2025-09-01
DEV002728,USR001841,Streaming Stick,Android,2025-10-22
DEV002729,USR001842,Mobile,Android,2025-10-28
DEV002730,USR001842,Smart TV,iOS,2025-04-14
DEV002731,USR001842,Mobile,macOS,2025-09-15
DEV002732,USR001843,Mobile,Smart TV OS,2025-08-23
DEV002733,USR001843,Gaming Console,Smart TV OS,2025-05-22
DEV002734,USR001844,Mobile,Windows,2025-03-15
DEV002735,USR001845,Tablet,Windows,2025-07-24
DEV002736,USR001846,Mobile,Android,2025-05-07
DEV002737,USR001846,Gaming Console,Android,2025-09-27
DEV002738,USR001847,Tablet,Android,2025-10-19
DEV002739,USR001848,Gaming Console,iOS,2025-08-24
DEV002740,USR001848,Tablet,Android,2025-08-25
DEV002741,USR001849,Laptop,Windows,2025-02-16
DEV002742,USR001850,Mobile,Android,2025-08-22
DEV002743,USR001851,Mobile,Windows,2025-06-02
DEV002744,USR001852,Smart TV,Android,2025-03-31
DEV002745,USR001853,Gaming Console,Smart TV OS,2025-04-02
DEV002746,USR001854,Tablet,Android,2025-08-10
DEV002747,USR001854,Mobile,Android,2025-08-23
DEV002748,USR001855,Smart TV,Smart TV OS,2025-04-04
DEV002749,USR001856,Mobile,Smart TV OS,2025-02-18
DEV002750,USR001856,Mobile,Android,2025-07-21
DEV002751,USR001857,Smart TV,Android,2025-01-23
DEV002752,USR001857,Smart TV,iOS,2025-05-03
DEV002753,USR001858,Smart TV,Windows,2025-03-22
DEV002754,USR001858,Mobile,iOS,2025-05-21
DEV002755,USR001859,Mobile,Windows,2025-10-03
DEV002756,USR001859,Laptop,Smart TV OS,2025-05-30
DEV002757,USR001860,Tablet,Windows,2025-02-04
DEV002758,USR001860,Mobile,Android,2025-04-22
DEV002759,USR001861,Laptop,Windows,2025-07-30
DEV002760,USR001861,Smart TV,Android,2025-10-11
DEV002761,USR001862,Smart TV,Windows,2025-07-08
DEV002762,USR001863,Tablet,Android,2025-02-23
DEV002763,USR001864,Tablet,iOS,2025-06-16
DEV002764,USR001865,Mobile,Windows,2025-03-26
DEV002765,USR001866,Streaming Stick,Windows,2025-09-17
DEV002766,USR001867,Smart TV,iOS,2025-01-14
DEV002767,USR001868,Gaming Console,Android,2025-08-25
DEV002768,USR001869,Mobile,Windows,2025-07-24
DEV002769,USR001870,Mobile,macOS,2025-07-23
DEV002770,USR001870,Smart TV,Android,2025-01-20
DEV002771,USR001871,Mobile,Smart TV OS,2025-02-28
DEV002772,USR001872,Laptop,Smart TV OS,2025-03-11
DEV002773,USR001872,Mobile,iOS,2025-06-17
DEV002774,USR001873,Mobile,iOS,2025-08-26
DEV002775,USR001873,Smart TV,Android,2025-09-06
DEV002776,USR001874,Mobile,Smart TV OS,2025-02-12
DEV002777,USR001875,Gaming Console,Android,2025-05-05
DEV002778,USR001876,Laptop,Windows,2025-08-13
DEV002779,USR001876,Laptop,Windows,2025-03-13
DEV002780,USR001877,Smart TV,iOS,2025-05-23
DEV002781,USR001878,Smart TV,Smart TV OS,2025-03-29
DEV002782,USR001878,Smart TV,macOS,2025-01-10
DEV002783,USR001879,Smart TV,Windows,2025-04-01
DEV002784,USR001879,Mobile,Windows,2025-05-31
DEV002785,USR001880,Laptop,Smart TV OS,2025-07-20
DEV002786,USR001881,Tablet,macOS,2025-01-06
DEV002787,USR001882,Streaming Stick,Smart TV OS,2025-03-20
DEV002788,USR001882,Tablet,macOS,2025-08-14
DEV002789,USR001883,Smart TV,Windows,2025-04-21
DEV002790,USR001884,Smart TV,Android,2025-09-30
DEV002791,USR001884,Smart TV,Smart TV OS,2025-04-21
DEV002792,USR001885,Mobile,Windows,2025-01-25
DEV002793,USR001886,Smart TV,macOS,2025-09-25
DEV002794,USR001886,Tablet,iOS,2025-11-25
DEV002795,USR001887,Smart TV,Windows,2025-02-22
DEV002796,USR001887,Streaming Stick,Android,2025-07-19
DEV002797,USR001888,Laptop,Android,2025-08-16
DEV002798,USR001888,Mobile,iOS,2025-01-27
DEV002799,USR001889,Streaming Stick,Android,2025-01-25
DEV002800,USR001890,Gaming Console,Android,2025-04-14
DEV002801,USR001890,Streaming Stick,Windows,2025-05-08
DEV002802,USR001891,Smart TV,Android,2025-05-03
DEV002803,USR001892,Smart TV,Smart TV OS,2025-01-09
DEV002804,USR001893,Mobile,Windows,2025-01-08
DEV002805,USR001894,Tablet,Windows,2025-04-09
DEV002806,USR001895,Smart TV,Windows,2025-02-02
DEV002807,USR001895,Laptop,Android,2025-04-23
DEV002808,USR001896,Streaming Stick,Android,2025-02-19
DEV002809,USR001896,Laptop,Smart TV OS,2025-03-27
DEV002810,USR001896,Mobile,Smart TV OS,2025-03-27
DEV002811,USR001897,Laptop,iOS,2025-09-20
DEV002812,USR001898,Laptop,iOS,2025-06-17
DEV002813,USR001899,Smart TV,Smart TV OS,2025-11-17
DEV002814,USR001900,Mobile,macOS,2025-04-17
DEV002815,USR001901,Gaming Console,macOS,2025-07-22
DEV002816,USR001901,Mobile,Smart TV OS,2025-08-08
DEV002817,USR001901,Laptop,Android,2025-03-03
DEV002818,USR001902,Laptop,Android,2025-02-24
DEV002819,USR001903,Gaming Console,Windows,2025-03-30
DEV002820,USR001904,Smart TV,Android,2025-06-11
DEV002821,USR001905,Laptop,Android,2025-04-19
DEV002822,USR001906,Mobile,Android,2025-02-03
DEV002823,USR001907,Laptop,Android,2025-05-23
DEV002824,USR001907,Tablet,macOS,2025-11-16
DEV002825,USR001908,Mobile,Windows,2025-02-04
DEV002826,USR001909,Mobile,Android,2025-07-30
DEV002827,USR001909,Mobile,Android,2025-06-04
DEV002828,USR001910,Smart TV,Android,2025-09-13
DEV002829,USR001910,Mobile,Smart TV OS,2025-02-22
DEV002830,USR001911,Tablet,Smart TV OS,2025-10-19
DEV002831,USR001911,Laptop,Smart TV OS,2025-03-29
DEV002832,USR001912,Laptop,macOS,2025-02-18
DEV002833,USR001913,Tablet,Windows,2025-11-20
DEV002834,USR001914,Smart TV,Smart TV OS,2025-03-10
DEV002835,USR001914,Mobile,macOS,2025-06-20
DEV002836,USR001915,Tablet,iOS,2025-06-12
DEV002837,USR001916,Tablet,Android,2025-09-04
DEV002838,USR001916,Mobile,Android,2025-02-04
DEV002839,USR001916,Smart TV,Android,2025-06-21
DEV002840,USR001917,Laptop,macOS,2025-10-27
DEV002841,USR001918,Mobile,macOS,2025-09-19
DEV002842,USR001919,Smart TV,macOS,2025-04-30
DEV002843,USR001919,Tablet,Smart TV OS,2025-09-15
DEV002844,USR001920,Streaming Stick,Windows,2025-01-07
DEV002845,USR001921,Mobile,Android,2025-11-12
DEV002846,USR001922,Smart TV,Android,2025-03-05
DEV002847,USR001922,Mobile,Windows,2025-06-08
DEV002848,USR001923,Laptop,Windows,2025-08-08
DEV002849,USR001924,Tablet,iOS,2025-11-14
DEV002850,USR001924,Mobile,Android,2025-02-10
DEV002851,USR001925,Mobile,iOS,2025-07-11
DEV002852,USR001926,Smart TV,Android,2025-04-14
DEV002853,USR001927,Laptop,macOS,2025-04-15
DEV002854,USR001928,Smart TV,macOS,2025-05-02
DEV002855,USR001928,Streaming Stick,Windows,2025-11-03
DEV002856,USR001929,Mobile,iOS,2025-08-16
DEV002857,USR001929,Mobile,Smart TV OS,2025-06-18
DEV002858,USR001929,Streaming Stick,iOS,2025-03-10
DEV002859,USR001930,Smart TV,Smart TV OS,2025-11-26
DEV002860,USR001931,Laptop,macOS,2025-01-21
DEV002861,USR001931,Tablet,Android,2025-09-24
DEV002862,USR001932,Smart TV,iOS,2025-08-01
DEV002863,USR001932,Mobile,iOS,2025-05-28
DEV002864,USR001933,Laptop,Windows,2025-04-28
DEV002865,USR001933,Mobile,iOS,2025-06-19
DEV002866,USR001934,Mobile,Smart TV OS,2025-04-16
DEV002867,USR001935,Mobile,Windows,2025-05-08
DEV002868,USR001936,Streaming Stick,Windows,2025-04-24
DEV002869,USR001936,Mobile,iOS,2025-11-08
DEV002870,USR001937,Smart TV,macOS,2025-09-24
DEV002871,USR001937,Tablet,Smart TV OS,2025-06-14
DEV002872,USR001938,Mobile,Windows,2025-11-19
DEV002873,USR001939,Gaming Console,Windows,2025-09-09
DEV002874,USR001940,Tablet,iOS,2025-04-09
DEV002875,USR001941,Smart TV,Smart TV OS,2025-03-14
DEV002876,USR001942,Mobile,macOS,2025-03-06
DEV002877,USR001942,Mobile,iOS,2025-02-16
DEV002878,USR001942,Smart TV,macOS,2025-03-30
DEV002879,USR001943,Mobile,iOS,2025-04-15
DEV002880,USR001944,Mobile,Windows,2025-02-10
DEV002881,USR001945,Laptop,macOS,2025-08-28
DEV002882,USR001946,Laptop,Smart TV OS,2025-04-12
DEV002883,USR001947,Smart TV,iOS,2025-04-01
DEV002884,USR001948,Gaming Console,Android,2025-06-05
DEV002885,USR001948,Laptop,iOS,2025-05-27
DEV002886,USR001949,Mobile,Windows,2025-11-22
DEV002887,USR001950,Tablet,Windows,2025-09-04
DEV002888,USR001951,Smart TV,iOS,2025-07-04
DEV002889,USR001952,Mobile,iOS,2025-03-27
DEV002890,USR001953,Streaming Stick,Smart TV OS,2025-08-05
DEV002891,USR001954,Mobile,macOS,2025-08-10
DEV002892,USR001955,Mobile,Android,2025-09-04
DEV002893,USR001955,Mobile,Smart TV OS,2025-01-11
DEV002894,USR001956,Mobile,iOS,2025-08-07
DEV002895,USR001956,Smart TV,macOS,2025-02-12
DEV002896,USR001957,Mobile,macOS,2025-06-03
DEV002897,USR001957,Gaming Console,Android,2025-11-01
DEV002898,USR001958,Streaming Stick,Android,2025-10-11
DEV002899,USR001959,Streaming Stick,macOS,2025-05-12
DEV002900,USR001959,Mobile,iOS,2025-07-14
DEV002901,USR001960,Mobile,Windows,2025-08-21
DEV002902,USR001961,Streaming Stick,Windows,2025-10-15
DEV002903,USR001962,Mobile,Windows,2025-02-06
DEV002904,USR001962,Smart TV,Android,2025-06-20
DEV002905,USR001963,Laptop,Android,2025-08-29
DEV002906,USR001964,Mobile,iOS,2025-04-08
DEV002907,USR001965,Smart TV,Smart TV OS,2025-09-14
DEV002908,USR001966,Streaming Stick,iOS,2025-07-11
DEV002909,USR001966,Mobile,Android,2025-09-09
DEV002910,USR001967,Mobile,iOS,2025-08-01
DEV002911,USR001968,Tablet,macOS,2025-07-11
DEV002912,USR001968,Smart TV,Android,2025-07-16
DEV002913,USR001968,Smart TV,Android,2025-09-08
DEV002914,USR001969,Smart TV,iOS,2025-10-29
DEV002915,USR001970,Laptop,Smart TV OS,2025-01-20
DEV002916,USR001971,Mobile,Smart TV OS,2025-03-05
DEV002917,USR001971,Smart TV,Android,2025-07-17
DEV002918,USR001971,Mobile,iOS,2025-10-17
DEV002919,USR001972,Smart TV,Android,2025-08-12
DEV002920,USR001973,Mobile,iOS,2025-06-28
DEV002921,USR001973,Mobile,Windows,2025-09-18
DEV002922,USR001973,Smart TV,iOS,2025-09-08
DEV002923,USR001974,Smart TV,iOS,2025-07-08
DEV002924,USR001974,Laptop,Smart TV OS,2025-01-30
DEV002925,USR001975,Streaming Stick,Windows,2025-08-06
DEV002926,USR001975,Gaming Console,iOS,2025-05-07
DEV002927,USR001976,Laptop,Smart TV OS,2025-01-18
DEV002928,USR001977,Laptop,Android,2025-07-05
DEV002929,USR001977,Tablet,iOS,2025-11-20
DEV002930,USR001977,Mobile,macOS,2025-01-15
DEV002931,USR001978,Mobile,Windows,2025-11-27
DEV002932,USR001978,Streaming Stick,Android,2025-03-17
DEV002933,USR001979,Laptop,Android,2025-08-22
DEV002934,USR001980,Laptop,iOS,2025-03-17
DEV002935,USR001980,Streaming Stick,Smart TV OS,2025-05-11
DEV002936,USR001980,Tablet,Windows,2025-05-07
DEV002937,USR001981,Mobile,iOS,2025-03-24
DEV002938,USR001981,Smart TV,Android,2025-01-07
DEV002939,USR001982,Mobile,Android,2025-02-17
DEV002940,USR001983,Smart TV,Android,2025-07-16
DEV002941,USR001983,Smart TV,Android,2025-07-23
DEV002942,USR001984,Smart TV,iOS,2025-02-11
DEV002943,USR001984,Smart TV,iOS,2025-09-23
DEV002944,USR001985,Smart TV,Android,2025-08-05
DEV002945,USR001985,Tablet,Android,2025-03-26
DEV002946,USR001986,Smart TV,Windows,2025-05-10
DEV002947,USR001986,Smart TV,macOS,2025-06-04
DEV002948,USR001987,Mobile,Windows,2025-09-30
DEV002949,USR001988,Smart TV,Windows,2025-07-15
DEV002950,USR001988,Gaming Console,Smart TV OS,2025-10-28
DEV002951,USR001989,Laptop,Android,2025-07-30
DEV002952,USR001990,Tablet,Smart TV OS,2025-02-15
DEV002953,USR001990,Smart TV,macOS,2025-02-25
DEV002954,USR001991,Smart TV,iOS,2025-06-26
DEV002955,USR001991,Streaming Stick,Smart TV OS,2025-03-15
DEV002956,USR001992,Mobile,Smart TV OS,2025-04-18
DEV002957,USR001993,Smart TV,Windows,2025-07-23
DEV002958,USR001993,Mobile,Windows,2025-06-07
DEV002959,USR001993,Smart TV,Android,2025-01-04
DEV002960,USR001994,Laptop,macOS,2025-09-09
DEV002961,USR001994,Laptop,iOS,2025-01-01
DEV002962,USR001994,Laptop,iOS,2025-02-19
DEV002963,USR001995,Laptop,Android,2025-08-02
DEV002964,USR001996,Mobile,Android,2025-05-28
DEV002965,USR001997,Gaming Console,Smart TV OS,2025-03-29
DEV002966,USR001997,Mobile,iOS,2025-04-01
DEV002967,USR001998,Mobile,Android,2025-03-10
DEV002968,USR001999,Smart TV,Smart TV OS,2025-04-04
DEV002969,USR002000,Mobile,Smart TV OS,2025-02-26
DEV002970,USR002001,Smart TV,Windows,2025-04-19
DEV002971,USR002002,Smart TV,Windows,2025-01-31
DEV002972,USR002003,Laptop,macOS,2025-04-09
DEV002973,USR002003,Smart TV,Windows,2025-05-13
DEV002974,USR002004,Smart TV,Smart TV OS,2025-07-29
DEV002975,USR002004,Mobile,Android,2025-08-14
DEV002976,USR002004,Laptop,Windows,2025-11-17
DEV002977,USR002005,Smart TV,iOS,2025-02-25
DEV002978,USR002005,Tablet,Android,2025-11-22
DEV002979,USR002006,Gaming Console,Smart TV OS,2025-05-31
DEV002980,USR002007,Mobile,iOS,2025-03-05
DEV002981,USR002008,Mobile,Windows,2025-06-25
DEV002982,USR002009,Mobile,Android,2025-05-01
DEV002983,USR002010,Mobile,iOS,2025-02-21
DEV002984,USR002011,Laptop,Android,2025-05-17
DEV002985,USR002012,Laptop,Android,2025-01-04
DEV002986,USR002012,Mobile,Android,2025-10-26
DEV002987,USR002013,Streaming Stick,iOS,2025-01-22
DEV002988,USR002013,Smart TV,Android,2025-02-19
DEV002989,USR002014,Tablet,Smart TV OS,2025-01-04
DEV002990,USR002015,Laptop,Windows,2025-09-24
DEV002991,USR002016,Smart TV,macOS,2025-05-17
DEV002992,USR002016,Smart TV,macOS,2025-09-06
DEV002993,USR002016,Mobile,Smart TV OS,2025-08-31
DEV002994,USR002017,Mobile,Android,2025-11-06
DEV002995,USR002017,Tablet,Smart TV OS,2025-08-08
DEV002996,USR002018,Smart TV,Android,2025-06-25
DEV002997,USR002019,Mobile,Windows,2025-05-03
DEV002998,USR002019,Smart TV,Smart TV OS,2025-07-04
DEV002999,USR002019,Gaming Console,Windows,2025-07-24
DEV003000,USR002020,Gaming Console,Android,2025-01-30
DEV003001,USR002021,Smart TV,iOS,2025-06-19
DEV003002,USR002021,Tablet,Windows,2025-02-21
DEV003003,USR002021,Laptop,Smart TV OS,2025-01-02
DEV003004,USR002022,Laptop,iOS,2025-07-25
DEV003005,USR002023,Tablet,macOS,2025-03-13
DEV003006,USR002023,Gaming Console,Windows,2025-01-14
DEV003007,USR002024,Smart TV,iOS,2025-09-29
DEV003008,USR002024,Mobile,macOS,2025-05-24
DEV003009,USR002025,Laptop,Windows,2025-05-08
DEV003010,USR002025,Smart TV,macOS,2025-07-08
DEV003011,USR002025,Mobile,Windows,2025-08-20
DEV003012,USR002026,Smart TV,Windows,2025-09-01
DEV003013,USR002026,Mobile,Android,2025-09-21
DEV003014,USR002027,Mobile,Windows,2025-04-07
DEV003015,USR002028,Mobile,iOS,2025-11-23
DEV003016,USR002029,Laptop,Windows,2025-06-14
DEV003017,USR002029,Gaming Console,Android,2025-01-09
DEV003018,USR002029,Smart TV,Android,2025-11-21
DEV003019,USR002030,Mobile,iOS,2025-01-24
DEV003020,USR002031,Mobile,Android,2025-06-16
DEV003021,USR002031,Mobile,Windows,2025-08-16
DEV003022,USR002031,Laptop,Windows,2025-04-30
DEV003023,USR002032,Streaming Stick,Android,2025-07-24
DEV003024,USR002032,Gaming Console,Android,2025-11-10
DEV003025,USR002033,Mobile,Android,2025-06-28
DEV003026,USR002033,Gaming Console,Windows,2025-08-08
DEV003027,USR002034,Laptop,Smart TV OS,2025-09-01
DEV003028,USR002034,Laptop,Smart TV OS,2025-02-21
DEV003029,USR002034,Mobile,macOS,2025-07-17
DEV003030,USR002035,Smart TV,Android,2025-04-10
DEV003031,USR002036,Mobile,Android,2025-09-24
DEV003032,USR002036,Mobile,iOS,2025-10-20
DEV003033,USR002037,Smart TV,Smart TV OS,2025-09-16
DEV003034,USR002037,Gaming Console,Android,2025-01-17
DEV003035,USR002038,Mobile,Windows,2025-02-14
DEV003036,USR002039,Mobile,Smart TV OS,2025-10-08
DEV003037,USR002040,Gaming Console,Android,2025-08-28
DEV003038,USR002040,Mobile,iOS,2025-03-28
DEV003039,USR002040,Smart TV,Smart TV OS,2025-08-17
DEV003040,USR002041,Smart TV,Android,2025-09-04
DEV003041,USR002041,Smart TV,iOS,2025-10-04
DEV003042,USR002041,Mobile,Smart TV OS,2025-05-04
DEV003043,USR002042,Smart TV,Smart TV OS,2025-03-29
DEV003044,USR002043,Mobile,Android,2025-02-15
DEV003045,USR002043,Gaming Console,Smart TV OS,2025-02-24
DEV003046,USR002044,Laptop,Android,2025-01-15
DEV003047,USR002045,Tablet,Android,2025-06-17
DEV003048,USR002046,Smart TV,Windows,2025-05-24
DEV003049,USR002046,Smart TV,Android,2025-04-23
DEV003050,USR002047,Mobile,Android,2025-09-01
DEV003051,USR002047,Mobile,Windows,2025-03-05
DEV003052,USR002048,Smart TV,iOS,2025-10-01
DEV003053,USR002048,Mobile,iOS,2025-11-21
DEV003054,USR002049,Streaming Stick,iOS,2025-02-16
DEV003055,USR002049,Smart TV,Android,2025-06-20
DEV003056,USR002050,Mobile,Android,2025-10-22
DEV003057,USR002050,Mobile,Windows,2025-11-04
DEV003058,USR002051,Smart TV,Android,2025-06-25
DEV003059,USR002052,Laptop,Smart TV OS,2025-07-15
DEV003060,USR002053,Streaming Stick,Windows,2025-10-15
DEV003061,USR002053,Smart TV,Smart TV OS,2025-08-12
DEV003062,USR002054,Tablet,macOS,2025-04-25
DEV003063,USR002054,Smart TV,iOS,2025-05-13
DEV003064,USR002055,Mobile,macOS,2025-02-14
DEV003065,USR002056,Mobile,iOS,2025-06-24
DEV003066,USR002057,Streaming Stick,macOS,2025-04-07
DEV003067,USR002057,Laptop,Android,2025-03-01
DEV003068,USR002058,Smart TV,Windows,2025-03-07
DEV003069,USR002059,Mobile,Smart TV OS,2025-07-14
DEV003070,USR002059,Tablet,Windows,2025-10-23
DEV003071,USR002060,Smart TV,Android,2025-06-09
DEV003072,USR002060,Mobile,Android,2025-02-01
DEV003073,USR002061,Laptop,Android,2025-04-08
DEV003074,USR002062,Gaming Console,Smart TV OS,2025-08-05
DEV003075,USR002062,Laptop,Android,2025-06-13
DEV003076,USR002063,Mobile,Android,2025-03-06
DEV003077,USR002063,Smart TV,Android,2025-09-24
DEV003078,USR002064,Laptop,macOS,2025-10-30
DEV003079,USR002064,Smart TV,macOS,2025-04-24
DEV003080,USR002065,Smart TV,Android,2025-01-05
DEV003081,USR002066,Tablet,Smart TV OS,2025-08-24
DEV003082,USR002067,Tablet,Android,2025-06-01
DEV003083,USR002068,Mobile,Windows,2025-09-13
DEV003084,USR002068,Gaming Console,Smart TV OS,2025-08-22
DEV003085,USR002069,Laptop,iOS,2025-05-26
DEV003086,USR002070,Smart TV,Android,2025-01-18
DEV003087,USR002071,Mobile,Windows,2025-06-08
DEV003088,USR002072,Laptop,iOS,2025-03-05
DEV003089,USR002073,Gaming Console,Android,2025-10-21
DEV003090,USR002074,Laptop,iOS,2025-04-21
DEV003091,USR002075,Tablet,macOS,2025-07-12
DEV003092,USR002076,Laptop,Windows,2025-06-20
DEV003093,USR002077,Smart TV,Android,2025-04-18
DEV003094,USR002078,Laptop,Smart TV OS,2025-04-26
DEV003095,USR002078,Mobile,Smart TV OS,2025-01-27
DEV003096,USR002079,Streaming Stick,Android,2025-04-02
DEV003097,USR002079,Mobile,macOS,2025-09-07
DEV003098,USR002079,Mobile,Android,2025-07-20
DEV003099,USR002080,Streaming Stick,Windows,2025-03-23
DEV003100,USR002081,Laptop,Windows,2025-10-08
DEV003101,USR002081,Gaming Console,Windows,2025-07-20
DEV003102,USR002081,Smart TV,Smart TV OS,2025-06-22
DEV003103,USR002082,Smart TV,Smart TV OS,2025-08-31
DEV003104,USR002083,Mobile,Smart TV OS,2025-07-20
DEV003105,USR002083,Mobile,Windows,2025-07-20
DEV003106,USR002083,Mobile,macOS,2025-02-06
DEV003107,USR002084,Tablet,Smart TV OS,2025-05-25
DEV003108,USR002085,Smart TV,macOS,2025-04-10
DEV003109,USR002086,Mobile,Windows,2025-10-08
DEV003110,USR002086,Smart TV,Windows,2025-07-21
DEV003111,USR002087,Tablet,Android,2025-06-15
DEV003112,USR002088,Mobile,macOS,2025-10-25
DEV003113,USR002088,Mobile,Smart TV OS,2025-01-28
DEV003114,USR002089,Smart TV,iOS,2025-06-05
DEV003115,USR002089,Laptop,iOS,2025-08-23
DEV003116,USR002090,Mobile,Windows,2025-10-23
DEV003117,USR002090,Streaming Stick,Windows,2025-03-12
DEV003118,USR002091,Laptop,macOS,2025-09-05
DEV003119,USR002092,Mobile,Android,2025-03-16
DEV003120,USR002093,Streaming Stick,iOS,2025-04-11
DEV003121,USR002094,Tablet,Windows,2025-01-05
DEV003122,USR002094,Laptop,macOS,2025-07-05
DEV003123,USR002095,Mobile,Android,2025-10-22
DEV003124,USR002095,Gaming Console,macOS,2025-02-22
DEV003125,USR002096,Laptop,Smart TV OS,2025-03-17
DEV003126,USR002096,Streaming Stick,Smart TV OS,2025-07-12
DEV003127,USR002097,Smart TV,macOS,2025-08-07
DEV003128,USR002097,Mobile,Android,2025-03-28
DEV003129,USR002097,Smart TV,Windows,2025-01-29
DEV003130,USR002098,Streaming Stick,Windows,2025-08-31
DEV003131,USR002099,Laptop,iOS,2025-01-27
DEV003132,USR002100,Smart TV,Windows,2025-09-21
DEV003133,USR002101,Mobile,Windows,2025-10-31
DEV003134,USR002101,Mobile,iOS,2025-08-11
DEV003135,USR002102,Tablet,macOS,2025-11-18
DEV003136,USR002102,Tablet,Android,2025-07-26
DEV003137,USR002102,Smart TV,Android,2025-05-06
DEV003138,USR002103,Streaming Stick,iOS,2025-05-04
DEV003139,USR002104,Laptop,Android,2025-06-04
DEV003140,USR002105,Laptop,macOS,2025-03-30
DEV003141,USR002105,Laptop,Android,2025-07-12
DEV003142,USR002106,Smart TV,macOS,2025-02-15
DEV003143,USR002106,Laptop,iOS,2025-08-26
DEV003144,USR002107,Mobile,Android,2025-07-15
DEV003145,USR002107,Mobile,Android,2025-05-21
DEV003146,USR002108,Gaming Console,iOS,2025-08-16
DEV003147,USR002108,Tablet,Android,2025-07-08
DEV003148,USR002109,Smart TV,Windows,2025-03-01
DEV003149,USR002110,Tablet,Smart TV OS,2025-09-08
DEV003150,USR002111,Laptop,Windows,2025-09-18
DEV003151,USR002111,Smart TV,Smart TV OS,2025-04-26
DEV003152,USR002112,Laptop,Android,2025-10-21
DEV003153,USR002113,Laptop,macOS,2025-09-03
DEV003154,USR002113,Mobile,iOS,2025-05-21
DEV003155,USR002113,Tablet,Smart TV OS,2025-02-18
DEV003156,USR002114,Tablet,Android,2025-04-03
DEV003157,USR002114,Mobile,iOS,2025-07-16
DEV003158,USR002115,Laptop,Smart TV OS,2025-11-27
DEV003159,USR002116,Smart TV,iOS,2025-06-02
DEV003160,USR002116,Smart TV,macOS,2025-10-20
DEV003161,USR002117,Mobile,iOS,2025-06-16
DEV003162,USR002118,Mobile,iOS,2025-10-03
DEV003163,USR002119,Smart TV,macOS,2025-01-11
DEV003164,USR002120,Laptop,macOS,2025-10-02
DEV003165,USR002121,Mobile,Android,2025-09-29
DEV003166,USR002121,Smart TV,Smart TV OS,2025-09-08
DEV003167,USR002122,Mobile,Android,2025-10-27
DEV003168,USR002123,Mobile,iOS,2025-03-05
DEV003169,USR002124,Mobile,Windows,2025-04-17
DEV003170,USR002124,Gaming Console,macOS,2025-03-02
DEV003171,USR002125,Mobile,macOS,2025-11-03
DEV003172,USR002126,Smart TV,macOS,2025-01-03
DEV003173,USR002126,Mobile,macOS,2025-10-12
DEV003174,USR002127,Mobile,iOS,2025-06-10
DEV003175,USR002128,Smart TV,iOS,2025-03-07
DEV003176,USR002129,Laptop,Android,2025-03-24
DEV003177,USR002130,Mobile,macOS,2025-05-12
DEV003178,USR002131,Smart TV,iOS,2025-01-18
DEV003179,USR002131,Laptop,iOS,2025-02-13
DEV003180,USR002132,Gaming Console,Smart TV OS,2025-09-17
DEV003181,USR002132,Gaming Console,Smart TV OS,2025-06-02
DEV003182,USR002132,Gaming Console,iOS,2025-07-06
DEV003183,USR002133,Mobile,macOS,2025-03-29
DEV003184,USR002133,Laptop,Android,2025-08-05
DEV003185,USR002133,Mobile,Smart TV OS,2025-01-01
DEV003186,USR002134,Streaming Stick,macOS,2025-01-24
DEV003187,USR002135,Smart TV,iOS,2025-09-23
DEV003188,USR002135,Smart TV,macOS,2025-05-31
DEV003189,USR002135,Smart TV,macOS,2025-10-01
DEV003190,USR002136,Mobile,iOS,2025-10-23
DEV003191,USR002137,Laptop,Android,2025-06-10
DEV003192,USR002138,Tablet,Smart TV OS,2025-06-30
DEV003193,USR002139,Gaming Console,Windows,2025-09-19
DEV003194,USR002139,Mobile,Smart TV OS,2025-04-18
DEV003195,USR002140,Mobile,Windows,2025-01-23
DEV003196,USR002140,Smart TV,iOS,2025-05-02
DEV003197,USR002141,Laptop,Android,2025-03-14
DEV003198,USR002142,Mobile,Smart TV OS,2025-04-21
DEV003199,USR002143,Mobile,Android,2025-11-05
DEV003200,USR002143,Mobile,Windows,2025-10-10
DEV003201,USR002143,Laptop,Android,2025-04-21
DEV003202,USR002144,Smart TV,Windows,2025-05-23
DEV003203,USR002145,Smart TV,Smart TV OS,2025-11-15
DEV003204,USR002146,Mobile,macOS,2025-10-09
DEV003205,USR002147,Tablet,Smart TV OS,2025-07-15
DEV003206,USR002148,Laptop,Smart TV OS,2025-03-25
DEV003207,USR002148,Smart TV,Android,2025-07-24
DEV003208,USR002149,Laptop,Android,2025-05-11
DEV003209,USR002150,Laptop,iOS,2025-03-15
DEV003210,USR002150,Tablet,macOS,2025-10-02
DEV003211,USR002151,Mobile,Smart TV OS,2025-11-19
DEV003212,USR002152,Mobile,Smart TV OS,2025-11-21
DEV003213,USR002152,Smart TV,Windows,2025-11-27
DEV003214,USR002153,Smart TV,iOS,2025-07-10
DEV003215,USR002154,Mobile,Android,2025-09-19
DEV003216,USR002155,Tablet,iOS,2025-08-03
DEV003217,USR002155,Smart TV,Android,2025-03-20
DEV003218,USR002156,Smart TV,Windows,2025-08-11
DEV003219,USR002157,Mobile,Android,2025-11-06
DEV003220,USR002158,Gaming Console,Windows,2025-05-19
DEV003221,USR002159,Mobile,iOS,2025-02-26
DEV003222,USR002160,Gaming Console,Windows,2025-07-28
DEV003223,USR002160,Smart TV,macOS,2025-02-03
DEV003224,USR002161,Streaming Stick,Windows,2025-02-15
DEV003225,USR002162,Smart TV,Android,2025-06-20
DEV003226,USR002163,Laptop,Android,2025-03-16
DEV003227,USR002163,Mobile,Android,2025-04-26
DEV003228,USR002164,Smart TV,iOS,2025-02-20
DEV003229,USR002165,Laptop,Android,2025-04-24
DEV003230,USR002166,Smart TV,Android,2025-02-23
DEV003231,USR002167,Laptop,Android,2025-03-05
DEV003232,USR002167,Mobile,Android,2025-03-31
DEV003233,USR002168,Laptop,Windows,2025-06-06
DEV003234,USR002169,Tablet,Smart TV OS,2025-09-08
DEV003235,USR002170,Streaming Stick,macOS,2025-06-28
DEV003236,USR002171,Streaming Stick,Android,2025-05-25
DEV003237,USR002171,Tablet,iOS,2025-10-10
DEV003238,USR002172,Smart TV,iOS,2025-02-20
DEV003239,USR002173,Smart TV,Android,2025-03-29
DEV003240,USR002173,Mobile,Windows,2025-06-12
DEV003241,USR002174,Streaming Stick,Android,2025-07-19
DEV003242,USR002174,Laptop,Android,2025-04-03
DEV003243,USR002174,Laptop,Windows,2025-06-26
DEV003244,USR002175,Mobile,Android,2025-09-30
DEV003245,USR002175,Tablet,iOS,2025-10-10
DEV003246,USR002176,Smart TV,Android,2025-07-26
DEV003247,USR002177,Smart TV,Smart TV OS,2025-03-07
DEV003248,USR002178,Mobile,Smart TV OS,2025-09-20
DEV003249,USR002179,Laptop,Android,2025-03-06
DEV003250,USR002179,Mobile,Windows,2025-03-15
DEV003251,USR002180,Smart TV,Smart TV OS,2025-05-17
DEV003252,USR002181,Streaming Stick,Android,2025-11-24
DEV003253,USR002182,Mobile,macOS,2025-05-08
DEV003254,USR002182,Smart TV,Android,2025-11-08
DEV003255,USR002182,Mobile,iOS,2025-08-03
DEV003256,USR002183,Smart TV,Windows,2025-04-04
DEV003257,USR002183,Tablet,Android,2025-08-13
DEV003258,USR002184,Smart TV,Android,2025-08-28
DEV003259,USR002184,Mobile,iOS,2025-09-15
DEV003260,USR002184,Laptop,Android,2025-05-27
DEV003261,USR002185,Laptop,Smart TV OS,2025-08-08
DEV003262,USR002186,Tablet,iOS,2025-04-28
DEV003263,USR002187,Smart TV,Windows,2025-02-14
DEV003264,USR002188,Mobile,Android,2025-07-28
DEV003265,USR002188,Mobile,Windows,2025-06-10
DEV003266,USR002188,Tablet,Smart TV OS,2025-02-16
DEV003267,USR002189,Streaming Stick,Windows,2025-02-09
DEV003268,USR002189,Tablet,macOS,2025-05-03
DEV003269,USR002190,Gaming Console,Android,2025-03-26
DEV003270,USR002190,Smart TV,Android,2025-10-22
DEV003271,USR002190,Streaming Stick,Windows,2025-01-30
DEV003272,USR002191,Smart TV,Smart TV OS,2025-05-27
DEV003273,USR002192,Laptop,Android,2025-09-10
DEV003274,USR002193,Mobile,macOS,2025-01-06
DEV003275,USR002193,Mobile,Windows,2025-08-06
DEV003276,USR002194,Laptop,macOS,2025-03-11
DEV003277,USR002194,Laptop,Android,2025-09-03
DEV003278,USR002195,Tablet,Android,2025-09-30
DEV003279,USR002196,Mobile,Android,2025-07-27
DEV003280,USR002196,Smart TV,Android,2025-01-08
DEV003281,USR002197,Laptop,Android,2025-01-04
DEV003282,USR002197,Mobile,Windows,2025-08-06
DEV003283,USR002198,Mobile,Windows,2025-06-26
DEV003284,USR002198,Streaming Stick,Smart TV OS,2025-05-06
DEV003285,USR002199,Laptop,Android,2025-09-28
DEV003286,USR002199,Gaming Console,Android,2025-11-08
DEV003287,USR002199,Streaming Stick,iOS,2025-01-22
DEV003288,USR002200,Tablet,iOS,2025-03-28
DEV003289,USR002200,Mobile,Android,2025-09-26
DEV003290,USR002201,Streaming Stick,Android,2025-03-31
DEV003291,USR002201,Smart TV,iOS,2025-02-08
DEV003292,USR002202,Mobile,Android,2025-03-10
DEV003293,USR002203,Smart TV,iOS,2025-01-27
DEV003294,USR002204,Laptop,Android,2025-07-14
DEV003295,USR002205,Smart TV,Windows,2025-02-27
DEV003296,USR002206,Laptop,Smart TV OS,2025-05-08
DEV003297,USR002207,Smart TV,iOS,2025-03-02
DEV003298,USR002207,Gaming Console,Windows,2025-05-29
DEV003299,USR002208,Laptop,Smart TV OS,2025-05-31
DEV003300,USR002209,Mobile,Windows,2025-01-02
DEV003301,USR002210,Mobile,iOS,2025-10-19
DEV003302,USR002210,Streaming Stick,iOS,2025-07-21
DEV003303,USR002211,Smart TV,Android,2025-06-06
DEV003304,USR002212,Smart TV,macOS,2025-11-26
DEV003305,USR002212,Gaming Console,Android,2025-09-21
DEV003306,USR002212,Smart TV,Android,2025-01-19
DEV003307,USR002213,Laptop,macOS,2025-11-13
DEV003308,USR002213,Mobile,Android,2025-09-07
DEV003309,USR002213,Streaming Stick,Android,2025-01-30
DEV003310,USR002214,Smart TV,Android,2025-11-12
DEV003311,USR002215,Laptop,iOS,2025-06-02
DEV003312,USR002216,Smart TV,macOS,2025-01-03
DEV003313,USR002217,Mobile,macOS,2025-04-06
DEV003314,USR002218,Smart TV,Smart TV OS,2025-01-05
DEV003315,USR002219,Smart TV,Windows,2025-09-09
DEV003316,USR002220,Mobile,Smart TV OS,2025-09-28
DEV003317,USR002221,Mobile,Android,2025-03-20
DEV003318,USR002222,Smart TV,Android,2025-09-07
DEV003319,USR002223,Smart TV,Android,2025-05-09
DEV003320,USR002224,Smart TV,Smart TV OS,2025-07-22
DEV003321,USR002225,Streaming Stick,Windows,2025-07-06
DEV003322,USR002226,Streaming Stick,iOS,2025-04-04
DEV003323,USR002227,Laptop,Smart TV OS,2025-05-18
DEV003324,USR002228,Mobile,Windows,2025-08-13
DEV003325,USR002229,Laptop,Windows,2025-08-13
DEV003326,USR002229,Mobile,Smart TV OS,2025-03-24
DEV003327,USR002230,Streaming Stick,Smart TV OS,2025-08-11
DEV003328,USR002231,Mobile,Smart TV OS,2025-04-12
DEV003329,USR002232,Laptop,Smart TV OS,2025-05-26
DEV003330,USR002233,Mobile,Android,2025-07-22
DEV003331,USR002234,Mobile,Windows,2025-06-19
DEV003332,USR002235,Mobile,iOS,2025-03-24
DEV003333,USR002235,Smart TV,macOS,2025-04-12
DEV003334,USR002236,Mobile,Android,2025-05-17
DEV003335,USR002236,Smart TV,macOS,2025-03-02
DEV003336,USR002236,Laptop,iOS,2025-08-04
DEV003337,USR002237,Smart TV,iOS,2025-09-11
DEV003338,USR002238,Tablet,Android,2025-03-07
DEV003339,USR002238,Smart TV,Windows,2025-06-16
DEV003340,USR002239,Tablet,Android,2025-07-24
DEV003341,USR002239,Smart TV,Android,2025-09-14
DEV003342,USR002240,Smart TV,Android,2025-07-19
DEV003343,USR002240,Smart TV,macOS,2025-03-09
DEV003344,USR002241,Laptop,Android,2025-02-25
DEV003345,USR002242,Smart TV,Smart TV OS,2025-03-06
DEV003346,USR002242,Mobile,Android,2025-03-21
DEV003347,USR002243,Smart TV,Android,2025-01-07
DEV003348,USR002244,Tablet,macOS,2025-05-02
DEV003349,USR002244,Smart TV,Android,2025-01-27
DEV003350,USR002245,Laptop,Android,2025-06-25
DEV003351,USR002245,Mobile,Smart TV OS,2025-08-08
DEV003352,USR002246,Mobile,iOS,2025-01-05
DEV003353,USR002246,Gaming Console,iOS,2025-08-11
DEV003354,USR002246,Laptop,iOS,2025-09-03
DEV003355,USR002247,Laptop,iOS,2025-09-06
DEV003356,USR002248,Smart TV,iOS,2025-08-08
DEV003357,USR002249,Laptop,iOS,2025-03-20
DEV003358,USR002250,Smart TV,Android,2025-04-06
DEV003359,USR002250,Gaming Console,Smart TV OS,2025-05-08
DEV003360,USR002251,Mobile,Smart TV OS,2025-02-28
DEV003361,USR002252,Laptop,iOS,2025-05-07
DEV003362,USR002252,Mobile,Smart TV OS,2025-08-08
DEV003363,USR002253,Mobile,Android,2025-02-22
DEV003364,USR002254,Laptop,Android,2025-09-15
DEV003365,USR002254,Laptop,Windows,2025-11-09
DEV003366,USR002255,Mobile,Windows,2025-10-30
DEV003367,USR002256,Mobile,iOS,2025-03-18
DEV003368,USR002256,Smart TV,Windows,2025-04-28
DEV003369,USR002257,Tablet,Android,2025-07-25
DEV003370,USR002258,Laptop,Android,2025-04-09
DEV003371,USR002259,Tablet,Android,2025-08-07
DEV003372,USR002259,Smart TV,macOS,2025-01-10
DEV003373,USR002259,Smart TV,Smart TV OS,2025-11-12
DEV003374,USR002260,Tablet,Windows,2025-01-27
DEV003375,USR002261,Mobile,macOS,2025-09-26
DEV003376,USR002262,Smart TV,Smart TV OS,2025-11-21
DEV003377,USR002263,Laptop,iOS,2025-04-24
DEV003378,USR002263,Smart TV,iOS,2025-06-22
DEV003379,USR002263,Smart TV,iOS,2025-08-07
DEV003380,USR002264,Smart TV,Android,2025-09-19
DEV003381,USR002265,Mobile,Android,2025-01-27
DEV003382,USR002266,Laptop,iOS,2025-05-18
DEV003383,USR002267,Laptop,Windows,2025-06-29
DEV003384,USR002268,Smart TV,Windows,2025-05-07
DEV003385,USR002268,Smart TV,macOS,2025-06-13
DEV003386,USR002269,Smart TV,Android,2025-04-04
DEV003387,USR002269,Mobile,iOS,2025-01-21
DEV003388,USR002270,Gaming Console,Windows,2025-06-14
DEV003389,USR002271,Smart TV,macOS,2025-08-30
DEV003390,USR002272,Mobile,Android,2025-11-07
DEV003391,USR002273,Mobile,Smart TV OS,2025-04-05
DEV003392,USR002274,Smart TV,Windows,2025-09-09
DEV003393,USR002275,Gaming Console,Windows,2025-06-05
DEV003394,USR002276,Mobile,Windows,2025-01-07
DEV003395,USR002277,Smart TV,macOS,2025-03-08
DEV003396,USR002277,Streaming Stick,iOS,2025-06-19
DEV003397,USR002278,Tablet,macOS,2025-07-05
DEV003398,USR002279,Mobile,Smart TV OS,2025-10-29
DEV003399,USR002279,Laptop,iOS,2025-09-28
DEV003400,USR002280,Laptop,iOS,2025-05-02
DEV003401,USR002280,Smart TV,iOS,2025-05-22
DEV003402,USR002281,Mobile,Android,2025-07-16
DEV003403,USR002282,Streaming Stick,Windows,2025-02-24
DEV003404,USR002283,Mobile,macOS,2025-11-05
DEV003405,USR002284,Tablet,iOS,2025-10-28
DEV003406,USR002285,Mobile,iOS,2025-04-08
DEV003407,USR002285,Smart TV,macOS,2025-04-09
DEV003408,USR002285,Smart TV,Android,2025-08-17
DEV003409,USR002286,Laptop,Android,2025-02-08
DEV003410,USR002286,Streaming Stick,iOS,2025-10-07
DEV003411,USR002286,Smart TV,iOS,2025-11-13
DEV003412,USR002287,Mobile,Android,2025-08-31
DEV003413,USR002288,Streaming Stick,Android,2025-04-14
DEV003414,USR002288,Mobile,Windows,2025-10-01
DEV003415,USR002288,Laptop,iOS,2025-03-20
DEV003416,USR002289,Smart TV,Android,2025-04-09
DEV003417,USR002290,Gaming Console,macOS,2025-05-10
DEV003418,USR002291,Smart TV,Android,2025-10-14
DEV003419,USR002291,Gaming Console,Smart TV OS,2025-06-27
DEV003420,USR002292,Laptop,iOS,2025-08-18
DEV003421,USR002292,Mobile,iOS,2025-11-19
DEV003422,USR002293,Streaming Stick,Windows,2025-08-12
DEV003423,USR002293,Streaming Stick,Smart TV OS,2025-02-04
DEV003424,USR002294,Mobile,Android,2025-09-26
DEV003425,USR002295,Gaming Console,macOS,2025-09-15
DEV003426,USR002295,Mobile,Smart TV OS,2025-01-12
DEV003427,USR002295,Mobile,Windows,2025-03-27
DEV003428,USR002296,Mobile,Smart TV OS,2025-03-08
DEV003429,USR002297,Smart TV,Windows,2025-10-17
DEV003430,USR002298,Smart TV,Android,2025-04-08
DEV003431,USR002299,Laptop,macOS,2025-07-23
DEV003432,USR002299,Gaming Console,Android,2025-09-11
DEV003433,USR002300,Smart TV,Smart TV OS,2025-09-20
DEV003434,USR002300,Smart TV,Windows,2025-02-08
DEV003435,USR002301,Laptop,macOS,2025-09-18
DEV003436,USR002302,Mobile,Android,2025-07-19
DEV003437,USR002303,Smart TV,Android,2025-05-20
DEV003438,USR002304,Mobile,iOS,2025-01-02
DEV003439,USR002305,Tablet,iOS,2025-04-22
DEV003440,USR002306,Mobile,Smart TV OS,2025-01-05
DEV003441,USR002307,Mobile,macOS,2025-09-20
DEV003442,USR002307,Tablet,Android,2025-08-22
DEV003443,USR002308,Mobile,Android,2025-09-26
DEV003444,USR002309,Smart TV,Smart TV OS,2025-04-23
DEV003445,USR002310,Smart TV,Smart TV OS,2025-05-18
DEV003446,USR002311,Laptop,Smart TV OS,2025-03-29
DEV003447,USR002312,Smart TV,iOS,2025-10-01
DEV003448,USR002313,Tablet,macOS,2025-01-21
DEV003449,USR002314,Laptop,Android,2025-05-23
DEV003450,USR002314,Mobile,iOS,2025-03-10
DEV003451,USR002315,Gaming Console,Windows,2025-01-27
DEV003452,USR002316,Mobile,iOS,2025-05-08
DEV003453,USR002316,Streaming Stick,macOS,2025-04-18
DEV003454,USR002317,Laptop,Windows,2025-01-01
DEV003455,USR002318,Mobile,iOS,2025-11-20
DEV003456,USR002318,Streaming Stick,Android,2025-11-06
DEV003457,USR002319,Mobile,Windows,2025-06-16
DEV003458,USR002319,Streaming Stick,Smart TV OS,2025-02-12
DEV003459,USR002319,Gaming Console,iOS,2025-10-09
DEV003460,USR002320,Streaming Stick,Windows,2025-03-10
DEV003461,USR002321,Mobile,Smart TV OS,2025-11-10
DEV003462,USR002322,Laptop,macOS,2025-01-30
DEV003463,USR002323,Smart TV,iOS,2025-01-06
DEV003464,USR002323,Smart TV,Android,2025-07-02
DEV003465,USR002324,Laptop,Android,2025-05-24
DEV003466,USR002325,Mobile,iOS,2025-01-09
DEV003467,USR002326,Tablet,Windows,2025-10-26
DEV003468,USR002327,Laptop,Android,2025-07-15
DEV003469,USR002328,Laptop,Windows,2025-05-12
DEV003470,USR002328,Mobile,Android,2025-11-17
DEV003471,USR002328,Tablet,Windows,2025-11-21
DEV003472,USR002329,Mobile,Smart TV OS,2025-04-16
DEV003473,USR002329,Smart TV,iOS,2025-08-15
DEV003474,USR002330,Laptop,Smart TV OS,2025-05-18
DEV003475,USR002331,Tablet,macOS,2025-11-19
DEV003476,USR002332,Streaming Stick,Android,2025-07-22
DEV003477,USR002332,Mobile,Smart TV OS,2025-03-21
DEV003478,USR002333,Smart TV,Smart TV OS,2025-08-11
DEV003479,USR002334,Smart TV,Smart TV OS,2025-09-03
DEV003480,USR002335,Mobile,Android,2025-04-03
DEV003481,USR002336,Gaming Console,Windows,2025-04-01
DEV003482,USR002337,Streaming Stick,iOS,2025-09-09
DEV003483,USR002338,Laptop,iOS,2025-04-03
DEV003484,USR002338,Gaming Console,Windows,2025-05-25
DEV003485,USR002338,Laptop,iOS,2025-01-11
DEV003486,USR002339,Tablet,iOS,2025-04-01
DEV003487,USR002340,Streaming Stick,Windows,2025-11-08
DEV003488,USR002340,Mobile,macOS,2025-04-07
DEV003489,USR002341,Laptop,macOS,2025-02-06
DEV003490,USR002342,Laptop,iOS,2025-08-21
DEV003491,USR002343,Laptop,macOS,2025-07-26
DEV003492,USR002343,Laptop,iOS,2025-02-21
DEV003493,USR002344,Mobile,Smart TV OS,2025-03-12
DEV003494,USR002344,Mobile,macOS,2025-01-07
DEV003495,USR002345,Smart TV,iOS,2025-07-13
DEV003496,USR002345,Mobile,Windows,2025-07-16
DEV003497,USR002346,Streaming Stick,macOS,2025-01-07
DEV003498,USR002347,Smart TV,macOS,2025-11-26
DEV003499,USR002347,Smart TV,Windows,2025-01-23
DEV003500,USR002348,Streaming Stick,iOS,2025-02-12
DEV003501,USR002349,Laptop,Windows,2025-11-18
DEV003502,USR002350,Smart TV,iOS,2025-01-05
DEV003503,USR002351,Laptop,Android,2025-02-24
DEV003504,USR002351,Mobile,Windows,2025-10-05
DEV003505,USR002351,Tablet,Smart TV OS,2025-06-23
DEV003506,USR002352,Smart TV,Android,2025-02-13
DEV003507,USR002352,Mobile,Windows,2025-04-14
DEV003508,USR002353,Smart TV,Android,2025-10-16
DEV003509,USR002354,Smart TV,Windows,2025-03-25
DEV003510,USR002354,Laptop,Android,2025-06-07
DEV003511,USR002355,Streaming Stick,macOS,2025-03-21
DEV003512,USR002356,Mobile,macOS,2025-10-06
DEV003513,USR002357,Mobile,Windows,2025-11-18
DEV003514,USR002357,Mobile,iOS,2025-10-06
DEV003515,USR002358,Smart TV,Smart TV OS,2025-01-23
DEV003516,USR002359,Streaming Stick,iOS,2025-06-01
DEV003517,USR002360,Mobile,Android,2025-08-01
DEV003518,USR002361,Mobile,macOS,2025-04-25
DEV003519,USR002362,Mobile,macOS,2025-08-07
DEV003520,USR002363,Tablet,iOS,2025-06-30
DEV003521,USR002364,Gaming Console,Windows,2025-04-26
DEV003522,USR002364,Mobile,Android,2025-07-16
DEV003523,USR002365,Mobile,Android,2025-02-27
DEV003524,USR002365,Tablet,Android,2025-09-09
DEV003525,USR002366,Mobile,iOS,2025-02-26
DEV003526,USR002367,Laptop,iOS,2025-05-25
DEV003527,USR002368,Smart TV,Windows,2025-11-12
DEV003528,USR002369,Mobile,macOS,2025-07-04
DEV003529,USR002370,Smart TV,Smart TV OS,2025-02-13
DEV003530,USR002370,Mobile,Windows,2025-01-23
DEV003531,USR002370,Gaming Console,Windows,2025-11-06
DEV003532,USR002371,Mobile,Android,2025-08-08
DEV003533,USR002372,Mobile,Android,2025-11-04
DEV003534,USR002373,Smart TV,iOS,2025-08-06
DEV003535,USR002374,Tablet,Android,2025-06-04
DEV003536,USR002375,Mobile,iOS,2025-05-27
DEV003537,USR002375,Gaming Console,iOS,2025-06-28
DEV003538,USR002376,Gaming Console,iOS,2025-05-19
DEV003539,USR002376,Laptop,Android,2025-09-13
DEV003540,USR002377,Laptop,Android,2025-05-16
DEV003541,USR002377,Mobile,iOS,2025-02-09
DEV003542,USR002378,Mobile,Android,2025-03-18
DEV003543,USR002378,Laptop,Windows,2025-03-17
DEV003544,USR002379,Mobile,Smart TV OS,2025-07-19
DEV003545,USR002380,Smart TV,Windows,2025-09-02
DEV003546,USR002381,Mobile,Smart TV OS,2025-02-27
DEV003547,USR002381,Tablet,Android,2025-10-23
DEV003548,USR002382,Mobile,Windows,2025-05-23
DEV003549,USR002383,Mobile,Windows,2025-06-15
DEV003550,USR002384,Streaming Stick,macOS,2025-04-04
DEV003551,USR002384,Mobile,macOS,2025-07-17
DEV003552,USR002384,Streaming Stick,iOS,2025-06-30
DEV003553,USR002385,Tablet,macOS,2025-08-06
DEV003554,USR002386,Mobile,Android,2025-07-31
DEV003555,USR002387,Streaming Stick,Android,2025-11-22
DEV003556,USR002387,Streaming Stick,Windows,2025-06-20
DEV003557,USR002388,Gaming Console,Android,2025-05-06
DEV003558,USR002389,Mobile,Android,2025-10-09
DEV003559,USR002390,Gaming Console,Windows,2025-10-01
DEV003560,USR002391,Smart TV,iOS,2025-10-02
DEV003561,USR002392,Gaming Console,iOS,2025-07-16
DEV003562,USR002392,Tablet,Android,2025-02-12
DEV003563,USR002393,Laptop,iOS,2025-08-04
DEV003564,USR002394,Smart TV,Smart TV OS,2025-04-23
DEV003565,USR002395,Mobile,iOS,2025-05-01
DEV003566,USR002395,Mobile,Android,2025-07-05
DEV003567,USR002396,Mobile,macOS,2025-01-09
DEV003568,USR002397,Tablet,macOS,2025-08-31
DEV003569,USR002398,Tablet,Smart TV OS,2025-02-26
DEV003570,USR002398,Mobile,iOS,2025-01-31
DEV003571,USR002398,Smart TV,Android,2025-06-28
DEV003572,USR002399,Smart TV,Windows,2025-03-13
DEV003573,USR002400,Mobile,Windows,2025-03-15
DEV003574,USR002401,Mobile,Smart TV OS,2025-10-10
DEV003575,USR002401,Mobile,macOS,2025-08-04
DEV003576,USR002402,Smart TV,Android,2025-04-25
DEV003577,USR002403,Laptop,Windows,2025-03-12
DEV003578,USR002404,Smart TV,iOS,2025-03-15
DEV003579,USR002405,Smart TV,Android,2025-01-14
DEV003580,USR002406,Gaming Console,iOS,2025-08-06
DEV003581,USR002406,Mobile,Windows,2025-07-10
DEV003582,USR002407,Streaming Stick,Android,2025-02-24
DEV003583,USR002408,Smart TV,Windows,2025-02-07
DEV003584,USR002408,Laptop,iOS,2025-09-02
DEV003585,USR002409,Laptop,Android,2025-03-22
DEV003586,USR002409,Smart TV,macOS,2025-01-16
DEV003587,USR002410,Laptop,Windows,2025-03-14
DEV003588,USR002411,Mobile,Android,2025-02-09
DEV003589,USR002412,Smart TV,Smart TV OS,2025-08-02
DEV003590,USR002413,Smart TV,iOS,2025-04-04
DEV003591,USR002414,Smart TV,iOS,2025-03-13
DEV003592,USR002415,Mobile,Android,2025-06-03
DEV003593,USR002415,Smart TV,Smart TV OS,2025-08-29
DEV003594,USR002416,Mobile,Windows,2025-06-22
DEV003595,USR002417,Laptop,Windows,2025-11-27
DEV003596,USR002418,Mobile,iOS,2025-05-27
DEV003597,USR002418,Tablet,Windows,2025-02-26
DEV003598,USR002419,Smart TV,Android,2025-11-25
DEV003599,USR002420,Mobile,Android,2025-03-30
DEV003600,USR002421,Tablet,Smart TV OS,2025-01-06
DEV003601,USR002422,Smart TV,iOS,2025-08-05
DEV003602,USR002423,Laptop,Android,2025-08-21
DEV003603,USR002423,Laptop,Windows,2025-10-11
DEV003604,USR002424,Tablet,Smart TV OS,2025-05-13
DEV003605,USR002424,Mobile,Android,2025-10-20
DEV003606,USR002425,Smart TV,macOS,2025-04-27
DEV003607,USR002426,Smart TV,Smart TV OS,2025-03-22
DEV003608,USR002427,Laptop,Android,2025-02-17
DEV003609,USR002428,Mobile,Windows,2025-03-06
DEV003610,USR002429,Laptop,Android,2025-07-25
DEV003611,USR002429,Laptop,Smart TV OS,2025-11-13
DEV003612,USR002430,Laptop,Windows,2025-07-20
DEV003613,USR002431,Laptop,Windows,2025-10-14
DEV003614,USR002432,Laptop,Android,2025-02-09
DEV003615,USR002432,Streaming Stick,iOS,2025-08-28
DEV003616,USR002433,Mobile,macOS,2025-11-25
DEV003617,USR002434,Laptop,Android,2025-07-14
DEV003618,USR002435,Smart TV,Windows,2025-07-10
DEV003619,USR002436,Mobile,iOS,2025-04-10
DEV003620,USR002436,Laptop,Windows,2025-05-19
DEV003621,USR002437,Smart TV,Smart TV OS,2025-02-09
DEV003622,USR002438,Mobile,Windows,2025-06-21
DEV003623,USR002439,Streaming Stick,iOS,2025-05-25
DEV003624,USR002440,Mobile,Windows,2025-02-24
DEV003625,USR002441,Mobile,iOS,2025-11-02
DEV003626,USR002442,Laptop,iOS,2025-06-08
DEV003627,USR002443,Mobile,macOS,2025-04-14
DEV003628,USR002444,Smart TV,Android,2025-01-17
DEV003629,USR002444,Mobile,Windows,2025-05-04
DEV003630,USR002445,Mobile,Windows,2025-10-19
DEV003631,USR002446,Mobile,Android,2025-10-16
DEV003632,USR002447,Laptop,Windows,2025-09-05
DEV003633,USR002447,Laptop,Android,2025-01-24
DEV003634,USR002447,Laptop,macOS,2025-01-25
DEV003635,USR002448,Smart TV,Android,2025-06-08
DEV003636,USR002449,Tablet,Windows,2025-07-02
DEV003637,USR002450,Smart TV,Android,2025-07-23
DEV003638,USR002450,Streaming Stick,iOS,2025-09-14
DEV003639,USR002451,Smart TV,Windows,2025-07-20
DEV003640,USR002452,Mobile,macOS,2025-03-08
DEV003641,USR002452,Smart TV,iOS,2025-02-19
DEV003642,USR002453,Mobile,Windows,2025-09-15
DEV003643,USR002454,Smart TV,iOS,2025-03-18
DEV003644,USR002455,Tablet,Android,2025-07-15
DEV003645,USR002456,Mobile,iOS,2025-01-20
DEV003646,USR002457,Smart TV,Smart TV OS,2025-03-19
DEV003647,USR002458,Mobile,iOS,2025-02-10
DEV003648,USR002458,Tablet,Android,2025-11-17
DEV003649,USR002459,Gaming Console,Smart TV OS,2025-04-29
DEV003650,USR002460,Smart TV,Smart TV OS,2025-03-14
DEV003651,USR002460,Mobile,Android,2025-03-24
DEV003652,USR002461,Mobile,Smart TV OS,2025-09-14
DEV003653,USR002461,Smart TV,Smart TV OS,2025-09-22
DEV003654,USR002461,Mobile,Windows,2025-11-08
DEV003655,USR002462,Laptop,iOS,2025-06-24
DEV003656,USR002462,Streaming Stick,Smart TV OS,2025-08-18
DEV003657,USR002463,Mobile,Android,2025-06-23
DEV003658,USR002463,Streaming Stick,Windows,2025-05-29
DEV003659,USR002464,Laptop,iOS,2025-08-09
DEV003660,USR002465,Smart TV,Smart TV OS,2025-07-18
DEV003661,USR002466,Mobile,Android,2025-11-09
DEV003662,USR002467,Smart TV,macOS,2025-03-20
DEV003663,USR002467,Streaming Stick,Android,2025-10-18
DEV003664,USR002468,Mobile,Android,2025-09-12
DEV003665,USR002468,Mobile,Smart TV OS,2025-02-19
DEV003666,USR002469,Smart TV,macOS,2025-03-15
DEV003667,USR002469,Smart TV,Android,2025-06-08
DEV003668,USR002470,Smart TV,Windows,2025-02-14
DEV003669,USR002471,Mobile,Smart TV OS,2025-08-21
DEV003670,USR002472,Smart TV,Android,2025-06-01
DEV003671,USR002473,Mobile,Windows,2025-05-24
DEV003672,USR002474,Laptop,iOS,2025-06-30
DEV003673,USR002475,Mobile,Windows,2025-04-02
DEV003674,USR002476,Mobile,Windows,2025-08-24
DEV003675,USR002476,Mobile,Smart TV OS,2025-05-13
DEV003676,USR002477,Streaming Stick,Windows,2025-05-12
DEV003677,USR002477,Gaming Console,Windows,2025-08-15
DEV003678,USR002477,Tablet,Smart TV OS,2025-03-13
DEV003679,USR002478,Gaming Console,Smart TV OS,2025-10-19
DEV003680,USR002478,Streaming Stick,iOS,2025-09-07
DEV003681,USR002478,Gaming Console,macOS,2025-01-21
DEV003682,USR002479,Tablet,macOS,2025-05-27
DEV003683,USR002480,Mobile,Windows,2025-11-14
DEV003684,USR002481,Mobile,Android,2025-03-08
DEV003685,USR002481,Laptop,iOS,2025-08-14
DEV003686,USR002482,Smart TV,Android,2025-11-16
DEV003687,USR002483,Mobile,Android,2025-07-11
DEV003688,USR002483,Mobile,Windows,2025-02-12
DEV003689,USR002483,Smart TV,Android,2025-07-31
DEV003690,USR002484,Smart TV,Android,2025-05-15
DEV003691,USR002485,Smart TV,Smart TV OS,2025-01-22
DEV003692,USR002485,Smart TV,macOS,2025-11-14
DEV003693,USR002486,Smart TV,iOS,2025-01-30
DEV003694,USR002486,Mobile,Smart TV OS,2025-05-06
DEV003695,USR002486,Mobile,iOS,2025-10-15
DEV003696,USR002487,Gaming Console,Android,2025-02-23
DEV003697,USR002488,Mobile,iOS,2025-03-23
DEV003698,USR002489,Mobile,Smart TV OS,2025-02-07
DEV003699,USR002490,Mobile,Android,2025-08-25
DEV003700,USR002491,Mobile,Android,2025-06-28
DEV003701,USR002491,Smart TV,Android,2025-08-27
DEV003702,USR002492,Smart TV,iOS,2025-10-01
DEV003703,USR002493,Smart TV,Windows,2025-08-27
DEV003704,USR002493,Gaming Console,iOS,2025-02-25
DEV003705,USR002494,Mobile,Android,2025-02-25
DEV003706,USR002495,Smart TV,Windows,2025-07-23
DEV003707,USR002495,Smart TV,Android,2025-08-10
DEV003708,USR002496,Laptop,macOS,2025-06-18
DEV003709,USR002497,Gaming Console,Android,2025-06-25
DEV003710,USR002498,Laptop,Android,2025-09-06
DEV003711,USR002498,Smart TV,macOS,2025-04-19
DEV003712,USR002498,Mobile,iOS,2025-09-01
DEV003713,USR002499,Mobile,Android,2025-08-21
DEV003714,USR002500,Streaming Stick,Smart TV OS,2025-03-21
DEV003715,USR002501,Smart TV,Android,2025-03-16
DEV003716,USR002501,Mobile,Windows,2025-11-24
DEV003717,USR002501,Mobile,Windows,2025-04-20
DEV003718,USR002502,Gaming Console,iOS,2025-01-17
DEV003719,USR002503,Streaming Stick,Windows,2025-07-14
DEV003720,USR002503,Laptop,macOS,2025-02-01
DEV003721,USR002503,Smart TV,iOS,2025-07-05
DEV003722,USR002504,Smart TV,macOS,2025-08-31
DEV003723,USR002504,Smart TV,iOS,2025-04-20
DEV003724,USR002505,Tablet,Android,2025-01-12
DEV003725,USR002506,Gaming Console,Windows,2025-08-05
DEV003726,USR002506,Smart TV,Android,2025-05-19
DEV003727,USR002506,Mobile,Android,2025-05-10
DEV003728,USR002507,Mobile,iOS,2025-02-12
DEV003729,USR002507,Smart TV,Windows,2025-03-14
DEV003730,USR002508,Mobile,Windows,2025-07-27
DEV003731,USR002509,Streaming Stick,Android,2025-08-20
DEV003732,USR002510,Mobile,Smart TV OS,2025-09-26
DEV003733,USR002510,Laptop,iOS,2025-04-20
DEV003734,USR002511,Laptop,iOS,2025-05-13
DEV003735,USR002511,Gaming Console,Android,2025-04-05
DEV003736,USR002512,Smart TV,Smart TV OS,2025-02-17
DEV003737,USR002512,Mobile,macOS,2025-08-08
DEV003738,USR002513,Gaming Console,Android,2025-06-02
DEV003739,USR002514,Smart TV,Android,2025-06-28
DEV003740,USR002515,Smart TV,Smart TV OS,2025-09-04
DEV003741,USR002515,Laptop,Windows,2025-09-01
DEV003742,USR002515,Gaming Console,Smart TV OS,2025-10-02
DEV003743,USR002516,Streaming Stick,Windows,2025-03-24
DEV003744,USR002516,Mobile,Android,2025-08-12
DEV003745,USR002517,Streaming Stick,Android,2025-10-20
DEV003746,USR002518,Smart TV,Windows,2025-01-06
DEV003747,USR002519,Tablet,Windows,2025-11-02
DEV003748,USR002520,Mobile,macOS,2025-10-24
DEV003749,USR002521,Smart TV,Android,2025-06-15
DEV003750,USR002521,Mobile,Smart TV OS,2025-06-12
DEV003751,USR002522,Smart TV,iOS,2025-08-23
DEV003752,USR002523,Smart TV,Android,2025-09-13
DEV003753,USR002523,Tablet,Android,2025-06-12
DEV003754,USR002523,Smart TV,Android,2025-02-28
DEV003755,USR002524,Mobile,Windows,2025-07-28
DEV003756,USR002524,Smart TV,Smart TV OS,2025-05-15
DEV003757,USR002525,Streaming Stick,iOS,2025-01-02
DEV003758,USR002526,Smart TV,Android,2025-03-06
DEV003759,USR002526,Mobile,Smart TV OS,2025-11-21
DEV003760,USR002526,Mobile,iOS,2025-08-19
DEV003761,USR002527,Streaming Stick,Smart TV OS,2025-10-24
DEV003762,USR002527,Mobile,Smart TV OS,2025-02-19
DEV003763,USR002528,Smart TV,Android,2025-04-07
DEV003764,USR002529,Mobile,iOS,2025-10-07
DEV003765,USR002530,Smart TV,iOS,2025-11-04
DEV003766,USR002530,Laptop,Android,2025-07-13
DEV003767,USR002531,Mobile,Android,2025-04-18
DEV003768,USR002532,Gaming Console,macOS,2025-10-23
DEV003769,USR002532,Mobile,Android,2025-01-08
DEV003770,USR002532,Mobile,Android,2025-07-09
DEV003771,USR002533,Mobile,iOS,2025-01-09
DEV003772,USR002533,Mobile,Windows,2025-06-04
DEV003773,USR002534,Smart TV,Windows,2025-09-15
DEV003774,USR002534,Laptop,Windows,2025-03-05
DEV003775,USR002535,Smart TV,Smart TV OS,2025-08-22
DEV003776,USR002535,Mobile,Android,2025-07-31
DEV003777,USR002536,Smart TV,Windows,2025-06-30
DEV003778,USR002537,Tablet,Android,2025-08-07
DEV003779,USR002537,Laptop,Android,2025-09-25
DEV003780,USR002538,Laptop,Android,2025-06-21
DEV003781,USR002538,Streaming Stick,Android,2025-02-28
DEV003782,USR002538,Mobile,iOS,2025-04-01
DEV003783,USR002539,Mobile,iOS,2025-07-11
DEV003784,USR002540,Streaming Stick,iOS,2025-11-01
DEV003785,USR002541,Mobile,iOS,2025-08-12
DEV003786,USR002542,Smart TV,Smart TV OS,2025-08-12
DEV003787,USR002543,Laptop,iOS,2025-11-14
DEV003788,USR002543,Laptop,iOS,2025-02-20
DEV003789,USR002544,Laptop,Android,2025-02-23
DEV003790,USR002544,Gaming Console,Android,2025-02-15
DEV003791,USR002544,Mobile,Smart TV OS,2025-01-09
DEV003792,USR002545,Smart TV,Android,2025-07-30
DEV003793,USR002545,Laptop,Smart TV OS,2025-02-23
DEV003794,USR002546,Gaming Console,Android,2025-11-16
DEV003795,USR002547,Mobile,macOS,2025-02-21
DEV003796,USR002547,Smart TV,iOS,2025-11-21
DEV003797,USR002547,Mobile,Android,2025-08-16
DEV003798,USR002548,Smart TV,Android,2025-01-17
DEV003799,USR002549,Gaming Console,iOS,2025-08-04
DEV003800,USR002549,Gaming Console,iOS,2025-04-19
DEV003801,USR002550,Tablet,Android,2025-08-21
DEV003802,USR002551,Smart TV,iOS,2025-02-28
DEV003803,USR002552,Smart TV,iOS,2025-08-29
DEV003804,USR002553,Laptop,Android,2025-06-29
DEV003805,USR002553,Mobile,Smart TV OS,2025-08-26
DEV003806,USR002553,Mobile,iOS,2025-07-31
DEV003807,USR002554,Laptop,Smart TV OS,2025-11-27
DEV003808,USR002554,Tablet,Android,2025-07-22
DEV003809,USR002555,Smart TV,Android,2025-07-11
DEV003810,USR002556,Streaming Stick,iOS,2025-09-17
DEV003811,USR002556,Laptop,macOS,2025-05-26
DEV003812,USR002557,Laptop,Android,2025-05-16
DEV003813,USR002558,Mobile,iOS,2025-08-01
DEV003814,USR002559,Laptop,macOS,2025-01-03
DEV003815,USR002559,Smart TV,iOS,2025-08-01
DEV003816,USR002560,Laptop,macOS,2025-01-14
DEV003817,USR002561,Smart TV,iOS,2025-07-11
DEV003818,USR002562,Mobile,Windows,2025-09-23
DEV003819,USR002562,Mobile,Windows,2025-11-04
DEV003820,USR002563,Mobile,iOS,2025-03-29
DEV003821,USR002564,Mobile,Android,2025-08-09
DEV003822,USR002564,Smart TV,Windows,2025-05-04
DEV003823,USR002564,Mobile,Smart TV OS,2025-10-12
DEV003824,USR002565,Mobile,Windows,2025-04-09
DEV003825,USR002565,Laptop,macOS,2025-11-12
DEV003826,USR002565,Mobile,iOS,2025-11-26
DEV003827,USR002566,Tablet,Smart TV OS,2025-01-27
DEV003828,USR002567,Mobile,Android,2025-10-23
DEV003829,USR002567,Mobile,Windows,2025-08-08
DEV003830,USR002568,Tablet,Windows,2025-11-22
DEV003831,USR002569,Smart TV,Android,2025-03-30
DEV003832,USR002570,Mobile,macOS,2025-06-12
DEV003833,USR002571,Mobile,iOS,2025-08-12
DEV003834,USR002572,Smart TV,Windows,2025-03-06
DEV003835,USR002573,Laptop,macOS,2025-11-20
DEV003836,USR002574,Laptop,iOS,2025-07-20
DEV003837,USR002575,Tablet,Android,2025-11-18
DEV003838,USR002575,Smart TV,macOS,2025-05-14
DEV003839,USR002576,Mobile,Windows,2025-03-23
DEV003840,USR002576,Streaming Stick,Smart TV OS,2025-06-15
DEV003841,USR002577,Streaming Stick,iOS,2025-02-17
DEV003842,USR002578,Laptop,Windows,2025-01-06
DEV003843,USR002579,Mobile,iOS,2025-10-31
DEV003844,USR002579,Mobile,Windows,2025-03-20
DEV003845,USR002580,Laptop,Smart TV OS,2025-10-06
DEV003846,USR002581,Smart TV,Windows,2025-02-10
DEV003847,USR002581,Laptop,Android,2025-10-20
DEV003848,USR002581,Laptop,Windows,2025-07-15
DEV003849,USR002582,Mobile,Smart TV OS,2025-03-08
DEV003850,USR002583,Mobile,Android,2025-11-21
DEV003851,USR002583,Mobile,iOS,2025-11-20
DEV003852,USR002583,Smart TV,iOS,2025-07-03
DEV003853,USR002584,Laptop,Android,2025-04-24
DEV003854,USR002585,Mobile,Android,2025-10-02
DEV003855,USR002586,Smart TV,macOS,2025-07-13
DEV003856,USR002586,Smart TV,macOS,2025-05-14
DEV003857,USR002587,Smart TV,Android,2025-05-21
DEV003858,USR002587,Laptop,Android,2025-02-12
DEV003859,USR002588,Mobile,Android,2025-11-18
DEV003860,USR002588,Smart TV,Android,2025-01-12
DEV003861,USR002588,Tablet,Windows,2025-11-23
DEV003862,USR002589,Tablet,Smart TV OS,2025-02-22
DEV003863,USR002589,Mobile,Smart TV OS,2025-02-26
DEV003864,USR002589,Smart TV,Android,2025-08-24
DEV003865,USR002590,Mobile,Android,2025-03-04
DEV003866,USR002590,Streaming Stick,iOS,2025-02-24
DEV003867,USR002590,Streaming Stick,Android,2025-03-14
DEV003868,USR002591,Laptop,Android,2025-04-03
DEV003869,USR002592,Mobile,Smart TV OS,2025-09-11
DEV003870,USR002593,Mobile,iOS,2025-04-17
DEV003871,USR002593,Mobile,Windows,2025-07-20
DEV003872,USR002594,Tablet,Android,2025-01-12
DEV003873,USR002595,Mobile,Android,2025-09-07
DEV003874,USR002596,Smart TV,iOS,2025-02-09
DEV003875,USR002596,Smart TV,Android,2025-04-18
DEV003876,USR002596,Smart TV,iOS,2025-08-03
DEV003877,USR002597,Smart TV,iOS,2025-06-10
DEV003878,USR002598,Streaming Stick,Smart TV OS,2025-08-19
DEV003879,USR002598,Mobile,Smart TV OS,2025-03-24
DEV003880,USR002599,Laptop,Android,2025-01-06
DEV003881,USR002600,Laptop,Windows,2025-10-18
DEV003882,USR002600,Streaming Stick,iOS,2025-11-20
DEV003883,USR002601,Laptop,iOS,2025-01-17
DEV003884,USR002601,Smart TV,Windows,2025-03-02
DEV003885,USR002602,Gaming Console,Android,2025-06-27
DEV003886,USR002602,Smart TV,iOS,2025-09-05
DEV003887,USR002602,Tablet,Windows,2025-11-11
DEV003888,USR002603,Mobile,Smart TV OS,2025-01-03
DEV003889,USR002604,Smart TV,Smart TV OS,2025-05-11
DEV003890,USR002605,Gaming Console,macOS,2025-04-09
DEV003891,USR002605,Mobile,iOS,2025-11-07
DEV003892,USR002605,Mobile,Android,2025-01-16
DEV003893,USR002606,Smart TV,Android,2025-09-23
DEV003894,USR002607,Laptop,Smart TV OS,2025-03-20
DEV003895,USR002608,Smart TV,Windows,2025-07-06
DEV003896,USR002609,Smart TV,Windows,2025-04-22
DEV003897,USR002610,Mobile,Android,2025-03-12
DEV003898,USR002611,Mobile,macOS,2025-03-06
DEV003899,USR002612,Smart TV,iOS,2025-09-04
DEV003900,USR002613,Smart TV,Smart TV OS,2025-02-17
DEV003901,USR002614,Streaming Stick,macOS,2025-10-10
DEV003902,USR002615,Laptop,Windows,2025-08-28
DEV003903,USR002615,Tablet,Smart TV OS,2025-09-11
DEV003904,USR002616,Gaming Console,macOS,2025-07-24
DEV003905,USR002617,Smart TV,Smart TV OS,2025-05-09
DEV003906,USR002617,Laptop,Windows,2025-03-30
DEV003907,USR002617,Mobile,Android,2025-04-12
DEV003908,USR002618,Smart TV,iOS,2025-05-24
DEV003909,USR002618,Laptop,Windows,2025-07-21
DEV003910,USR002619,Mobile,macOS,2025-10-28
DEV003911,USR002620,Streaming Stick,Android,2025-04-16
DEV003912,USR002621,Laptop,Android,2025-09-07
DEV003913,USR002621,Tablet,iOS,2025-08-10
DEV003914,USR002621,Mobile,macOS,2025-08-17
DEV003915,USR002622,Smart TV,Windows,2025-05-20
DEV003916,USR002623,Mobile,Smart TV OS,2025-11-15
DEV003917,USR002623,Mobile,iOS,2025-02-25
DEV003918,USR002624,Smart TV,Windows,2025-08-08
DEV003919,USR002624,Smart TV,Smart TV OS,2025-04-13
DEV003920,USR002625,Smart TV,iOS,2025-07-11
DEV003921,USR002626,Smart TV,iOS,2025-02-02
DEV003922,USR002626,Streaming Stick,Smart TV OS,2025-08-19
DEV003923,USR002627,Mobile,macOS,2025-01-18
DEV003924,USR002628,Smart TV,Android,2025-05-10
DEV003925,USR002628,Smart TV,Smart TV OS,2025-10-28
DEV003926,USR002628,Laptop,Windows,2025-07-29
DEV003927,USR002629,Smart TV,Windows,2025-11-27
DEV003928,USR002630,Gaming Console,macOS,2025-09-29
DEV003929,USR002630,Gaming Console,Android,2025-06-30
DEV003930,USR002630,Mobile,Android,2025-07-23
DEV003931,USR002631,Mobile,Android,2025-04-03
DEV003932,USR002632,Laptop,Smart TV OS,2025-08-08
DEV003933,USR002632,Smart TV,Windows,2025-04-06
DEV003934,USR002633,Smart TV,Android,2025-02-07
DEV003935,USR002634,Smart TV,Smart TV OS,2025-07-10
DEV003936,USR002635,Mobile,Android,2025-06-10
DEV003937,USR002636,Smart TV,macOS,2025-06-13
DEV003938,USR002637,Smart TV,Android,2025-06-18
DEV003939,USR002637,Smart TV,iOS,2025-04-20
DEV003940,USR002638,Gaming Console,Android,2025-06-14
DEV003941,USR002639,Mobile,macOS,2025-10-15
DEV003942,USR002639,Smart TV,Android,2025-02-03
DEV003943,USR002640,Mobile,Smart TV OS,2025-11-05
DEV003944,USR002641,Mobile,iOS,2025-04-22
DEV003945,USR002642,Mobile,iOS,2025-05-23
DEV003946,USR002643,Streaming Stick,macOS,2025-02-08
DEV003947,USR002643,Smart TV,iOS,2025-10-21
DEV003948,USR002644,Tablet,macOS,2025-08-04
DEV003949,USR002644,Smart TV,iOS,2025-08-11
DEV003950,USR002645,Mobile,Smart TV OS,2025-06-13
DEV003951,USR002646,Tablet,Android,2025-01-26
DEV003952,USR002647,Laptop,Smart TV OS,2025-09-13
DEV003953,USR002647,Smart TV,iOS,2025-01-24
DEV003954,USR002648,Mobile,Android,2025-08-04
DEV003955,USR002648,Gaming Console,Windows,2025-03-03
DEV003956,USR002648,Laptop,Android,2025-03-05
DEV003957,USR002649,Mobile,Windows,2025-11-04
DEV003958,USR002650,Mobile,macOS,2025-07-16
DEV003959,USR002651,Tablet,macOS,2025-01-11
DEV003960,USR002652,Gaming Console,Windows,2025-11-26
DEV003961,USR002653,Tablet,Smart TV OS,2025-10-22
DEV003962,USR002653,Mobile,Android,2025-01-03
DEV003963,USR002654,Mobile,Windows,2025-05-26
DEV003964,USR002654,Laptop,Windows,2025-03-09
DEV003965,USR002655,Laptop,macOS,2025-07-26
DEV003966,USR002655,Mobile,macOS,2025-01-19
DEV003967,USR002656,Laptop,macOS,2025-09-28
DEV003968,USR002656,Laptop,Android,2025-01-21
DEV003969,USR002657,Smart TV,Android,2025-01-09
DEV003970,USR002658,Smart TV,Android,2025-02-18
DEV003971,USR002659,Mobile,Android,2025-08-01
DEV003972,USR002659,Mobile,Windows,2025-06-04
DEV003973,USR002660,Smart TV,Android,2025-06-27
DEV003974,USR002661,Tablet,Windows,2025-10-12
DEV003975,USR002662,Mobile,Windows,2025-09-10
DEV003976,USR002662,Mobile,Smart TV OS,2025-11-10
DEV003977,USR002663,Smart TV,Windows,2025-06-02
DEV003978,USR002664,Streaming Stick,macOS,2025-08-21
DEV003979,USR002664,Mobile,macOS,2025-09-10
DEV003980,USR002665,Smart TV,Windows,2025-03-04
DEV003981,USR002665,Tablet,iOS,2025-07-11
DEV003982,USR002666,Mobile,Windows,2025-02-22
DEV003983,USR002666,Mobile,Android,2025-01-15
DEV003984,USR002666,Laptop,iOS,2025-04-25
DEV003985,USR002667,Smart TV,Android,2025-01-06
DEV003986,USR002668,Tablet,macOS,2025-06-15
DEV003987,USR002669,Streaming Stick,iOS,2025-08-12
DEV003988,USR002669,Laptop,Android,2025-04-26
DEV003989,USR002670,Mobile,macOS,2025-04-08
DEV003990,USR002671,Smart TV,Android,2025-07-08
DEV003991,USR002671,Smart TV,iOS,2025-10-03
DEV003992,USR002672,Streaming Stick,iOS,2025-01-27
DEV003993,USR002672,Laptop,iOS,2025-05-13
DEV003994,USR002672,Tablet,macOS,2025-01-23
DEV003995,USR002673,Gaming Console,iOS,2025-06-05
DEV003996,USR002674,Mobile,Windows,2025-06-18
DEV003997,USR002675,Mobile,Android,2025-07-14
DEV003998,USR002675,Laptop,Android,2025-05-19
DEV003999,USR002676,Tablet,Android,2025-03-12
DEV004000,USR002676,Tablet,Android,2025-10-26
DEV004001,USR002677,Laptop,Android,2025-03-06
DEV004002,USR002678,Smart TV,Android,2025-03-17
DEV004003,USR002679,Smart TV,Android,2025-07-31
DEV004004,USR002679,Smart TV,Android,2025-11-23
DEV004005,USR002680,Mobile,Android,2025-03-04
DEV004006,USR002681,Mobile,Android,2025-05-04
DEV004007,USR002682,Tablet,Android,2025-09-08
DEV004008,USR002683,Mobile,Android,2025-06-14
DEV004009,USR002683,Mobile,macOS,2025-09-05
DEV004010,USR002683,Mobile,Android,2025-04-26
DEV004011,USR002684,Mobile,Windows,2025-06-01
DEV004012,USR002685,Streaming Stick,macOS,2025-06-30
DEV004013,USR002685,Gaming Console,Android,2025-10-13
DEV004014,USR002686,Smart TV,Android,2025-05-05
DEV004015,USR002686,Mobile,Android,2025-04-16
DEV004016,USR002687,Laptop,Smart TV OS,2025-02-08
DEV004017,USR002687,Mobile,Windows,2025-09-11
DEV004018,USR002688,Smart TV,macOS,2025-01-07
DEV004019,USR002689,Tablet,Smart TV OS,2025-08-28
DEV004020,USR002689,Streaming Stick,iOS,2025-07-17
DEV004021,USR002690,Mobile,iOS,2025-02-23
DEV004022,USR002691,Streaming Stick,Smart TV OS,2025-10-30
DEV004023,USR002692,Laptop,Android,2025-09-21
DEV004024,USR002692,Smart TV,Smart TV OS,2025-06-10
DEV004025,USR002693,Mobile,Windows,2025-06-09
DEV004026,USR002693,Tablet,Windows,2025-08-21
DEV004027,USR002694,Gaming Console,Windows,2025-09-16
DEV004028,USR002694,Mobile,Windows,2025-02-24
DEV004029,USR002695,Mobile,macOS,2025-04-23
DEV004030,USR002695,Streaming Stick,Smart TV OS,2025-07-06
DEV004031,USR002696,Mobile,Smart TV OS,2025-08-20
DEV004032,USR002697,Smart TV,Windows,2025-09-20
DEV004033,USR002697,Mobile,Android,2025-04-14
DEV004034,USR002698,Gaming Console,Smart TV OS,2025-04-07
DEV004035,USR002698,Smart TV,Windows,2025-02-05
DEV004036,USR002699,Smart TV,iOS,2025-03-26
DEV004037,USR002700,Mobile,iOS,2025-10-23
DEV004038,USR002700,Mobile,iOS,2025-02-22
DEV004039,USR002701,Mobile,Windows,2025-02-24
DEV004040,USR002702,Laptop,Android,2025-05-04
DEV004041,USR002702,Tablet,Windows,2025-01-09
DEV004042,USR002703,Smart TV,Android,2025-04-06
DEV004043,USR002703,Tablet,Windows,2025-05-17
DEV004044,USR002704,Smart TV,macOS,2025-09-29
DEV004045,USR002705,Laptop,iOS,2025-05-16
DEV004046,USR002706,Smart TV,Android,2025-10-09
DEV004047,USR002707,Smart TV,Smart TV OS,2025-08-09
DEV004048,USR002708,Gaming Console,iOS,2025-07-23
DEV004049,USR002709,Smart TV,iOS,2025-09-18
DEV004050,USR002710,Mobile,Android,2025-08-14
DEV004051,USR002711,Smart TV,Android,2025-02-20
DEV004052,USR002712,Streaming Stick,macOS,2025-07-15
DEV004053,USR002713,Smart TV,Windows,2025-08-05
DEV004054,USR002713,Smart TV,Android,2025-04-10
DEV004055,USR002714,Laptop,Windows,2025-07-26
DEV004056,USR002715,Laptop,iOS,2025-05-22
DEV004057,USR002716,Mobile,iOS,2025-09-10
DEV004058,USR002717,Mobile,Android,2025-02-25
DEV004059,USR002718,Smart TV,Android,2025-11-27
DEV004060,USR002718,Smart TV,Android,2025-05-08
DEV004061,USR002719,Mobile,Smart TV OS,2025-04-23
DEV004062,USR002719,Tablet,iOS,2025-02-28
DEV004063,USR002719,Laptop,Android,2025-01-28
DEV004064,USR002720,Mobile,macOS,2025-10-22
DEV004065,USR002720,Smart TV,macOS,2025-05-17
DEV004066,USR002721,Mobile,Android,2025-09-30
DEV004067,USR002722,Smart TV,Smart TV OS,2025-04-26
DEV004068,USR002723,Smart TV,macOS,2025-07-27
DEV004069,USR002723,Mobile,Smart TV OS,2025-07-20
DEV004070,USR002724,Tablet,Android,2025-04-23
DEV004071,USR002725,Gaming Console,iOS,2025-05-18
DEV004072,USR002725,Tablet,Smart TV OS,2025-09-11
DEV004073,USR002726,Mobile,macOS,2025-04-15
DEV004074,USR002727,Smart TV,Windows,2025-05-28
DEV004075,USR002728,Mobile,iOS,2025-05-28
DEV004076,USR002728,Smart TV,Android,2025-01-02
DEV004077,USR002729,Gaming Console,Windows,2025-09-15
DEV004078,USR002730,Smart TV,iOS,2025-11-15
DEV004079,USR002730,Laptop,macOS,2025-09-02
DEV004080,USR002731,Laptop,Android,2025-05-03
DEV004081,USR002731,Streaming Stick,iOS,2025-03-29
DEV004082,USR002732,Laptop,Android,2025-02-05
DEV004083,USR002733,Laptop,Windows,2025-06-20
DEV004084,USR002734,Smart TV,Smart TV OS,2025-03-14
DEV004085,USR002734,Laptop,iOS,2025-01-07
DEV004086,USR002735,Laptop,Smart TV OS,2025-08-08
DEV004087,USR002735,Mobile,iOS,2025-06-21
DEV004088,USR002736,Laptop,iOS,2025-05-16
DEV004089,USR002737,Mobile,iOS,2025-03-29
DEV004090,USR002737,Smart TV,Android,2025-01-05
DEV004091,USR002738,Mobile,Android,2025-08-31
DEV004092,USR002739,Laptop,Smart TV OS,2025-09-08
DEV004093,USR002740,Mobile,Smart TV OS,2025-08-30
DEV004094,USR002740,Streaming Stick,Windows,2025-02-26
DEV004095,USR002741,Laptop,Windows,2025-01-09
DEV004096,USR002742,Smart TV,Windows,2025-05-29
DEV004097,USR002743,Mobile,Android,2025-09-26
DEV004098,USR002743,Laptop,macOS,2025-09-15
DEV004099,USR002744,Smart TV,Android,2025-03-17
DEV004100,USR002745,Mobile,Android,2025-02-21
DEV004101,USR002745,Smart TV,iOS,2025-06-05
DEV004102,USR002746,Mobile,macOS,2025-06-21
DEV004103,USR002746,Mobile,Android,2025-08-20
DEV004104,USR002747,Mobile,iOS,2025-06-29
DEV004105,USR002748,Laptop,Windows,2025-05-12
DEV004106,USR002748,Mobile,Android,2025-09-07
DEV004107,USR002748,Mobile,Windows,2025-05-10
DEV004108,USR002749,Streaming Stick,Android,2025-01-07
DEV004109,USR002750,Laptop,Windows,2025-06-04
DEV004110,USR002750,Smart TV,Windows,2025-06-20
DEV004111,USR002751,Laptop,macOS,2025-11-02
DEV004112,USR002751,Laptop,Smart TV OS,2025-09-05
DEV004113,USR002752,Tablet,iOS,2025-09-23
DEV004114,USR002753,Streaming Stick,Android,2025-01-11
DEV004115,USR002753,Laptop,Android,2025-03-17
DEV004116,USR002754,Gaming Console,Windows,2025-04-23
DEV004117,USR002754,Laptop,Windows,2025-03-14
DEV004118,USR002754,Mobile,iOS,2025-07-02
DEV004119,USR002755,Mobile,macOS,2025-05-06
DEV004120,USR002756,Smart TV,Smart TV OS,2025-08-09
DEV004121,USR002757,Laptop,iOS,2025-02-15
DEV004122,USR002758,Laptop,macOS,2025-07-13
DEV004123,USR002759,Smart TV,Android,2025-05-21
DEV004124,USR002759,Gaming Console,iOS,2025-11-17
DEV004125,USR002760,Laptop,Android,2025-08-19
DEV004126,USR002760,Mobile,macOS,2025-09-27
DEV004127,USR002761,Mobile,Smart TV OS,2025-06-28
DEV004128,USR002762,Smart TV,Windows,2025-07-20
DEV004129,USR002762,Tablet,iOS,2025-10-29
DEV004130,USR002763,Smart TV,Android,2025-05-22
DEV004131,USR002764,Mobile,macOS,2025-01-22
DEV004132,USR002765,Smart TV,Windows,2025-06-25
DEV004133,USR002766,Smart TV,Android,2025-03-04
DEV004134,USR002766,Smart TV,Windows,2025-08-10
DEV004135,USR002767,Tablet,Android,2025-10-18
DEV004136,USR002767,Mobile,Windows,2025-06-27
DEV004137,USR002768,Tablet,Android,2025-01-05
DEV004138,USR002769,Smart TV,Windows,2025-03-17
DEV004139,USR002770,Mobile,Windows,2025-03-18
DEV004140,USR002771,Smart TV,Android,2025-05-29
DEV004141,USR002772,Tablet,Android,2025-03-25
DEV004142,USR002772,Gaming Console,macOS,2025-06-05
DEV004143,USR002773,Gaming Console,Windows,2025-02-03
DEV004144,USR002774,Tablet,iOS,2025-01-08
DEV004145,USR002774,Gaming Console,Android,2025-08-21
DEV004146,USR002775,Smart TV,Smart TV OS,2025-05-25
DEV004147,USR002776,Mobile,iOS,2025-03-05
DEV004148,USR002776,Mobile,Smart TV OS,2025-01-28
DEV004149,USR002777,Streaming Stick,Smart TV OS,2025-01-03
DEV004150,USR002778,Laptop,Android,2025-01-01
DEV004151,USR002779,Streaming Stick,Smart TV OS,2025-03-12
DEV004152,USR002780,Mobile,Windows,2025-05-26
DEV004153,USR002781,Smart TV,macOS,2025-09-15
DEV004154,USR002781,Laptop,Android,2025-10-15
DEV004155,USR002782,Smart TV,iOS,2025-02-14
DEV004156,USR002783,Laptop,macOS,2025-03-15
DEV004157,USR002783,Smart TV,Android,2025-04-11
DEV004158,USR002784,Laptop,Android,2025-02-11
DEV004159,USR002785,Mobile,Android,2025-01-17
DEV004160,USR002786,Mobile,Android,2025-07-01
DEV004161,USR002787,Gaming Console,Android,2025-11-23
DEV004162,USR002788,Tablet,iOS,2025-07-24
DEV004163,USR002789,Smart TV,Android,2025-02-20
DEV004164,USR002789,Streaming Stick,iOS,2025-05-14
DEV004165,USR002789,Laptop,Android,2025-06-04
DEV004166,USR002790,Gaming Console,Windows,2025-03-30
DEV004167,USR002791,Tablet,Android,2025-06-15
DEV004168,USR002792,Laptop,Smart TV OS,2025-03-13
DEV004169,USR002792,Mobile,macOS,2025-04-13
DEV004170,USR002793,Mobile,Smart TV OS,2025-08-02
DEV004171,USR002794,Smart TV,Smart TV OS,2025-06-04
DEV004172,USR002795,Laptop,Smart TV OS,2025-06-02
DEV004173,USR002796,Smart TV,Smart TV OS,2025-11-18
DEV004174,USR002797,Mobile,iOS,2025-04-04
DEV004175,USR002798,Mobile,Smart TV OS,2025-08-12
DEV004176,USR002799,Tablet,Android,2025-09-27
DEV004177,USR002800,Smart TV,iOS,2025-06-10
DEV004178,USR002801,Gaming Console,iOS,2025-07-03
DEV004179,USR002802,Smart TV,iOS,2025-08-07
DEV004180,USR002803,Mobile,Smart TV OS,2025-07-30
DEV004181,USR002804,Gaming Console,Android,2025-10-14
DEV004182,USR002805,Smart TV,iOS,2025-08-04
DEV004183,USR002806,Mobile,Android,2025-03-13
DEV004184,USR002807,Laptop,Android,2025-06-04
DEV004185,USR002807,Mobile,Windows,2025-05-05
DEV004186,USR002808,Gaming Console,Android,2025-07-11
DEV004187,USR002809,Streaming Stick,Android,2025-10-06
DEV004188,USR002810,Smart TV,Android,2025-05-31
DEV004189,USR002810,Mobile,iOS,2025-01-28
DEV004190,USR002811,Mobile,macOS,2025-07-21
DEV004191,USR002811,Tablet,Smart TV OS,2025-03-06
DEV004192,USR002812,Streaming Stick,Android,2025-01-04
DEV004193,USR002813,Laptop,macOS,2025-09-23
DEV004194,USR002814,Mobile,Smart TV OS,2025-01-28
DEV004195,USR002815,Laptop,iOS,2025-05-19
DEV004196,USR002816,Mobile,iOS,2025-02-24
DEV004197,USR002816,Mobile,macOS,2025-06-20
DEV004198,USR002817,Mobile,Android,2025-05-29
DEV004199,USR002818,Smart TV,macOS,2025-06-19
DEV004200,USR002819,Mobile,macOS,2025-03-04
DEV004201,USR002819,Smart TV,Windows,2025-10-27
DEV004202,USR002820,Mobile,iOS,2025-01-28
DEV004203,USR002820,Streaming Stick,Android,2025-04-15
DEV004204,USR002821,Mobile,macOS,2025-10-15
DEV004205,USR002822,Laptop,Smart TV OS,2025-09-11
DEV004206,USR002822,Laptop,Android,2025-03-11
DEV004207,USR002823,Mobile,iOS,2025-11-24
DEV004208,USR002824,Mobile,Windows,2025-06-04
DEV004209,USR002824,Smart TV,Windows,2025-11-18
DEV004210,USR002825,Smart TV,Android,2025-01-04
DEV004211,USR002826,Mobile,iOS,2025-11-16
DEV004212,USR002826,Mobile,Windows,2025-04-13
DEV004213,USR002827,Mobile,Windows,2025-01-01
DEV004214,USR002828,Gaming Console,Windows,2025-03-03
DEV004215,USR002829,Streaming Stick,iOS,2025-05-07
DEV004216,USR002830,Laptop,Android,2025-08-31
DEV004217,USR002831,Tablet,Smart TV OS,2025-09-16
DEV004218,USR002832,Gaming Console,Android,2025-01-29
DEV004219,USR002833,Gaming Console,Windows,2025-06-03
DEV004220,USR002833,Tablet,macOS,2025-07-27
DEV004221,USR002833,Streaming Stick,Windows,2025-09-05
DEV004222,USR002834,Mobile,macOS,2025-05-01
DEV004223,USR002834,Mobile,Android,2025-10-07
DEV004224,USR002834,Smart TV,Android,2025-05-14
DEV004225,USR002835,Tablet,iOS,2025-08-13
DEV004226,USR002835,Mobile,macOS,2025-11-12
DEV004227,USR002836,Smart TV,iOS,2025-03-16
DEV004228,USR002837,Streaming Stick,Android,2025-04-05
DEV004229,USR002837,Smart TV,Smart TV OS,2025-03-14
DEV004230,USR002838,Laptop,macOS,2025-05-04
DEV004231,USR002838,Smart TV,Android,2025-03-29
DEV004232,USR002839,Mobile,Windows,2025-10-07
DEV004233,USR002840,Smart TV,Android,2025-09-03
DEV004234,USR002841,Gaming Console,iOS,2025-02-21
DEV004235,USR002842,Laptop,iOS,2025-09-10
DEV004236,USR002842,Smart TV,Smart TV OS,2025-07-08
DEV004237,USR002842,Mobile,iOS,2025-05-21
DEV004238,USR002843,Laptop,Windows,2025-02-24
DEV004239,USR002844,Laptop,macOS,2025-08-06
DEV004240,USR002845,Smart TV,Android,2025-05-26
DEV004241,USR002846,Mobile,Android,2025-10-16
DEV004242,USR002847,Smart TV,Android,2025-10-25
DEV004243,USR002848,Tablet,macOS,2025-11-27
DEV004244,USR002849,Smart TV,iOS,2025-11-14
DEV004245,USR002849,Laptop,Android,2025-08-16
DEV004246,USR002850,Mobile,iOS,2025-07-01
DEV004247,USR002851,Smart TV,Android,2025-08-28
DEV004248,USR002851,Smart TV,macOS,2025-08-23
DEV004249,USR002851,Mobile,macOS,2025-05-22
DEV004250,USR002852,Mobile,Android,2025-03-23
DEV004251,USR002853,Smart TV,Android,2025-09-15
DEV004252,USR002854,Gaming Console,macOS,2025-09-26
DEV004253,USR002855,Smart TV,iOS,2025-02-02
DEV004254,USR002856,Laptop,iOS,2025-03-19
DEV004255,USR002857,Laptop,Android,2025-10-16
DEV004256,USR002858,Streaming Stick,Android,2025-03-13
DEV004257,USR002859,Laptop,Smart TV OS,2025-06-05
DEV004258,USR002860,Laptop,macOS,2025-02-04
DEV004259,USR002860,Gaming Console,Windows,2025-11-27
DEV004260,USR002860,Mobile,Windows,2025-09-05
DEV004261,USR002861,Smart TV,Android,2025-08-30
DEV004262,USR002862,Mobile,Windows,2025-04-03
DEV004263,USR002862,Mobile,Android,2025-10-22
DEV004264,USR002863,Streaming Stick,Smart TV OS,2025-09-17
DEV004265,USR002863,Mobile,iOS,2025-09-27
DEV004266,USR002864,Mobile,Android,2025-06-15
DEV004267,USR002865,Mobile,Smart TV OS,2025-10-25
DEV004268,USR002866,Mobile,Smart TV OS,2025-11-13
DEV004269,USR002867,Laptop,Smart TV OS,2025-02-04
DEV004270,USR002867,Mobile,Windows,2025-01-24
DEV004271,USR002868,Mobile,macOS,2025-03-23
DEV004272,USR002869,Tablet,macOS,2025-02-24
DEV004273,USR002870,Smart TV,Smart TV OS,2025-09-01
DEV004274,USR002871,Gaming Console,macOS,2025-04-29
DEV004275,USR002872,Mobile,iOS,2025-05-02
DEV004276,USR002872,Smart TV,iOS,2025-02-23
DEV004277,USR002872,Smart TV,iOS,2025-03-31
DEV004278,USR002873,Smart TV,Android,2025-07-16
DEV004279,USR002873,Gaming Console,Android,2025-08-04
DEV004280,USR002874,Smart TV,Windows,2025-02-01
DEV004281,USR002874,Tablet,Android,2025-11-10
DEV004282,USR002874,Gaming Console,Android,2025-05-09
DEV004283,USR002875,Streaming Stick,macOS,2025-02-07
DEV004284,USR002876,Laptop,Windows,2025-07-11
DEV004285,USR002877,Tablet,Android,2025-01-16
DEV004286,USR002877,Mobile,Android,2025-03-31
DEV004287,USR002878,Smart TV,macOS,2025-08-19
DEV004288,USR002879,Laptop,iOS,2025-11-23
DEV004289,USR002880,Mobile,Windows,2025-04-13
DEV004290,USR002881,Laptop,iOS,2025-09-09
DEV004291,USR002882,Laptop,Android,2025-05-27
DEV004292,USR002883,Mobile,Android,2025-03-24
DEV004293,USR002884,Mobile,macOS,2025-09-28
DEV004294,USR002885,Mobile,iOS,2025-04-09
DEV004295,USR002885,Smart TV,Windows,2025-02-14
DEV004296,USR002886,Smart TV,Windows,2025-11-19
DEV004297,USR002887,Smart TV,Android,2025-02-19
DEV004298,USR002887,Gaming Console,Android,2025-04-15
DEV004299,USR002887,Streaming Stick,Smart TV OS,2025-01-18
DEV004300,USR002888,Laptop,Smart TV OS,2025-01-03
DEV004301,USR002888,Laptop,Android,2025-07-04
DEV004302,USR002889,Mobile,Windows,2025-10-18
DEV004303,USR002889,Laptop,iOS,2025-10-07
DEV004304,USR002890,Mobile,Smart TV OS,2025-06-24
DEV004305,USR002890,Tablet,Smart TV OS,2025-04-05
DEV004306,USR002891,Mobile,iOS,2025-11-25
DEV004307,USR002891,Gaming Console,Smart TV OS,2025-09-28
DEV004308,USR002892,Laptop,iOS,2025-04-17
DEV004309,USR002893,Mobile,Windows,2025-08-31
DEV004310,USR002894,Smart TV,Smart TV OS,2025-07-02
DEV004311,USR002895,Mobile,iOS,2025-10-14
DEV004312,USR002895,Smart TV,Windows,2025-03-12
DEV004313,USR002896,Mobile,iOS,2025-08-13
DEV004314,USR002896,Mobile,Android,2025-08-07
DEV004315,USR002897,Mobile,Android,2025-02-06
DEV004316,USR002897,Mobile,Smart TV OS,2025-10-19
DEV004317,USR002898,Tablet,Windows,2025-09-22
DEV004318,USR002899,Tablet,Windows,2025-03-02
DEV004319,USR002900,Smart TV,iOS,2025-01-27
DEV004320,USR002901,Streaming Stick,Android,2025-06-19
DEV004321,USR002901,Laptop,Windows,2025-01-12
DEV004322,USR002902,Mobile,Smart TV OS,2025-05-29
DEV004323,USR002903,Laptop,Android,2025-05-09
DEV004324,USR002903,Laptop,macOS,2025-07-19
DEV004325,USR002903,Streaming Stick,Smart TV OS,2025-07-03
DEV004326,USR002904,Smart TV,Android,2025-03-22
DEV004327,USR002905,Smart TV,Android,2025-02-08
DEV004328,USR002905,Laptop,iOS,2025-10-01
DEV004329,USR002905,Smart TV,Smart TV OS,2025-10-22
DEV004330,USR002906,Smart TV,Smart TV OS,2025-09-23
DEV004331,USR002907,Mobile,Android,2025-09-14
DEV004332,USR002907,Smart TV,iOS,2025-06-09
DEV004333,USR002907,Mobile,iOS,2025-07-24
DEV004334,USR002908,Laptop,Android,2025-10-07
DEV004335,USR002908,Smart TV,Windows,2025-02-26
DEV004336,USR002909,Smart TV,macOS,2025-05-15
DEV004337,USR002910,Tablet,Android,2025-01-17
DEV004338,USR002910,Gaming Console,iOS,2025-06-23
DEV004339,USR002911,Mobile,macOS,2025-04-13
DEV004340,USR002912,Smart TV,Android,2025-01-31
DEV004341,USR002913,Laptop,macOS,2025-10-08
DEV004342,USR002914,Laptop,Windows,2025-06-18
DEV004343,USR002914,Streaming Stick,Smart TV OS,2025-02-01
DEV004344,USR002915,Smart TV,Android,2025-02-07
DEV004345,USR002916,Laptop,Android,2025-10-16
DEV004346,USR002916,Mobile,Android,2025-11-09
DEV004347,USR002917,Gaming Console,iOS,2025-01-19
DEV004348,USR002917,Smart TV,macOS,2025-06-27
DEV004349,USR002918,Smart TV,Smart TV OS,2025-08-02
DEV004350,USR002918,Tablet,Android,2025-11-03
DEV004351,USR002918,Mobile,Android,2025-11-10
DEV004352,USR002919,Mobile,Android,2025-10-10
DEV004353,USR002919,Smart TV,Smart TV OS,2025-09-03
DEV004354,USR002919,Gaming Console,Windows,2025-03-08
DEV004355,USR002920,Mobile,iOS,2025-01-22
DEV004356,USR002921,Laptop,Android,2025-09-12
DEV004357,USR002922,Laptop,Android,2025-06-29
DEV004358,USR002923,Laptop,iOS,2025-06-05
DEV004359,USR002924,Laptop,Windows,2025-04-27
DEV004360,USR002924,Smart TV,Windows,2025-01-11
DEV004361,USR002925,Laptop,Android,2025-01-14
DEV004362,USR002925,Gaming Console,iOS,2025-04-11
DEV004363,USR002925,Smart TV,Windows,2025-10-01
DEV004364,USR002926,Tablet,iOS,2025-07-14
DEV004365,USR002926,Laptop,Android,2025-01-10
DEV004366,USR002927,Laptop,iOS,2025-01-27
DEV004367,USR002928,Smart TV,macOS,2025-07-13
DEV004368,USR002929,Streaming Stick,iOS,2025-08-09
DEV004369,USR002929,Mobile,macOS,2025-08-07
DEV004370,USR002930,Tablet,Windows,2025-03-01
DEV004371,USR002931,Streaming Stick,Android,2025-11-12
DEV004372,USR002932,Smart TV,Smart TV OS,2025-07-08
DEV004373,USR002932,Laptop,Windows,2025-06-30
DEV004374,USR002932,Laptop,Android,2025-04-10
DEV004375,USR002933,Streaming Stick,Android,2025-01-30
DEV004376,USR002934,Smart TV,macOS,2025-02-17
DEV004377,USR002935,Smart TV,macOS,2025-04-27
DEV004378,USR002936,Laptop,macOS,2025-10-02
DEV004379,USR002937,Mobile,Windows,2025-01-08
DEV004380,USR002938,Mobile,macOS,2025-05-08
DEV004381,USR002938,Smart TV,iOS,2025-01-30
DEV004382,USR002939,Tablet,Android,2025-03-06
DEV004383,USR002940,Mobile,Android,2025-05-25
DEV004384,USR002941,Mobile,Android,2025-06-29
DEV004385,USR002942,Mobile,iOS,2025-05-06
DEV004386,USR002942,Streaming Stick,Android,2025-05-30
DEV004387,USR002943,Smart TV,Android,2025-07-23
DEV004388,USR002944,Smart TV,Smart TV OS,2025-03-04
DEV004389,USR002945,Laptop,Android,2025-02-09
DEV004390,USR002945,Smart TV,Android,2025-05-09
DEV004391,USR002946,Smart TV,Android,2025-04-16
DEV004392,USR002946,Smart TV,iOS,2025-09-11
DEV004393,USR002946,Smart TV,Android,2025-07-02
DEV004394,USR002947,Laptop,Windows,2025-04-23
DEV004395,USR002947,Gaming Console,iOS,2025-08-16
DEV004396,USR002948,Mobile,Windows,2025-07-07
DEV004397,USR002948,Laptop,iOS,2025-10-10
DEV004398,USR002949,Gaming Console,iOS,2025-05-06
DEV004399,USR002950,Smart TV,macOS,2025-05-17
DEV004400,USR002951,Mobile,Windows,2025-10-05
DEV004401,USR002952,Mobile,Windows,2025-01-28
DEV004402,USR002953,Mobile,iOS,2025-07-30
DEV004403,USR002954,Smart TV,iOS,2025-11-15
DEV004404,USR002954,Smart TV,iOS,2025-09-06
DEV004405,USR002955,Mobile,Android,2025-04-15
DEV004406,USR002956,Mobile,Smart TV OS,2025-09-24
DEV004407,USR002956,Mobile,Android,2025-04-29
DEV004408,USR002957,Mobile,Smart TV OS,2025-10-11
DEV004409,USR002958,Gaming Console,Smart TV OS,2025-07-10
DEV004410,USR002959,Mobile,iOS,2025-03-14
DEV004411,USR002959,Mobile,Android,2025-01-19
DEV004412,USR002960,Streaming Stick,Windows,2025-08-14
DEV004413,USR002960,Tablet,Android,2025-08-21
DEV004414,USR002960,Smart TV,Android,2025-02-28
DEV004415,USR002961,Mobile,iOS,2025-01-18
DEV004416,USR002962,Tablet,Android,2025-10-29
DEV004417,USR002963,Mobile,macOS,2025-02-13
DEV004418,USR002964,Laptop,Smart TV OS,2025-11-09
DEV004419,USR002965,Streaming Stick,Android,2025-01-10
DEV004420,USR002966,Mobile,macOS,2025-07-16
DEV004421,USR002966,Mobile,iOS,2025-08-16
DEV004422,USR002967,Smart TV,Android,2025-04-16
DEV004423,USR002968,Laptop,Smart TV OS,2025-08-09
DEV004424,USR002969,Streaming Stick,Smart TV OS,2025-06-06
DEV004425,USR002970,Gaming Console,Android,2025-06-28
DEV004426,USR002971,Mobile,Android,2025-11-08
DEV004427,USR002971,Mobile,Android,2025-06-22
DEV004428,USR002971,Laptop,iOS,2025-05-15
DEV004429,USR002972,Streaming Stick,Android,2025-10-30
DEV004430,USR002972,Mobile,Android,2025-04-21
DEV004431,USR002973,Mobile,Android,2025-06-24
DEV004432,USR002973,Streaming Stick,Smart TV OS,2025-11-15
DEV004433,USR002974,Mobile,iOS,2025-08-07
DEV004434,USR002975,Mobile,iOS,2025-01-30
DEV004435,USR002975,Mobile,iOS,2025-02-25
DEV004436,USR002976,Gaming Console,iOS,2025-05-28
DEV004437,USR002977,Laptop,macOS,2025-10-01
DEV004438,USR002977,Gaming Console,Android,2025-08-26
DEV004439,USR002978,Smart TV,Windows,2025-10-18
DEV004440,USR002979,Mobile,Windows,2025-05-14
DEV004441,USR002979,Mobile,macOS,2025-03-25
DEV004442,USR002980,Streaming Stick,Windows,2025-08-28
DEV004443,USR002980,Smart TV,Android,2025-05-02
DEV004444,USR002980,Smart TV,Smart TV OS,2025-03-09
DEV004445,USR002981,Mobile,iOS,2025-05-24
DEV004446,USR002981,Mobile,Android,2025-05-21
DEV004447,USR002982,Smart TV,iOS,2025-05-08
DEV004448,USR002983,Smart TV,iOS,2025-06-01
DEV004449,USR002983,Mobile,Smart TV OS,2025-06-22
DEV004450,USR002984,Mobile,Windows,2025-01-20
DEV004451,USR002985,Streaming Stick,Smart TV OS,2025-07-05
DEV004452,USR002985,Laptop,Windows,2025-05-18
DEV004453,USR002986,Mobile,iOS,2025-11-08
DEV004454,USR002986,Smart TV,Android,2025-01-07
DEV004455,USR002987,Mobile,Android,2025-10-19
DEV004456,USR002988,Laptop,Windows,2025-05-16
DEV004457,USR002988,Tablet,Android,2025-04-02
DEV004458,USR002989,Streaming Stick,Smart TV OS,2025-01-09
DEV004459,USR002990,Mobile,iOS,2025-08-27
DEV004460,USR002991,Streaming Stick,Smart TV OS,2025-07-03
DEV004461,USR002992,Smart TV,Windows,2025-10-12
DEV004462,USR002993,Mobile,Windows,2025-01-30
DEV004463,USR002994,Smart TV,iOS,2025-02-10
DEV004464,USR002995,Smart TV,Smart TV OS,2025-11-09
DEV004465,USR002996,Mobile,macOS,2025-02-02
DEV004466,USR002997,Smart TV,Smart TV OS,2025-05-13
DEV004467,USR002998,Smart TV,Android,2025-05-22
DEV004468,USR002998,Gaming Console,Android,2025-05-13
DEV004469,USR002999,Smart TV,Android,2025-03-07
DEV004470,USR002999,Smart TV,Android,2025-04-27
DEV004471,USR003000,Gaming Console,iOS,2025-03-17
DEV004472,USR003000,Gaming Console,Smart TV OS,2025-11-13
DEV004473,USR003001,Tablet,Android,2025-04-30
DEV004474,USR003001,Laptop,iOS,2025-02-28
DEV004475,USR003002,Streaming Stick,Windows,2025-04-05
DEV004476,USR003002,Smart TV,Windows,2025-09-17
DEV004477,USR003003,Mobile,Windows,2025-10-24
DEV004478,USR003003,Smart TV,Smart TV OS,2025-06-12
DEV004479,USR003004,Laptop,iOS,2025-04-27
DEV004480,USR003005,Laptop,iOS,2025-05-13
DEV004481,USR003006,Streaming Stick,Smart TV OS,2025-01-09
DEV004482,USR003006,Streaming Stick,iOS,2025-06-30
DEV004483,USR003006,Smart TV,Windows,2025-10-04
DEV004484,USR003007,Mobile,Android,2025-11-04
DEV004485,USR003007,Tablet,Android,2025-05-01
DEV004486,USR003008,Smart TV,macOS,2025-02-09
DEV004487,USR003009,Gaming Console,Windows,2025-02-27
DEV004488,USR003010,Tablet,Smart TV OS,2025-05-02
DEV004489,USR003011,Mobile,Windows,2025-10-20
DEV004490,USR003012,Mobile,macOS,2025-08-01
DEV004491,USR003013,Tablet,iOS,2025-08-07
DEV004492,USR003014,Tablet,iOS,2025-03-15
DEV004493,USR003014,Laptop,iOS,2025-01-13
DEV004494,USR003015,Smart TV,macOS,2025-07-04
DEV004495,USR003016,Smart TV,iOS,2025-07-28
DEV004496,USR003017,Gaming Console,Android,2025-07-11
DEV004497,USR003017,Streaming Stick,Android,2025-08-29
DEV004498,USR003018,Mobile,iOS,2025-05-31
DEV004499,USR003018,Smart TV,Windows,2025-11-15
DEV004500,USR003018,Mobile,macOS,2025-01-16
DEV004501,USR003019,Mobile,Android,2025-01-23
DEV004502,USR003020,Mobile,Windows,2025-03-18
DEV004503,USR003021,Smart TV,macOS,2025-01-14
DEV004504,USR003021,Laptop,Smart TV OS,2025-02-24
DEV004505,USR003022,Streaming Stick,Smart TV OS,2025-06-10
DEV004506,USR003022,Mobile,iOS,2025-09-19
DEV004507,USR003023,Tablet,Windows,2025-09-18
DEV004508,USR003023,Mobile,Smart TV OS,2025-10-25
DEV004509,USR003024,Smart TV,Smart TV OS,2025-04-21
DEV004510,USR003024,Tablet,iOS,2025-07-13
DEV004511,USR003025,Mobile,Smart TV OS,2025-01-17
DEV004512,USR003025,Mobile,macOS,2025-03-18
DEV004513,USR003026,Laptop,Android,2025-02-10
DEV004514,USR003027,Streaming Stick,Windows,2025-04-25
DEV004515,USR003027,Mobile,iOS,2025-10-17
DEV004516,USR003027,Smart TV,Windows,2025-09-15
DEV004517,USR003028,Smart TV,iOS,2025-11-19
DEV004518,USR003028,Streaming Stick,Android,2025-10-08
DEV004519,USR003028,Laptop,Android,2025-08-03
DEV004520,USR003029,Mobile,Windows,2025-03-04
DEV004521,USR003030,Gaming Console,iOS,2025-09-28
DEV004522,USR003030,Smart TV,Windows,2025-01-27
DEV004523,USR003031,Mobile,Android,2025-09-26
DEV004524,USR003031,Laptop,macOS,2025-09-24
DEV004525,USR003032,Laptop,macOS,2025-05-18
DEV004526,USR003033,Laptop,Windows,2025-10-22
DEV004527,USR003034,Mobile,Windows,2025-05-05
DEV004528,USR003035,Laptop,Windows,2025-07-05
DEV004529,USR003036,Laptop,Smart TV OS,2025-06-11
DEV004530,USR003037,Mobile,iOS,2025-03-01
DEV004531,USR003037,Tablet,iOS,2025-05-04
DEV004532,USR003038,Smart TV,iOS,2025-07-29
DEV004533,USR003039,Mobile,Android,2025-06-30
DEV004534,USR003040,Laptop,Windows,2025-02-09
DEV004535,USR003041,Mobile,Android,2025-09-05
DEV004536,USR003041,Laptop,Android,2025-11-06
DEV004537,USR003042,Mobile,iOS,2025-08-03
DEV004538,USR003043,Smart TV,Smart TV OS,2025-03-06
DEV004539,USR003044,Mobile,Smart TV OS,2025-05-06
DEV004540,USR003044,Mobile,Windows,2025-07-28
DEV004541,USR003044,Laptop,Windows,2025-10-27
DEV004542,USR003045,Streaming Stick,Windows,2025-11-07
DEV004543,USR003045,Gaming Console,iOS,2025-05-14
DEV004544,USR003046,Laptop,Smart TV OS,2025-06-24
DEV004545,USR003046,Laptop,Android,2025-06-10
DEV004546,USR003047,Tablet,Windows,2025-07-29
DEV004547,USR003048,Laptop,Android,2025-03-17
DEV004548,USR003049,Mobile,Windows,2025-11-20
DEV004549,USR003050,Laptop,Windows,2025-04-12
DEV004550,USR003050,Smart TV,macOS,2025-04-03
DEV004551,USR003051,Laptop,Android,2025-01-08
DEV004552,USR003051,Streaming Stick,Windows,2025-03-27
DEV004553,USR003052,Tablet,macOS,2025-05-15
DEV004554,USR003053,Laptop,Android,2025-08-29
DEV004555,USR003053,Tablet,iOS,2025-02-21
DEV004556,USR003054,Mobile,Windows,2025-01-18
DEV004557,USR003055,Streaming Stick,iOS,2025-01-13
DEV004558,USR003055,Mobile,Android,2025-03-27
DEV004559,USR003056,Laptop,iOS,2025-03-09
DEV004560,USR003056,Streaming Stick,Android,2025-09-21
DEV004561,USR003056,Mobile,macOS,2025-09-29
DEV004562,USR003057,Mobile,iOS,2025-08-05
DEV004563,USR003057,Smart TV,Android,2025-07-01
DEV004564,USR003058,Laptop,macOS,2025-10-13
DEV004565,USR003059,Smart TV,Android,2025-05-31
DEV004566,USR003060,Mobile,Smart TV OS,2025-06-22
DEV004567,USR003061,Smart TV,macOS,2025-11-12
DEV004568,USR003062,Laptop,iOS,2025-01-24
DEV004569,USR003063,Mobile,iOS,2025-07-01
DEV004570,USR003064,Mobile,Smart TV OS,2025-07-29
DEV004571,USR003064,Gaming Console,Smart TV OS,2025-11-19
DEV004572,USR003064,Smart TV,Android,2025-08-19
DEV004573,USR003065,Smart TV,iOS,2025-08-12
DEV004574,USR003065,Mobile,iOS,2025-05-29
DEV004575,USR003066,Mobile,Smart TV OS,2025-03-10
DEV004576,USR003066,Laptop,Windows,2025-04-04
DEV004577,USR003067,Mobile,Windows,2025-10-29
DEV004578,USR003067,Mobile,iOS,2025-09-18
DEV004579,USR003068,Streaming Stick,Windows,2025-01-04
DEV004580,USR003069,Mobile,iOS,2025-07-09
DEV004581,USR003070,Streaming Stick,iOS,2025-08-21
DEV004582,USR003070,Gaming Console,iOS,2025-07-14
DEV004583,USR003071,Tablet,Android,2025-04-01
DEV004584,USR003072,Mobile,Android,2025-10-29
DEV004585,USR003073,Mobile,iOS,2025-02-19
DEV004586,USR003074,Mobile,Android,2025-09-10
DEV004587,USR003075,Mobile,Smart TV OS,2025-10-16
DEV004588,USR003076,Mobile,Android,2025-09-26
DEV004589,USR003077,Smart TV,macOS,2025-08-07
DEV004590,USR003078,Mobile,Smart TV OS,2025-07-16
DEV004591,USR003079,Mobile,Windows,2025-04-02
DEV004592,USR003080,Laptop,Windows,2025-01-22
DEV004593,USR003080,Laptop,Smart TV OS,2025-04-18
DEV004594,USR003080,Smart TV,macOS,2025-08-09
DEV004595,USR003081,Tablet,Android,2025-10-22
DEV004596,USR003082,Smart TV,Windows,2025-06-10
DEV004597,USR003082,Smart TV,Windows,2025-02-20
DEV004598,USR003083,Smart TV,Windows,2025-03-26
DEV004599,USR003084,Tablet,Smart TV OS,2025-05-21
DEV004600,USR003085,Mobile,iOS,2025-04-25
DEV004601,USR003086,Tablet,Android,2025-05-28
DEV004602,USR003086,Mobile,Android,2025-05-13
DEV004603,USR003087,Tablet,iOS,2025-02-24
DEV004604,USR003087,Laptop,Android,2025-04-29
DEV004605,USR003087,Streaming Stick,Smart TV OS,2025-05-23
DEV004606,USR003088,Mobile,Smart TV OS,2025-04-16
DEV004607,USR003089,Smart TV,macOS,2025-09-18
DEV004608,USR003090,Tablet,Windows,2025-01-15
DEV004609,USR003090,Mobile,macOS,2025-11-03
DEV004610,USR003091,Smart TV,Android,2025-10-04
DEV004611,USR003091,Laptop,iOS,2025-10-03
DEV004612,USR003092,Streaming Stick,Smart TV OS,2025-01-04
DEV004613,USR003092,Tablet,Android,2025-09-08
DEV004614,USR003093,Mobile,Windows,2025-01-14
DEV004615,USR003093,Mobile,macOS,2025-07-09
DEV004616,USR003094,Mobile,Android,2025-10-20
DEV004617,USR003095,Smart TV,Windows,2025-08-16
DEV004618,USR003096,Laptop,Windows,2025-08-21
DEV004619,USR003097,Smart TV,macOS,2025-02-26
DEV004620,USR003098,Smart TV,Smart TV OS,2025-03-03
DEV004621,USR003098,Tablet,Windows,2025-08-16
DEV004622,USR003099,Smart TV,Android,2025-09-10
DEV004623,USR003099,Smart TV,Android,2025-05-15
DEV004624,USR003100,Tablet,Windows,2025-03-12
DEV004625,USR003101,Gaming Console,Android,2025-03-01
DEV004626,USR003101,Laptop,Smart TV OS,2025-07-01
DEV004627,USR003101,Mobile,Android,2025-02-10
DEV004628,USR003102,Laptop,Windows,2025-04-24
DEV004629,USR003102,Gaming Console,macOS,2025-02-08
DEV004630,USR003103,Mobile,Android,2025-09-17
DEV004631,USR003104,Smart TV,Smart TV OS,2025-08-21
DEV004632,USR003105,Mobile,Windows,2025-09-20
DEV004633,USR003105,Laptop,Windows,2025-02-07
DEV004634,USR003106,Streaming Stick,Android,2025-06-11
DEV004635,USR003106,Tablet,macOS,2025-01-20
DEV004636,USR003107,Smart TV,Android,2025-09-24
DEV004637,USR003108,Laptop,iOS,2025-10-13
DEV004638,USR003109,Smart TV,iOS,2025-11-17
DEV004639,USR003109,Laptop,Smart TV OS,2025-01-19
DEV004640,USR003110,Mobile,Android,2025-11-18
DEV004641,USR003110,Mobile,macOS,2025-01-05
DEV004642,USR003110,Smart TV,Android,2025-05-06
DEV004643,USR003111,Smart TV,iOS,2025-07-12
DEV004644,USR003112,Streaming Stick,macOS,2025-04-23
DEV004645,USR003112,Laptop,macOS,2025-04-11
DEV004646,USR003113,Streaming Stick,iOS,2025-03-19
DEV004647,USR003114,Laptop,Smart TV OS,2025-04-06
DEV004648,USR003115,Mobile,macOS,2025-05-25
DEV004649,USR003115,Gaming Console,iOS,2025-03-09
DEV004650,USR003116,Laptop,iOS,2025-02-15
DEV004651,USR003117,Laptop,iOS,2025-04-20
DEV004652,USR003117,Smart TV,Smart TV OS,2025-01-02
DEV004653,USR003117,Laptop,Smart TV OS,2025-08-11
DEV004654,USR003118,Laptop,Smart TV OS,2025-10-13
DEV004655,USR003119,Gaming Console,Android,2025-04-02
DEV004656,USR003119,Tablet,Android,2025-01-20
DEV004657,USR003120,Streaming Stick,macOS,2025-05-15
DEV004658,USR003121,Mobile,macOS,2025-11-20
DEV004659,USR003121,Mobile,macOS,2025-10-26
DEV004660,USR003122,Smart TV,Android,2025-06-28
DEV004661,USR003123,Laptop,iOS,2025-04-03
DEV004662,USR003124,Smart TV,Android,2025-04-29
DEV004663,USR003124,Streaming Stick,iOS,2025-05-30
DEV004664,USR003125,Tablet,Android,2025-09-08
DEV004665,USR003125,Mobile,iOS,2025-11-19
DEV004666,USR003126,Smart TV,Android,2025-07-02
DEV004667,USR003127,Mobile,iOS,2025-06-01
DEV004668,USR003128,Tablet,iOS,2025-02-27
DEV004669,USR003129,Mobile,iOS,2025-05-28
DEV004670,USR003129,Streaming Stick,Android,2025-08-03
DEV004671,USR003129,Streaming Stick,Windows,2025-08-17
DEV004672,USR003130,Laptop,iOS,2025-08-06
DEV004673,USR003131,Mobile,macOS,2025-08-26
DEV004674,USR003132,Laptop,Windows,2025-02-28
DEV004675,USR003132,Laptop,Android,2025-06-27
DEV004676,USR003132,Mobile,iOS,2025-07-23
DEV004677,USR003133,Tablet,Windows,2025-09-05
DEV004678,USR003133,Mobile,Smart TV OS,2025-09-08
DEV004679,USR003134,Laptop,Smart TV OS,2025-05-01
DEV004680,USR003134,Streaming Stick,macOS,2025-01-15
DEV004681,USR003135,Mobile,iOS,2025-09-17
DEV004682,USR003136,Smart TV,Windows,2025-07-29
DEV004683,USR003137,Mobile,Android,2025-06-15
DEV004684,USR003138,Smart TV,Smart TV OS,2025-06-12
DEV004685,USR003139,Smart TV,iOS,2025-08-15
DEV004686,USR003140,Mobile,Windows,2025-05-14
DEV004687,USR003141,Mobile,Android,2025-05-18
DEV004688,USR003141,Mobile,Android,2025-09-06
DEV004689,USR003142,Streaming Stick,Windows,2025-06-23
DEV004690,USR003142,Tablet,macOS,2025-11-22
DEV004691,USR003143,Mobile,iOS,2025-06-07
DEV004692,USR003143,Mobile,Windows,2025-08-18
DEV004693,USR003144,Smart TV,iOS,2025-10-21
DEV004694,USR003145,Mobile,macOS,2025-10-02
DEV004695,USR003145,Tablet,Smart TV OS,2025-04-16
DEV004696,USR003146,Mobile,Windows,2025-02-26
DEV004697,USR003146,Mobile,iOS,2025-11-11
DEV004698,USR003147,Mobile,Android,2025-03-08
DEV004699,USR003147,Smart TV,Android,2025-11-06
DEV004700,USR003148,Mobile,iOS,2025-01-11
DEV004701,USR003149,Smart TV,macOS,2025-02-16
DEV004702,USR003149,Smart TV,Android,2025-06-20
DEV004703,USR003150,Mobile,Android,2025-10-11
DEV004704,USR003150,Streaming Stick,Windows,2025-02-02
DEV004705,USR003151,Mobile,iOS,2025-09-23
DEV004706,USR003151,Mobile,Smart TV OS,2025-04-18
DEV004707,USR003152,Laptop,iOS,2025-04-12
DEV004708,USR003153,Mobile,iOS,2025-10-02
DEV004709,USR003153,Tablet,Android,2025-07-22
DEV004710,USR003153,Mobile,Android,2025-04-28
DEV004711,USR003154,Smart TV,Android,2025-03-24
DEV004712,USR003155,Mobile,Android,2025-06-19
DEV004713,USR003155,Mobile,Windows,2025-07-31
DEV004714,USR003156,Streaming Stick,macOS,2025-05-08
DEV004715,USR003157,Laptop,macOS,2025-01-19
DEV004716,USR003157,Mobile,Windows,2025-01-11
DEV004717,USR003157,Smart TV,Windows,2025-09-27
DEV004718,USR003158,Mobile,Smart TV OS,2025-07-23
DEV004719,USR003159,Mobile,Windows,2025-01-22
DEV004720,USR003159,Laptop,Windows,2025-03-22
DEV004721,USR003160,Laptop,Smart TV OS,2025-01-13
DEV004722,USR003161,Laptop,Smart TV OS,2025-05-07
DEV004723,USR003162,Laptop,Smart TV OS,2025-03-05
DEV004724,USR003163,Laptop,iOS,2025-07-13
DEV004725,USR003163,Smart TV,Smart TV OS,2025-07-25
DEV004726,USR003164,Smart TV,Smart TV OS,2025-05-19
DEV004727,USR003165,Laptop,Windows,2025-02-09
DEV004728,USR003165,Mobile,Android,2025-02-07
DEV004729,USR003166,Laptop,iOS,2025-08-01
DEV004730,USR003167,Mobile,Windows,2025-10-05
DEV004731,USR003168,Smart TV,Windows,2025-03-19
DEV004732,USR003168,Gaming Console,Android,2025-02-18
DEV004733,USR003169,Mobile,iOS,2025-07-20
DEV004734,USR003169,Smart TV,iOS,2025-04-10
DEV004735,USR003170,Smart TV,macOS,2025-06-09
DEV004736,USR003170,Streaming Stick,macOS,2025-06-15
DEV004737,USR003171,Streaming Stick,Windows,2025-01-12
DEV004738,USR003172,Tablet,iOS,2025-08-23
DEV004739,USR003173,Tablet,Smart TV OS,2025-05-16
DEV004740,USR003174,Mobile,macOS,2025-10-23
DEV004741,USR003174,Mobile,Windows,2025-08-30
DEV004742,USR003174,Streaming Stick,Smart TV OS,2025-07-12
DEV004743,USR003175,Laptop,iOS,2025-02-17
DEV004744,USR003176,Smart TV,Smart TV OS,2025-07-28
DEV004745,USR003177,Mobile,Android,2025-09-05
DEV004746,USR003178,Gaming Console,iOS,2025-10-01
DEV004747,USR003179,Gaming Console,iOS,2025-07-15
DEV004748,USR003180,Streaming Stick,Smart TV OS,2025-09-12
DEV004749,USR003181,Mobile,iOS,2025-07-10
DEV004750,USR003181,Laptop,Smart TV OS,2025-10-07
DEV004751,USR003182,Smart TV,Android,2025-08-20
DEV004752,USR003182,Mobile,Android,2025-04-25
DEV004753,USR003183,Smart TV,iOS,2025-01-13
DEV004754,USR003184,Mobile,Smart TV OS,2025-04-29
DEV004755,USR003185,Tablet,Android,2025-09-02
DEV004756,USR003186,Gaming Console,Android,2025-11-26
DEV004757,USR003187,Laptop,iOS,2025-03-15
DEV004758,USR003188,Mobile,Windows,2025-02-12
DEV004759,USR003188,Gaming Console,iOS,2025-02-18
DEV004760,USR003189,Mobile,Android,2025-04-17
DEV004761,USR003190,Mobile,iOS,2025-09-08
DEV004762,USR003190,Streaming Stick,iOS,2025-10-31
DEV004763,USR003191,Smart TV,Windows,2025-03-14
DEV004764,USR003192,Laptop,iOS,2025-08-31
DEV004765,USR003193,Smart TV,Android,2025-10-18
DEV004766,USR003194,Mobile,Android,2025-01-31
DEV004767,USR003194,Smart TV,Android,2025-09-10
DEV004768,USR003195,Smart TV,macOS,2025-06-09
DEV004769,USR003196,Smart TV,Android,2025-03-19
DEV004770,USR003196,Mobile,Smart TV OS,2025-01-19
DEV004771,USR003197,Mobile,Android,2025-10-17
DEV004772,USR003198,Laptop,iOS,2025-01-03
DEV004773,USR003199,Tablet,Windows,2025-04-18
DEV004774,USR003200,Smart TV,iOS,2025-09-08
DEV004775,USR003200,Mobile,iOS,2025-10-07
DEV004776,USR003201,Tablet,Smart TV OS,2025-05-01
DEV004777,USR003202,Laptop,Android,2025-09-05
DEV004778,USR003203,Mobile,iOS,2025-02-11
DEV004779,USR003204,Smart TV,iOS,2025-08-06
DEV004780,USR003204,Smart TV,macOS,2025-02-09
DEV004781,USR003204,Tablet,Smart TV OS,2025-07-12
DEV004782,USR003205,Smart TV,Windows,2025-01-07
DEV004783,USR003206,Smart TV,Windows,2025-03-04
DEV004784,USR003207,Smart TV,macOS,2025-08-13
DEV004785,USR003208,Mobile,Windows,2025-02-28
DEV004786,USR003208,Tablet,iOS,2025-01-20
DEV004787,USR003209,Gaming Console,macOS,2025-09-11
DEV004788,USR003209,Mobile,Windows,2025-03-29
DEV004789,USR003210,Laptop,Android,2025-09-26
DEV004790,USR003210,Mobile,Windows,2025-09-07
DEV004791,USR003211,Mobile,Android,2025-10-08
DEV004792,USR003212,Laptop,Smart TV OS,2025-01-05
DEV004793,USR003213,Mobile,Smart TV OS,2025-08-11
DEV004794,USR003214,Laptop,iOS,2025-05-19
DEV004795,USR003214,Mobile,Windows,2025-09-25
DEV004796,USR003214,Laptop,macOS,2025-06-15
DEV004797,USR003215,Laptop,Android,2025-07-10
DEV004798,USR003215,Tablet,Android,2025-10-16
DEV004799,USR003216,Smart TV,Android,2025-03-14
DEV004800,USR003216,Smart TV,macOS,2025-05-29
DEV004801,USR003217,Smart TV,Android,2025-04-15
DEV004802,USR003218,Smart TV,Android,2025-07-10
DEV004803,USR003218,Laptop,iOS,2025-09-23
DEV004804,USR003219,Laptop,Android,2025-08-30
DEV004805,USR003219,Laptop,iOS,2025-08-25
DEV004806,USR003220,Mobile,Smart TV OS,2025-06-19
DEV004807,USR003221,Smart TV,Smart TV OS,2025-03-11
DEV004808,USR003221,Mobile,Android,2025-03-26
DEV004809,USR003221,Tablet,Windows,2025-09-26
DEV004810,USR003222,Mobile,Windows,2025-08-31
DEV004811,USR003222,Streaming Stick,Smart TV OS,2025-01-06
DEV004812,USR003223,Tablet,Smart TV OS,2025-04-02
DEV004813,USR003224,Smart TV,macOS,2025-02-04
DEV004814,USR003225,Mobile,Smart TV OS,2025-01-03
DEV004815,USR003225,Smart TV,Windows,2025-06-09
DEV004816,USR003225,Smart TV,Smart TV OS,2025-04-07
DEV004817,USR003226,Mobile,Windows,2025-02-18
DEV004818,USR003227,Mobile,macOS,2025-06-19
DEV004819,USR003228,Gaming Console,Smart TV OS,2025-11-16
DEV004820,USR003229,Smart TV,Windows,2025-03-22
DEV004821,USR003230,Mobile,Android,2025-11-22
DEV004822,USR003231,Laptop,macOS,2025-04-26
DEV004823,USR003232,Streaming Stick,macOS,2025-01-08
DEV004824,USR003233,Smart TV,Smart TV OS,2025-05-21
DEV004825,USR003233,Smart TV,Windows,2025-05-26
DEV004826,USR003233,Laptop,Android,2025-08-07
DEV004827,USR003234,Mobile,Android,2025-06-06
DEV004828,USR003235,Laptop,Windows,2025-07-26
DEV004829,USR003236,Mobile,Android,2025-10-15
DEV004830,USR003236,Laptop,Smart TV OS,2025-10-05
DEV004831,USR003236,Mobile,Smart TV OS,2025-11-25
DEV004832,USR003237,Tablet,Smart TV OS,2025-02-09
DEV004833,USR003237,Mobile,Windows,2025-10-31
DEV004834,USR003238,Smart TV,macOS,2025-04-21
DEV004835,USR003239,Gaming Console,iOS,2025-05-15
DEV004836,USR003240,Smart TV,Smart TV OS,2025-03-06
DEV004837,USR003241,Smart TV,iOS,2025-10-28
DEV004838,USR003241,Mobile,macOS,2025-11-27
DEV004839,USR003242,Smart TV,Android,2025-06-19
DEV004840,USR003242,Laptop,Android,2025-10-22
DEV004841,USR003243,Smart TV,Android,2025-10-31
DEV004842,USR003243,Tablet,Windows,2025-11-06
DEV004843,USR003244,Mobile,Android,2025-11-12
DEV004844,USR003245,Mobile,Windows,2025-08-31
DEV004845,USR003245,Gaming Console,iOS,2025-04-18
DEV004846,USR003246,Mobile,iOS,2025-04-29
DEV004847,USR003247,Tablet,Windows,2025-02-16
DEV004848,USR003247,Mobile,Android,2025-11-11
DEV004849,USR003247,Streaming Stick,macOS,2025-03-17
DEV004850,USR003248,Smart TV,Smart TV OS,2025-09-01
DEV004851,USR003249,Mobile,macOS,2025-06-15
DEV004852,USR003249,Laptop,Android,2025-02-09
DEV004853,USR003250,Smart TV,iOS,2025-01-27
DEV004854,USR003250,Smart TV,iOS,2025-03-12
DEV004855,USR003251,Smart TV,Smart TV OS,2025-08-14
DEV004856,USR003252,Smart TV,Windows,2025-08-30
DEV004857,USR003253,Laptop,Android,2025-09-14
DEV004858,USR003254,Smart TV,Windows,2025-05-04
DEV004859,USR003254,Mobile,Android,2025-10-14
DEV004860,USR003255,Smart TV,macOS,2025-07-17
DEV004861,USR003256,Smart TV,iOS,2025-07-01
DEV004862,USR003256,Tablet,Smart TV OS,2025-06-09
DEV004863,USR003257,Mobile,iOS,2025-06-12
DEV004864,USR003257,Laptop,Android,2025-09-29
DEV004865,USR003258,Tablet,Android,2025-11-06
DEV004866,USR003259,Mobile,Smart TV OS,2025-03-27
DEV004867,USR003259,Gaming Console,iOS,2025-11-21
DEV004868,USR003260,Smart TV,Android,2025-03-15
DEV004869,USR003260,Smart TV,iOS,2025-08-12
DEV004870,USR003261,Laptop,iOS,2025-09-08
DEV004871,USR003262,Smart TV,Android,2025-05-09
DEV004872,USR003262,Mobile,Windows,2025-03-03
DEV004873,USR003263,Laptop,macOS,2025-08-11
DEV004874,USR003264,Mobile,Smart TV OS,2025-04-02
DEV004875,USR003264,Tablet,macOS,2025-01-13
DEV004876,USR003265,Smart TV,Android,2025-08-27
DEV004877,USR003265,Tablet,iOS,2025-06-27
DEV004878,USR003266,Mobile,Android,2025-04-20
DEV004879,USR003266,Laptop,Windows,2025-11-12
DEV004880,USR003267,Smart TV,macOS,2025-04-08
DEV004881,USR003268,Mobile,macOS,2025-04-02
DEV004882,USR003269,Gaming Console,Windows,2025-01-06
DEV004883,USR003269,Laptop,iOS,2025-04-11
DEV004884,USR003269,Laptop,Windows,2025-08-15
DEV004885,USR003270,Smart TV,iOS,2025-04-10
DEV004886,USR003271,Smart TV,macOS,2025-06-08
DEV004887,USR003272,Laptop,iOS,2025-07-08
DEV004888,USR003273,Mobile,Windows,2025-09-15
DEV004889,USR003273,Smart TV,Windows,2025-01-07
DEV004890,USR003274,Laptop,Windows,2025-01-18
DEV004891,USR003274,Mobile,Android,2025-05-21
DEV004892,USR003275,Mobile,Android,2025-07-23
DEV004893,USR003275,Smart TV,Windows,2025-01-23
DEV004894,USR003276,Streaming Stick,Android,2025-05-10
DEV004895,USR003276,Mobile,Android,2025-05-21
DEV004896,USR003276,Mobile,macOS,2025-11-17
DEV004897,USR003277,Tablet,Windows,2025-10-20
DEV004898,USR003278,Smart TV,iOS,2025-08-30
DEV004899,USR003278,Tablet,macOS,2025-11-08
DEV004900,USR003279,Tablet,Android,2025-09-09
DEV004901,USR003279,Laptop,iOS,2025-03-30
DEV004902,USR003280,Mobile,Android,2025-10-07
DEV004903,USR003281,Smart TV,Windows,2025-01-20
DEV004904,USR003281,Laptop,Windows,2025-07-09
DEV004905,USR003282,Gaming Console,Android,2025-03-20
DEV004906,USR003283,Mobile,macOS,2025-04-01
DEV004907,USR003283,Smart TV,Android,2025-03-09
DEV004908,USR003284,Smart TV,Android,2025-03-03
DEV004909,USR003285,Mobile,Android,2025-11-23
DEV004910,USR003286,Laptop,Smart TV OS,2025-06-10
DEV004911,USR003286,Mobile,Windows,2025-02-19
DEV004912,USR003287,Tablet,Android,2025-05-23
DEV004913,USR003287,Laptop,Smart TV OS,2025-04-10
DEV004914,USR003288,Laptop,Windows,2025-01-09
DEV004915,USR003288,Smart TV,Android,2025-06-20
DEV004916,USR003289,Laptop,Android,2025-06-12
DEV004917,USR003289,Mobile,Smart TV OS,2025-03-28
DEV004918,USR003290,Gaming Console,iOS,2025-10-28
DEV004919,USR003290,Smart TV,Smart TV OS,2025-07-07
DEV004920,USR003291,Mobile,Android,2025-07-26
DEV004921,USR003292,Gaming Console,Smart TV OS,2025-02-01
DEV004922,USR003293,Mobile,Android,2025-09-14
DEV004923,USR003294,Laptop,Windows,2025-05-17
DEV004924,USR003295,Smart TV,iOS,2025-08-16
DEV004925,USR003296,Smart TV,Smart TV OS,2025-11-08
DEV004926,USR003297,Smart TV,Smart TV OS,2025-09-16
DEV004927,USR003298,Smart TV,Android,2025-11-22
DEV004928,USR003299,Mobile,iOS,2025-01-02
DEV004929,USR003299,Smart TV,macOS,2025-06-09
DEV004930,USR003300,Smart TV,Android,2025-06-29
DEV004931,USR003301,Mobile,iOS,2025-08-27
DEV004932,USR003302,Smart TV,Android,2025-02-14
DEV004933,USR003303,Gaming Console,Windows,2025-08-26
DEV004934,USR003304,Smart TV,iOS,2025-02-16
DEV004935,USR003305,Laptop,Android,2025-02-14
DEV004936,USR003306,Mobile,Android,2025-10-30
DEV004937,USR003307,Laptop,Smart TV OS,2025-01-11
DEV004938,USR003307,Streaming Stick,Windows,2025-03-28
DEV004939,USR003308,Tablet,macOS,2025-04-22
DEV004940,USR003308,Smart TV,Android,2025-11-23
DEV004941,USR003309,Smart TV,Android,2025-02-11
DEV004942,USR003310,Smart TV,iOS,2025-05-07
DEV004943,USR003310,Smart TV,Android,2025-06-07
DEV004944,USR003311,Gaming Console,Smart TV OS,2025-11-25
DEV004945,USR003311,Smart TV,Android,2025-04-08
DEV004946,USR003312,Laptop,Windows,2025-03-09
DEV004947,USR003312,Mobile,Smart TV OS,2025-06-08
DEV004948,USR003313,Smart TV,macOS,2025-05-27
DEV004949,USR003314,Streaming Stick,Android,2025-03-13
DEV004950,USR003315,Mobile,Android,2025-07-31
DEV004951,USR003316,Tablet,macOS,2025-04-07
DEV004952,USR003317,Mobile,Android,2025-04-13
DEV004953,USR003318,Smart TV,macOS,2025-06-01
DEV004954,USR003319,Laptop,Windows,2025-08-14
DEV004955,USR003320,Smart TV,Android,2025-09-08
DEV004956,USR003321,Smart TV,Smart TV OS,2025-07-06
DEV004957,USR003322,Smart TV,iOS,2025-11-25
DEV004958,USR003323,Tablet,iOS,2025-11-20
DEV004959,USR003324,Smart TV,macOS,2025-03-29
DEV004960,USR003324,Smart TV,iOS,2025-01-19
DEV004961,USR003325,Tablet,Windows,2025-10-27
DEV004962,USR003325,Smart TV,Android,2025-07-17
DEV004963,USR003325,Gaming Console,Android,2025-03-21
DEV004964,USR003326,Smart TV,iOS,2025-04-18
DEV004965,USR003327,Laptop,iOS,2025-08-11
DEV004966,USR003327,Smart TV,Android,2025-06-27
DEV004967,USR003327,Laptop,Smart TV OS,2025-11-27
DEV004968,USR003328,Smart TV,Smart TV OS,2025-05-28
DEV004969,USR003328,Smart TV,Android,2025-04-17
DEV004970,USR003329,Smart TV,iOS,2025-09-15
DEV004971,USR003330,Mobile,Android,2025-05-18
DEV004972,USR003331,Smart TV,macOS,2025-04-18
DEV004973,USR003332,Mobile,Windows,2025-08-28
DEV004974,USR003333,Tablet,Android,2025-03-01
DEV004975,USR003334,Mobile,macOS,2025-11-20
DEV004976,USR003335,Mobile,Windows,2025-03-13
DEV004977,USR003336,Streaming Stick,macOS,2025-06-15
DEV004978,USR003337,Mobile,Android,2025-07-13
DEV004979,USR003338,Smart TV,Windows,2025-01-18
DEV004980,USR003338,Smart TV,iOS,2025-06-15
DEV004981,USR003339,Laptop,Smart TV OS,2025-11-19
DEV004982,USR003339,Smart TV,Android,2025-07-03
DEV004983,USR003340,Laptop,Android,2025-01-05
DEV004984,USR003340,Smart TV,Android,2025-03-23
DEV004985,USR003341,Laptop,iOS,2025-06-21
DEV004986,USR003342,Smart TV,Android,2025-02-21
DEV004987,USR003343,Mobile,iOS,2025-07-03
DEV004988,USR003344,Mobile,Smart TV OS,2025-08-28
DEV004989,USR003345,Gaming Console,Smart TV OS,2025-01-12
DEV004990,USR003346,Smart TV,Windows,2025-11-12
DEV004991,USR003347,Streaming Stick,Smart TV OS,2025-10-22
DEV004992,USR003348,Smart TV,macOS,2025-07-24
DEV004993,USR003348,Mobile,Smart TV OS,2025-08-31
DEV004994,USR003349,Laptop,iOS,2025-05-10
DEV004995,USR003349,Mobile,Android,2025-07-11
DEV004996,USR003350,Mobile,iOS,2025-09-05
DEV004997,USR003350,Mobile,iOS,2025-07-25
DEV004998,USR003351,Mobile,Windows,2025-04-30
DEV004999,USR003352,Laptop,Android,2025-09-17
DEV005000,USR003352,Smart TV,iOS,2025-02-25
DEV005001,USR003353,Smart TV,macOS,2025-05-18
DEV005002,USR003354,Mobile,Windows,2025-07-25
DEV005003,USR003354,Mobile,macOS,2025-10-31
DEV005004,USR003354,Laptop,Windows,2025-01-15
DEV005005,USR003355,Smart TV,macOS,2025-03-27
DEV005006,USR003356,Tablet,Windows,2025-11-02
DEV005007,USR003356,Tablet,iOS,2025-09-26
DEV005008,USR003356,Smart TV,iOS,2025-04-12
DEV005009,USR003357,Laptop,macOS,2025-10-18
DEV005010,USR003357,Laptop,Android,2025-03-13
DEV005011,USR003357,Laptop,Android,2025-03-08
DEV005012,USR003358,Smart TV,Android,2025-01-28
DEV005013,USR003358,Smart TV,iOS,2025-02-16
DEV005014,USR003359,Mobile,iOS,2025-03-14
DEV005015,USR003360,Laptop,Android,2025-08-23
DEV005016,USR003360,Laptop,iOS,2025-07-22
DEV005017,USR003361,Laptop,Smart TV OS,2025-01-01
DEV005018,USR003362,Mobile,Android,2025-04-13
DEV005019,USR003362,Tablet,Android,2025-03-30
DEV005020,USR003363,Streaming Stick,Android,2025-02-11
DEV005021,USR003364,Smart TV,Windows,2025-04-15
DEV005022,USR003365,Mobile,iOS,2025-05-06
DEV005023,USR003366,Smart TV,Windows,2025-10-12
DEV005024,USR003367,Smart TV,Smart TV OS,2025-07-11
DEV005025,USR003367,Laptop,iOS,2025-01-03
DEV005026,USR003368,Laptop,iOS,2025-06-26
DEV005027,USR003369,Smart TV,Windows,2025-10-09
DEV005028,USR003370,Streaming Stick,Windows,2025-04-19
DEV005029,USR003370,Tablet,Android,2025-08-30
DEV005030,USR003371,Mobile,Android,2025-08-26
DEV005031,USR003371,Laptop,Windows,2025-05-05
DEV005032,USR003372,Mobile,Android,2025-02-19
DEV005033,USR003372,Tablet,Smart TV OS,2025-07-18
DEV005034,USR003373,Laptop,Smart TV OS,2025-03-10
DEV005035,USR003374,Tablet,macOS,2025-06-17
DEV005036,USR003375,Laptop,Android,2025-08-06
DEV005037,USR003375,Smart TV,Smart TV OS,2025-11-02
DEV005038,USR003376,Mobile,macOS,2025-02-06
DEV005039,USR003377,Smart TV,Windows,2025-10-28
DEV005040,USR003378,Smart TV,iOS,2025-11-08
DEV005041,USR003379,Mobile,iOS,2025-05-01
DEV005042,USR003380,Gaming Console,Windows,2025-06-24
DEV005043,USR003381,Streaming Stick,iOS,2025-01-01
DEV005044,USR003382,Smart TV,Windows,2025-07-23
DEV005045,USR003382,Gaming Console,Android,2025-02-09
DEV005046,USR003383,Laptop,iOS,2025-03-12
DEV005047,USR003383,Mobile,Android,2025-09-13
DEV005048,USR003384,Laptop,Smart TV OS,2025-04-19
DEV005049,USR003385,Smart TV,Windows,2025-02-17
DEV005050,USR003386,Tablet,Smart TV OS,2025-04-03
DEV005051,USR003387,Mobile,iOS,2025-05-26
DEV005052,USR003388,Streaming Stick,Windows,2025-09-04
DEV005053,USR003389,Gaming Console,iOS,2025-08-04
DEV005054,USR003390,Laptop,Android,2025-07-23
DEV005055,USR003391,Gaming Console,iOS,2025-02-24
DEV005056,USR003391,Mobile,Windows,2025-08-27
DEV005057,USR003392,Mobile,macOS,2025-06-27
DEV005058,USR003392,Laptop,Android,2025-02-21
DEV005059,USR003393,Mobile,Smart TV OS,2025-07-27
DEV005060,USR003393,Tablet,Smart TV OS,2025-01-07
DEV005061,USR003394,Smart TV,iOS,2025-03-07
DEV005062,USR003395,Smart TV,iOS,2025-07-16
DEV005063,USR003396,Smart TV,iOS,2025-01-06
DEV005064,USR003396,Mobile,Android,2025-09-06
DEV005065,USR003397,Smart TV,Windows,2025-07-25
DEV005066,USR003397,Smart TV,Windows,2025-08-05
DEV005067,USR003398,Laptop,iOS,2025-06-05
DEV005068,USR003398,Streaming Stick,Android,2025-08-06
DEV005069,USR003399,Laptop,macOS,2025-11-21
DEV005070,USR003400,Tablet,iOS,2025-08-19
DEV005071,USR003401,Smart TV,Smart TV OS,2025-08-31
DEV005072,USR003402,Streaming Stick,Smart TV OS,2025-10-01
DEV005073,USR003402,Laptop,macOS,2025-07-06
DEV005074,USR003403,Streaming Stick,iOS,2025-04-02
DEV005075,USR003404,Smart TV,Windows,2025-09-30
DEV005076,USR003404,Mobile,macOS,2025-07-16
DEV005077,USR003404,Laptop,Android,2025-02-10
DEV005078,USR003405,Smart TV,Windows,2025-06-22
DEV005079,USR003406,Laptop,iOS,2025-10-30
DEV005080,USR003406,Laptop,macOS,2025-05-13
DEV005081,USR003406,Mobile,iOS,2025-04-12
DEV005082,USR003407,Laptop,Windows,2025-11-11
DEV005083,USR003408,Mobile,Android,2025-08-21
DEV005084,USR003408,Laptop,iOS,2025-08-11
DEV005085,USR003409,Mobile,Windows,2025-05-25
DEV005086,USR003410,Mobile,Windows,2025-09-08
DEV005087,USR003411,Mobile,Android,2025-01-26
DEV005088,USR003412,Gaming Console,Smart TV OS,2025-07-09
DEV005089,USR003412,Smart TV,Windows,2025-05-10
DEV005090,USR003413,Streaming Stick,Smart TV OS,2025-06-01
DEV005091,USR003414,Tablet,Smart TV OS,2025-01-13
DEV005092,USR003414,Mobile,macOS,2025-10-05
DEV005093,USR003415,Laptop,iOS,2025-05-31
DEV005094,USR003416,Tablet,Android,2025-01-09
DEV005095,USR003417,Gaming Console,iOS,2025-06-02
DEV005096,USR003418,Tablet,Android,2025-11-02
DEV005097,USR003418,Streaming Stick,Windows,2025-02-27
DEV005098,USR003419,Smart TV,Windows,2025-01-19
DEV005099,USR003420,Smart TV,iOS,2025-07-22
DEV005100,USR003421,Mobile,Windows,2025-02-13
DEV005101,USR003422,Laptop,Android,2025-03-06
DEV005102,USR003423,Tablet,Android,2025-11-21
DEV005103,USR003423,Gaming Console,Windows,2025-09-10
DEV005104,USR003424,Gaming Console,Android,2025-05-21
DEV005105,USR003425,Tablet,Windows,2025-08-23
DEV005106,USR003426,Tablet,Android,2025-05-05
DEV005107,USR003426,Mobile,Windows,2025-09-26
DEV005108,USR003427,Mobile,Smart TV OS,2025-01-21
DEV005109,USR003428,Tablet,iOS,2025-07-10
DEV005110,USR003429,Smart TV,Windows,2025-11-08
DEV005111,USR003430,Laptop,Android,2025-11-23
DEV005112,USR003430,Smart TV,Android,2025-02-21
DEV005113,USR003430,Streaming Stick,iOS,2025-07-15
DEV005114,USR003431,Tablet,iOS,2025-02-10
DEV005115,USR003432,Tablet,Smart TV OS,2025-11-23
DEV005116,USR003433,Mobile,Smart TV OS,2025-08-05
DEV005117,USR003433,Smart TV,Windows,2025-07-25
DEV005118,USR003434,Laptop,Android,2025-05-12
DEV005119,USR003435,Smart TV,Android,2025-02-10
DEV005120,USR003435,Smart TV,Windows,2025-08-10
DEV005121,USR003436,Gaming Console,iOS,2025-04-09
DEV005122,USR003436,Tablet,Android,2025-10-20
DEV005123,USR003436,Mobile,Android,2025-05-14
DEV005124,USR003437,Laptop,Smart TV OS,2025-11-12
DEV005125,USR003437,Mobile,iOS,2025-09-21
DEV005126,USR003437,Mobile,Android,2025-10-04
DEV005127,USR003438,Tablet,Smart TV OS,2025-05-05
DEV005128,USR003438,Smart TV,iOS,2025-01-26
DEV005129,USR003439,Streaming Stick,Android,2025-08-31
DEV005130,USR003440,Laptop,Android,2025-08-12
DEV005131,USR003441,Laptop,Windows,2025-04-06
DEV005132,USR003442,Gaming Console,Windows,2025-01-24
DEV005133,USR003443,Mobile,iOS,2025-04-03
DEV005134,USR003443,Laptop,Smart TV OS,2025-05-26
DEV005135,USR003444,Smart TV,Windows,2025-07-28
DEV005136,USR003445,Mobile,Smart TV OS,2025-08-01
DEV005137,USR003446,Tablet,Smart TV OS,2025-05-21
DEV005138,USR003446,Smart TV,Smart TV OS,2025-05-17
DEV005139,USR003447,Laptop,iOS,2025-11-22
DEV005140,USR003448,Mobile,iOS,2025-04-24
DEV005141,USR003449,Laptop,Android,2025-06-16
DEV005142,USR003450,Smart TV,Windows,2025-11-10
DEV005143,USR003451,Mobile,macOS,2025-11-08
DEV005144,USR003452,Laptop,iOS,2025-10-29
DEV005145,USR003452,Tablet,Android,2025-08-04
DEV005146,USR003453,Tablet,Android,2025-06-18
DEV005147,USR003453,Laptop,Windows,2025-10-05
DEV005148,USR003454,Laptop,Windows,2025-10-13
DEV005149,USR003455,Streaming Stick,Windows,2025-06-24
DEV005150,USR003456,Mobile,macOS,2025-08-16
DEV005151,USR003457,Smart TV,iOS,2025-09-13
DEV005152,USR003458,Tablet,Smart TV OS,2025-03-29
DEV005153,USR003459,Streaming Stick,iOS,2025-05-11
DEV005154,USR003459,Tablet,Windows,2025-07-26
DEV005155,USR003460,Mobile,iOS,2025-10-20
DEV005156,USR003461,Laptop,iOS,2025-11-20
DEV005157,USR003461,Smart TV,Android,2025-09-07
DEV005158,USR003461,Mobile,iOS,2025-10-15
DEV005159,USR003462,Tablet,Android,2025-02-12
DEV005160,USR003462,Laptop,Windows,2025-04-17
DEV005161,USR003462,Smart TV,Android,2025-09-29
DEV005162,USR003463,Laptop,Android,2025-05-30
DEV005163,USR003464,Smart TV,Android,2025-08-20
DEV005164,USR003464,Laptop,Windows,2025-08-28
DEV005165,USR003465,Gaming Console,iOS,2025-11-16
DEV005166,USR003466,Smart TV,iOS,2025-11-16
DEV005167,USR003467,Mobile,Android,2025-08-09
DEV005168,USR003468,Tablet,Android,2025-01-12
DEV005169,USR003469,Smart TV,Android,2025-05-26
DEV005170,USR003469,Smart TV,Android,2025-10-12
DEV005171,USR003470,Smart TV,Windows,2025-05-01
DEV005172,USR003470,Laptop,iOS,2025-07-12
DEV005173,USR003471,Smart TV,macOS,2025-03-09
DEV005174,USR003471,Smart TV,iOS,2025-07-13
DEV005175,USR003471,Mobile,Windows,2025-11-07
DEV005176,USR003472,Mobile,Windows,2025-03-05
DEV005177,USR003472,Laptop,Android,2025-02-19
DEV005178,USR003472,Mobile,Windows,2025-07-22
DEV005179,USR003473,Smart TV,iOS,2025-02-26
DEV005180,USR003474,Smart TV,Android,2025-04-02
DEV005181,USR003475,Mobile,Android,2025-07-25
DEV005182,USR003475,Tablet,iOS,2025-10-09
DEV005183,USR003476,Mobile,Smart TV OS,2025-04-22
DEV005184,USR003477,Laptop,Windows,2025-11-03
DEV005185,USR003478,Streaming Stick,iOS,2025-07-05
DEV005186,USR003479,Mobile,iOS,2025-11-21
DEV005187,USR003479,Mobile,Android,2025-11-22
DEV005188,USR003480,Smart TV,macOS,2025-10-02
DEV005189,USR003481,Smart TV,Smart TV OS,2025-04-26
DEV005190,USR003482,Smart TV,iOS,2025-09-11
DEV005191,USR003482,Streaming Stick,iOS,2025-08-26
DEV005192,USR003483,Smart TV,Android,2025-08-19
DEV005193,USR003484,Gaming Console,iOS,2025-04-01
DEV005194,USR003485,Streaming Stick,iOS,2025-01-02
DEV005195,USR003486,Streaming Stick,Android,2025-06-21
DEV005196,USR003487,Mobile,iOS,2025-03-30
DEV005197,USR003487,Gaming Console,iOS,2025-02-20
DEV005198,USR003488,Smart TV,Smart TV OS,2025-08-03
DEV005199,USR003489,Gaming Console,iOS,2025-07-30
DEV005200,USR003489,Tablet,Android,2025-04-07
DEV005201,USR003489,Mobile,iOS,2025-11-22
DEV005202,USR003490,Streaming Stick,Android,2025-04-25
DEV005203,USR003491,Mobile,iOS,2025-11-14
DEV005204,USR003492,Laptop,Android,2025-02-11
DEV005205,USR003493,Mobile,Android,2025-07-29
DEV005206,USR003494,Smart TV,iOS,2025-06-16
DEV005207,USR003494,Smart TV,iOS,2025-11-09
DEV005208,USR003494,Tablet,iOS,2025-05-08
DEV005209,USR003495,Laptop,macOS,2025-11-17
DEV005210,USR003496,Mobile,Android,2025-02-16
DEV005211,USR003497,Tablet,iOS,2025-01-12
DEV005212,USR003497,Laptop,iOS,2025-11-04
DEV005213,USR003497,Laptop,Smart TV OS,2025-07-19
DEV005214,USR003498,Mobile,Smart TV OS,2025-04-09
DEV005215,USR003499,Smart TV,Android,2025-03-24
DEV005216,USR003499,Streaming Stick,Android,2025-08-23
DEV005217,USR003500,Mobile,Android,2025-05-03
DEV005218,USR003501,Tablet,Android,2025-04-13
DEV005219,USR003502,Smart TV,Android,2025-05-31
DEV005220,USR003503,Mobile,Smart TV OS,2025-01-16
DEV005221,USR003504,Streaming Stick,Android,2025-08-25
DEV005222,USR003505,Mobile,Windows,2025-11-05
DEV005223,USR003506,Mobile,Smart TV OS,2025-05-04
DEV005224,USR003507,Mobile,iOS,2025-08-25
DEV005225,USR003507,Laptop,macOS,2025-09-14
DEV005226,USR003508,Smart TV,Smart TV OS,2025-11-06
DEV005227,USR003508,Mobile,Windows,2025-06-19
DEV005228,USR003509,Laptop,Smart TV OS,2025-03-23
DEV005229,USR003509,Laptop,Smart TV OS,2025-05-06
DEV005230,USR003510,Laptop,macOS,2025-02-05
DEV005231,USR003511,Tablet,Windows,2025-01-17
DEV005232,USR003512,Streaming Stick,iOS,2025-07-28
DEV005233,USR003512,Smart TV,Android,2025-09-24
DEV005234,USR003513,Mobile,Smart TV OS,2025-07-17
DEV005235,USR003513,Mobile,Smart TV OS,2025-02-06
DEV005236,USR003513,Smart TV,macOS,2025-08-02
DEV005237,USR003514,Gaming Console,Windows,2025-10-03
DEV005238,USR003514,Tablet,Windows,2025-03-03
DEV005239,USR003514,Streaming Stick,Windows,2025-11-07
DEV005240,USR003515,Smart TV,Android,2025-10-01
DEV005241,USR003515,Mobile,Smart TV OS,2025-01-13
DEV005242,USR003516,Laptop,iOS,2025-01-31
DEV005243,USR003517,Mobile,Smart TV OS,2025-07-23
DEV005244,USR003518,Mobile,iOS,2025-01-21
DEV005245,USR003518,Smart TV,iOS,2025-07-06
DEV005246,USR003519,Streaming Stick,Android,2025-09-19
DEV005247,USR003520,Smart TV,iOS,2025-08-14
DEV005248,USR003520,Laptop,Android,2025-08-08
DEV005249,USR003521,Mobile,Android,2025-02-23
DEV005250,USR003521,Laptop,Windows,2025-03-16
DEV005251,USR003522,Streaming Stick,Smart TV OS,2025-10-24
DEV005252,USR003522,Tablet,iOS,2025-02-27
DEV005253,USR003523,Smart TV,Windows,2025-07-07
DEV005254,USR003523,Gaming Console,Smart TV OS,2025-07-31
DEV005255,USR003524,Laptop,Smart TV OS,2025-03-14
DEV005256,USR003524,Mobile,Windows,2025-05-05
DEV005257,USR003525,Mobile,iOS,2025-04-18
DEV005258,USR003525,Gaming Console,Android,2025-05-16
DEV005259,USR003526,Smart TV,Android,2025-11-25
DEV005260,USR003527,Smart TV,Windows,2025-08-23
DEV005261,USR003527,Tablet,Android,2025-09-09
DEV005262,USR003528,Smart TV,iOS,2025-05-14
DEV005263,USR003528,Laptop,Android,2025-06-25
DEV005264,USR003529,Laptop,iOS,2025-08-16
DEV005265,USR003530,Smart TV,iOS,2025-08-19
DEV005266,USR003531,Mobile,Windows,2025-10-18
DEV005267,USR003531,Laptop,Smart TV OS,2025-05-21
DEV005268,USR003532,Laptop,Android,2025-03-13
DEV005269,USR003533,Laptop,macOS,2025-05-28
DEV005270,USR003534,Mobile,Windows,2025-07-09
DEV005271,USR003535,Mobile,Android,2025-05-30
DEV005272,USR003536,Smart TV,iOS,2025-03-23
DEV005273,USR003537,Laptop,Windows,2025-06-06
DEV005274,USR003538,Mobile,iOS,2025-08-14
DEV005275,USR003539,Smart TV,iOS,2025-03-21
DEV005276,USR003539,Smart TV,Windows,2025-03-07
DEV005277,USR003540,Laptop,Windows,2025-05-30
DEV005278,USR003541,Smart TV,iOS,2025-05-12
DEV005279,USR003541,Laptop,macOS,2025-11-23
DEV005280,USR003542,Gaming Console,Smart TV OS,2025-04-19
DEV005281,USR003543,Smart TV,macOS,2025-03-17
DEV005282,USR003544,Laptop,Android,2025-05-13
DEV005283,USR003545,Streaming Stick,iOS,2025-09-18
DEV005284,USR003546,Tablet,Windows,2025-09-22
DEV005285,USR003546,Mobile,iOS,2025-07-27
DEV005286,USR003547,Tablet,Android,2025-03-29
DEV005287,USR003548,Mobile,Windows,2025-11-26
DEV005288,USR003548,Laptop,iOS,2025-03-21
DEV005289,USR003548,Smart TV,Android,2025-10-28
DEV005290,USR003549,Mobile,Android,2025-06-10
DEV005291,USR003549,Laptop,Android,2025-09-25
DEV005292,USR003550,Smart TV,iOS,2025-09-06
DEV005293,USR003551,Smart TV,Windows,2025-09-26
DEV005294,USR003551,Tablet,iOS,2025-09-04
DEV005295,USR003552,Laptop,Android,2025-07-14
DEV005296,USR003553,Mobile,Android,2025-02-03
DEV005297,USR003554,Smart TV,iOS,2025-06-08
DEV005298,USR003555,Laptop,Android,2025-03-18
DEV005299,USR003556,Mobile,iOS,2025-03-03
DEV005300,USR003557,Smart TV,Smart TV OS,2025-07-02
DEV005301,USR003557,Mobile,Android,2025-09-13
DEV005302,USR003558,Laptop,Smart TV OS,2025-11-23
DEV005303,USR003559,Smart TV,Smart TV OS,2025-09-26
DEV005304,USR003559,Laptop,Windows,2025-04-27
DEV005305,USR003560,Mobile,Android,2025-07-06
DEV005306,USR003560,Smart TV,iOS,2025-01-17
DEV005307,USR003561,Mobile,Smart TV OS,2025-02-20
DEV005308,USR003562,Mobile,Windows,2025-09-17
DEV005309,USR003562,Laptop,Smart TV OS,2025-02-04
DEV005310,USR003562,Mobile,Android,2025-05-19
DEV005311,USR003563,Smart TV,iOS,2025-10-01
DEV005312,USR003564,Smart TV,macOS,2025-10-03
DEV005313,USR003564,Mobile,iOS,2025-02-10
DEV005314,USR003565,Mobile,Android,2025-01-29
DEV005315,USR003565,Smart TV,macOS,2025-08-17
DEV005316,USR003565,Laptop,Android,2025-10-18
DEV005317,USR003566,Smart TV,Windows,2025-05-06
DEV005318,USR003567,Laptop,Android,2025-04-04
DEV005319,USR003568,Mobile,Smart TV OS,2025-05-06
DEV005320,USR003568,Mobile,Smart TV OS,2025-04-27
DEV005321,USR003569,Mobile,Windows,2025-08-22
DEV005322,USR003569,Laptop,Android,2025-04-01
DEV005323,USR003570,Smart TV,Windows,2025-11-08
DEV005324,USR003571,Laptop,iOS,2025-05-23
DEV005325,USR003572,Laptop,Windows,2025-04-08
DEV005326,USR003573,Laptop,Windows,2025-02-02
DEV005327,USR003573,Laptop,Windows,2025-03-09
DEV005328,USR003574,Smart TV,Smart TV OS,2025-02-01
DEV005329,USR003575,Mobile,Android,2025-05-05
DEV005330,USR003576,Gaming Console,Windows,2025-10-25
DEV005331,USR003577,Streaming Stick,Android,2025-02-20
DEV005332,USR003578,Laptop,iOS,2025-01-27
DEV005333,USR003579,Smart TV,iOS,2025-11-21
DEV005334,USR003580,Mobile,Android,2025-09-02
DEV005335,USR003581,Laptop,Windows,2025-02-12
DEV005336,USR003582,Smart TV,Android,2025-02-21
DEV005337,USR003583,Gaming Console,Windows,2025-04-21
DEV005338,USR003584,Streaming Stick,Windows,2025-06-03
DEV005339,USR003585,Tablet,iOS,2025-10-25
DEV005340,USR003586,Mobile,Android,2025-02-27
DEV005341,USR003587,Tablet,iOS,2025-08-15
DEV005342,USR003587,Smart TV,iOS,2025-11-26
DEV005343,USR003588,Mobile,Android,2025-11-22
DEV005344,USR003589,Laptop,Android,2025-08-22
DEV005345,USR003589,Mobile,Windows,2025-01-01
DEV005346,USR003590,Smart TV,iOS,2025-07-28
DEV005347,USR003591,Tablet,Android,2025-09-10
DEV005348,USR003591,Mobile,Android,2025-11-20
DEV005349,USR003592,Gaming Console,Android,2025-09-17
DEV005350,USR003593,Mobile,iOS,2025-05-26
DEV005351,USR003594,Laptop,iOS,2025-06-03
DEV005352,USR003594,Mobile,Smart TV OS,2025-05-16
DEV005353,USR003594,Smart TV,Android,2025-09-30
DEV005354,USR003595,Gaming Console,iOS,2025-05-21
DEV005355,USR003596,Mobile,Android,2025-09-15
DEV005356,USR003596,Laptop,Windows,2025-06-08
DEV005357,USR003597,Smart TV,Android,2025-02-27
DEV005358,USR003597,Tablet,macOS,2025-04-04
DEV005359,USR003598,Tablet,iOS,2025-06-13
DEV005360,USR003599,Mobile,iOS,2025-09-18
DEV005361,USR003599,Laptop,macOS,2025-08-29
DEV005362,USR003600,Mobile,Windows,2025-04-02
DEV005363,USR003601,Mobile,Android,2025-08-10
DEV005364,USR003602,Smart TV,Windows,2025-02-18
DEV005365,USR003602,Mobile,iOS,2025-08-15
DEV005366,USR003603,Mobile,Windows,2025-10-03
DEV005367,USR003604,Smart TV,Windows,2025-04-10
DEV005368,USR003604,Smart TV,Windows,2025-02-25
DEV005369,USR003605,Mobile,Windows,2025-04-20
DEV005370,USR003605,Tablet,iOS,2025-06-07
DEV005371,USR003606,Streaming Stick,Android,2025-06-13
DEV005372,USR003607,Laptop,iOS,2025-08-30
DEV005373,USR003607,Laptop,Android,2025-02-22
DEV005374,USR003608,Tablet,macOS,2025-11-09
DEV005375,USR003608,Mobile,Smart TV OS,2025-04-18
DEV005376,USR003609,Mobile,Smart TV OS,2025-03-21
DEV005377,USR003610,Smart TV,iOS,2025-04-09
DEV005378,USR003611,Smart TV,Android,2025-03-29
DEV005379,USR003611,Mobile,Windows,2025-03-22
DEV005380,USR003612,Mobile,Android,2025-03-22
DEV005381,USR003612,Tablet,Android,2025-06-16
DEV005382,USR003613,Tablet,Android,2025-08-31
DEV005383,USR003613,Smart TV,Smart TV OS,2025-11-01
DEV005384,USR003613,Mobile,Android,2025-08-02
DEV005385,USR003614,Smart TV,Windows,2025-05-18
DEV005386,USR003614,Tablet,iOS,2025-04-28
DEV005387,USR003615,Smart TV,iOS,2025-08-30
DEV005388,USR003615,Smart TV,Android,2025-06-05
DEV005389,USR003615,Mobile,Windows,2025-07-09
DEV005390,USR003616,Laptop,Android,2025-06-20
DEV005391,USR003617,Smart TV,Windows,2025-06-11
DEV005392,USR003617,Streaming Stick,Windows,2025-08-19
DEV005393,USR003618,Smart TV,iOS,2025-10-16
DEV005394,USR003619,Smart TV,Android,2025-08-02
DEV005395,USR003620,Streaming Stick,Android,2025-07-26
DEV005396,USR003621,Laptop,iOS,2025-07-29
DEV005397,USR003622,Smart TV,Smart TV OS,2025-03-13
DEV005398,USR003623,Streaming Stick,Android,2025-05-21
DEV005399,USR003623,Mobile,Windows,2025-01-10
DEV005400,USR003623,Tablet,iOS,2025-04-14
DEV005401,USR003624,Streaming Stick,iOS,2025-05-12
DEV005402,USR003625,Smart TV,Smart TV OS,2025-07-11
DEV005403,USR003626,Streaming Stick,macOS,2025-08-07
DEV005404,USR003627,Streaming Stick,Windows,2025-06-16
DEV005405,USR003627,Mobile,iOS,2025-10-13
DEV005406,USR003628,Mobile,Windows,2025-04-13
DEV005407,USR003629,Mobile,iOS,2025-11-13
DEV005408,USR003629,Mobile,iOS,2025-09-15
DEV005409,USR003630,Smart TV,iOS,2025-05-21
DEV005410,USR003631,Mobile,Windows,2025-05-05
DEV005411,USR003632,Streaming Stick,iOS,2025-09-03
DEV005412,USR003633,Laptop,Smart TV OS,2025-10-31
DEV005413,USR003633,Streaming Stick,Smart TV OS,2025-08-29
DEV005414,USR003633,Tablet,Windows,2025-01-24
DEV005415,USR003634,Laptop,Android,2025-07-19
DEV005416,USR003634,Smart TV,Smart TV OS,2025-09-07
DEV005417,USR003635,Smart TV,Android,2025-11-07
DEV005418,USR003636,Smart TV,Windows,2025-01-31
DEV005419,USR003637,Smart TV,Android,2025-11-24
DEV005420,USR003638,Smart TV,iOS,2025-10-03
DEV005421,USR003639,Mobile,Android,2025-05-26
DEV005422,USR003640,Gaming Console,macOS,2025-03-10
DEV005423,USR003641,Mobile,Android,2025-02-07
DEV005424,USR003641,Streaming Stick,Android,2025-06-16
DEV005425,USR003642,Laptop,Windows,2025-07-31
DEV005426,USR003642,Streaming Stick,iOS,2025-03-19
DEV005427,USR003642,Smart TV,iOS,2025-03-19
DEV005428,USR003643,Streaming Stick,Android,2025-10-21
DEV005429,USR003644,Gaming Console,Windows,2025-02-15
DEV005430,USR003645,Smart TV,Windows,2025-06-17
DEV005431,USR003646,Mobile,Windows,2025-05-14
DEV005432,USR003647,Mobile,macOS,2025-05-30
DEV005433,USR003648,Tablet,Windows,2025-03-13
DEV005434,USR003648,Smart TV,iOS,2025-02-04
DEV005435,USR003649,Smart TV,Android,2025-06-10
DEV005436,USR003649,Mobile,Smart TV OS,2025-07-04
DEV005437,USR003650,Smart TV,macOS,2025-08-17
DEV005438,USR003650,Smart TV,Android,2025-04-20
DEV005439,USR003651,Tablet,iOS,2025-08-28
DEV005440,USR003652,Gaming Console,Android,2025-07-05
DEV005441,USR003653,Mobile,Windows,2025-05-13
DEV005442,USR003654,Laptop,iOS,2025-01-12
DEV005443,USR003655,Tablet,Windows,2025-11-25
DEV005444,USR003656,Streaming Stick,macOS,2025-07-22
DEV005445,USR003657,Gaming Console,macOS,2025-01-25
DEV005446,USR003657,Smart TV,iOS,2025-09-28
DEV005447,USR003658,Mobile,iOS,2025-09-20
DEV005448,USR003659,Mobile,Smart TV OS,2025-10-17
DEV005449,USR003660,Laptop,macOS,2025-01-17
DEV005450,USR003661,Streaming Stick,Android,2025-06-17
DEV005451,USR003661,Laptop,macOS,2025-10-03
DEV005452,USR003661,Mobile,iOS,2025-09-09
DEV005453,USR003662,Smart TV,Smart TV OS,2025-06-20
DEV005454,USR003663,Mobile,Android,2025-02-08
DEV005455,USR003663,Laptop,macOS,2025-10-17
DEV005456,USR003664,Streaming Stick,iOS,2025-10-13
DEV005457,USR003665,Tablet,Smart TV OS,2025-09-30
DEV005458,USR003665,Smart TV,iOS,2025-03-23
DEV005459,USR003666,Laptop,Windows,2025-02-14
DEV005460,USR003666,Gaming Console,iOS,2025-10-21
DEV005461,USR003667,Streaming Stick,Android,2025-11-09
DEV005462,USR003667,Streaming Stick,Android,2025-04-08
DEV005463,USR003667,Laptop,iOS,2025-02-07
DEV005464,USR003668,Smart TV,Smart TV OS,2025-08-09
DEV005465,USR003668,Laptop,macOS,2025-05-22
DEV005466,USR003669,Laptop,Smart TV OS,2025-03-19
DEV005467,USR003670,Tablet,Android,2025-02-07
DEV005468,USR003670,Mobile,Android,2025-04-04
DEV005469,USR003671,Smart TV,macOS,2025-06-23
DEV005470,USR003671,Mobile,Windows,2025-08-21
DEV005471,USR003672,Laptop,Windows,2025-08-10
DEV005472,USR003673,Streaming Stick,macOS,2025-07-25
DEV005473,USR003673,Laptop,Android,2025-10-22
DEV005474,USR003674,Tablet,Android,2025-11-16
DEV005475,USR003675,Smart TV,iOS,2025-01-10
DEV005476,USR003675,Mobile,Smart TV OS,2025-01-05
DEV005477,USR003676,Mobile,Windows,2025-08-07
DEV005478,USR003677,Laptop,Android,2025-04-25
DEV005479,USR003678,Mobile,Smart TV OS,2025-06-17
DEV005480,USR003679,Smart TV,iOS,2025-04-13
DEV005481,USR003680,Laptop,macOS,2025-10-22
DEV005482,USR003680,Mobile,iOS,2025-07-01
DEV005483,USR003681,Laptop,Windows,2025-10-23
DEV005484,USR003681,Mobile,Windows,2025-03-20
DEV005485,USR003682,Mobile,iOS,2025-03-17
DEV005486,USR003683,Mobile,Smart TV OS,2025-04-03
DEV005487,USR003684,Smart TV,Windows,2025-10-01
DEV005488,USR003685,Smart TV,iOS,2025-01-21
DEV005489,USR003685,Smart TV,macOS,2025-03-07
DEV005490,USR003686,Mobile,Windows,2025-02-05
DEV005491,USR003687,Mobile,iOS,2025-06-11
DEV005492,USR003688,Mobile,Windows,2025-04-17
DEV005493,USR003688,Mobile,Android,2025-04-14
DEV005494,USR003688,Laptop,macOS,2025-06-05
DEV005495,USR003689,Mobile,Android,2025-05-19
DEV005496,USR003690,Smart TV,Windows,2025-04-22
DEV005497,USR003691,Laptop,Android,2025-01-14
DEV005498,USR003691,Laptop,iOS,2025-03-12
DEV005499,USR003692,Smart TV,iOS,2025-08-14
DEV005500,USR003692,Smart TV,Windows,2025-03-05
DEV005501,USR003693,Smart TV,Android,2025-07-12
DEV005502,USR003693,Smart TV,Windows,2025-01-14
DEV005503,USR003694,Smart TV,Windows,2025-04-17
DEV005504,USR003695,Smart TV,Android,2025-08-17
DEV005505,USR003696,Tablet,Windows,2025-04-12
DEV005506,USR003697,Smart TV,Windows,2025-07-14
DEV005507,USR003698,Smart TV,macOS,2025-03-05
DEV005508,USR003699,Laptop,Smart TV OS,2025-03-31
DEV005509,USR003700,Mobile,iOS,2025-10-24
DEV005510,USR003701,Laptop,Windows,2025-03-04
DEV005511,USR003701,Mobile,iOS,2025-03-25
DEV005512,USR003702,Smart TV,iOS,2025-03-03
DEV005513,USR003702,Smart TV,Android,2025-09-08
DEV005514,USR003703,Smart TV,iOS,2025-07-03
DEV005515,USR003703,Mobile,Android,2025-06-12
DEV005516,USR003704,Laptop,Android,2025-04-18
DEV005517,USR003705,Mobile,Windows,2025-09-17
DEV005518,USR003705,Smart TV,Windows,2025-07-04
DEV005519,USR003705,Streaming Stick,Android,2025-09-02
DEV005520,USR003706,Streaming Stick,macOS,2025-02-27
DEV005521,USR003707,Mobile,Android,2025-01-09
DEV005522,USR003707,Laptop,Windows,2025-01-04
DEV005523,USR003707,Laptop,Android,2025-07-14
DEV005524,USR003708,Mobile,Windows,2025-07-24
DEV005525,USR003708,Mobile,Windows,2025-02-21
DEV005526,USR003709,Mobile,iOS,2025-06-08
DEV005527,USR003710,Smart TV,macOS,2025-08-11
DEV005528,USR003710,Laptop,Windows,2025-06-03
DEV005529,USR003711,Smart TV,macOS,2025-02-13
DEV005530,USR003712,Smart TV,Windows,2025-07-19
DEV005531,USR003712,Laptop,Android,2025-08-30
DEV005532,USR003713,Mobile,Windows,2025-05-21
DEV005533,USR003714,Tablet,iOS,2025-06-15
DEV005534,USR003714,Smart TV,Windows,2025-01-24
DEV005535,USR003715,Mobile,Android,2025-05-08
DEV005536,USR003716,Tablet,iOS,2025-01-05
DEV005537,USR003717,Mobile,iOS,2025-03-21
DEV005538,USR003718,Streaming Stick,iOS,2025-08-29
DEV005539,USR003719,Mobile,Android,2025-02-01
DEV005540,USR003719,Mobile,iOS,2025-11-02
DEV005541,USR003720,Laptop,macOS,2025-05-31
DEV005542,USR003720,Smart TV,Smart TV OS,2025-07-10
DEV005543,USR003721,Laptop,Android,2025-03-22
DEV005544,USR003721,Tablet,Windows,2025-08-03
DEV005545,USR003722,Laptop,macOS,2025-09-23
DEV005546,USR003723,Laptop,Android,2025-04-03
DEV005547,USR003723,Laptop,macOS,2025-07-06
DEV005548,USR003723,Mobile,Android,2025-02-26
DEV005549,USR003724,Laptop,Android,2025-01-16
DEV005550,USR003724,Mobile,iOS,2025-09-12
DEV005551,USR003725,Gaming Console,Android,2025-07-26
DEV005552,USR003726,Mobile,Windows,2025-05-16
DEV005553,USR003726,Smart TV,Smart TV OS,2025-11-15
DEV005554,USR003727,Laptop,Windows,2025-01-14
DEV005555,USR003728,Laptop,Android,2025-08-29
DEV005556,USR003729,Gaming Console,iOS,2025-03-15
DEV005557,USR003730,Mobile,Android,2025-01-24
DEV005558,USR003730,Smart TV,macOS,2025-10-04
DEV005559,USR003731,Laptop,iOS,2025-11-03
DEV005560,USR003732,Smart TV,iOS,2025-03-28
DEV005561,USR003732,Smart TV,Smart TV OS,2025-03-22
DEV005562,USR003733,Laptop,Android,2025-06-28
DEV005563,USR003734,Streaming Stick,Android,2025-02-17
DEV005564,USR003734,Smart TV,iOS,2025-08-03
DEV005565,USR003735,Streaming Stick,Android,2025-02-27
DEV005566,USR003735,Mobile,Windows,2025-09-01
DEV005567,USR003735,Tablet,Windows,2025-08-26
DEV005568,USR003736,Laptop,macOS,2025-10-02
DEV005569,USR003736,Laptop,iOS,2025-08-14
DEV005570,USR003736,Tablet,Windows,2025-03-10
DEV005571,USR003737,Mobile,Smart TV OS,2025-11-23
DEV005572,USR003737,Smart TV,Smart TV OS,2025-01-01
DEV005573,USR003738,Smart TV,Android,2025-08-29
DEV005574,USR003739,Smart TV,Android,2025-05-12
DEV005575,USR003739,Mobile,Android,2025-03-07
DEV005576,USR003740,Laptop,Windows,2025-10-04
DEV005577,USR003741,Mobile,Windows,2025-11-11
DEV005578,USR003742,Smart TV,Windows,2025-02-19
DEV005579,USR003742,Gaming Console,Windows,2025-09-02
DEV005580,USR003743,Smart TV,iOS,2025-10-20
DEV005581,USR003744,Tablet,Android,2025-04-23
DEV005582,USR003745,Mobile,Android,2025-03-15
DEV005583,USR003746,Smart TV,Android,2025-02-12
DEV005584,USR003747,Streaming Stick,iOS,2025-07-26
DEV005585,USR003747,Mobile,Android,2025-05-25
DEV005586,USR003748,Smart TV,Android,2025-02-23
DEV005587,USR003748,Smart TV,macOS,2025-05-08
DEV005588,USR003749,Gaming Console,Smart TV OS,2025-04-05
DEV005589,USR003750,Smart TV,Android,2025-06-04
DEV005590,USR003750,Laptop,Android,2025-06-18
DEV005591,USR003751,Smart TV,Windows,2025-08-25
DEV005592,USR003751,Smart TV,iOS,2025-10-30
DEV005593,USR003752,Laptop,Windows,2025-10-23
DEV005594,USR003753,Smart TV,Android,2025-05-17
DEV005595,USR003753,Tablet,Android,2025-03-09
DEV005596,USR003753,Mobile,macOS,2025-06-17
DEV005597,USR003754,Smart TV,macOS,2025-03-16
DEV005598,USR003755,Mobile,Android,2025-01-18
DEV005599,USR003756,Laptop,Android,2025-07-17
DEV005600,USR003756,Mobile,Windows,2025-11-20
DEV005601,USR003757,Laptop,Android,2025-04-12
DEV005602,USR003758,Smart TV,macOS,2025-01-08
DEV005603,USR003758,Mobile,Android,2025-03-15
DEV005604,USR003758,Laptop,iOS,2025-11-21
DEV005605,USR003759,Laptop,macOS,2025-05-02
DEV005606,USR003760,Smart TV,iOS,2025-06-15
DEV005607,USR003761,Mobile,Smart TV OS,2025-09-04
DEV005608,USR003762,Gaming Console,Windows,2025-06-26
DEV005609,USR003763,Mobile,iOS,2025-10-23
DEV005610,USR003764,Laptop,Windows,2025-04-20
DEV005611,USR003765,Tablet,Windows,2025-05-15
DEV005612,USR003766,Smart TV,macOS,2025-03-02
DEV005613,USR003767,Mobile,macOS,2025-09-21
DEV005614,USR003767,Smart TV,iOS,2025-06-22
DEV005615,USR003768,Laptop,Smart TV OS,2025-04-06
DEV005616,USR003769,Mobile,Android,2025-09-07
DEV005617,USR003770,Streaming Stick,Smart TV OS,2025-08-22
DEV005618,USR003770,Mobile,Android,2025-02-19
DEV005619,USR003771,Mobile,iOS,2025-06-25
DEV005620,USR003771,Gaming Console,Android,2025-09-23
DEV005621,USR003772,Mobile,Smart TV OS,2025-07-07
DEV005622,USR003773,Gaming Console,Android,2025-01-14
DEV005623,USR003774,Laptop,Windows,2025-03-06
DEV005624,USR003774,Mobile,Android,2025-02-18
DEV005625,USR003774,Mobile,iOS,2025-04-27
DEV005626,USR003775,Mobile,Smart TV OS,2025-02-26
DEV005627,USR003775,Mobile,Android,2025-03-03
DEV005628,USR003775,Smart TV,iOS,2025-10-09
DEV005629,USR003776,Tablet,Windows,2025-03-06
DEV005630,USR003776,Tablet,Smart TV OS,2025-06-27
DEV005631,USR003777,Smart TV,Windows,2025-08-12
DEV005632,USR003778,Laptop,iOS,2025-02-12
DEV005633,USR003779,Mobile,Android,2025-09-16
DEV005634,USR003779,Smart TV,Android,2025-04-04
DEV005635,USR003779,Laptop,Android,2025-07-23
DEV005636,USR003780,Mobile,Smart TV OS,2025-09-19
DEV005637,USR003780,Smart TV,iOS,2025-04-10
DEV005638,USR003781,Laptop,Android,2025-04-24
DEV005639,USR003782,Smart TV,macOS,2025-04-12
DEV005640,USR003782,Laptop,Smart TV OS,2025-07-01
DEV005641,USR003783,Laptop,iOS,2025-03-19
DEV005642,USR003784,Smart TV,Android,2025-09-29
DEV005643,USR003785,Laptop,iOS,2025-09-30
DEV005644,USR003786,Tablet,Android,2025-04-28
DEV005645,USR003787,Gaming Console,Android,2025-09-29
DEV005646,USR003787,Tablet,macOS,2025-03-27
DEV005647,USR003788,Laptop,Smart TV OS,2025-02-21
DEV005648,USR003789,Smart TV,iOS,2025-11-22
DEV005649,USR003789,Smart TV,iOS,2025-11-21
DEV005650,USR003790,Smart TV,iOS,2025-04-26
DEV005651,USR003790,Smart TV,iOS,2025-03-19
DEV005652,USR003791,Laptop,Smart TV OS,2025-11-09
DEV005653,USR003792,Streaming Stick,iOS,2025-04-14
DEV005654,USR003793,Tablet,Smart TV OS,2025-07-25
DEV005655,USR003794,Gaming Console,iOS,2025-09-25
DEV005656,USR003795,Tablet,Android,2025-09-01
DEV005657,USR003795,Tablet,macOS,2025-08-28
DEV005658,USR003795,Tablet,macOS,2025-06-14
DEV005659,USR003796,Tablet,Windows,2025-06-03
DEV005660,USR003797,Smart TV,iOS,2025-05-09
DEV005661,USR003798,Smart TV,iOS,2025-06-09
DEV005662,USR003798,Streaming Stick,Windows,2025-04-17
DEV005663,USR003799,Smart TV,Android,2025-11-10
DEV005664,USR003799,Tablet,iOS,2025-11-01
DEV005665,USR003799,Smart TV,macOS,2025-02-04
DEV005666,USR003800,Smart TV,Android,2025-07-30
DEV005667,USR003801,Laptop,Windows,2025-09-04
DEV005668,USR003802,Mobile,Android,2025-05-05
DEV005669,USR003802,Smart TV,Android,2025-07-20
DEV005670,USR003803,Laptop,Smart TV OS,2025-11-27
DEV005671,USR003803,Mobile,Windows,2025-08-03
DEV005672,USR003804,Gaming Console,Android,2025-04-10
DEV005673,USR003805,Smart TV,iOS,2025-06-29
DEV005674,USR003806,Smart TV,Android,2025-05-22
DEV005675,USR003807,Mobile,Windows,2025-07-25
DEV005676,USR003808,Smart TV,Windows,2025-10-27
DEV005677,USR003809,Smart TV,iOS,2025-03-19
DEV005678,USR003809,Smart TV,iOS,2025-04-16
DEV005679,USR003809,Mobile,iOS,2025-08-16
DEV005680,USR003810,Tablet,iOS,2025-05-22
DEV005681,USR003811,Smart TV,macOS,2025-01-06
DEV005682,USR003811,Mobile,Smart TV OS,2025-11-23
DEV005683,USR003812,Mobile,macOS,2025-06-09
DEV005684,USR003813,Smart TV,Android,2025-11-18
DEV005685,USR003814,Smart TV,Windows,2025-04-29
DEV005686,USR003815,Mobile,macOS,2025-06-02
DEV005687,USR003815,Smart TV,macOS,2025-03-05
DEV005688,USR003816,Smart TV,Smart TV OS,2025-11-09
DEV005689,USR003817,Mobile,Android,2025-02-06
DEV005690,USR003818,Smart TV,macOS,2025-06-24
DEV005691,USR003818,Mobile,Smart TV OS,2025-05-20
DEV005692,USR003819,Gaming Console,macOS,2025-01-21
DEV005693,USR003819,Tablet,Windows,2025-07-15
DEV005694,USR003819,Smart TV,Android,2025-05-11
DEV005695,USR003820,Mobile,Smart TV OS,2025-08-27
DEV005696,USR003821,Smart TV,macOS,2025-03-28
DEV005697,USR003822,Mobile,Android,2025-09-07
DEV005698,USR003822,Smart TV,Smart TV OS,2025-05-30
DEV005699,USR003823,Tablet,macOS,2025-02-22
DEV005700,USR003824,Mobile,Android,2025-11-05
DEV005701,USR003825,Tablet,iOS,2025-07-05
DEV005702,USR003825,Laptop,macOS,2025-05-04
DEV005703,USR003825,Smart TV,Android,2025-09-11
DEV005704,USR003826,Tablet,iOS,2025-08-10
DEV005705,USR003826,Smart TV,Smart TV OS,2025-08-04
DEV005706,USR003827,Laptop,iOS,2025-02-23
DEV005707,USR003828,Streaming Stick,Android,2025-05-24
DEV005708,USR003828,Gaming Console,Android,2025-05-22
DEV005709,USR003829,Mobile,macOS,2025-11-24
DEV005710,USR003829,Smart TV,Android,2025-09-18
DEV005711,USR003830,Laptop,Android,2025-05-09
DEV005712,USR003831,Laptop,iOS,2025-02-12
DEV005713,USR003831,Gaming Console,Android,2025-01-07
DEV005714,USR003831,Gaming Console,Android,2025-02-21
DEV005715,USR003832,Mobile,Windows,2025-09-06
DEV005716,USR003832,Smart TV,macOS,2025-05-05
DEV005717,USR003833,Gaming Console,Smart TV OS,2025-04-24
DEV005718,USR003834,Gaming Console,Android,2025-05-17
DEV005719,USR003835,Laptop,Smart TV OS,2025-09-07
DEV005720,USR003836,Streaming Stick,iOS,2025-10-17
DEV005721,USR003837,Smart TV,macOS,2025-09-23
DEV005722,USR003838,Streaming Stick,Android,2025-07-15
DEV005723,USR003838,Smart TV,macOS,2025-01-22
DEV005724,USR003839,Tablet,Android,2025-10-30
DEV005725,USR003839,Laptop,Smart TV OS,2025-11-26
DEV005726,USR003840,Smart TV,iOS,2025-10-22
DEV005727,USR003840,Mobile,iOS,2025-02-18
DEV005728,USR003840,Mobile,Smart TV OS,2025-03-02
DEV005729,USR003841,Mobile,Windows,2025-05-03
DEV005730,USR003841,Smart TV,iOS,2025-07-04
DEV005731,USR003841,Streaming Stick,Windows,2025-10-25
DEV005732,USR003842,Smart TV,Smart TV OS,2025-11-06
DEV005733,USR003842,Smart TV,Smart TV OS,2025-08-04
DEV005734,USR003843,Laptop,Smart TV OS,2025-01-21
DEV005735,USR003843,Tablet,macOS,2025-06-27
DEV005736,USR003844,Mobile,macOS,2025-08-14
DEV005737,USR003844,Smart TV,Android,2025-08-24
DEV005738,USR003845,Streaming Stick,Windows,2025-09-25
DEV005739,USR003846,Smart TV,iOS,2025-07-24
DEV005740,USR003847,Laptop,macOS,2025-11-18
DEV005741,USR003847,Tablet,Android,2025-08-10
DEV005742,USR003848,Smart TV,Android,2025-01-14
DEV005743,USR003848,Mobile,Smart TV OS,2025-04-21
DEV005744,USR003849,Smart TV,macOS,2025-01-13
DEV005745,USR003850,Laptop,Smart TV OS,2025-06-18
DEV005746,USR003850,Mobile,Windows,2025-02-20
DEV005747,USR003851,Smart TV,Android,2025-07-31
DEV005748,USR003852,Laptop,Smart TV OS,2025-08-22
DEV005749,USR003852,Mobile,Windows,2025-05-10
DEV005750,USR003853,Smart TV,Android,2025-06-26
DEV005751,USR003854,Smart TV,Windows,2025-05-08
DEV005752,USR003855,Tablet,iOS,2025-01-25
DEV005753,USR003856,Laptop,iOS,2025-11-22
DEV005754,USR003857,Tablet,Android,2025-03-24
DEV005755,USR003858,Laptop,Smart TV OS,2025-10-08
DEV005756,USR003859,Smart TV,Android,2025-07-25
DEV005757,USR003859,Smart TV,Windows,2025-06-28
DEV005758,USR003860,Tablet,Windows,2025-03-30
DEV005759,USR003860,Mobile,Android,2025-09-13
DEV005760,USR003861,Streaming Stick,Android,2025-06-20
DEV005761,USR003861,Tablet,Android,2025-06-30
DEV005762,USR003862,Mobile,iOS,2025-04-27
DEV005763,USR003862,Mobile,iOS,2025-06-12
DEV005764,USR003863,Tablet,Android,2025-02-21
DEV005765,USR003863,Smart TV,iOS,2025-02-16
DEV005766,USR003864,Laptop,Windows,2025-06-10
DEV005767,USR003864,Mobile,Smart TV OS,2025-11-15
DEV005768,USR003865,Smart TV,Android,2025-04-06
DEV005769,USR003866,Smart TV,Windows,2025-04-14
DEV005770,USR003866,Tablet,macOS,2025-05-16
DEV005771,USR003867,Streaming Stick,macOS,2025-09-06
DEV005772,USR003867,Gaming Console,Windows,2025-06-29
DEV005773,USR003868,Gaming Console,Windows,2025-08-13
DEV005774,USR003869,Smart TV,macOS,2025-03-23
DEV005775,USR003869,Streaming Stick,iOS,2025-03-28
DEV005776,USR003870,Smart TV,Smart TV OS,2025-02-27
DEV005777,USR003871,Streaming Stick,Android,2025-06-08
DEV005778,USR003872,Smart TV,Android,2025-11-25
DEV005779,USR003872,Smart TV,macOS,2025-10-14
DEV005780,USR003873,Laptop,iOS,2025-10-14
DEV005781,USR003874,Streaming Stick,iOS,2025-07-23
DEV005782,USR003875,Mobile,Smart TV OS,2025-02-08
DEV005783,USR003875,Smart TV,Windows,2025-04-12
DEV005784,USR003876,Smart TV,Windows,2025-11-03
DEV005785,USR003877,Tablet,Android,2025-07-27
DEV005786,USR003877,Smart TV,Smart TV OS,2025-05-15
DEV005787,USR003878,Smart TV,Smart TV OS,2025-06-24
DEV005788,USR003879,Laptop,Android,2025-07-23
DEV005789,USR003880,Streaming Stick,Android,2025-07-17
DEV005790,USR003881,Smart TV,macOS,2025-05-31
DEV005791,USR003882,Laptop,macOS,2025-02-12
DEV005792,USR003882,Mobile,macOS,2025-06-15
DEV005793,USR003883,Mobile,iOS,2025-08-15
DEV005794,USR003883,Laptop,Smart TV OS,2025-01-21
DEV005795,USR003883,Laptop,Windows,2025-05-06
DEV005796,USR003884,Gaming Console,macOS,2025-05-21
DEV005797,USR003885,Smart TV,Android,2025-04-25
DEV005798,USR003886,Mobile,iOS,2025-04-23
DEV005799,USR003886,Gaming Console,iOS,2025-05-06
DEV005800,USR003887,Gaming Console,Android,2025-08-14
DEV005801,USR003887,Streaming Stick,Windows,2025-04-21
DEV005802,USR003888,Mobile,Smart TV OS,2025-06-01
DEV005803,USR003889,Gaming Console,iOS,2025-01-11
DEV005804,USR003890,Smart TV,iOS,2025-09-05
DEV005805,USR003890,Tablet,Windows,2025-08-13
DEV005806,USR003891,Smart TV,Android,2025-10-10
DEV005807,USR003892,Mobile,Smart TV OS,2025-04-09
DEV005808,USR003892,Laptop,Android,2025-07-31
DEV005809,USR003892,Mobile,Smart TV OS,2025-04-06
DEV005810,USR003893,Mobile,Android,2025-10-25
DEV005811,USR003893,Laptop,Windows,2025-07-24
DEV005812,USR003894,Laptop,iOS,2025-07-18
DEV005813,USR003894,Laptop,iOS,2025-05-14
DEV005814,USR003895,Mobile,Android,2025-07-06
DEV005815,USR003895,Laptop,iOS,2025-05-15
DEV005816,USR003896,Laptop,Smart TV OS,2025-07-06
DEV005817,USR003897,Smart TV,Smart TV OS,2025-05-01
DEV005818,USR003897,Smart TV,Android,2025-06-13
DEV005819,USR003898,Smart TV,Android,2025-02-09
DEV005820,USR003899,Smart TV,macOS,2025-03-10
DEV005821,USR003899,Tablet,Smart TV OS,2025-06-14
DEV005822,USR003899,Smart TV,Android,2025-05-07
DEV005823,USR003900,Streaming Stick,Windows,2025-10-24
DEV005824,USR003900,Mobile,macOS,2025-03-07
DEV005825,USR003901,Mobile,Android,2025-09-17
DEV005826,USR003902,Streaming Stick,Android,2025-10-02
DEV005827,USR003902,Mobile,iOS,2025-06-10
DEV005828,USR003903,Mobile,Android,2025-11-06
DEV005829,USR003904,Gaming Console,Android,2025-06-28
DEV005830,USR003905,Tablet,iOS,2025-11-27
DEV005831,USR003905,Smart TV,Windows,2025-10-11
DEV005832,USR003906,Mobile,Android,2025-04-25
DEV005833,USR003906,Mobile,Smart TV OS,2025-08-27
DEV005834,USR003907,Tablet,macOS,2025-01-28
DEV005835,USR003908,Mobile,Android,2025-08-13
DEV005836,USR003909,Mobile,Windows,2025-08-12
DEV005837,USR003910,Smart TV,Windows,2025-03-29
DEV005838,USR003911,Tablet,Windows,2025-08-18
DEV005839,USR003912,Mobile,Windows,2025-01-30
DEV005840,USR003913,Mobile,Android,2025-09-02
DEV005841,USR003913,Mobile,Smart TV OS,2025-03-17
DEV005842,USR003914,Smart TV,Android,2025-07-01
DEV005843,USR003915,Tablet,Android,2025-05-22
DEV005844,USR003916,Gaming Console,Windows,2025-01-15
DEV005845,USR003917,Mobile,Android,2025-09-09
DEV005846,USR003917,Smart TV,Android,2025-08-09
DEV005847,USR003918,Laptop,Android,2025-03-10
DEV005848,USR003918,Streaming Stick,Smart TV OS,2025-07-22
DEV005849,USR003919,Mobile,Android,2025-08-20
DEV005850,USR003920,Mobile,Android,2025-06-05
DEV005851,USR003921,Gaming Console,Windows,2025-10-19
DEV005852,USR003922,Laptop,Windows,2025-09-18
DEV005853,USR003922,Tablet,Android,2025-07-28
DEV005854,USR003923,Laptop,macOS,2025-10-04
DEV005855,USR003924,Mobile,Android,2025-10-28
DEV005856,USR003924,Laptop,iOS,2025-06-11
DEV005857,USR003924,Laptop,Smart TV OS,2025-01-04
DEV005858,USR003925,Tablet,Windows,2025-01-28
DEV005859,USR003925,Smart TV,iOS,2025-07-03
DEV005860,USR003925,Laptop,Windows,2025-10-28
DEV005861,USR003926,Mobile,iOS,2025-02-06
DEV005862,USR003927,Laptop,Windows,2025-09-29
DEV005863,USR003927,Laptop,Smart TV OS,2025-07-31
DEV005864,USR003928,Streaming Stick,iOS,2025-04-10
DEV005865,USR003928,Smart TV,Smart TV OS,2025-05-08
DEV005866,USR003929,Smart TV,Smart TV OS,2025-04-02
DEV005867,USR003929,Smart TV,Android,2025-04-03
DEV005868,USR003929,Mobile,Smart TV OS,2025-01-16
DEV005869,USR003930,Laptop,Windows,2025-09-11
DEV005870,USR003930,Laptop,Windows,2025-03-03
DEV005871,USR003931,Mobile,iOS,2025-02-18
DEV005872,USR003932,Mobile,macOS,2025-10-21
DEV005873,USR003932,Smart TV,iOS,2025-07-18
DEV005874,USR003932,Smart TV,Android,2025-07-28
DEV005875,USR003933,Smart TV,Android,2025-08-31
DEV005876,USR003934,Tablet,Android,2025-06-25
DEV005877,USR003935,Laptop,iOS,2025-06-09
DEV005878,USR003936,Mobile,Android,2025-08-09
DEV005879,USR003937,Mobile,Windows,2025-09-13
DEV005880,USR003937,Smart TV,Smart TV OS,2025-02-16
DEV005881,USR003938,Smart TV,macOS,2025-07-25
DEV005882,USR003939,Tablet,Smart TV OS,2025-06-29
DEV005883,USR003940,Smart TV,iOS,2025-11-21
DEV005884,USR003940,Mobile,Windows,2025-02-11
DEV005885,USR003940,Smart TV,Android,2025-06-23
DEV005886,USR003941,Smart TV,Smart TV OS,2025-02-18
DEV005887,USR003942,Smart TV,Android,2025-01-11
DEV005888,USR003943,Laptop,iOS,2025-02-01
DEV005889,USR003943,Mobile,macOS,2025-10-13
DEV005890,USR003944,Mobile,iOS,2025-07-11
DEV005891,USR003945,Smart TV,macOS,2025-01-01
DEV005892,USR003946,Gaming Console,Android,2025-09-28
DEV005893,USR003946,Mobile,iOS,2025-01-07
DEV005894,USR003946,Mobile,Windows,2025-01-03
DEV005895,USR003947,Laptop,iOS,2025-06-06
DEV005896,USR003948,Tablet,Android,2025-10-18
DEV005897,USR003949,Tablet,Smart TV OS,2025-02-05
DEV005898,USR003950,Laptop,iOS,2025-04-07
DEV005899,USR003950,Mobile,Windows,2025-11-22
DEV005900,USR003950,Tablet,macOS,2025-11-14
DEV005901,USR003951,Mobile,iOS,2025-10-02
DEV005902,USR003952,Tablet,iOS,2025-06-26
DEV005903,USR003953,Laptop,Smart TV OS,2025-03-21
DEV005904,USR003954,Tablet,Android,2025-10-21
DEV005905,USR003955,Mobile,Windows,2025-08-14
DEV005906,USR003956,Laptop,Android,2025-04-01
DEV005907,USR003956,Streaming Stick,Smart TV OS,2025-09-17
DEV005908,USR003957,Smart TV,Smart TV OS,2025-08-16
DEV005909,USR003958,Mobile,iOS,2025-01-20
DEV005910,USR003959,Smart TV,Android,2025-03-03
DEV005911,USR003959,Smart TV,Smart TV OS,2025-06-09
DEV005912,USR003959,Mobile,Smart TV OS,2025-05-30
DEV005913,USR003960,Laptop,Android,2025-04-03
DEV005914,USR003961,Mobile,Android,2025-03-27
DEV005915,USR003962,Laptop,Windows,2025-09-12
DEV005916,USR003962,Smart TV,Android,2025-04-09
DEV005917,USR003963,Streaming Stick,Android,2025-11-10
DEV005918,USR003963,Smart TV,iOS,2025-06-22
DEV005919,USR003964,Mobile,Smart TV OS,2025-10-08
DEV005920,USR003964,Streaming Stick,Android,2025-07-19
DEV005921,USR003964,Tablet,Smart TV OS,2025-08-18
DEV005922,USR003965,Tablet,iOS,2025-10-11
DEV005923,USR003965,Smart TV,Smart TV OS,2025-02-03
DEV005924,USR003965,Mobile,Android,2025-06-23
DEV005925,USR003966,Mobile,Windows,2025-03-14
DEV005926,USR003967,Mobile,Android,2025-09-09
DEV005927,USR003968,Mobile,iOS,2025-07-26
DEV005928,USR003969,Mobile,macOS,2025-01-31
DEV005929,USR003970,Smart TV,Android,2025-09-03
DEV005930,USR003970,Smart TV,iOS,2025-10-30
DEV005931,USR003971,Mobile,iOS,2025-09-24
DEV005932,USR003972,Mobile,Android,2025-06-14
DEV005933,USR003973,Smart TV,Android,2025-10-16
DEV005934,USR003973,Laptop,Windows,2025-10-22
DEV005935,USR003974,Smart TV,macOS,2025-09-25
DEV005936,USR003974,Smart TV,Android,2025-07-21
DEV005937,USR003975,Mobile,iOS,2025-11-26
DEV005938,USR003975,Gaming Console,Smart TV OS,2025-04-13
DEV005939,USR003976,Smart TV,iOS,2025-03-11
DEV005940,USR003977,Tablet,Windows,2025-04-12
DEV005941,USR003978,Tablet,iOS,2025-11-17
DEV005942,USR003979,Mobile,macOS,2025-08-11
DEV005943,USR003980,Mobile,Android,2025-09-09
DEV005944,USR003981,Streaming Stick,Smart TV OS,2025-02-23
DEV005945,USR003982,Laptop,macOS,2025-09-05
DEV005946,USR003983,Laptop,Windows,2025-06-06
DEV005947,USR003983,Laptop,Windows,2025-09-12
DEV005948,USR003984,Smart TV,iOS,2025-05-28
DEV005949,USR003984,Smart TV,Android,2025-01-29
DEV005950,USR003984,Mobile,Android,2025-09-28
DEV005951,USR003985,Mobile,macOS,2025-04-07
DEV005952,USR003985,Smart TV,macOS,2025-02-15
DEV005953,USR003986,Streaming Stick,iOS,2025-10-28
DEV005954,USR003987,Mobile,iOS,2025-10-20
DEV005955,USR003987,Smart TV,Android,2025-10-05
DEV005956,USR003988,Mobile,Windows,2025-06-10
DEV005957,USR003989,Mobile,Windows,2025-10-01
DEV005958,USR003989,Mobile,Smart TV OS,2025-01-15
DEV005959,USR003990,Laptop,Android,2025-06-05
DEV005960,USR003991,Streaming Stick,Smart TV OS,2025-06-30
DEV005961,USR003992,Mobile,Android,2025-01-27
DEV005962,USR003992,Tablet,Android,2025-08-11
DEV005963,USR003992,Mobile,iOS,2025-09-18
DEV005964,USR003993,Laptop,Android,2025-04-02
DEV005965,USR003994,Mobile,Smart TV OS,2025-01-23
DEV005966,USR003995,Streaming Stick,iOS,2025-02-20
DEV005967,USR003995,Gaming Console,Android,2025-08-23
DEV005968,USR003996,Mobile,Windows,2025-04-24
DEV005969,USR003996,Laptop,Windows,2025-06-13
DEV005970,USR003996,Tablet,Smart TV OS,2025-02-07
DEV005971,USR003997,Laptop,iOS,2025-09-11
DEV005972,USR003997,Laptop,Windows,2025-04-16
DEV005973,USR003998,Laptop,Windows,2025-11-10
DEV005974,USR003999,Gaming Console,iOS,2025-07-15
DEV005975,USR004000,Tablet,Smart TV OS,2025-03-01
DEV005976,USR004001,Smart TV,iOS,2025-01-03
DEV005977,USR004001,Mobile,iOS,2025-05-04
DEV005978,USR004001,Laptop,Android,2025-06-19
DEV005979,USR004002,Gaming Console,iOS,2025-07-19
DEV005980,USR004002,Streaming Stick,Smart TV OS,2025-04-27
DEV005981,USR004002,Smart TV,Windows,2025-07-10
DEV005982,USR004003,Tablet,Android,2025-07-25
DEV005983,USR004003,Mobile,iOS,2025-01-23
DEV005984,USR004004,Laptop,Windows,2025-11-03
DEV005985,USR004005,Laptop,iOS,2025-05-13
DEV005986,USR004006,Mobile,iOS,2025-08-05
DEV005987,USR004006,Mobile,Android,2025-10-20
DEV005988,USR004007,Mobile,Smart TV OS,2025-11-17
DEV005989,USR004007,Mobile,Android,2025-06-08
DEV005990,USR004008,Mobile,macOS,2025-05-20
DEV005991,USR004009,Smart TV,Android,2025-01-06
DEV005992,USR004010,Smart TV,Windows,2025-07-31
DEV005993,USR004011,Streaming Stick,Android,2025-04-08
DEV005994,USR004012,Gaming Console,Android,2025-09-07
DEV005995,USR004012,Mobile,iOS,2025-05-10
DEV005996,USR004013,Smart TV,Android,2025-11-17
DEV005997,USR004013,Laptop,Android,2025-07-22
DEV005998,USR004014,Mobile,Windows,2025-08-18
DEV005999,USR004015,Mobile,Smart TV OS,2025-04-25
DEV006000,USR004016,Smart TV,Smart TV OS,2025-02-28
DEV006001,USR004017,Tablet,Android,2025-09-08
DEV006002,USR004018,Smart TV,Android,2025-10-02
DEV006003,USR004019,Tablet,Windows,2025-05-12
DEV006004,USR004020,Smart TV,Android,2025-07-23
DEV006005,USR004020,Mobile,Android,2025-05-26
DEV006006,USR004020,Laptop,Smart TV OS,2025-10-02
DEV006007,USR004021,Mobile,Smart TV OS,2025-10-19
DEV006008,USR004022,Mobile,Android,2025-03-03
DEV006009,USR004023,Mobile,Android,2025-04-14
DEV006010,USR004024,Smart TV,Windows,2025-10-12
DEV006011,USR004024,Streaming Stick,iOS,2025-09-12
DEV006012,USR004024,Laptop,Android,2025-04-13
DEV006013,USR004025,Laptop,Android,2025-01-19
DEV006014,USR004026,Smart TV,iOS,2025-02-25
DEV006015,USR004027,Smart TV,Smart TV OS,2025-01-20
DEV006016,USR004028,Mobile,Android,2025-04-05
DEV006017,USR004028,Smart TV,Android,2025-02-12
DEV006018,USR004029,Laptop,Smart TV OS,2025-02-04
DEV006019,USR004029,Laptop,iOS,2025-05-04
DEV006020,USR004030,Smart TV,iOS,2025-07-09
DEV006021,USR004031,Mobile,iOS,2025-03-15
DEV006022,USR004032,Smart TV,Smart TV OS,2025-01-22
DEV006023,USR004033,Laptop,iOS,2025-09-15
DEV006024,USR004033,Mobile,macOS,2025-04-07
DEV006025,USR004034,Mobile,Windows,2025-06-12
DEV006026,USR004034,Tablet,Smart TV OS,2025-01-23
DEV006027,USR004035,Mobile,Windows,2025-03-20
DEV006028,USR004036,Laptop,iOS,2025-05-09
DEV006029,USR004037,Streaming Stick,Windows,2025-06-29
DEV006030,USR004037,Streaming Stick,macOS,2025-08-25
DEV006031,USR004037,Mobile,Windows,2025-04-13
DEV006032,USR004038,Laptop,iOS,2025-01-29
DEV006033,USR004038,Laptop,Android,2025-07-20
DEV006034,USR004039,Mobile,Windows,2025-05-30
DEV006035,USR004040,Mobile,iOS,2025-04-26
DEV006036,USR004041,Smart TV,Smart TV OS,2025-04-10
DEV006037,USR004042,Smart TV,Windows,2025-08-13
DEV006038,USR004043,Tablet,iOS,2025-08-14
DEV006039,USR004044,Mobile,Windows,2025-05-06
DEV006040,USR004045,Laptop,iOS,2025-05-28
DEV006041,USR004045,Mobile,Smart TV OS,2025-10-13
DEV006042,USR004046,Mobile,iOS,2025-10-08
DEV006043,USR004047,Smart TV,macOS,2025-01-30
DEV006044,USR004047,Tablet,macOS,2025-02-27
DEV006045,USR004047,Streaming Stick,Android,2025-02-03
DEV006046,USR004048,Smart TV,Smart TV OS,2025-10-01
DEV006047,USR004049,Smart TV,Smart TV OS,2025-03-28
DEV006048,USR004050,Tablet,iOS,2025-06-14
DEV006049,USR004050,Smart TV,Android,2025-07-09
DEV006050,USR004051,Smart TV,macOS,2025-02-23
DEV006051,USR004052,Mobile,Smart TV OS,2025-01-04
DEV006052,USR004052,Mobile,Android,2025-07-15
DEV006053,USR004053,Smart TV,Windows,2025-01-30
DEV006054,USR004054,Laptop,Android,2025-10-18
DEV006055,USR004054,Smart TV,Smart TV OS,2025-03-03
DEV006056,USR004055,Tablet,Android,2025-11-18
DEV006057,USR004055,Laptop,Windows,2025-01-19
DEV006058,USR004056,Laptop,Android,2025-02-07
DEV006059,USR004057,Mobile,iOS,2025-09-01
DEV006060,USR004058,Smart TV,Smart TV OS,2025-11-27
DEV006061,USR004058,Smart TV,Android,2025-07-17
DEV006062,USR004058,Mobile,Android,2025-05-25
DEV006063,USR004059,Gaming Console,Android,2025-07-18
DEV006064,USR004059,Laptop,iOS,2025-08-19
DEV006065,USR004060,Smart TV,Smart TV OS,2025-05-02
DEV006066,USR004060,Mobile,Windows,2025-09-09
DEV006067,USR004061,Tablet,Windows,2025-06-26
DEV006068,USR004061,Smart TV,iOS,2025-11-22
DEV006069,USR004062,Tablet,macOS,2025-03-20
DEV006070,USR004063,Smart TV,Windows,2025-07-04
DEV006071,USR004064,Laptop,Android,2025-05-27
DEV006072,USR004065,Laptop,iOS,2025-03-31
DEV006073,USR004065,Smart TV,Windows,2025-07-18
DEV006074,USR004066,Mobile,Android,2025-03-24
DEV006075,USR004066,Mobile,Windows,2025-07-08
DEV006076,USR004066,Mobile,Smart TV OS,2025-01-11
DEV006077,USR004067,Streaming Stick,iOS,2025-06-03
DEV006078,USR004068,Smart TV,Smart TV OS,2025-08-24
DEV006079,USR004069,Mobile,iOS,2025-10-05
DEV006080,USR004070,Gaming Console,iOS,2025-07-25
DEV006081,USR004070,Streaming Stick,Android,2025-03-06
DEV006082,USR004071,Smart TV,iOS,2025-06-30
DEV006083,USR004071,Laptop,iOS,2025-04-17
DEV006084,USR004072,Mobile,iOS,2025-08-04
DEV006085,USR004072,Mobile,macOS,2025-08-02
DEV006086,USR004072,Tablet,Android,2025-08-24
DEV006087,USR004073,Laptop,Windows,2025-08-16
DEV006088,USR004073,Smart TV,Smart TV OS,2025-07-18
DEV006089,USR004074,Smart TV,Android,2025-06-22
DEV006090,USR004075,Tablet,Windows,2025-07-24
DEV006091,USR004076,Smart TV,macOS,2025-09-29
DEV006092,USR004077,Streaming Stick,Android,2025-04-22
DEV006093,USR004078,Mobile,macOS,2025-10-19
DEV006094,USR004078,Tablet,Windows,2025-04-10
DEV006095,USR004079,Mobile,iOS,2025-11-13
DEV006096,USR004079,Mobile,Smart TV OS,2025-07-06
DEV006097,USR004079,Mobile,iOS,2025-08-26
DEV006098,USR004080,Mobile,Windows,2025-07-29
DEV006099,USR004081,Mobile,Windows,2025-06-07
DEV006100,USR004082,Gaming Console,macOS,2025-03-14
DEV006101,USR004083,Smart TV,Smart TV OS,2025-10-05
DEV006102,USR004084,Smart TV,Windows,2025-06-03
DEV006103,USR004084,Laptop,Android,2025-11-16
DEV006104,USR004085,Gaming Console,iOS,2025-04-13
DEV006105,USR004086,Tablet,iOS,2025-10-10
DEV006106,USR004087,Mobile,Windows,2025-07-16
DEV006107,USR004087,Mobile,iOS,2025-09-22
DEV006108,USR004088,Mobile,iOS,2025-08-15
DEV006109,USR004089,Mobile,macOS,2025-04-16
DEV006110,USR004090,Tablet,macOS,2025-03-30
DEV006111,USR004091,Smart TV,iOS,2025-10-16
DEV006112,USR004092,Tablet,Android,2025-11-25
DEV006113,USR004092,Smart TV,Windows,2025-07-25
DEV006114,USR004093,Mobile,macOS,2025-04-12
DEV006115,USR004094,Mobile,Windows,2025-06-12
DEV006116,USR004095,Smart TV,Android,2025-03-08
DEV006117,USR004096,Mobile,macOS,2025-09-07
DEV006118,USR004096,Smart TV,Android,2025-06-11
DEV006119,USR004097,Laptop,iOS,2025-11-10
DEV006120,USR004097,Mobile,Android,2025-09-29
DEV006121,USR004098,Mobile,Android,2025-01-19
DEV006122,USR004098,Smart TV,Windows,2025-02-19
DEV006123,USR004099,Tablet,macOS,2025-02-13
DEV006124,USR004099,Laptop,Android,2025-01-11
DEV006125,USR004100,Mobile,Android,2025-01-28
DEV006126,USR004101,Smart TV,Android,2025-02-16
DEV006127,USR004102,Smart TV,iOS,2025-07-02
DEV006128,USR004103,Laptop,iOS,2025-03-19
DEV006129,USR004104,Laptop,Windows,2025-06-07
DEV006130,USR004104,Mobile,Smart TV OS,2025-02-03
DEV006131,USR004104,Laptop,macOS,2025-07-05
DEV006132,USR004105,Mobile,Android,2025-06-11
DEV006133,USR004105,Mobile,Android,2025-10-26
DEV006134,USR004106,Smart TV,Android,2025-08-17
DEV006135,USR004106,Smart TV,Windows,2025-09-01
DEV006136,USR004107,Tablet,Smart TV OS,2025-03-31
DEV006137,USR004108,Mobile,Windows,2025-02-21
DEV006138,USR004109,Gaming Console,Windows,2025-03-23
DEV006139,USR004109,Laptop,macOS,2025-03-19
DEV006140,USR004110,Smart TV,macOS,2025-03-02
DEV006141,USR004111,Streaming Stick,Android,2025-11-13
DEV006142,USR004112,Streaming Stick,iOS,2025-10-15
DEV006143,USR004113,Streaming Stick,Android,2025-08-29
DEV006144,USR004114,Streaming Stick,iOS,2025-05-24
DEV006145,USR004114,Tablet,Android,2025-05-08
DEV006146,USR004115,Tablet,iOS,2025-03-17
DEV006147,USR004115,Streaming Stick,iOS,2025-08-16
DEV006148,USR004115,Streaming Stick,iOS,2025-02-19
DEV006149,USR004116,Streaming Stick,iOS,2025-03-11
DEV006150,USR004116,Mobile,macOS,2025-07-15
DEV006151,USR004117,Mobile,macOS,2025-09-02
DEV006152,USR004118,Mobile,Android,2025-01-11
DEV006153,USR004119,Gaming Console,Android,2025-07-05
DEV006154,USR004120,Mobile,Windows,2025-10-27
DEV006155,USR004120,Tablet,iOS,2025-10-20
DEV006156,USR004120,Smart TV,Windows,2025-04-04
DEV006157,USR004121,Tablet,macOS,2025-01-11
DEV006158,USR004122,Mobile,Windows,2025-10-18
DEV006159,USR004122,Mobile,Android,2025-06-26
DEV006160,USR004122,Smart TV,Android,2025-06-23
DEV006161,USR004123,Smart TV,Windows,2025-07-09
DEV006162,USR004123,Streaming Stick,macOS,2025-02-05
DEV006163,USR004123,Tablet,Smart TV OS,2025-04-01
DEV006164,USR004124,Smart TV,Android,2025-06-03
DEV006165,USR004125,Mobile,iOS,2025-03-18
DEV006166,USR004125,Laptop,iOS,2025-02-26
DEV006167,USR004126,Laptop,macOS,2025-04-11
DEV006168,USR004126,Mobile,Android,2025-11-21
DEV006169,USR004126,Streaming Stick,Android,2025-06-14
DEV006170,USR004127,Tablet,iOS,2025-02-12
DEV006171,USR004128,Mobile,Android,2025-09-11
DEV006172,USR004129,Mobile,macOS,2025-10-30
DEV006173,USR004130,Mobile,iOS,2025-03-28
DEV006174,USR004131,Smart TV,iOS,2025-05-10
DEV006175,USR004132,Smart TV,iOS,2025-05-24
DEV006176,USR004133,Mobile,Android,2025-01-13
DEV006177,USR004133,Tablet,macOS,2025-09-08
DEV006178,USR004133,Tablet,Smart TV OS,2025-06-13
DEV006179,USR004134,Mobile,Smart TV OS,2025-01-27
DEV006180,USR004134,Laptop,Smart TV OS,2025-05-03
DEV006181,USR004135,Mobile,macOS,2025-05-15
DEV006182,USR004135,Mobile,Android,2025-08-18
DEV006183,USR004136,Streaming Stick,Windows,2025-06-22
DEV006184,USR004136,Laptop,Smart TV OS,2025-01-21
DEV006185,USR004136,Tablet,Android,2025-05-20
DEV006186,USR004137,Smart TV,Windows,2025-08-23
DEV006187,USR004137,Mobile,Android,2025-02-11
DEV006188,USR004138,Smart TV,iOS,2025-01-17
DEV006189,USR004139,Mobile,macOS,2025-11-16
DEV006190,USR004140,Tablet,Windows,2025-10-21
DEV006191,USR004141,Smart TV,iOS,2025-07-14
DEV006192,USR004142,Tablet,Smart TV OS,2025-08-29
DEV006193,USR004143,Mobile,Android,2025-01-19
DEV006194,USR004144,Smart TV,macOS,2025-05-19
DEV006195,USR004144,Mobile,Android,2025-07-12
DEV006196,USR004145,Laptop,macOS,2025-09-20
DEV006197,USR004146,Laptop,macOS,2025-08-06
DEV006198,USR004146,Tablet,Android,2025-07-28
DEV006199,USR004147,Laptop,macOS,2025-03-09
DEV006200,USR004147,Smart TV,macOS,2025-06-27
DEV006201,USR004148,Laptop,Windows,2025-10-10
DEV006202,USR004148,Smart TV,Android,2025-04-09
DEV006203,USR004149,Mobile,Android,2025-05-17
DEV006204,USR004150,Smart TV,iOS,2025-08-19
DEV006205,USR004151,Smart TV,Android,2025-02-13
DEV006206,USR004151,Mobile,Windows,2025-06-13
DEV006207,USR004152,Mobile,Smart TV OS,2025-02-28
DEV006208,USR004152,Smart TV,Windows,2025-01-12
DEV006209,USR004153,Laptop,Windows,2025-02-24
DEV006210,USR004153,Mobile,iOS,2025-05-05
DEV006211,USR004154,Streaming Stick,Android,2025-07-11
DEV006212,USR004155,Mobile,Android,2025-10-20
DEV006213,USR004156,Smart TV,iOS,2025-02-14
DEV006214,USR004156,Streaming Stick,Smart TV OS,2025-02-08
DEV006215,USR004157,Laptop,iOS,2025-01-07
DEV006216,USR004158,Mobile,Windows,2025-06-24
DEV006217,USR004158,Mobile,Windows,2025-11-13
DEV006218,USR004159,Tablet,Smart TV OS,2025-10-26
DEV006219,USR004160,Mobile,Windows,2025-08-24
DEV006220,USR004160,Smart TV,iOS,2025-11-20
DEV006221,USR004161,Mobile,iOS,2025-02-24
DEV006222,USR004161,Tablet,Android,2025-11-10
DEV006223,USR004162,Smart TV,Smart TV OS,2025-03-13
DEV006224,USR004163,Smart TV,Android,2025-02-11
DEV006225,USR004164,Laptop,Windows,2025-02-16
DEV006226,USR004165,Smart TV,Windows,2025-04-30
DEV006227,USR004166,Smart TV,Android,2025-02-10
DEV006228,USR004167,Mobile,iOS,2025-11-17
DEV006229,USR004168,Streaming Stick,iOS,2025-09-01
DEV006230,USR004169,Smart TV,Smart TV OS,2025-09-11
DEV006231,USR004169,Mobile,Smart TV OS,2025-11-06
DEV006232,USR004170,Mobile,Android,2025-08-29
DEV006233,USR004170,Laptop,Smart TV OS,2025-05-28
DEV006234,USR004171,Laptop,Android,2025-10-31
DEV006235,USR004171,Smart TV,Windows,2025-02-01
DEV006236,USR004172,Smart TV,Windows,2025-09-17
DEV006237,USR004173,Tablet,Smart TV OS,2025-04-01
DEV006238,USR004174,Mobile,Windows,2025-05-15
DEV006239,USR004174,Smart TV,Android,2025-03-15
DEV006240,USR004174,Laptop,Android,2025-10-05
DEV006241,USR004175,Tablet,Windows,2025-04-07
DEV006242,USR004176,Mobile,Windows,2025-02-08
DEV006243,USR004176,Mobile,Windows,2025-04-07
DEV006244,USR004177,Laptop,Windows,2025-06-14
DEV006245,USR004178,Mobile,iOS,2025-04-27
DEV006246,USR004178,Laptop,iOS,2025-03-25
DEV006247,USR004179,Smart TV,iOS,2025-10-31
DEV006248,USR004180,Mobile,Android,2025-07-31
DEV006249,USR004181,Smart TV,Windows,2025-05-27
DEV006250,USR004182,Tablet,iOS,2025-05-09
DEV006251,USR004183,Smart TV,Smart TV OS,2025-05-04
DEV006252,USR004183,Laptop,Smart TV OS,2025-09-29
DEV006253,USR004184,Gaming Console,Smart TV OS,2025-05-09
DEV006254,USR004185,Streaming Stick,macOS,2025-03-24
DEV006255,USR004186,Streaming Stick,iOS,2025-02-02
DEV006256,USR004187,Streaming Stick,Android,2025-01-31
DEV006257,USR004188,Smart TV,iOS,2025-08-09
DEV006258,USR004188,Smart TV,Windows,2025-02-10
DEV006259,USR004189,Tablet,Android,2025-08-17
DEV006260,USR004189,Smart TV,Windows,2025-01-07
DEV006261,USR004190,Laptop,Windows,2025-02-15
DEV006262,USR004190,Laptop,Android,2025-06-13
DEV006263,USR004190,Laptop,iOS,2025-10-29
DEV006264,USR004191,Mobile,iOS,2025-07-05
DEV006265,USR004191,Smart TV,Android,2025-11-07
DEV006266,USR004192,Smart TV,iOS,2025-02-03
DEV006267,USR004192,Mobile,Smart TV OS,2025-10-19
DEV006268,USR004193,Streaming Stick,Android,2025-06-13
DEV006269,USR004194,Mobile,Smart TV OS,2025-09-03
DEV006270,USR004195,Mobile,Smart TV OS,2025-06-03
DEV006271,USR004196,Smart TV,Windows,2025-06-10
DEV006272,USR004196,Laptop,Android,2025-10-07
DEV006273,USR004197,Gaming Console,Windows,2025-04-08
DEV006274,USR004197,Smart TV,Android,2025-04-27
DEV006275,USR004197,Mobile,Smart TV OS,2025-10-28
DEV006276,USR004198,Tablet,macOS,2025-06-30
DEV006277,USR004199,Smart TV,Smart TV OS,2025-08-25
DEV006278,USR004200,Mobile,Smart TV OS,2025-07-26
DEV006279,USR004201,Smart TV,Smart TV OS,2025-08-26
DEV006280,USR004202,Smart TV,macOS,2025-03-14
DEV006281,USR004203,Mobile,iOS,2025-07-17
DEV006282,USR004203,Smart TV,Android,2025-08-03
DEV006283,USR004204,Mobile,Android,2025-03-13
DEV006284,USR004204,Smart TV,Smart TV OS,2025-06-12
DEV006285,USR004204,Tablet,Android,2025-07-15
DEV006286,USR004205,Mobile,Android,2025-11-20
DEV006287,USR004205,Smart TV,Android,2025-03-18
DEV006288,USR004205,Mobile,Android,2025-07-24
DEV006289,USR004206,Gaming Console,Android,2025-08-11
DEV006290,USR004207,Streaming Stick,macOS,2025-03-30
DEV006291,USR004207,Gaming Console,Smart TV OS,2025-03-19
DEV006292,USR004208,Mobile,Smart TV OS,2025-04-05
DEV006293,USR004209,Streaming Stick,iOS,2025-01-09
DEV006294,USR004210,Mobile,macOS,2025-03-18
DEV006295,USR004211,Mobile,Smart TV OS,2025-04-12
DEV006296,USR004212,Smart TV,Smart TV OS,2025-07-20
DEV006297,USR004213,Gaming Console,Smart TV OS,2025-10-09
DEV006298,USR004214,Laptop,Android,2025-04-08
DEV006299,USR004215,Tablet,macOS,2025-09-13
DEV006300,USR004216,Smart TV,Android,2025-03-23
DEV006301,USR004217,Smart TV,Smart TV OS,2025-01-31
DEV006302,USR004218,Mobile,Smart TV OS,2025-02-24
DEV006303,USR004219,Mobile,iOS,2025-06-15
DEV006304,USR004220,Mobile,macOS,2025-11-08
DEV006305,USR004220,Smart TV,Windows,2025-05-29
DEV006306,USR004221,Smart TV,Smart TV OS,2025-09-23
DEV006307,USR004222,Mobile,Android,2025-04-21
DEV006308,USR004222,Mobile,Android,2025-08-02
DEV006309,USR004222,Laptop,iOS,2025-09-09
DEV006310,USR004223,Smart TV,Windows,2025-06-07
DEV006311,USR004224,Mobile,Smart TV OS,2025-06-23
DEV006312,USR004224,Laptop,iOS,2025-11-19
DEV006313,USR004225,Smart TV,Windows,2025-11-13
DEV006314,USR004226,Mobile,macOS,2025-03-04
DEV006315,USR004227,Laptop,Windows,2025-09-29
DEV006316,USR004228,Laptop,iOS,2025-07-11
DEV006317,USR004229,Gaming Console,Smart TV OS,2025-03-07
DEV006318,USR004229,Laptop,Android,2025-07-09
DEV006319,USR004230,Tablet,iOS,2025-08-31
DEV006320,USR004231,Smart TV,Windows,2025-08-17
DEV006321,USR004232,Tablet,Smart TV OS,2025-05-07
DEV006322,USR004233,Smart TV,Android,2025-06-17
DEV006323,USR004234,Streaming Stick,Android,2025-06-10
DEV006324,USR004234,Laptop,Android,2025-11-21
DEV006325,USR004235,Smart TV,Android,2025-09-01
DEV006326,USR004235,Smart TV,Android,2025-05-24
DEV006327,USR004236,Smart TV,Android,2025-10-23
DEV006328,USR004237,Mobile,iOS,2025-04-10
DEV006329,USR004237,Tablet,macOS,2025-03-07
DEV006330,USR004238,Smart TV,macOS,2025-11-20
DEV006331,USR004238,Smart TV,iOS,2025-10-21
DEV006332,USR004238,Smart TV,iOS,2025-04-28
DEV006333,USR004239,Smart TV,Android,2025-11-09
DEV006334,USR004239,Streaming Stick,macOS,2025-05-02
DEV006335,USR004240,Smart TV,Android,2025-05-08
DEV006336,USR004240,Smart TV,Android,2025-09-08
DEV006337,USR004241,Laptop,Windows,2025-01-10
DEV006338,USR004242,Mobile,Android,2025-02-18
DEV006339,USR004243,Laptop,Android,2025-03-17
DEV006340,USR004244,Gaming Console,macOS,2025-02-11
DEV006341,USR004244,Streaming Stick,macOS,2025-09-28
DEV006342,USR004245,Mobile,Android,2025-11-05
DEV006343,USR004246,Mobile,macOS,2025-05-17
DEV006344,USR004246,Mobile,iOS,2025-02-04
DEV006345,USR004247,Smart TV,iOS,2025-04-09
DEV006346,USR004248,Mobile,Windows,2025-05-22
DEV006347,USR004248,Smart TV,Windows,2025-03-15
DEV006348,USR004249,Mobile,macOS,2025-01-31
DEV006349,USR004250,Mobile,macOS,2025-04-25
DEV006350,USR004251,Gaming Console,iOS,2025-06-17
DEV006351,USR004251,Mobile,Smart TV OS,2025-07-02
DEV006352,USR004252,Smart TV,macOS,2025-09-05
DEV006353,USR004252,Mobile,iOS,2025-10-15
DEV006354,USR004253,Smart TV,Android,2025-05-20
DEV006355,USR004254,Mobile,Android,2025-09-06
DEV006356,USR004254,Smart TV,Windows,2025-06-10
DEV006357,USR004254,Smart TV,Windows,2025-11-06
DEV006358,USR004255,Smart TV,Android,2025-04-13
DEV006359,USR004255,Mobile,Android,2025-11-27
DEV006360,USR004256,Mobile,Android,2025-11-02
DEV006361,USR004257,Mobile,Android,2025-06-01
DEV006362,USR004257,Tablet,Android,2025-02-01
DEV006363,USR004258,Gaming Console,Android,2025-04-10
DEV006364,USR004258,Smart TV,Smart TV OS,2025-09-26
DEV006365,USR004259,Laptop,Smart TV OS,2025-05-25
DEV006366,USR004259,Mobile,Android,2025-05-08
DEV006367,USR004260,Smart TV,Windows,2025-08-05
DEV006368,USR004260,Laptop,iOS,2025-01-06
DEV006369,USR004261,Mobile,Smart TV OS,2025-04-15
DEV006370,USR004262,Laptop,Android,2025-01-13
DEV006371,USR004263,Streaming Stick,Android,2025-11-26
DEV006372,USR004264,Streaming Stick,Android,2025-02-10
DEV006373,USR004264,Gaming Console,iOS,2025-07-08
DEV006374,USR004265,Smart TV,Android,2025-03-17
DEV006375,USR004266,Mobile,iOS,2025-07-15
DEV006376,USR004267,Laptop,iOS,2025-11-01
DEV006377,USR004268,Mobile,Windows,2025-06-10
DEV006378,USR004269,Streaming Stick,Smart TV OS,2025-05-21
DEV006379,USR004270,Streaming Stick,Android,2025-04-12
DEV006380,USR004271,Mobile,Android,2025-08-21
DEV006381,USR004271,Laptop,Windows,2025-05-26
DEV006382,USR004272,Laptop,iOS,2025-03-07
DEV006383,USR004273,Laptop,Android,2025-01-09
DEV006384,USR004274,Laptop,Android,2025-06-17
DEV006385,USR004275,Smart TV,iOS,2025-07-08
DEV006386,USR004276,Tablet,Android,2025-07-12
DEV006387,USR004277,Smart TV,Smart TV OS,2025-11-18
DEV006388,USR004278,Mobile,Android,2025-06-15
DEV006389,USR004279,Smart TV,Android,2025-06-17
DEV006390,USR004280,Smart TV,macOS,2025-01-18
DEV006391,USR004280,Tablet,Smart TV OS,2025-11-26
DEV006392,USR004281,Mobile,Windows,2025-10-17
DEV006393,USR004282,Mobile,Android,2025-01-21
DEV006394,USR004282,Mobile,Android,2025-09-19
DEV006395,USR004283,Smart TV,macOS,2025-03-09
DEV006396,USR004284,Mobile,macOS,2025-02-04
DEV006397,USR004285,Smart TV,Windows,2025-02-22
DEV006398,USR004286,Laptop,macOS,2025-05-01
DEV006399,USR004287,Tablet,Android,2025-07-04
DEV006400,USR004288,Laptop,Android,2025-06-23
DEV006401,USR004288,Smart TV,Android,2025-02-11
DEV006402,USR004288,Smart TV,Android,2025-07-31
DEV006403,USR004289,Mobile,Windows,2025-02-05
DEV006404,USR004290,Tablet,iOS,2025-10-07
DEV006405,USR004291,Laptop,macOS,2025-08-02
DEV006406,USR004292,Mobile,Smart TV OS,2025-07-22
DEV006407,USR004292,Mobile,Windows,2025-03-21
DEV006408,USR004293,Smart TV,Windows,2025-02-15
DEV006409,USR004294,Laptop,Windows,2025-08-18
DEV006410,USR004294,Tablet,Android,2025-03-23
DEV006411,USR004295,Streaming Stick,macOS,2025-05-14
DEV006412,USR004296,Smart TV,Android,2025-01-29
DEV006413,USR004297,Smart TV,iOS,2025-10-13
DEV006414,USR004297,Smart TV,Android,2025-01-13
DEV006415,USR004298,Tablet,Android,2025-04-26
DEV006416,USR004299,Laptop,Windows,2025-01-22
DEV006417,USR004300,Tablet,Windows,2025-04-30
DEV006418,USR004301,Gaming Console,Windows,2025-03-12
DEV006419,USR004301,Laptop,Smart TV OS,2025-09-14
DEV006420,USR004301,Laptop,macOS,2025-06-13
DEV006421,USR004302,Smart TV,Android,2025-11-21
DEV006422,USR004303,Smart TV,Windows,2025-01-10
DEV006423,USR004303,Streaming Stick,Android,2025-09-19
DEV006424,USR004304,Smart TV,Windows,2025-09-10
DEV006425,USR004304,Smart TV,iOS,2025-01-13
DEV006426,USR004305,Streaming Stick,macOS,2025-08-01
DEV006427,USR004305,Laptop,iOS,2025-10-09
DEV006428,USR004306,Laptop,macOS,2025-04-13
DEV006429,USR004307,Smart TV,macOS,2025-04-17
DEV006430,USR004308,Streaming Stick,Android,2025-09-09
DEV006431,USR004309,Tablet,iOS,2025-02-11
DEV006432,USR004310,Mobile,Windows,2025-07-08
DEV006433,USR004311,Tablet,iOS,2025-03-26
DEV006434,USR004312,Laptop,macOS,2025-03-19
DEV006435,USR004313,Tablet,Android,2025-11-18
DEV006436,USR004314,Laptop,Windows,2025-05-25
DEV006437,USR004314,Laptop,iOS,2025-05-17
DEV006438,USR004315,Smart TV,iOS,2025-09-19
DEV006439,USR004316,Laptop,macOS,2025-04-14
DEV006440,USR004317,Streaming Stick,Android,2025-05-12
DEV006441,USR004317,Laptop,Android,2025-06-21
DEV006442,USR004318,Smart TV,Windows,2025-05-14
DEV006443,USR004319,Smart TV,Android,2025-05-27
DEV006444,USR004320,Laptop,Android,2025-08-17
DEV006445,USR004321,Mobile,macOS,2025-09-20
DEV006446,USR004321,Smart TV,Windows,2025-07-27
DEV006447,USR004322,Smart TV,Windows,2025-02-27
DEV006448,USR004323,Streaming Stick,iOS,2025-02-24
DEV006449,USR004324,Mobile,macOS,2025-04-16
DEV006450,USR004324,Laptop,iOS,2025-04-13
DEV006451,USR004325,Laptop,iOS,2025-06-02
DEV006452,USR004325,Streaming Stick,Android,2025-04-20
DEV006453,USR004326,Smart TV,macOS,2025-06-05
DEV006454,USR004326,Smart TV,Android,2025-07-04
DEV006455,USR004327,Mobile,Windows,2025-11-17
DEV006456,USR004328,Smart TV,macOS,2025-05-10
DEV006457,USR004329,Mobile,Android,2025-01-13
DEV006458,USR004330,Mobile,Android,2025-04-21
DEV006459,USR004331,Smart TV,Windows,2025-06-20
DEV006460,USR004331,Laptop,Android,2025-04-16
DEV006461,USR004332,Streaming Stick,iOS,2025-07-18
DEV006462,USR004333,Mobile,Windows,2025-08-23
DEV006463,USR004333,Tablet,Android,2025-07-20
DEV006464,USR004334,Tablet,iOS,2025-03-26
DEV006465,USR004334,Mobile,macOS,2025-09-09
DEV006466,USR004335,Mobile,iOS,2025-11-02
DEV006467,USR004336,Tablet,Smart TV OS,2025-05-08
DEV006468,USR004337,Laptop,Smart TV OS,2025-02-24
DEV006469,USR004338,Tablet,macOS,2025-01-16
DEV006470,USR004338,Smart TV,Smart TV OS,2025-11-14
DEV006471,USR004339,Smart TV,Windows,2025-01-06
DEV006472,USR004340,Smart TV,iOS,2025-01-01
DEV006473,USR004340,Laptop,Android,2025-06-05
DEV006474,USR004340,Smart TV,Windows,2025-08-16
DEV006475,USR004341,Smart TV,iOS,2025-10-18
DEV006476,USR004342,Tablet,iOS,2025-02-19
DEV006477,USR004342,Mobile,macOS,2025-01-28
DEV006478,USR004342,Smart TV,macOS,2025-07-08
DEV006479,USR004343,Smart TV,Android,2025-04-08
DEV006480,USR004344,Mobile,Android,2025-07-10
DEV006481,USR004344,Tablet,Smart TV OS,2025-02-08
DEV006482,USR004344,Mobile,Android,2025-05-24
DEV006483,USR004345,Tablet,Smart TV OS,2025-01-12
DEV006484,USR004346,Laptop,Smart TV OS,2025-01-18
DEV006485,USR004347,Smart TV,macOS,2025-06-04
DEV006486,USR004347,Mobile,iOS,2025-03-14
DEV006487,USR004348,Laptop,Android,2025-04-15
DEV006488,USR004349,Mobile,iOS,2025-11-22
DEV006489,USR004350,Tablet,Windows,2025-01-16
DEV006490,USR004350,Mobile,Android,2025-09-01
DEV006491,USR004351,Tablet,iOS,2025-02-27
DEV006492,USR004352,Streaming Stick,Smart TV OS,2025-05-01
DEV006493,USR004353,Laptop,Android,2025-10-24
DEV006494,USR004354,Mobile,Android,2025-05-20
DEV006495,USR004354,Smart TV,Windows,2025-05-19
DEV006496,USR004355,Mobile,macOS,2025-10-16
DEV006497,USR004356,Smart TV,Windows,2025-03-20
DEV006498,USR004357,Mobile,iOS,2025-07-23
DEV006499,USR004358,Streaming Stick,Windows,2025-01-16
DEV006500,USR004358,Tablet,macOS,2025-01-20
DEV006501,USR004359,Smart TV,Android,2025-08-27
DEV006502,USR004360,Smart TV,iOS,2025-01-07
DEV006503,USR004361,Mobile,Smart TV OS,2025-01-23
DEV006504,USR004362,Mobile,Android,2025-05-24
DEV006505,USR004362,Smart TV,iOS,2025-05-25
DEV006506,USR004363,Tablet,Windows,2025-04-14
DEV006507,USR004363,Tablet,iOS,2025-05-17
DEV006508,USR004364,Mobile,Smart TV OS,2025-05-20
DEV006509,USR004365,Laptop,Windows,2025-04-07
DEV006510,USR004365,Smart TV,Windows,2025-05-01
DEV006511,USR004365,Laptop,macOS,2025-08-18
DEV006512,USR004366,Laptop,Windows,2025-01-23
DEV006513,USR004366,Tablet,macOS,2025-10-16
DEV006514,USR004367,Laptop,iOS,2025-08-11
DEV006515,USR004367,Smart TV,iOS,2025-10-14
DEV006516,USR004368,Laptop,Smart TV OS,2025-09-08
DEV006517,USR004368,Smart TV,Android,2025-04-29
DEV006518,USR004368,Mobile,macOS,2025-01-25
DEV006519,USR004369,Smart TV,Smart TV OS,2025-02-15
DEV006520,USR004370,Smart TV,Windows,2025-08-22
DEV006521,USR004371,Laptop,iOS,2025-10-06
DEV006522,USR004371,Mobile,iOS,2025-03-25
DEV006523,USR004372,Streaming Stick,Android,2025-07-10
DEV006524,USR004373,Streaming Stick,Android,2025-10-04
DEV006525,USR004373,Mobile,Smart TV OS,2025-03-16
DEV006526,USR004374,Smart TV,iOS,2025-11-24
DEV006527,USR004375,Mobile,Windows,2025-03-31
DEV006528,USR004376,Mobile,macOS,2025-07-10
DEV006529,USR004377,Smart TV,Smart TV OS,2025-06-27
DEV006530,USR004378,Tablet,Android,2025-03-17
DEV006531,USR004378,Laptop,Android,2025-09-11
DEV006532,USR004379,Tablet,iOS,2025-07-28
DEV006533,USR004379,Smart TV,Android,2025-07-04
DEV006534,USR004380,Smart TV,Android,2025-02-14
DEV006535,USR004380,Gaming Console,Android,2025-11-05
DEV006536,USR004380,Mobile,iOS,2025-05-10
DEV006537,USR004381,Mobile,iOS,2025-06-20
DEV006538,USR004381,Laptop,Windows,2025-07-03
DEV006539,USR004382,Smart TV,Windows,2025-08-19
DEV006540,USR004382,Streaming Stick,Android,2025-10-04
DEV006541,USR004383,Mobile,Windows,2025-03-26
DEV006542,USR004383,Laptop,Android,2025-01-22
DEV006543,USR004384,Mobile,Android,2025-11-17
DEV006544,USR004385,Streaming Stick,Windows,2025-06-24
DEV006545,USR004386,Smart TV,Windows,2025-03-23
DEV006546,USR004387,Smart TV,Android,2025-10-21
DEV006547,USR004387,Smart TV,Smart TV OS,2025-03-13
DEV006548,USR004388,Mobile,iOS,2025-04-16
DEV006549,USR004388,Smart TV,Android,2025-07-22
DEV006550,USR004388,Streaming Stick,iOS,2025-02-11
DEV006551,USR004389,Smart TV,Windows,2025-02-27
DEV006552,USR004389,Smart TV,iOS,2025-09-14
DEV006553,USR004390,Streaming Stick,Smart TV OS,2025-09-24
DEV006554,USR004391,Gaming Console,Android,2025-01-03
DEV006555,USR004392,Smart TV,Smart TV OS,2025-10-09
DEV006556,USR004393,Smart TV,Android,2025-03-26
DEV006557,USR004393,Laptop,iOS,2025-04-27
DEV006558,USR004394,Tablet,Android,2025-06-21
DEV006559,USR004394,Mobile,macOS,2025-09-08
DEV006560,USR004395,Smart TV,iOS,2025-07-11
DEV006561,USR004396,Laptop,macOS,2025-07-22
DEV006562,USR004397,Mobile,macOS,2025-07-21
DEV006563,USR004398,Laptop,macOS,2025-06-29
DEV006564,USR004399,Streaming Stick,Windows,2025-02-24
DEV006565,USR004399,Streaming Stick,Android,2025-04-26
DEV006566,USR004400,Smart TV,iOS,2025-08-21
DEV006567,USR004400,Smart TV,iOS,2025-03-21
DEV006568,USR004401,Streaming Stick,Android,2025-04-07
DEV006569,USR004401,Laptop,Android,2025-01-01
DEV006570,USR004402,Mobile,iOS,2025-09-16
DEV006571,USR004402,Streaming Stick,Windows,2025-02-25
DEV006572,USR004403,Tablet,iOS,2025-02-06
DEV006573,USR004404,Laptop,Smart TV OS,2025-06-06
DEV006574,USR004404,Smart TV,Windows,2025-05-04
DEV006575,USR004405,Laptop,Windows,2025-06-05
DEV006576,USR004405,Mobile,macOS,2025-04-18
DEV006577,USR004406,Smart TV,Windows,2025-02-19
DEV006578,USR004407,Streaming Stick,Smart TV OS,2025-04-08
DEV006579,USR004407,Smart TV,Windows,2025-01-13
DEV006580,USR004407,Mobile,macOS,2025-01-09
DEV006581,USR004408,Smart TV,Android,2025-03-03
DEV006582,USR004409,Laptop,Windows,2025-02-06
DEV006583,USR004410,Streaming Stick,Android,2025-08-20
DEV006584,USR004411,Laptop,Windows,2025-08-05
DEV006585,USR004411,Tablet,macOS,2025-07-03
DEV006586,USR004411,Mobile,Android,2025-07-26
DEV006587,USR004412,Mobile,Windows,2025-11-02
DEV006588,USR004413,Smart TV,Android,2025-07-18
DEV006589,USR004414,Mobile,Smart TV OS,2025-06-05
DEV006590,USR004415,Mobile,macOS,2025-10-29
DEV006591,USR004416,Mobile,Android,2025-11-22
DEV006592,USR004416,Tablet,Windows,2025-11-11
DEV006593,USR004417,Smart TV,iOS,2025-09-09
DEV006594,USR004418,Smart TV,Windows,2025-09-13
DEV006595,USR004418,Mobile,Android,2025-06-13
DEV006596,USR004418,Mobile,Smart TV OS,2025-06-29
DEV006597,USR004419,Mobile,Smart TV OS,2025-08-31
DEV006598,USR004420,Laptop,Windows,2025-07-16
DEV006599,USR004420,Smart TV,macOS,2025-10-03
DEV006600,USR004421,Laptop,Android,2025-08-05
DEV006601,USR004421,Smart TV,Smart TV OS,2025-10-28
DEV006602,USR004422,Smart TV,iOS,2025-06-29
DEV006603,USR004422,Mobile,Android,2025-09-09
DEV006604,USR004423,Tablet,Windows,2025-07-14
DEV006605,USR004423,Mobile,Smart TV OS,2025-01-20
DEV006606,USR004423,Streaming Stick,Android,2025-09-07
DEV006607,USR004424,Laptop,Android,2025-02-14
DEV006608,USR004424,Tablet,Android,2025-09-01
DEV006609,USR004425,Smart TV,Android,2025-02-17
DEV006610,USR004426,Laptop,Windows,2025-11-20
DEV006611,USR004427,Streaming Stick,Android,2025-08-21
DEV006612,USR004427,Laptop,Android,2025-07-14
DEV006613,USR004427,Mobile,iOS,2025-06-22
DEV006614,USR004428,Smart TV,Android,2025-08-29
DEV006615,USR004429,Tablet,iOS,2025-06-08
DEV006616,USR004430,Mobile,iOS,2025-08-20
DEV006617,USR004431,Smart TV,Smart TV OS,2025-07-30
DEV006618,USR004432,Smart TV,iOS,2025-03-07
DEV006619,USR004433,Mobile,Windows,2025-01-15
DEV006620,USR004434,Laptop,Windows,2025-08-16
DEV006621,USR004434,Mobile,Android,2025-02-05
DEV006622,USR004434,Mobile,Smart TV OS,2025-09-15
DEV006623,USR004435,Mobile,Smart TV OS,2025-05-21
DEV006624,USR004436,Laptop,Smart TV OS,2025-07-18
DEV006625,USR004436,Mobile,Android,2025-10-02
DEV006626,USR004437,Smart TV,Android,2025-01-25
DEV006627,USR004437,Streaming Stick,Windows,2025-05-10
DEV006628,USR004438,Smart TV,iOS,2025-09-22
DEV006629,USR004439,Laptop,Smart TV OS,2025-08-20
DEV006630,USR004440,Laptop,iOS,2025-03-25
DEV006631,USR004441,Smart TV,Windows,2025-11-04
DEV006632,USR004442,Mobile,Android,2025-02-26
DEV006633,USR004443,Tablet,Smart TV OS,2025-02-09
DEV006634,USR004443,Mobile,Android,2025-04-12
DEV006635,USR004444,Mobile,Android,2025-05-08
DEV006636,USR004445,Tablet,Windows,2025-04-01
DEV006637,USR004446,Mobile,macOS,2025-01-23
DEV006638,USR004446,Tablet,macOS,2025-06-04
DEV006639,USR004447,Tablet,Smart TV OS,2025-06-24
DEV006640,USR004448,Mobile,Windows,2025-10-26
DEV006641,USR004448,Laptop,Android,2025-09-10
DEV006642,USR004449,Smart TV,Android,2025-08-16
DEV006643,USR004450,Laptop,Smart TV OS,2025-03-01
DEV006644,USR004450,Laptop,iOS,2025-02-21
DEV006645,USR004451,Laptop,iOS,2025-03-09
DEV006646,USR004452,Smart TV,Smart TV OS,2025-11-06
DEV006647,USR004452,Smart TV,Windows,2025-10-16
DEV006648,USR004453,Laptop,Windows,2025-09-12
DEV006649,USR004454,Smart TV,Android,2025-08-09
DEV006650,USR004455,Smart TV,macOS,2025-09-26
DEV006651,USR004456,Smart TV,Smart TV OS,2025-07-08
DEV006652,USR004456,Smart TV,iOS,2025-11-22
DEV006653,USR004457,Smart TV,Windows,2025-08-03
DEV006654,USR004458,Laptop,Android,2025-05-23
DEV006655,USR004459,Mobile,Android,2025-08-05
DEV006656,USR004460,Tablet,macOS,2025-02-14
DEV006657,USR004461,Smart TV,Android,2025-07-03
DEV006658,USR004462,Laptop,Windows,2025-09-17
DEV006659,USR004463,Laptop,Android,2025-03-12
DEV006660,USR004463,Laptop,macOS,2025-03-03
DEV006661,USR004464,Smart TV,Android,2025-02-14
DEV006662,USR004465,Laptop,Android,2025-04-11
DEV006663,USR004466,Mobile,iOS,2025-10-07
DEV006664,USR004467,Laptop,Windows,2025-05-15
DEV006665,USR004468,Tablet,Android,2025-04-05
DEV006666,USR004469,Laptop,Windows,2025-03-01
DEV006667,USR004470,Tablet,iOS,2025-04-29
DEV006668,USR004471,Mobile,Windows,2025-06-03
DEV006669,USR004472,Mobile,iOS,2025-07-20
DEV006670,USR004473,Laptop,iOS,2025-01-31
DEV006671,USR004474,Mobile,iOS,2025-01-07
DEV006672,USR004475,Smart TV,macOS,2025-05-17
DEV006673,USR004476,Mobile,iOS,2025-01-05
DEV006674,USR004477,Smart TV,Windows,2025-03-12
DEV006675,USR004478,Laptop,iOS,2025-05-05
DEV006676,USR004479,Mobile,macOS,2025-04-20
DEV006677,USR004479,Mobile,Android,2025-04-07
DEV006678,USR004480,Mobile,Smart TV OS,2025-09-02
DEV006679,USR004480,Gaming Console,Android,2025-09-03
DEV006680,USR004481,Mobile,iOS,2025-03-30
DEV006681,USR004482,Gaming Console,Smart TV OS,2025-11-21
DEV006682,USR004483,Mobile,Android,2025-02-06
DEV006683,USR004483,Laptop,Android,2025-03-16
DEV006684,USR004484,Smart TV,macOS,2025-09-19
DEV006685,USR004484,Tablet,Smart TV OS,2025-03-16
DEV006686,USR004485,Laptop,Android,2025-02-04
DEV006687,USR004485,Mobile,iOS,2025-09-02
DEV006688,USR004486,Mobile,Windows,2025-02-07
DEV006689,USR004487,Smart TV,Smart TV OS,2025-05-07
DEV006690,USR004488,Gaming Console,Android,2025-07-31
DEV006691,USR004488,Smart TV,iOS,2025-11-17
DEV006692,USR004489,Smart TV,Android,2025-04-26
DEV006693,USR004490,Mobile,Smart TV OS,2025-07-28
DEV006694,USR004490,Streaming Stick,Smart TV OS,2025-01-31
DEV006695,USR004491,Smart TV,Android,2025-01-22
DEV006696,USR004491,Smart TV,Windows,2025-06-14
DEV006697,USR004492,Mobile,Smart TV OS,2025-01-15
DEV006698,USR004492,Laptop,Smart TV OS,2025-04-09
DEV006699,USR004493,Streaming Stick,Windows,2025-07-11
DEV006700,USR004493,Tablet,Android,2025-07-20
DEV006701,USR004494,Streaming Stick,Windows,2025-04-26
DEV006702,USR004495,Mobile,macOS,2025-03-07
DEV006703,USR004495,Laptop,Android,2025-09-03
DEV006704,USR004496,Gaming Console,Android,2025-09-18
DEV006705,USR004496,Mobile,Smart TV OS,2025-07-28
DEV006706,USR004497,Mobile,Android,2025-11-22
DEV006707,USR004497,Mobile,iOS,2025-03-22
DEV006708,USR004498,Laptop,iOS,2025-09-24
DEV006709,USR004499,Gaming Console,Android,2025-02-08
DEV006710,USR004500,Laptop,Android,2025-01-16
DEV006711,USR004501,Mobile,Android,2025-10-15
DEV006712,USR004502,Mobile,Windows,2025-03-16
DEV006713,USR004503,Laptop,Android,2025-01-21
DEV006714,USR004503,Streaming Stick,iOS,2025-07-09
DEV006715,USR004504,Smart TV,Smart TV OS,2025-05-24
DEV006716,USR004505,Smart TV,Smart TV OS,2025-06-24
DEV006717,USR004506,Mobile,Smart TV OS,2025-10-02
DEV006718,USR004507,Smart TV,Windows,2025-06-07
DEV006719,USR004507,Smart TV,iOS,2025-08-29
DEV006720,USR004508,Smart TV,iOS,2025-07-17
DEV006721,USR004509,Laptop,Smart TV OS,2025-10-29
DEV006722,USR004509,Laptop,macOS,2025-10-14
DEV006723,USR004510,Smart TV,Android,2025-11-06
DEV006724,USR004510,Streaming Stick,Android,2025-11-03
DEV006725,USR004510,Gaming Console,Smart TV OS,2025-10-21
DEV006726,USR004511,Tablet,macOS,2025-06-22
DEV006727,USR004512,Mobile,macOS,2025-09-08
DEV006728,USR004513,Mobile,iOS,2025-09-30
DEV006729,USR004513,Tablet,iOS,2025-09-22
DEV006730,USR004513,Tablet,Android,2025-11-12
DEV006731,USR004514,Smart TV,Smart TV OS,2025-05-09
DEV006732,USR004514,Laptop,iOS,2025-11-19
DEV006733,USR004515,Laptop,iOS,2025-05-19
DEV006734,USR004516,Smart TV,Smart TV OS,2025-11-01
DEV006735,USR004516,Laptop,Windows,2025-09-20
DEV006736,USR004517,Tablet,macOS,2025-06-15
DEV006737,USR004518,Mobile,Android,2025-10-17
DEV006738,USR004518,Smart TV,Android,2025-04-08
DEV006739,USR004519,Mobile,Android,2025-06-06
DEV006740,USR004520,Smart TV,Smart TV OS,2025-06-21
DEV006741,USR004521,Laptop,Smart TV OS,2025-07-30
DEV006742,USR004522,Gaming Console,iOS,2025-11-03
DEV006743,USR004523,Laptop,Smart TV OS,2025-04-07
DEV006744,USR004524,Tablet,Windows,2025-03-13
DEV006745,USR004524,Laptop,Windows,2025-06-01
DEV006746,USR004525,Smart TV,Android,2025-07-05
DEV006747,USR004526,Smart TV,Windows,2025-10-11
DEV006748,USR004526,Streaming Stick,iOS,2025-06-14
DEV006749,USR004527,Tablet,Android,2025-08-25
DEV006750,USR004528,Laptop,Android,2025-03-30
DEV006751,USR004529,Streaming Stick,iOS,2025-05-30
DEV006752,USR004530,Mobile,Smart TV OS,2025-04-16
DEV006753,USR004530,Mobile,Smart TV OS,2025-11-03
DEV006754,USR004531,Laptop,Android,2025-06-22
DEV006755,USR004531,Smart TV,Smart TV OS,2025-04-04
DEV006756,USR004532,Mobile,Android,2025-09-12
DEV006757,USR004532,Streaming Stick,Windows,2025-07-11
DEV006758,USR004533,Laptop,Smart TV OS,2025-09-05
DEV006759,USR004534,Smart TV,Windows,2025-10-18
DEV006760,USR004534,Smart TV,Android,2025-08-24
DEV006761,USR004535,Mobile,Android,2025-03-16
DEV006762,USR004536,Mobile,Android,2025-02-06
DEV006763,USR004537,Laptop,macOS,2025-07-12
DEV006764,USR004538,Smart TV,Android,2025-07-21
DEV006765,USR004538,Smart TV,Windows,2025-01-02
DEV006766,USR004539,Gaming Console,Windows,2025-05-11
DEV006767,USR004540,Smart TV,Smart TV OS,2025-08-21
DEV006768,USR004540,Tablet,Windows,2025-10-09
DEV006769,USR004540,Tablet,Android,2025-10-26
DEV006770,USR004541,Smart TV,Android,2025-09-19
DEV006771,USR004541,Smart TV,Android,2025-10-18
DEV006772,USR004542,Mobile,Windows,2025-05-17
DEV006773,USR004543,Smart TV,Android,2025-08-07
DEV006774,USR004544,Smart TV,iOS,2025-09-08
DEV006775,USR004544,Laptop,iOS,2025-11-01
DEV006776,USR004545,Laptop,Windows,2025-08-12
DEV006777,USR004546,Mobile,Windows,2025-03-03
DEV006778,USR004547,Tablet,Android,2025-03-04
DEV006779,USR004548,Mobile,Windows,2025-01-28
DEV006780,USR004549,Streaming Stick,Windows,2025-02-05
DEV006781,USR004550,Smart TV,Windows,2025-10-08
DEV006782,USR004551,Smart TV,iOS,2025-03-07
DEV006783,USR004552,Mobile,Windows,2025-08-05
DEV006784,USR004552,Smart TV,Smart TV OS,2025-04-15
DEV006785,USR004553,Gaming Console,Windows,2025-10-18
DEV006786,USR004554,Laptop,Windows,2025-02-27
DEV006787,USR004555,Laptop,Smart TV OS,2025-11-16
DEV006788,USR004556,Smart TV,Android,2025-05-26
DEV006789,USR004556,Smart TV,Android,2025-08-09
DEV006790,USR004557,Mobile,iOS,2025-04-23
DEV006791,USR004558,Smart TV,Android,2025-10-20
DEV006792,USR004558,Smart TV,macOS,2025-05-17
DEV006793,USR004559,Laptop,macOS,2025-07-01
DEV006794,USR004559,Mobile,Android,2025-05-02
DEV006795,USR004559,Gaming Console,Smart TV OS,2025-03-19
DEV006796,USR004560,Streaming Stick,Android,2025-10-27
DEV006797,USR004561,Laptop,Windows,2025-04-23
DEV006798,USR004562,Smart TV,macOS,2025-07-16
DEV006799,USR004563,Smart TV,Android,2025-11-12
DEV006800,USR004564,Smart TV,Windows,2025-03-24
DEV006801,USR004565,Mobile,Smart TV OS,2025-11-11
DEV006802,USR004566,Tablet,iOS,2025-05-19
DEV006803,USR004566,Mobile,iOS,2025-09-06
DEV006804,USR004566,Smart TV,Windows,2025-03-05
DEV006805,USR004567,Tablet,Android,2025-07-28
DEV006806,USR004568,Smart TV,Android,2025-08-24
DEV006807,USR004569,Laptop,iOS,2025-03-30
DEV006808,USR004569,Laptop,Android,2025-04-23
DEV006809,USR004570,Smart TV,Windows,2025-01-02
DEV006810,USR004571,Smart TV,Windows,2025-06-07
DEV006811,USR004572,Mobile,Smart TV OS,2025-11-04
DEV006812,USR004573,Smart TV,iOS,2025-08-17
DEV006813,USR004573,Tablet,Windows,2025-04-20
DEV006814,USR004574,Streaming Stick,Smart TV OS,2025-02-11
DEV006815,USR004575,Mobile,iOS,2025-08-16
DEV006816,USR004576,Smart TV,Windows,2025-07-16
DEV006817,USR004577,Tablet,iOS,2025-07-14
DEV006818,USR004577,Smart TV,Smart TV OS,2025-01-12
DEV006819,USR004578,Streaming Stick,iOS,2025-05-20
DEV006820,USR004579,Laptop,macOS,2025-09-09
DEV006821,USR004580,Smart TV,Smart TV OS,2025-09-26
DEV006822,USR004581,Laptop,Windows,2025-01-11
DEV006823,USR004582,Streaming Stick,macOS,2025-11-12
DEV006824,USR004583,Mobile,Smart TV OS,2025-08-15
DEV006825,USR004584,Streaming Stick,Windows,2025-07-10
DEV006826,USR004584,Streaming Stick,macOS,2025-03-15
DEV006827,USR004585,Smart TV,Smart TV OS,2025-11-04
DEV006828,USR004585,Laptop,iOS,2025-07-13
DEV006829,USR004586,Smart TV,Android,2025-07-26
DEV006830,USR004587,Gaming Console,Windows,2025-06-10
DEV006831,USR004588,Smart TV,Android,2025-05-21
DEV006832,USR004589,Smart TV,Windows,2025-05-29
DEV006833,USR004590,Smart TV,iOS,2025-07-14
DEV006834,USR004590,Tablet,macOS,2025-11-04
DEV006835,USR004591,Mobile,Smart TV OS,2025-01-13
DEV006836,USR004591,Mobile,Android,2025-10-16
DEV006837,USR004592,Laptop,iOS,2025-02-03
DEV006838,USR004593,Gaming Console,Android,2025-01-12
DEV006839,USR004594,Mobile,Android,2025-06-26
DEV006840,USR004595,Smart TV,Android,2025-01-11
DEV006841,USR004596,Smart TV,Android,2025-08-17
DEV006842,USR004597,Smart TV,Android,2025-02-15
DEV006843,USR004597,Mobile,Android,2025-08-12
DEV006844,USR004598,Mobile,Android,2025-04-28
DEV006845,USR004599,Streaming Stick,Smart TV OS,2025-05-14
DEV006846,USR004600,Mobile,Smart TV OS,2025-03-28
DEV006847,USR004601,Mobile,Android,2025-10-27
DEV006848,USR004602,Gaming Console,iOS,2025-11-03
DEV006849,USR004602,Smart TV,Windows,2025-09-29
DEV006850,USR004603,Smart TV,Windows,2025-01-19
DEV006851,USR004603,Smart TV,Android,2025-07-15
DEV006852,USR004604,Mobile,Windows,2025-04-28
DEV006853,USR004605,Laptop,Windows,2025-03-23
DEV006854,USR004606,Mobile,iOS,2025-10-11
DEV006855,USR004607,Streaming Stick,iOS,2025-02-10
DEV006856,USR004608,Tablet,iOS,2025-05-11
DEV006857,USR004609,Tablet,Android,2025-05-31
DEV006858,USR004610,Smart TV,macOS,2025-08-12
DEV006859,USR004611,Laptop,Smart TV OS,2025-04-06
DEV006860,USR004612,Laptop,Smart TV OS,2025-06-09
DEV006861,USR004613,Streaming Stick,Smart TV OS,2025-02-04
DEV006862,USR004614,Laptop,Smart TV OS,2025-02-17
DEV006863,USR004615,Mobile,Smart TV OS,2025-10-21
DEV006864,USR004615,Smart TV,Android,2025-04-01
DEV006865,USR004616,Mobile,Smart TV OS,2025-08-29
DEV006866,USR004617,Mobile,Android,2025-03-27
DEV006867,USR004617,Laptop,Smart TV OS,2025-05-01
DEV006868,USR004617,Mobile,iOS,2025-01-09
DEV006869,USR004618,Laptop,Windows,2025-04-11
DEV006870,USR004618,Mobile,Android,2025-11-05
DEV006871,USR004619,Mobile,iOS,2025-02-04
DEV006872,USR004619,Mobile,Windows,2025-02-21
DEV006873,USR004620,Smart TV,Smart TV OS,2025-04-02
DEV006874,USR004621,Laptop,Windows,2025-08-25
DEV006875,USR004622,Smart TV,Android,2025-07-08
DEV006876,USR004623,Mobile,Windows,2025-03-20
DEV006877,USR004623,Tablet,Windows,2025-10-01
DEV006878,USR004624,Mobile,Android,2025-05-06
DEV006879,USR004624,Mobile,iOS,2025-01-05
DEV006880,USR004624,Tablet,iOS,2025-06-16
DEV006881,USR004625,Smart TV,macOS,2025-05-20
DEV006882,USR004625,Streaming Stick,Android,2025-09-20
DEV006883,USR004626,Mobile,Smart TV OS,2025-09-14
DEV006884,USR004626,Streaming Stick,Windows,2025-09-16
DEV006885,USR004627,Mobile,Android,2025-07-21
DEV006886,USR004627,Laptop,Android,2025-03-11
DEV006887,USR004628,Streaming Stick,macOS,2025-08-29
DEV006888,USR004629,Gaming Console,Windows,2025-03-09
DEV006889,USR004630,Mobile,iOS,2025-11-08
DEV006890,USR004631,Smart TV,Windows,2025-10-21
DEV006891,USR004631,Gaming Console,iOS,2025-05-23
DEV006892,USR004632,Mobile,Windows,2025-08-21
DEV006893,USR004633,Laptop,Windows,2025-02-26
DEV006894,USR004634,Gaming Console,Android,2025-03-24
DEV006895,USR004634,Tablet,Android,2025-11-24
DEV006896,USR004635,Laptop,macOS,2025-01-22
DEV006897,USR004635,Mobile,Windows,2025-02-04
DEV006898,USR004636,Smart TV,Android,2025-03-11
DEV006899,USR004636,Smart TV,Android,2025-01-01
DEV006900,USR004636,Tablet,Android,2025-05-28
DEV006901,USR004637,Laptop,macOS,2025-09-08
DEV006902,USR004638,Gaming Console,macOS,2025-07-22
DEV006903,USR004638,Tablet,iOS,2025-10-09
DEV006904,USR004639,Mobile,iOS,2025-07-26
DEV006905,USR004640,Laptop,iOS,2025-08-27
DEV006906,USR004640,Smart TV,Windows,2025-09-24
DEV006907,USR004641,Smart TV,macOS,2025-11-07
DEV006908,USR004642,Smart TV,Smart TV OS,2025-07-27
DEV006909,USR004643,Mobile,Windows,2025-09-26
DEV006910,USR004643,Mobile,Windows,2025-07-28
DEV006911,USR004644,Smart TV,macOS,2025-09-13
DEV006912,USR004645,Mobile,Windows,2025-01-19
DEV006913,USR004646,Laptop,iOS,2025-11-04
DEV006914,USR004647,Laptop,iOS,2025-06-02
DEV006915,USR004647,Mobile,macOS,2025-03-01
DEV006916,USR004647,Laptop,Android,2025-11-06
DEV006917,USR004648,Laptop,macOS,2025-07-15
DEV006918,USR004648,Smart TV,Android,2025-07-12
DEV006919,USR004649,Mobile,Android,2025-01-13
DEV006920,USR004650,Smart TV,Smart TV OS,2025-04-12
DEV006921,USR004651,Smart TV,iOS,2025-04-21
DEV006922,USR004651,Tablet,Android,2025-08-11
DEV006923,USR004652,Smart TV,Windows,2025-03-17
DEV006924,USR004652,Mobile,Android,2025-08-19
DEV006925,USR004653,Mobile,iOS,2025-03-13
DEV006926,USR004653,Laptop,Windows,2025-06-04
DEV006927,USR004654,Mobile,macOS,2025-03-14
DEV006928,USR004655,Smart TV,Windows,2025-04-27
DEV006929,USR004656,Smart TV,iOS,2025-05-10
DEV006930,USR004656,Laptop,Windows,2025-09-07
DEV006931,USR004657,Mobile,Android,2025-08-27
DEV006932,USR004658,Smart TV,iOS,2025-04-15
DEV006933,USR004659,Laptop,Android,2025-08-01
DEV006934,USR004660,Tablet,Smart TV OS,2025-05-06
DEV006935,USR004660,Mobile,iOS,2025-03-16
DEV006936,USR004660,Smart TV,Android,2025-11-24
DEV006937,USR004661,Smart TV,iOS,2025-06-01
DEV006938,USR004661,Gaming Console,Windows,2025-07-11
DEV006939,USR004661,Mobile,Android,2025-01-28
DEV006940,USR004662,Tablet,Windows,2025-07-17
DEV006941,USR004663,Mobile,Windows,2025-08-10
DEV006942,USR004663,Mobile,Windows,2025-02-09
DEV006943,USR004664,Smart TV,Smart TV OS,2025-07-01
DEV006944,USR004665,Tablet,Android,2025-10-10
DEV006945,USR004665,Laptop,iOS,2025-09-02
DEV006946,USR004666,Laptop,iOS,2025-09-03
DEV006947,USR004667,Gaming Console,Smart TV OS,2025-06-19
DEV006948,USR004668,Smart TV,iOS,2025-09-17
DEV006949,USR004669,Smart TV,iOS,2025-02-21
DEV006950,USR004670,Mobile,Android,2025-10-15
DEV006951,USR004671,Laptop,Windows,2025-01-13
DEV006952,USR004672,Smart TV,Windows,2025-11-19
DEV006953,USR004673,Laptop,Smart TV OS,2025-01-13
DEV006954,USR004674,Smart TV,Windows,2025-06-21
DEV006955,USR004675,Streaming Stick,Android,2025-08-24
DEV006956,USR004675,Smart TV,Android,2025-06-27
DEV006957,USR004676,Tablet,macOS,2025-05-26
DEV006958,USR004676,Smart TV,iOS,2025-07-08
DEV006959,USR004677,Smart TV,Android,2025-09-22
DEV006960,USR004678,Tablet,Smart TV OS,2025-08-13
DEV006961,USR004679,Mobile,Smart TV OS,2025-08-10
DEV006962,USR004679,Mobile,Windows,2025-09-21
DEV006963,USR004680,Mobile,iOS,2025-10-08
DEV006964,USR004681,Laptop,Smart TV OS,2025-10-17
DEV006965,USR004681,Laptop,Windows,2025-09-17
DEV006966,USR004682,Mobile,Smart TV OS,2025-03-20
DEV006967,USR004683,Tablet,iOS,2025-07-13
DEV006968,USR004683,Tablet,Android,2025-06-19
DEV006969,USR004683,Mobile,Android,2025-08-14
DEV006970,USR004684,Gaming Console,Android,2025-11-22
DEV006971,USR004684,Streaming Stick,Smart TV OS,2025-05-17
DEV006972,USR004685,Mobile,Smart TV OS,2025-04-11
DEV006973,USR004686,Mobile,Smart TV OS,2025-07-16
DEV006974,USR004687,Mobile,iOS,2025-04-23
DEV006975,USR004688,Laptop,Android,2025-06-05
DEV006976,USR004689,Streaming Stick,Smart TV OS,2025-03-10
DEV006977,USR004690,Smart TV,Android,2025-10-19
DEV006978,USR004691,Laptop,iOS,2025-03-19
DEV006979,USR004692,Smart TV,Smart TV OS,2025-10-18
DEV006980,USR004693,Gaming Console,iOS,2025-04-18
DEV006981,USR004694,Smart TV,Smart TV OS,2025-02-03
DEV006982,USR004695,Mobile,Smart TV OS,2025-01-20
DEV006983,USR004696,Laptop,Windows,2025-09-05
DEV006984,USR004697,Streaming Stick,macOS,2025-04-23
DEV006985,USR004697,Mobile,Android,2025-08-28
DEV006986,USR004698,Laptop,Smart TV OS,2025-03-26
DEV006987,USR004698,Smart TV,Smart TV OS,2025-09-10
DEV006988,USR004699,Streaming Stick,Android,2025-08-24
DEV006989,USR004700,Laptop,iOS,2025-06-25
DEV006990,USR004700,Smart TV,iOS,2025-11-12
DEV006991,USR004701,Laptop,iOS,2025-07-10
DEV006992,USR004701,Tablet,iOS,2025-08-29
DEV006993,USR004702,Smart TV,Windows,2025-05-13
DEV006994,USR004702,Mobile,Android,2025-10-23
DEV006995,USR004702,Mobile,macOS,2025-10-13
DEV006996,USR004703,Smart TV,Android,2025-06-19
DEV006997,USR004704,Gaming Console,iOS,2025-06-17
DEV006998,USR004704,Tablet,iOS,2025-09-27
DEV006999,USR004705,Smart TV,Android,2025-10-29
DEV007000,USR004706,Laptop,iOS,2025-05-23
DEV007001,USR004707,Gaming Console,Smart TV OS,2025-05-06
DEV007002,USR004707,Smart TV,Windows,2025-04-26
DEV007003,USR004708,Smart TV,iOS,2025-08-11
DEV007004,USR004708,Mobile,iOS,2025-09-05
DEV007005,USR004709,Tablet,Smart TV OS,2025-09-18
DEV007006,USR004710,Laptop,Windows,2025-07-27
DEV007007,USR004711,Streaming Stick,Android,2025-10-30
DEV007008,USR004712,Mobile,Android,2025-05-12
DEV007009,USR004713,Smart TV,Windows,2025-03-17
DEV007010,USR004714,Smart TV,Smart TV OS,2025-04-23
DEV007011,USR004715,Mobile,iOS,2025-05-08
DEV007012,USR004715,Mobile,Android,2025-08-26
DEV007013,USR004716,Streaming Stick,Windows,2025-02-20
DEV007014,USR004716,Smart TV,Windows,2025-10-05
DEV007015,USR004717,Smart TV,macOS,2025-07-31
DEV007016,USR004718,Mobile,iOS,2025-08-03
DEV007017,USR004718,Laptop,Smart TV OS,2025-10-18
DEV007018,USR004719,Mobile,Windows,2025-02-11
DEV007019,USR004720,Mobile,iOS,2025-11-16
DEV007020,USR004721,Tablet,Windows,2025-02-03
DEV007021,USR004722,Mobile,Android,2025-01-30
DEV007022,USR004722,Tablet,Windows,2025-08-12
DEV007023,USR004723,Laptop,iOS,2025-08-10
DEV007024,USR004724,Mobile,macOS,2025-08-31
DEV007025,USR004725,Smart TV,Windows,2025-06-20
DEV007026,USR004725,Gaming Console,macOS,2025-07-09
DEV007027,USR004725,Laptop,iOS,2025-03-02
DEV007028,USR004726,Smart TV,Smart TV OS,2025-09-07
DEV007029,USR004727,Streaming Stick,iOS,2025-09-09
DEV007030,USR004727,Laptop,Windows,2025-07-22
DEV007031,USR004728,Laptop,Android,2025-07-27
DEV007032,USR004729,Gaming Console,macOS,2025-05-01
DEV007033,USR004730,Smart TV,Windows,2025-11-09
DEV007034,USR004731,Mobile,iOS,2025-06-22
DEV007035,USR004731,Mobile,Windows,2025-03-23
DEV007036,USR004732,Mobile,macOS,2025-10-31
DEV007037,USR004733,Smart TV,Android,2025-02-12
DEV007038,USR004734,Mobile,iOS,2025-02-12
DEV007039,USR004735,Laptop,Android,2025-01-05
DEV007040,USR004735,Smart TV,macOS,2025-03-18
DEV007041,USR004736,Mobile,Android,2025-09-10
DEV007042,USR004737,Gaming Console,Smart TV OS,2025-03-19
DEV007043,USR004737,Smart TV,macOS,2025-01-27
DEV007044,USR004738,Mobile,Android,2025-04-01
DEV007045,USR004739,Mobile,Smart TV OS,2025-05-30
DEV007046,USR004740,Mobile,Android,2025-07-07
DEV007047,USR004740,Mobile,Windows,2025-07-02
DEV007048,USR004740,Mobile,macOS,2025-10-20
DEV007049,USR004741,Laptop,Smart TV OS,2025-03-26
DEV007050,USR004742,Mobile,Windows,2025-06-19
DEV007051,USR004742,Streaming Stick,Android,2025-02-21
DEV007052,USR004743,Mobile,Windows,2025-10-26
DEV007053,USR004744,Mobile,Android,2025-01-21
DEV007054,USR004745,Smart TV,Smart TV OS,2025-04-09
DEV007055,USR004745,Mobile,Android,2025-03-29
DEV007056,USR004746,Mobile,Android,2025-09-09
DEV007057,USR004746,Mobile,macOS,2025-02-25
DEV007058,USR004747,Mobile,Android,2025-05-30
DEV007059,USR004748,Tablet,Android,2025-09-27
DEV007060,USR004748,Mobile,Android,2025-02-06
DEV007061,USR004749,Gaming Console,iOS,2025-05-26
DEV007062,USR004749,Smart TV,iOS,2025-03-12
DEV007063,USR004750,Smart TV,Smart TV OS,2025-11-07
DEV007064,USR004751,Smart TV,Windows,2025-03-22
DEV007065,USR004751,Streaming Stick,Android,2025-11-26
DEV007066,USR004752,Smart TV,iOS,2025-09-21
DEV007067,USR004752,Laptop,Android,2025-02-19
DEV007068,USR004753,Mobile,Windows,2025-04-25
DEV007069,USR004754,Gaming Console,iOS,2025-01-17
DEV007070,USR004754,Mobile,Smart TV OS,2025-07-21
DEV007071,USR004755,Mobile,iOS,2025-03-25
DEV007072,USR004755,Mobile,Android,2025-08-31
DEV007073,USR004756,Streaming Stick,Android,2025-07-03
DEV007074,USR004756,Streaming Stick,Smart TV OS,2025-09-18
DEV007075,USR004757,Streaming Stick,Android,2025-07-25
DEV007076,USR004758,Mobile,iOS,2025-05-01
DEV007077,USR004759,Smart TV,Windows,2025-06-08
DEV007078,USR004759,Smart TV,iOS,2025-06-17
DEV007079,USR004760,Mobile,Smart TV OS,2025-08-25
DEV007080,USR004761,Mobile,iOS,2025-03-21
DEV007081,USR004762,Mobile,Android,2025-01-31
DEV007082,USR004763,Tablet,Smart TV OS,2025-03-02
DEV007083,USR004764,Smart TV,Android,2025-08-18
DEV007084,USR004765,Smart TV,Smart TV OS,2025-02-07
DEV007085,USR004766,Smart TV,Android,2025-06-20
DEV007086,USR004767,Mobile,Android,2025-10-24
DEV007087,USR004767,Streaming Stick,macOS,2025-05-03
DEV007088,USR004768,Smart TV,iOS,2025-08-11
DEV007089,USR004768,Tablet,Android,2025-07-29
DEV007090,USR004769,Mobile,iOS,2025-11-26
DEV007091,USR004770,Streaming Stick,iOS,2025-10-10
DEV007092,USR004770,Smart TV,iOS,2025-10-28
DEV007093,USR004771,Mobile,macOS,2025-04-18
DEV007094,USR004772,Laptop,iOS,2025-01-18
DEV007095,USR004772,Tablet,Windows,2025-07-06
DEV007096,USR004773,Smart TV,Windows,2025-04-09
DEV007097,USR004774,Smart TV,Windows,2025-01-26
DEV007098,USR004775,Mobile,macOS,2025-05-10
DEV007099,USR004776,Mobile,Smart TV OS,2025-09-12
DEV007100,USR004777,Mobile,Android,2025-07-23
DEV007101,USR004778,Smart TV,Windows,2025-06-15
DEV007102,USR004778,Mobile,Windows,2025-08-19
DEV007103,USR004779,Smart TV,iOS,2025-06-17
DEV007104,USR004780,Laptop,iOS,2025-08-05
DEV007105,USR004780,Smart TV,iOS,2025-06-11
DEV007106,USR004781,Tablet,Windows,2025-10-18
DEV007107,USR004781,Gaming Console,Android,2025-04-05
DEV007108,USR004781,Streaming Stick,iOS,2025-01-04
DEV007109,USR004782,Smart TV,iOS,2025-03-26
DEV007110,USR004782,Smart TV,Android,2025-05-09
DEV007111,USR004783,Mobile,iOS,2025-09-07
DEV007112,USR004784,Smart TV,Android,2025-06-21
DEV007113,USR004784,Laptop,macOS,2025-03-17
DEV007114,USR004785,Smart TV,Android,2025-03-13
DEV007115,USR004786,Laptop,Android,2025-11-06
DEV007116,USR004787,Smart TV,iOS,2025-05-23
DEV007117,USR004788,Laptop,Smart TV OS,2025-04-03
DEV007118,USR004788,Mobile,iOS,2025-08-02
DEV007119,USR004789,Mobile,iOS,2025-01-05
DEV007120,USR004790,Tablet,Windows,2025-06-25
DEV007121,USR004790,Smart TV,Smart TV OS,2025-11-11
DEV007122,USR004791,Smart TV,Android,2025-01-02
DEV007123,USR004792,Mobile,iOS,2025-09-14
DEV007124,USR004793,Smart TV,Android,2025-03-17
DEV007125,USR004794,Gaming Console,Android,2025-09-16
DEV007126,USR004795,Gaming Console,Windows,2025-07-20
DEV007127,USR004796,Smart TV,iOS,2025-10-30
DEV007128,USR004796,Smart TV,Android,2025-11-10
DEV007129,USR004797,Laptop,iOS,2025-04-11
DEV007130,USR004797,Tablet,Windows,2025-08-11
DEV007131,USR004797,Smart TV,Android,2025-01-21
DEV007132,USR004798,Laptop,Smart TV OS,2025-10-30
DEV007133,USR004799,Mobile,Windows,2025-10-03
DEV007134,USR004800,Smart TV,Windows,2025-08-22
DEV007135,USR004800,Mobile,Windows,2025-01-23
DEV007136,USR004800,Smart TV,Android,2025-05-26
DEV007137,USR004801,Tablet,Smart TV OS,2025-07-28
DEV007138,USR004802,Tablet,iOS,2025-02-02
DEV007139,USR004803,Smart TV,Smart TV OS,2025-08-02
DEV007140,USR004804,Tablet,Smart TV OS,2025-11-08
DEV007141,USR004804,Mobile,Windows,2025-10-20
DEV007142,USR004804,Smart TV,Smart TV OS,2025-04-29
DEV007143,USR004805,Laptop,macOS,2025-10-30
DEV007144,USR004805,Laptop,macOS,2025-04-25
DEV007145,USR004805,Smart TV,Windows,2025-08-19
DEV007146,USR004806,Mobile,iOS,2025-01-20
DEV007147,USR004807,Smart TV,Smart TV OS,2025-10-24
DEV007148,USR004807,Laptop,Android,2025-05-11
DEV007149,USR004808,Smart TV,iOS,2025-01-03
DEV007150,USR004809,Laptop,Android,2025-01-21
DEV007151,USR004810,Mobile,Android,2025-08-19
DEV007152,USR004811,Tablet,Windows,2025-01-02
DEV007153,USR004812,Mobile,Android,2025-02-08
DEV007154,USR004813,Mobile,Smart TV OS,2025-05-21
DEV007155,USR004813,Smart TV,Smart TV OS,2025-10-02
DEV007156,USR004814,Smart TV,Android,2025-10-07
DEV007157,USR004814,Smart TV,Android,2025-08-02
DEV007158,USR004815,Streaming Stick,Android,2025-11-24
DEV007159,USR004816,Tablet,iOS,2025-11-04
DEV007160,USR004816,Smart TV,iOS,2025-01-27
DEV007161,USR004817,Smart TV,Windows,2025-10-25
DEV007162,USR004818,Smart TV,Windows,2025-10-10
DEV007163,USR004819,Smart TV,Smart TV OS,2025-03-01
DEV007164,USR004820,Smart TV,iOS,2025-07-19
DEV007165,USR004820,Smart TV,Android,2025-10-15
DEV007166,USR004821,Smart TV,macOS,2025-04-01
DEV007167,USR004821,Laptop,Android,2025-10-07
DEV007168,USR004822,Smart TV,Smart TV OS,2025-01-08
DEV007169,USR004822,Mobile,Android,2025-08-08
DEV007170,USR004823,Tablet,iOS,2025-05-06
DEV007171,USR004824,Mobile,Windows,2025-01-11
DEV007172,USR004824,Streaming Stick,Windows,2025-02-20
DEV007173,USR004824,Mobile,Smart TV OS,2025-03-08
DEV007174,USR004825,Mobile,Smart TV OS,2025-05-13
DEV007175,USR004825,Streaming Stick,iOS,2025-03-28
DEV007176,USR004825,Smart TV,iOS,2025-05-30
DEV007177,USR004826,Smart TV,Android,2025-08-01
DEV007178,USR004826,Streaming Stick,Android,2025-03-24
DEV007179,USR004827,Gaming Console,Android,2025-04-15
DEV007180,USR004827,Mobile,Android,2025-03-25
DEV007181,USR004828,Mobile,Windows,2025-05-28
DEV007182,USR004829,Streaming Stick,Smart TV OS,2025-10-05
DEV007183,USR004830,Smart TV,Windows,2025-11-24
DEV007184,USR004830,Smart TV,Android,2025-02-05
DEV007185,USR004831,Tablet,iOS,2025-03-21
DEV007186,USR004832,Gaming Console,macOS,2025-01-02
DEV007187,USR004832,Mobile,Android,2025-05-03
DEV007188,USR004833,Smart TV,Windows,2025-05-19
DEV007189,USR004834,Tablet,iOS,2025-02-28
DEV007190,USR004834,Streaming Stick,iOS,2025-08-20
DEV007191,USR004834,Streaming Stick,Smart TV OS,2025-06-22
DEV007192,USR004835,Laptop,Smart TV OS,2025-10-01
DEV007193,USR004836,Mobile,Android,2025-03-04
DEV007194,USR004837,Laptop,Windows,2025-11-11
DEV007195,USR004838,Laptop,Android,2025-02-12
DEV007196,USR004839,Smart TV,Smart TV OS,2025-02-17
DEV007197,USR004840,Tablet,iOS,2025-07-18
DEV007198,USR004841,Laptop,macOS,2025-10-07
DEV007199,USR004841,Streaming Stick,Smart TV OS,2025-05-09
DEV007200,USR004842,Mobile,Smart TV OS,2025-11-14
DEV007201,USR004842,Tablet,Android,2025-02-14
DEV007202,USR004843,Smart TV,macOS,2025-03-25
DEV007203,USR004843,Tablet,iOS,2025-03-16
DEV007204,USR004843,Tablet,macOS,2025-06-25
DEV007205,USR004844,Mobile,iOS,2025-10-01
DEV007206,USR004845,Smart TV,Smart TV OS,2025-11-20
DEV007207,USR004846,Smart TV,Android,2025-06-24
DEV007208,USR004847,Smart TV,iOS,2025-08-10
DEV007209,USR004847,Smart TV,Smart TV OS,2025-02-23
DEV007210,USR004848,Smart TV,Smart TV OS,2025-07-26
DEV007211,USR004848,Tablet,Android,2025-04-19
DEV007212,USR004849,Mobile,Android,2025-11-14
DEV007213,USR004850,Smart TV,iOS,2025-10-28
DEV007214,USR004850,Smart TV,iOS,2025-02-04
DEV007215,USR004851,Smart TV,iOS,2025-04-27
DEV007216,USR004851,Smart TV,Android,2025-09-11
DEV007217,USR004851,Smart TV,Windows,2025-10-13
DEV007218,USR004852,Smart TV,Windows,2025-07-18
DEV007219,USR004852,Smart TV,iOS,2025-06-14
DEV007220,USR004853,Smart TV,Android,2025-04-12
DEV007221,USR004853,Gaming Console,iOS,2025-01-22
DEV007222,USR004854,Mobile,Smart TV OS,2025-04-07
DEV007223,USR004855,Laptop,Windows,2025-07-01
DEV007224,USR004856,Smart TV,Windows,2025-07-10
DEV007225,USR004857,Tablet,Smart TV OS,2025-08-01
DEV007226,USR004857,Streaming Stick,Android,2025-01-04
DEV007227,USR004858,Mobile,iOS,2025-08-26
DEV007228,USR004858,Mobile,iOS,2025-02-13
DEV007229,USR004858,Streaming Stick,iOS,2025-03-10
DEV007230,USR004859,Tablet,iOS,2025-11-01
DEV007231,USR004859,Mobile,Smart TV OS,2025-09-24
DEV007232,USR004860,Mobile,iOS,2025-03-01
DEV007233,USR004861,Tablet,iOS,2025-08-31
DEV007234,USR004862,Laptop,Android,2025-10-10
DEV007235,USR004863,Mobile,Windows,2025-06-24
DEV007236,USR004863,Laptop,Android,2025-03-03
DEV007237,USR004864,Streaming Stick,iOS,2025-01-17
DEV007238,USR004864,Mobile,Windows,2025-11-23
DEV007239,USR004865,Mobile,Android,2025-06-09
DEV007240,USR004866,Mobile,Windows,2025-08-06
DEV007241,USR004867,Smart TV,iOS,2025-02-24
DEV007242,USR004868,Streaming Stick,Android,2025-06-03
DEV007243,USR004869,Tablet,Smart TV OS,2025-03-12
DEV007244,USR004869,Laptop,Windows,2025-05-13
DEV007245,USR004870,Mobile,Windows,2025-03-20
DEV007246,USR004870,Tablet,Android,2025-05-24
DEV007247,USR004871,Streaming Stick,Android,2025-07-30
DEV007248,USR004872,Smart TV,Windows,2025-09-29
DEV007249,USR004872,Streaming Stick,Smart TV OS,2025-07-06
DEV007250,USR004872,Smart TV,Smart TV OS,2025-02-08
DEV007251,USR004873,Gaming Console,Windows,2025-06-03
DEV007252,USR004874,Smart TV,iOS,2025-01-14
DEV007253,USR004875,Mobile,Windows,2025-06-17
DEV007254,USR004875,Mobile,Android,2025-04-05
DEV007255,USR004875,Smart TV,Smart TV OS,2025-02-17
DEV007256,USR004876,Smart TV,iOS,2025-09-26
DEV007257,USR004876,Gaming Console,macOS,2025-11-05
DEV007258,USR004877,Mobile,Android,2025-02-21
DEV007259,USR004878,Streaming Stick,macOS,2025-02-18
DEV007260,USR004879,Smart TV,macOS,2025-06-20
DEV007261,USR004879,Smart TV,macOS,2025-06-12
DEV007262,USR004879,Tablet,iOS,2025-03-05
DEV007263,USR004880,Smart TV,Windows,2025-04-19
DEV007264,USR004881,Mobile,macOS,2025-02-10
DEV007265,USR004882,Smart TV,Windows,2025-05-22
DEV007266,USR004883,Tablet,Windows,2025-10-09
DEV007267,USR004884,Mobile,Android,2025-02-10
DEV007268,USR004884,Mobile,Smart TV OS,2025-10-09
DEV007269,USR004885,Laptop,Windows,2025-10-07
DEV007270,USR004885,Smart TV,Windows,2025-06-02
DEV007271,USR004885,Tablet,Android,2025-10-10
DEV007272,USR004886,Smart TV,Smart TV OS,2025-02-21
DEV007273,USR004886,Mobile,Windows,2025-07-26
DEV007274,USR004887,Mobile,Android,2025-01-21
DEV007275,USR004887,Smart TV,Android,2025-06-09
DEV007276,USR004888,Laptop,iOS,2025-08-04
DEV007277,USR004888,Smart TV,Android,2025-02-17
DEV007278,USR004889,Streaming Stick,iOS,2025-05-18
DEV007279,USR004889,Mobile,Android,2025-01-27
DEV007280,USR004890,Mobile,Smart TV OS,2025-02-18
DEV007281,USR004891,Mobile,Android,2025-10-29
DEV007282,USR004891,Tablet,Android,2025-01-03
DEV007283,USR004891,Laptop,macOS,2025-02-24
DEV007284,USR004892,Tablet,Android,2025-01-22
DEV007285,USR004892,Smart TV,iOS,2025-08-29
DEV007286,USR004893,Laptop,Smart TV OS,2025-07-27
DEV007287,USR004893,Laptop,Smart TV OS,2025-10-05
DEV007288,USR004894,Laptop,Smart TV OS,2025-03-23
DEV007289,USR004895,Laptop,iOS,2025-10-15
DEV007290,USR004896,Laptop,Android,2025-05-07
DEV007291,USR004896,Mobile,iOS,2025-02-11
DEV007292,USR004897,Tablet,Smart TV OS,2025-04-05
DEV007293,USR004898,Laptop,macOS,2025-10-19
DEV007294,USR004898,Smart TV,macOS,2025-02-23
DEV007295,USR004899,Smart TV,macOS,2025-01-09
DEV007296,USR004899,Mobile,Android,2025-08-29
DEV007297,USR004900,Tablet,Android,2025-03-06
DEV007298,USR004901,Gaming Console,iOS,2025-09-18
DEV007299,USR004902,Mobile,Windows,2025-07-28
DEV007300,USR004903,Streaming Stick,Android,2025-09-25
DEV007301,USR004904,Smart TV,macOS,2025-10-23
DEV007302,USR004904,Mobile,iOS,2025-04-07
DEV007303,USR004905,Mobile,macOS,2025-05-02
DEV007304,USR004906,Smart TV,iOS,2025-04-19
DEV007305,USR004907,Mobile,Android,2025-07-18
DEV007306,USR004907,Smart TV,macOS,2025-04-09
DEV007307,USR004908,Mobile,Windows,2025-05-30
DEV007308,USR004908,Mobile,Windows,2025-06-26
DEV007309,USR004909,Mobile,Android,2025-10-30
DEV007310,USR004910,Mobile,Smart TV OS,2025-10-24
DEV007311,USR004911,Laptop,iOS,2025-05-08
DEV007312,USR004912,Tablet,Android,2025-03-05
DEV007313,USR004912,Mobile,iOS,2025-08-04
DEV007314,USR004913,Mobile,Windows,2025-11-06
DEV007315,USR004914,Laptop,Smart TV OS,2025-02-28
DEV007316,USR004915,Gaming Console,iOS,2025-04-08
DEV007317,USR004916,Mobile,Smart TV OS,2025-03-07
DEV007318,USR004916,Mobile,Windows,2025-10-23
DEV007319,USR004917,Laptop,macOS,2025-11-25
DEV007320,USR004918,Mobile,Android,2025-05-08
DEV007321,USR004919,Smart TV,macOS,2025-01-21
DEV007322,USR004920,Smart TV,Android,2025-05-08
DEV007323,USR004921,Smart TV,Android,2025-02-06
DEV007324,USR004921,Tablet,macOS,2025-07-22
DEV007325,USR004922,Smart TV,macOS,2025-04-22
DEV007326,USR004923,Mobile,Android,2025-02-27
DEV007327,USR004924,Mobile,Android,2025-04-18
DEV007328,USR004925,Smart TV,Android,2025-01-08
DEV007329,USR004925,Smart TV,Windows,2025-07-31
DEV007330,USR004926,Laptop,Android,2025-04-16
DEV007331,USR004927,Tablet,Smart TV OS,2025-03-17
DEV007332,USR004928,Smart TV,Android,2025-03-05
DEV007333,USR004928,Tablet,macOS,2025-07-08
DEV007334,USR004929,Mobile,iOS,2025-07-30
DEV007335,USR004930,Laptop,Android,2025-09-23
DEV007336,USR004931,Mobile,Windows,2025-08-16
DEV007337,USR004931,Mobile,Android,2025-04-14
DEV007338,USR004932,Mobile,Smart TV OS,2025-03-16
DEV007339,USR004932,Mobile,iOS,2025-04-16
DEV007340,USR004933,Smart TV,Android,2025-04-07
DEV007341,USR004934,Smart TV,Windows,2025-05-05
DEV007342,USR004934,Mobile,iOS,2025-09-08
DEV007343,USR004935,Laptop,Smart TV OS,2025-05-21
DEV007344,USR004936,Streaming Stick,Android,2025-05-10
DEV007345,USR004937,Laptop,iOS,2025-08-26
DEV007346,USR004938,Smart TV,Windows,2025-01-31
DEV007347,USR004939,Mobile,Windows,2025-09-26
DEV007348,USR004939,Mobile,Android,2025-05-29
DEV007349,USR004940,Mobile,macOS,2025-02-26
DEV007350,USR004941,Streaming Stick,iOS,2025-03-14
DEV007351,USR004941,Laptop,Smart TV OS,2025-05-26
DEV007352,USR004942,Tablet,iOS,2025-08-07
DEV007353,USR004943,Smart TV,Windows,2025-08-31
DEV007354,USR004943,Smart TV,macOS,2025-09-29
DEV007355,USR004944,Mobile,Windows,2025-08-21
DEV007356,USR004945,Smart TV,Android,2025-11-26
DEV007357,USR004946,Smart TV,macOS,2025-04-13
DEV007358,USR004947,Smart TV,Smart TV OS,2025-05-22
DEV007359,USR004947,Smart TV,Windows,2025-09-02
DEV007360,USR004948,Tablet,Windows,2025-05-19
DEV007361,USR004948,Smart TV,Smart TV OS,2025-03-24
DEV007362,USR004948,Laptop,Smart TV OS,2025-09-03
DEV007363,USR004949,Smart TV,iOS,2025-03-10
DEV007364,USR004950,Mobile,macOS,2025-05-01
DEV007365,USR004951,Mobile,iOS,2025-07-16
DEV007366,USR004951,Smart TV,iOS,2025-04-23
DEV007367,USR004952,Streaming Stick,Windows,2025-10-10
DEV007368,USR004952,Smart TV,macOS,2025-09-18
DEV007369,USR004952,Laptop,Android,2025-11-25
DEV007370,USR004953,Laptop,Smart TV OS,2025-02-26
DEV007371,USR004953,Tablet,Smart TV OS,2025-05-18
DEV007372,USR004953,Smart TV,Android,2025-07-09
DEV007373,USR004954,Smart TV,Smart TV OS,2025-02-20
DEV007374,USR004955,Mobile,iOS,2025-09-22
DEV007375,USR004956,Streaming Stick,Windows,2025-07-26
DEV007376,USR004956,Mobile,Android,2025-01-11
DEV007377,USR004957,Smart TV,iOS,2025-02-24
DEV007378,USR004958,Mobile,Windows,2025-05-25
DEV007379,USR004959,Mobile,Windows,2025-05-06
DEV007380,USR004960,Mobile,Smart TV OS,2025-10-12
DEV007381,USR004960,Smart TV,iOS,2025-11-11
DEV007382,USR004961,Streaming Stick,Windows,2025-09-29
DEV007383,USR004962,Smart TV,Smart TV OS,2025-11-18
DEV007384,USR004962,Smart TV,iOS,2025-09-12
DEV007385,USR004962,Mobile,iOS,2025-09-28
DEV007386,USR004963,Gaming Console,Android,2025-01-11
DEV007387,USR004964,Smart TV,iOS,2025-10-11
DEV007388,USR004965,Laptop,macOS,2025-06-24
DEV007389,USR004966,Mobile,Windows,2025-04-10
DEV007390,USR004967,Mobile,Android,2025-06-06
DEV007391,USR004968,Laptop,iOS,2025-08-06
DEV007392,USR004968,Mobile,Smart TV OS,2025-05-09
DEV007393,USR004969,Streaming Stick,Android,2025-05-20
DEV007394,USR004969,Mobile,Smart TV OS,2025-10-28
DEV007395,USR004970,Streaming Stick,Smart TV OS,2025-07-25
DEV007396,USR004971,Mobile,iOS,2025-11-05
DEV007397,USR004971,Mobile,Android,2025-10-17
DEV007398,USR004972,Laptop,macOS,2025-02-19
DEV007399,USR004973,Tablet,Android,2025-11-16
DEV007400,USR004974,Gaming Console,Windows,2025-05-06
DEV007401,USR004975,Smart TV,Windows,2025-06-22
DEV007402,USR004976,Mobile,Android,2025-05-04
DEV007403,USR004977,Gaming Console,Android,2025-09-10
DEV007404,USR004978,Streaming Stick,Smart TV OS,2025-10-15
DEV007405,USR004979,Mobile,iOS,2025-02-09
DEV007406,USR004980,Laptop,Android,2025-03-12
DEV007407,USR004981,Laptop,Android,2025-01-23
DEV007408,USR004982,Smart TV,Android,2025-07-31
DEV007409,USR004983,Smart TV,iOS,2025-02-07
DEV007410,USR004984,Streaming Stick,iOS,2025-10-08
DEV007411,USR004985,Mobile,Android,2025-03-11
DEV007412,USR004986,Gaming Console,Windows,2025-04-20
DEV007413,USR004987,Mobile,iOS,2025-02-19
DEV007414,USR004988,Mobile,macOS,2025-01-06
DEV007415,USR004989,Mobile,Android,2025-07-29
DEV007416,USR004989,Smart TV,iOS,2025-03-03
DEV007417,USR004990,Smart TV,macOS,2025-11-26
DEV007418,USR004990,Gaming Console,Smart TV OS,2025-10-29
DEV007419,USR004990,Tablet,Windows,2025-08-19
DEV007420,USR004991,Mobile,Android,2025-02-17
DEV007421,USR004991,Mobile,Smart TV OS,2025-06-24
DEV007422,USR004992,Mobile,Windows,2025-11-10
DEV007423,USR004992,Streaming Stick,Windows,2025-03-02
DEV007424,USR004992,Smart TV,Android,2025-02-17
DEV007425,USR004993,Smart TV,iOS,2025-11-03
DEV007426,USR004993,Mobile,Android,2025-10-02
DEV007427,USR004994,Mobile,Android,2025-05-04
DEV007428,USR004994,Mobile,iOS,2025-01-23
DEV007429,USR004995,Smart TV,Windows,2025-05-22
DEV007430,USR004996,Mobile,macOS,2025-01-04
DEV007431,USR004997,Smart TV,Android,2025-09-08
DEV007432,USR004997,Smart TV,Android,2025-04-21
DEV007433,USR004997,Mobile,Smart TV OS,2025-07-30
DEV007434,USR004998,Smart TV,Windows,2025-02-21
DEV007435,USR004998,Tablet,macOS,2025-02-15
DEV007436,USR004999,Mobile,Android,2025-04-28
DEV007437,USR005000,Smart TV,iOS,2025-05-23
DEV007438,USR005000,Smart TV,Android,2025-01-01
DEV007439,USR005000,Smart TV,Smart TV OS,2025-08-07
DEV007440,USR005001,Laptop,Windows,2025-07-02
DEV007441,USR005001,Streaming Stick,Android,2025-08-20
DEV007442,USR005002,Smart TV,Smart TV OS,2025-03-26
DEV007443,USR005003,Mobile,iOS,2025-02-19
DEV007444,USR005004,Smart TV,Android,2025-10-20
DEV007445,USR005004,Laptop,Windows,2025-01-11
DEV007446,USR005004,Mobile,Android,2025-05-21
DEV007447,USR005005,Tablet,Android,2025-03-22
DEV007448,USR005006,Laptop,Android,2025-01-24
DEV007449,USR005007,Gaming Console,Smart TV OS,2025-04-11
DEV007450,USR005007,Smart TV,Windows,2025-04-18
DEV007451,USR005008,Smart TV,iOS,2025-06-01
DEV007452,USR005009,Smart TV,Android,2025-08-19
DEV007453,USR005010,Mobile,iOS,2025-03-10
DEV007454,USR005011,Mobile,macOS,2025-04-15
DEV007455,USR005012,Smart TV,iOS,2025-06-03
DEV007456,USR005013,Smart TV,Android,2025-08-10
DEV007457,USR005013,Tablet,Android,2025-03-20
DEV007458,USR005014,Mobile,macOS,2025-03-23
DEV007459,USR005014,Laptop,Android,2025-08-31
DEV007460,USR005015,Gaming Console,Android,2025-03-29
DEV007461,USR005016,Mobile,Windows,2025-09-30
DEV007462,USR005017,Laptop,Windows,2025-08-04
DEV007463,USR005018,Smart TV,Android,2025-03-22
DEV007464,USR005019,Streaming Stick,iOS,2025-03-20
DEV007465,USR005020,Tablet,Android,2025-08-11
DEV007466,USR005021,Mobile,Smart TV OS,2025-03-27
DEV007467,USR005022,Mobile,Android,2025-09-24
DEV007468,USR005023,Gaming Console,Windows,2025-09-29
DEV007469,USR005023,Smart TV,macOS,2025-10-30
DEV007470,USR005024,Smart TV,Android,2025-10-27
DEV007471,USR005024,Smart TV,Android,2025-06-18
DEV007472,USR005025,Smart TV,iOS,2025-03-22
DEV007473,USR005025,Gaming Console,iOS,2025-11-01
DEV007474,USR005026,Smart TV,macOS,2025-10-18
DEV007475,USR005027,Tablet,Windows,2025-08-18
DEV007476,USR005028,Mobile,iOS,2025-11-09
DEV007477,USR005029,Laptop,Android,2025-08-16
DEV007478,USR005029,Smart TV,Android,2025-05-23
DEV007479,USR005030,Laptop,iOS,2025-11-07
DEV007480,USR005031,Smart TV,Windows,2025-01-11
DEV007481,USR005032,Mobile,macOS,2025-06-01
DEV007482,USR005033,Laptop,Smart TV OS,2025-10-02
DEV007483,USR005034,Laptop,Windows,2025-02-16
DEV007484,USR005035,Smart TV,Android,2025-03-01
DEV007485,USR005035,Laptop,Windows,2025-03-06
DEV007486,USR005036,Smart TV,Android,2025-04-28
DEV007487,USR005036,Smart TV,Android,2025-10-01
DEV007488,USR005037,Smart TV,Windows,2025-02-27
DEV007489,USR005037,Mobile,Android,2025-10-14
DEV007490,USR005037,Mobile,Android,2025-09-03
DEV007491,USR005038,Laptop,Windows,2025-10-25
DEV007492,USR005039,Laptop,iOS,2025-03-11
DEV007493,USR005039,Laptop,Windows,2025-01-28
DEV007494,USR005040,Tablet,Windows,2025-10-03
DEV007495,USR005041,Smart TV,Android,2025-03-06
DEV007496,USR005041,Mobile,Android,2025-05-04
DEV007497,USR005042,Laptop,Android,2025-09-18
DEV007498,USR005042,Mobile,iOS,2025-11-07
DEV007499,USR005043,Laptop,Windows,2025-02-07
DEV007500,USR005044,Gaming Console,Windows,2025-10-10
DEV007501,USR005045,Tablet,macOS,2025-09-26
DEV007502,USR005046,Smart TV,Android,2025-05-13
DEV007503,USR005047,Smart TV,Android,2025-10-09
DEV007504,USR005048,Laptop,Android,2025-04-02
DEV007505,USR005049,Laptop,iOS,2025-09-09
DEV007506,USR005050,Streaming Stick,Android,2025-04-16
DEV007507,USR005050,Mobile,iOS,2025-03-13
DEV007508,USR005051,Smart TV,iOS,2025-04-23
DEV007509,USR005051,Smart TV,Android,2025-11-22
DEV007510,USR005052,Smart TV,Windows,2025-03-17
DEV007511,USR005053,Smart TV,iOS,2025-02-06
DEV007512,USR005053,Mobile,iOS,2025-08-05
DEV007513,USR005054,Smart TV,iOS,2025-10-07
DEV007514,USR005054,Gaming Console,Windows,2025-02-11
DEV007515,USR005055,Mobile,Windows,2025-06-14
DEV007516,USR005055,Mobile,macOS,2025-08-24
DEV007517,USR005056,Mobile,macOS,2025-05-22
DEV007518,USR005057,Tablet,iOS,2025-06-22
DEV007519,USR005057,Mobile,iOS,2025-01-16
DEV007520,USR005057,Laptop,Smart TV OS,2025-01-17
DEV007521,USR005058,Laptop,iOS,2025-01-14
DEV007522,USR005058,Laptop,Android,2025-01-13
DEV007523,USR005059,Mobile,iOS,2025-01-16
DEV007524,USR005059,Smart TV,iOS,2025-02-12
DEV007525,USR005060,Laptop,iOS,2025-11-23
DEV007526,USR005061,Mobile,Windows,2025-02-12
DEV007527,USR005062,Mobile,iOS,2025-09-04
DEV007528,USR005062,Mobile,Android,2025-02-20
DEV007529,USR005063,Tablet,iOS,2025-10-03
DEV007530,USR005064,Laptop,Windows,2025-01-30
DEV007531,USR005064,Smart TV,iOS,2025-11-19
DEV007532,USR005065,Gaming Console,macOS,2025-11-06
DEV007533,USR005065,Mobile,Smart TV OS,2025-01-14
DEV007534,USR005066,Laptop,Smart TV OS,2025-06-30
DEV007535,USR005066,Mobile,Smart TV OS,2025-06-10
DEV007536,USR005067,Tablet,Android,2025-02-28
DEV007537,USR005068,Laptop,iOS,2025-09-16
DEV007538,USR005068,Smart TV,macOS,2025-11-27
DEV007539,USR005069,Mobile,Android,2025-05-30
DEV007540,USR005070,Mobile,Android,2025-02-13
DEV007541,USR005071,Laptop,Windows,2025-03-17
DEV007542,USR005072,Mobile,Android,2025-10-23
DEV007543,USR005072,Smart TV,Smart TV OS,2025-10-04
DEV007544,USR005073,Mobile,Windows,2025-09-09
DEV007545,USR005074,Smart TV,macOS,2025-02-09
DEV007546,USR005075,Laptop,Android,2025-05-28
DEV007547,USR005076,Smart TV,Android,2025-01-22
DEV007548,USR005077,Mobile,iOS,2025-08-29
DEV007549,USR005078,Gaming Console,Smart TV OS,2025-08-11
DEV007550,USR005079,Smart TV,Windows,2025-01-23
DEV007551,USR005080,Smart TV,Android,2025-01-02
DEV007552,USR005081,Laptop,Android,2025-05-06
DEV007553,USR005081,Mobile,Android,2025-07-13
DEV007554,USR005082,Smart TV,Android,2025-06-24
DEV007555,USR005083,Tablet,Android,2025-09-22
DEV007556,USR005084,Gaming Console,Smart TV OS,2025-03-18
DEV007557,USR005085,Streaming Stick,Smart TV OS,2025-10-16
DEV007558,USR005086,Smart TV,Windows,2025-07-31
DEV007559,USR005087,Smart TV,iOS,2025-05-18
DEV007560,USR005088,Mobile,Android,2025-06-14
DEV007561,USR005089,Mobile,Android,2025-01-26
DEV007562,USR005090,Laptop,iOS,2025-03-29
DEV007563,USR005091,Laptop,Android,2025-07-12
DEV007564,USR005091,Tablet,iOS,2025-01-22
DEV007565,USR005092,Smart TV,iOS,2025-01-21
DEV007566,USR005093,Mobile,Smart TV OS,2025-01-28
DEV007567,USR005093,Tablet,Android,2025-07-28
DEV007568,USR005094,Tablet,Windows,2025-07-30
DEV007569,USR005095,Smart TV,Smart TV OS,2025-11-11
DEV007570,USR005095,Mobile,macOS,2025-10-13
DEV007571,USR005096,Laptop,macOS,2025-07-01
DEV007572,USR005097,Smart TV,Android,2025-01-09
DEV007573,USR005097,Laptop,Android,2025-11-16
DEV007574,USR005098,Laptop,iOS,2025-09-27
DEV007575,USR005098,Laptop,iOS,2025-04-05
DEV007576,USR005099,Laptop,Windows,2025-02-01
DEV007577,USR005100,Mobile,Smart TV OS,2025-01-25
DEV007578,USR005101,Gaming Console,Smart TV OS,2025-07-20
DEV007579,USR005101,Laptop,Android,2025-05-10
DEV007580,USR005101,Streaming Stick,Windows,2025-09-28
DEV007581,USR005102,Smart TV,Windows,2025-10-12
DEV007582,USR005103,Mobile,Smart TV OS,2025-01-03
DEV007583,USR005103,Laptop,Windows,2025-05-14
DEV007584,USR005104,Smart TV,Smart TV OS,2025-05-13
DEV007585,USR005104,Streaming Stick,Windows,2025-11-26
DEV007586,USR005105,Streaming Stick,Android,2025-08-31
DEV007587,USR005106,Mobile,Android,2025-05-08
DEV007588,USR005107,Laptop,iOS,2025-07-13
DEV007589,USR005108,Streaming Stick,Smart TV OS,2025-04-07
DEV007590,USR005108,Mobile,Android,2025-09-28
DEV007591,USR005109,Mobile,Smart TV OS,2025-07-24
DEV007592,USR005109,Mobile,Android,2025-05-18
DEV007593,USR005110,Smart TV,Smart TV OS,2025-02-03
DEV007594,USR005111,Laptop,Windows,2025-07-24
DEV007595,USR005112,Smart TV,Windows,2025-06-01
DEV007596,USR005112,Streaming Stick,iOS,2025-03-29
DEV007597,USR005113,Tablet,macOS,2025-11-27
DEV007598,USR005114,Tablet,iOS,2025-06-07
DEV007599,USR005114,Laptop,Android,2025-07-28
DEV007600,USR005115,Smart TV,iOS,2025-01-11
DEV007601,USR005116,Tablet,Windows,2025-08-03
DEV007602,USR005117,Mobile,iOS,2025-03-08
DEV007603,USR005117,Mobile,Windows,2025-07-08
DEV007604,USR005118,Mobile,iOS,2025-09-28
DEV007605,USR005118,Laptop,Android,2025-08-09
DEV007606,USR005119,Mobile,Smart TV OS,2025-06-08
DEV007607,USR005120,Mobile,Android,2025-05-09
DEV007608,USR005120,Streaming Stick,Windows,2025-02-12
DEV007609,USR005120,Streaming Stick,Smart TV OS,2025-08-25
DEV007610,USR005121,Tablet,Android,2025-07-19
DEV007611,USR005121,Tablet,Android,2025-05-30
DEV007612,USR005122,Smart TV,Android,2025-11-20
DEV007613,USR005122,Tablet,macOS,2025-07-19
DEV007614,USR005122,Mobile,Windows,2025-03-22
DEV007615,USR005123,Laptop,Windows,2025-07-11
DEV007616,USR005124,Laptop,macOS,2025-01-22
DEV007617,USR005124,Mobile,iOS,2025-04-06
DEV007618,USR005125,Mobile,Android,2025-04-28
DEV007619,USR005126,Streaming Stick,Android,2025-07-08
DEV007620,USR005126,Laptop,Windows,2025-06-24
DEV007621,USR005127,Laptop,Windows,2025-04-06
DEV007622,USR005128,Smart TV,Android,2025-01-12
DEV007623,USR005129,Gaming Console,Android,2025-08-29
DEV007624,USR005129,Mobile,Smart TV OS,2025-07-13
DEV007625,USR005130,Streaming Stick,Android,2025-05-24
DEV007626,USR005131,Mobile,Android,2025-09-20
DEV007627,USR005131,Mobile,Android,2025-10-22
DEV007628,USR005132,Laptop,Android,2025-09-29
DEV007629,USR005132,Mobile,macOS,2025-09-16
DEV007630,USR005132,Mobile,Smart TV OS,2025-01-12
DEV007631,USR005133,Mobile,Smart TV OS,2025-02-25
DEV007632,USR005133,Tablet,macOS,2025-07-08
DEV007633,USR005134,Mobile,iOS,2025-09-14
DEV007634,USR005135,Mobile,Smart TV OS,2025-05-22
DEV007635,USR005136,Smart TV,iOS,2025-03-10
DEV007636,USR005137,Mobile,Android,2025-02-01
DEV007637,USR005138,Smart TV,iOS,2025-06-24
DEV007638,USR005138,Tablet,Android,2025-01-20
DEV007639,USR005139,Laptop,Smart TV OS,2025-11-24
DEV007640,USR005140,Laptop,iOS,2025-05-30
DEV007641,USR005141,Mobile,Android,2025-04-21
DEV007642,USR005142,Mobile,Android,2025-07-01
DEV007643,USR005143,Mobile,iOS,2025-09-27
DEV007644,USR005144,Tablet,iOS,2025-06-11
DEV007645,USR005145,Smart TV,Windows,2025-03-04
DEV007646,USR005145,Laptop,iOS,2025-07-22
DEV007647,USR005146,Mobile,Smart TV OS,2025-03-14
DEV007648,USR005146,Mobile,macOS,2025-02-22
DEV007649,USR005147,Smart TV,iOS,2025-11-04
DEV007650,USR005148,Smart TV,Android,2025-08-27
DEV007651,USR005149,Laptop,Android,2025-03-05
DEV007652,USR005149,Mobile,iOS,2025-10-06
DEV007653,USR005150,Streaming Stick,macOS,2025-04-12
DEV007654,USR005151,Mobile,iOS,2025-02-16
DEV007655,USR005152,Smart TV,iOS,2025-04-12
DEV007656,USR005152,Mobile,macOS,2025-09-10
DEV007657,USR005153,Gaming Console,Android,2025-07-27
DEV007658,USR005154,Tablet,iOS,2025-04-26
DEV007659,USR005154,Mobile,Windows,2025-01-21
DEV007660,USR005155,Mobile,iOS,2025-01-18
DEV007661,USR005155,Smart TV,macOS,2025-02-09
DEV007662,USR005156,Mobile,Android,2025-11-10
DEV007663,USR005156,Laptop,macOS,2025-09-16
DEV007664,USR005156,Laptop,Windows,2025-09-12
DEV007665,USR005157,Smart TV,Android,2025-06-17
DEV007666,USR005157,Smart TV,Android,2025-07-19
DEV007667,USR005158,Smart TV,Smart TV OS,2025-09-14
DEV007668,USR005159,Smart TV,Smart TV OS,2025-10-10
DEV007669,USR005159,Smart TV,Windows,2025-09-26
DEV007670,USR005160,Smart TV,Windows,2025-01-06
DEV007671,USR005160,Tablet,Android,2025-04-05
DEV007672,USR005161,Gaming Console,Android,2025-01-14
DEV007673,USR005162,Mobile,Smart TV OS,2025-01-16
DEV007674,USR005162,Streaming Stick,Android,2025-10-28
DEV007675,USR005162,Laptop,macOS,2025-02-24
DEV007676,USR005163,Laptop,Android,2025-08-01
DEV007677,USR005164,Mobile,Android,2025-03-07
DEV007678,USR005165,Laptop,iOS,2025-09-26
DEV007679,USR005165,Streaming Stick,Android,2025-01-07
DEV007680,USR005166,Laptop,Android,2025-07-13
DEV007681,USR005167,Mobile,iOS,2025-11-23
DEV007682,USR005168,Smart TV,macOS,2025-05-16
DEV007683,USR005168,Laptop,Smart TV OS,2025-05-26
DEV007684,USR005169,Mobile,iOS,2025-11-02
DEV007685,USR005169,Smart TV,macOS,2025-03-03
DEV007686,USR005170,Laptop,Android,2025-08-01
DEV007687,USR005170,Smart TV,Android,2025-01-02
DEV007688,USR005170,Tablet,Smart TV OS,2025-11-14
DEV007689,USR005171,Tablet,macOS,2025-07-20
DEV007690,USR005171,Mobile,iOS,2025-07-08
DEV007691,USR005172,Tablet,iOS,2025-06-27
DEV007692,USR005172,Tablet,Windows,2025-03-10
DEV007693,USR005173,Mobile,iOS,2025-02-09
DEV007694,USR005173,Smart TV,Smart TV OS,2025-06-09
DEV007695,USR005174,Streaming Stick,Android,2025-03-05
DEV007696,USR005174,Mobile,iOS,2025-09-27
DEV007697,USR005175,Mobile,Android,2025-10-22
DEV007698,USR005175,Streaming Stick,Windows,2025-05-27
DEV007699,USR005176,Laptop,iOS,2025-05-30
DEV007700,USR005177,Laptop,Windows,2025-07-23
DEV007701,USR005178,Smart TV,iOS,2025-06-25
DEV007702,USR005179,Gaming Console,Smart TV OS,2025-10-28
DEV007703,USR005179,Smart TV,iOS,2025-03-13
DEV007704,USR005180,Gaming Console,Android,2025-07-28
DEV007705,USR005180,Gaming Console,Windows,2025-04-10
DEV007706,USR005181,Laptop,macOS,2025-03-22
DEV007707,USR005182,Gaming Console,iOS,2025-11-07
DEV007708,USR005182,Streaming Stick,iOS,2025-11-05
DEV007709,USR005182,Laptop,macOS,2025-09-16
DEV007710,USR005183,Mobile,Android,2025-05-03
DEV007711,USR005184,Smart TV,iOS,2025-06-21
DEV007712,USR005185,Mobile,iOS,2025-02-09
DEV007713,USR005186,Streaming Stick,Android,2025-01-19
DEV007714,USR005187,Tablet,Android,2025-05-31
DEV007715,USR005187,Smart TV,Android,2025-03-08
DEV007716,USR005188,Smart TV,Smart TV OS,2025-07-28
DEV007717,USR005189,Tablet,Android,2025-01-22
DEV007718,USR005189,Gaming Console,iOS,2025-07-07
DEV007719,USR005189,Mobile,Android,2025-11-19
DEV007720,USR005190,Laptop,Android,2025-06-22
DEV007721,USR005191,Laptop,Windows,2025-07-22
DEV007722,USR005192,Laptop,Android,2025-01-24
DEV007723,USR005193,Gaming Console,Windows,2025-02-19
DEV007724,USR005194,Laptop,Windows,2025-03-07
DEV007725,USR005195,Tablet,Android,2025-01-10
DEV007726,USR005196,Laptop,Windows,2025-04-09
DEV007727,USR005196,Laptop,Windows,2025-01-29
DEV007728,USR005196,Smart TV,Windows,2025-09-24
DEV007729,USR005197,Tablet,Windows,2025-07-04
DEV007730,USR005197,Streaming Stick,Android,2025-07-19
DEV007731,USR005198,Mobile,iOS,2025-11-08
DEV007732,USR005199,Smart TV,iOS,2025-01-14
DEV007733,USR005200,Smart TV,Android,2025-08-22
DEV007734,USR005201,Laptop,Android,2025-04-19
DEV007735,USR005202,Streaming Stick,Windows,2025-03-31
DEV007736,USR005203,Laptop,Windows,2025-05-11
DEV007737,USR005203,Streaming Stick,iOS,2025-06-24
DEV007738,USR005204,Smart TV,Windows,2025-08-09
DEV007739,USR005205,Mobile,Smart TV OS,2025-04-04
DEV007740,USR005206,Smart TV,Windows,2025-02-25
DEV007741,USR005207,Tablet,Android,2025-09-06
DEV007742,USR005208,Tablet,Windows,2025-10-15
DEV007743,USR005209,Streaming Stick,iOS,2025-03-15
DEV007744,USR005209,Smart TV,macOS,2025-11-15
DEV007745,USR005210,Mobile,Android,2025-09-26
DEV007746,USR005211,Laptop,macOS,2025-05-29
DEV007747,USR005211,Gaming Console,Android,2025-01-21
DEV007748,USR005212,Mobile,Android,2025-06-05
DEV007749,USR005213,Streaming Stick,macOS,2025-01-03
DEV007750,USR005213,Mobile,Smart TV OS,2025-09-28
DEV007751,USR005214,Tablet,Android,2025-04-10
DEV007752,USR005214,Tablet,Android,2025-06-25
DEV007753,USR005214,Mobile,Android,2025-06-02
DEV007754,USR005215,Smart TV,Windows,2025-10-09
DEV007755,USR005216,Gaming Console,Android,2025-09-28
DEV007756,USR005216,Laptop,Android,2025-03-11
DEV007757,USR005217,Smart TV,Smart TV OS,2025-04-19
DEV007758,USR005218,Smart TV,Android,2025-07-11
DEV007759,USR005219,Smart TV,Smart TV OS,2025-03-05
DEV007760,USR005219,Mobile,Android,2025-01-28
DEV007761,USR005220,Smart TV,iOS,2025-07-09
DEV007762,USR005221,Streaming Stick,Android,2025-01-10
DEV007763,USR005222,Mobile,iOS,2025-01-25
DEV007764,USR005222,Mobile,Android,2025-09-17
DEV007765,USR005223,Mobile,Android,2025-10-17
DEV007766,USR005224,Gaming Console,Smart TV OS,2025-02-03
DEV007767,USR005225,Laptop,Smart TV OS,2025-05-27
DEV007768,USR005225,Laptop,iOS,2025-10-21
DEV007769,USR005226,Smart TV,Smart TV OS,2025-01-09
DEV007770,USR005227,Smart TV,Smart TV OS,2025-08-20
DEV007771,USR005227,Mobile,iOS,2025-05-11
DEV007772,USR005228,Smart TV,Smart TV OS,2025-03-26
DEV007773,USR005229,Tablet,Smart TV OS,2025-11-03
DEV007774,USR005230,Laptop,Android,2025-11-16
DEV007775,USR005230,Mobile,macOS,2025-11-17
DEV007776,USR005231,Gaming Console,Smart TV OS,2025-11-16
DEV007777,USR005232,Laptop,macOS,2025-07-12
DEV007778,USR005233,Mobile,Windows,2025-06-01
DEV007779,USR005233,Laptop,iOS,2025-10-10
DEV007780,USR005234,Smart TV,Smart TV OS,2025-11-04
DEV007781,USR005234,Tablet,Android,2025-08-22
DEV007782,USR005235,Smart TV,macOS,2025-09-25
DEV007783,USR005236,Laptop,Windows,2025-10-02
DEV007784,USR005237,Gaming Console,iOS,2025-10-24
DEV007785,USR005237,Smart TV,Android,2025-07-16
DEV007786,USR005238,Laptop,Smart TV OS,2025-10-19
DEV007787,USR005238,Laptop,Android,2025-05-08
DEV007788,USR005239,Laptop,iOS,2025-10-17
DEV007789,USR005240,Mobile,Windows,2025-01-11
DEV007790,USR005241,Mobile,Smart TV OS,2025-06-08
DEV007791,USR005241,Tablet,Windows,2025-10-19
DEV007792,USR005242,Mobile,iOS,2025-04-10
DEV007793,USR005242,Mobile,Windows,2025-03-31
DEV007794,USR005243,Tablet,Android,2025-02-25
DEV007795,USR005243,Streaming Stick,iOS,2025-04-05
DEV007796,USR005244,Laptop,macOS,2025-04-25
DEV007797,USR005244,Tablet,iOS,2025-05-31
DEV007798,USR005245,Mobile,Windows,2025-08-09
DEV007799,USR005245,Gaming Console,Smart TV OS,2025-07-26
DEV007800,USR005246,Laptop,Android,2025-01-29
DEV007801,USR005247,Laptop,macOS,2025-01-12
DEV007802,USR005248,Gaming Console,Windows,2025-08-31
DEV007803,USR005248,Laptop,Smart TV OS,2025-03-21
DEV007804,USR005248,Tablet,Android,2025-07-23
DEV007805,USR005249,Gaming Console,Android,2025-08-23
DEV007806,USR005249,Tablet,iOS,2025-08-02
DEV007807,USR005250,Smart TV,Smart TV OS,2025-01-16
DEV007808,USR005250,Smart TV,Windows,2025-11-25
DEV007809,USR005250,Smart TV,Android,2025-08-15
DEV007810,USR005251,Mobile,Smart TV OS,2025-04-21
DEV007811,USR005252,Gaming Console,Android,2025-04-27
DEV007812,USR005253,Laptop,Windows,2025-04-23
DEV007813,USR005254,Mobile,Android,2025-11-05
DEV007814,USR005255,Mobile,macOS,2025-05-05
DEV007815,USR005255,Smart TV,iOS,2025-09-24
DEV007816,USR005256,Smart TV,Android,2025-10-15
DEV007817,USR005257,Smart TV,Smart TV OS,2025-05-26
DEV007818,USR005257,Mobile,macOS,2025-01-02
DEV007819,USR005258,Gaming Console,Android,2025-07-28
DEV007820,USR005258,Tablet,Android,2025-03-02
DEV007821,USR005259,Smart TV,Windows,2025-10-17
DEV007822,USR005259,Laptop,Windows,2025-11-09
DEV007823,USR005259,Smart TV,Android,2025-08-11
DEV007824,USR005260,Smart TV,Android,2025-10-09
DEV007825,USR005261,Mobile,Smart TV OS,2025-03-17
DEV007826,USR005261,Gaming Console,Android,2025-07-27
DEV007827,USR005262,Smart TV,Windows,2025-07-03
DEV007828,USR005263,Mobile,iOS,2025-03-17
DEV007829,USR005264,Gaming Console,macOS,2025-05-17
DEV007830,USR005265,Smart TV,Smart TV OS,2025-10-09
DEV007831,USR005266,Mobile,Windows,2025-07-13
DEV007832,USR005267,Gaming Console,Android,2025-11-19
DEV007833,USR005268,Smart TV,Android,2025-04-21
DEV007834,USR005269,Smart TV,iOS,2025-09-04
DEV007835,USR005270,Mobile,Windows,2025-02-20
DEV007836,USR005270,Mobile,Windows,2025-03-16
DEV007837,USR005271,Smart TV,macOS,2025-09-28
DEV007838,USR005271,Gaming Console,Android,2025-06-10
DEV007839,USR005272,Mobile,Windows,2025-03-03
DEV007840,USR005273,Smart TV,Android,2025-04-09
DEV007841,USR005274,Gaming Console,macOS,2025-07-24
DEV007842,USR005274,Gaming Console,Smart TV OS,2025-10-05
DEV007843,USR005275,Mobile,Smart TV OS,2025-10-28
DEV007844,USR005276,Smart TV,macOS,2025-06-09
DEV007845,USR005276,Tablet,Smart TV OS,2025-09-18
DEV007846,USR005277,Gaming Console,Windows,2025-01-21
DEV007847,USR005278,Laptop,macOS,2025-03-26
DEV007848,USR005278,Tablet,iOS,2025-09-02
DEV007849,USR005279,Smart TV,macOS,2025-01-01
DEV007850,USR005279,Laptop,Windows,2025-01-04
DEV007851,USR005280,Mobile,Smart TV OS,2025-09-21
DEV007852,USR005280,Streaming Stick,Android,2025-08-11
DEV007853,USR005281,Smart TV,iOS,2025-07-19
DEV007854,USR005281,Laptop,Android,2025-02-02
DEV007855,USR005282,Mobile,Android,2025-03-01
DEV007856,USR005282,Mobile,Windows,2025-07-18
DEV007857,USR005282,Smart TV,Smart TV OS,2025-09-15
DEV007858,USR005283,Gaming Console,Windows,2025-02-11
DEV007859,USR005284,Smart TV,iOS,2025-11-10
DEV007860,USR005284,Laptop,Android,2025-06-21
DEV007861,USR005285,Tablet,Android,2025-01-14
DEV007862,USR005285,Smart TV,iOS,2025-01-25
DEV007863,USR005286,Gaming Console,macOS,2025-07-12
DEV007864,USR005286,Smart TV,iOS,2025-09-28
DEV007865,USR005286,Laptop,Windows,2025-01-29
DEV007866,USR005287,Mobile,Android,2025-05-23
DEV007867,USR005287,Mobile,Windows,2025-02-11
DEV007868,USR005288,Laptop,iOS,2025-11-07
DEV007869,USR005289,Streaming Stick,Smart TV OS,2025-06-14
DEV007870,USR005290,Tablet,Android,2025-07-28
DEV007871,USR005291,Streaming Stick,iOS,2025-11-19
DEV007872,USR005291,Smart TV,macOS,2025-09-25
DEV007873,USR005292,Mobile,Android,2025-10-26
DEV007874,USR005293,Laptop,Android,2025-11-25
DEV007875,USR005293,Mobile,iOS,2025-07-30
DEV007876,USR005293,Mobile,iOS,2025-11-18
DEV007877,USR005294,Laptop,Android,2025-07-08
DEV007878,USR005295,Mobile,iOS,2025-05-24
DEV007879,USR005296,Mobile,macOS,2025-09-11
DEV007880,USR005297,Laptop,Windows,2025-11-03
DEV007881,USR005298,Tablet,Android,2025-03-25
DEV007882,USR005299,Mobile,Windows,2025-08-18
DEV007883,USR005300,Streaming Stick,Smart TV OS,2025-07-26
DEV007884,USR005300,Smart TV,Android,2025-07-30
DEV007885,USR005301,Mobile,iOS,2025-11-02
DEV007886,USR005301,Mobile,Android,2025-03-12
DEV007887,USR005302,Mobile,iOS,2025-10-12
DEV007888,USR005303,Mobile,Android,2025-09-09
DEV007889,USR005303,Mobile,Smart TV OS,2025-11-17
DEV007890,USR005304,Mobile,macOS,2025-07-16
DEV007891,USR005304,Streaming Stick,iOS,2025-01-25
DEV007892,USR005305,Mobile,Smart TV OS,2025-10-17
DEV007893,USR005305,Smart TV,iOS,2025-11-05
DEV007894,USR005305,Laptop,Windows,2025-02-04
DEV007895,USR005306,Smart TV,Android,2025-05-15
DEV007896,USR005306,Mobile,macOS,2025-01-12
DEV007897,USR005307,Gaming Console,Windows,2025-09-26
DEV007898,USR005308,Laptop,Smart TV OS,2025-05-15
DEV007899,USR005308,Smart TV,Android,2025-02-04
DEV007900,USR005309,Smart TV,iOS,2025-04-12
DEV007901,USR005309,Laptop,iOS,2025-04-14
DEV007902,USR005309,Mobile,Android,2025-08-21
DEV007903,USR005310,Streaming Stick,Windows,2025-03-09
DEV007904,USR005311,Mobile,macOS,2025-06-10
DEV007905,USR005311,Gaming Console,Windows,2025-07-03
DEV007906,USR005311,Laptop,Android,2025-03-29
DEV007907,USR005312,Tablet,macOS,2025-07-25
DEV007908,USR005313,Smart TV,macOS,2025-10-06
DEV007909,USR005314,Smart TV,Android,2025-08-26
DEV007910,USR005314,Mobile,Smart TV OS,2025-01-06
DEV007911,USR005314,Laptop,Smart TV OS,2025-04-15
DEV007912,USR005315,Smart TV,Windows,2025-03-26
DEV007913,USR005315,Mobile,iOS,2025-02-22
DEV007914,USR005316,Gaming Console,iOS,2025-03-25
DEV007915,USR005317,Smart TV,Windows,2025-02-27
DEV007916,USR005318,Smart TV,Android,2025-08-05
DEV007917,USR005319,Laptop,macOS,2025-09-20
DEV007918,USR005320,Mobile,iOS,2025-06-12
DEV007919,USR005320,Smart TV,macOS,2025-03-09
DEV007920,USR005320,Streaming Stick,Android,2025-08-28
DEV007921,USR005321,Mobile,iOS,2025-10-21
DEV007922,USR005322,Tablet,Smart TV OS,2025-07-12
DEV007923,USR005322,Smart TV,Android,2025-03-04
DEV007924,USR005322,Smart TV,Android,2025-04-08
DEV007925,USR005323,Laptop,iOS,2025-02-08
DEV007926,USR005324,Gaming Console,Android,2025-10-07
DEV007927,USR005324,Laptop,iOS,2025-06-01
DEV007928,USR005325,Mobile,Windows,2025-10-31
DEV007929,USR005326,Smart TV,Windows,2025-03-28
DEV007930,USR005327,Gaming Console,iOS,2025-06-15
DEV007931,USR005327,Mobile,Smart TV OS,2025-01-25
DEV007932,USR005328,Mobile,Smart TV OS,2025-07-22
DEV007933,USR005329,Laptop,Android,2025-01-23
DEV007934,USR005330,Mobile,iOS,2025-02-18
DEV007935,USR005330,Smart TV,Windows,2025-08-09
DEV007936,USR005330,Smart TV,Windows,2025-05-22
DEV007937,USR005331,Mobile,Windows,2025-01-28
DEV007938,USR005332,Mobile,iOS,2025-04-15
DEV007939,USR005333,Gaming Console,Android,2025-02-22
DEV007940,USR005333,Laptop,Android,2025-07-23
DEV007941,USR005334,Smart TV,macOS,2025-02-25
DEV007942,USR005335,Tablet,Android,2025-08-26
DEV007943,USR005335,Mobile,macOS,2025-09-13
DEV007944,USR005335,Mobile,iOS,2025-09-20
DEV007945,USR005336,Gaming Console,macOS,2025-04-06
DEV007946,USR005337,Streaming Stick,iOS,2025-03-24
DEV007947,USR005338,Mobile,Smart TV OS,2025-09-09
DEV007948,USR005338,Mobile,iOS,2025-10-29
DEV007949,USR005339,Laptop,Android,2025-04-04
DEV007950,USR005340,Mobile,Smart TV OS,2025-04-10
DEV007951,USR005341,Streaming Stick,Windows,2025-08-03
DEV007952,USR005342,Mobile,iOS,2025-10-07
DEV007953,USR005343,Smart TV,Android,2025-09-09
DEV007954,USR005344,Smart TV,Smart TV OS,2025-11-07
DEV007955,USR005344,Smart TV,iOS,2025-08-13
DEV007956,USR005345,Laptop,macOS,2025-08-07
DEV007957,USR005346,Mobile,Android,2025-04-29
DEV007958,USR005346,Mobile,Android,2025-10-04
DEV007959,USR005347,Mobile,macOS,2025-02-28
DEV007960,USR005348,Smart TV,Android,2025-04-01
DEV007961,USR005348,Tablet,Smart TV OS,2025-10-06
DEV007962,USR005349,Streaming Stick,iOS,2025-06-13
DEV007963,USR005349,Smart TV,Windows,2025-07-29
DEV007964,USR005350,Smart TV,Windows,2025-04-28
DEV007965,USR005351,Smart TV,Android,2025-08-19
DEV007966,USR005352,Smart TV,iOS,2025-01-12
DEV007967,USR005352,Streaming Stick,macOS,2025-09-10
DEV007968,USR005352,Smart TV,Android,2025-10-29
DEV007969,USR005353,Gaming Console,macOS,2025-11-22
DEV007970,USR005354,Laptop,iOS,2025-03-02
DEV007971,USR005355,Tablet,iOS,2025-02-01
DEV007972,USR005356,Laptop,Windows,2025-09-12
DEV007973,USR005357,Mobile,Windows,2025-07-27
DEV007974,USR005358,Gaming Console,Smart TV OS,2025-03-17
DEV007975,USR005359,Mobile,Smart TV OS,2025-01-08
DEV007976,USR005359,Laptop,Smart TV OS,2025-07-06
DEV007977,USR005360,Tablet,Smart TV OS,2025-07-12
DEV007978,USR005360,Smart TV,Windows,2025-10-04
DEV007979,USR005361,Gaming Console,Android,2025-03-29
DEV007980,USR005362,Streaming Stick,Smart TV OS,2025-11-19
DEV007981,USR005363,Mobile,Windows,2025-03-23
DEV007982,USR005364,Smart TV,Android,2025-07-21
DEV007983,USR005365,Smart TV,iOS,2025-07-07
DEV007984,USR005365,Smart TV,macOS,2025-01-08
DEV007985,USR005366,Smart TV,Android,2025-10-04
DEV007986,USR005366,Mobile,Android,2025-08-18
DEV007987,USR005367,Laptop,iOS,2025-05-16
DEV007988,USR005367,Tablet,macOS,2025-07-27
DEV007989,USR005367,Laptop,Windows,2025-10-19
DEV007990,USR005368,Mobile,Windows,2025-02-07
DEV007991,USR005369,Mobile,Windows,2025-03-31
DEV007992,USR005370,Laptop,Windows,2025-10-20
DEV007993,USR005371,Tablet,Windows,2025-10-18
DEV007994,USR005372,Tablet,iOS,2025-08-22
DEV007995,USR005373,Tablet,iOS,2025-01-21
DEV007996,USR005373,Mobile,Smart TV OS,2025-10-13
DEV007997,USR005374,Smart TV,macOS,2025-05-18
DEV007998,USR005375,Smart TV,Android,2025-11-16
DEV007999,USR005376,Laptop,Android,2025-05-28
DEV008000,USR005376,Laptop,macOS,2025-10-07
DEV008001,USR005377,Streaming Stick,macOS,2025-03-23
DEV008002,USR005377,Tablet,Android,2025-03-06
DEV008003,USR005378,Mobile,Smart TV OS,2025-01-20
DEV008004,USR005378,Laptop,Windows,2025-06-19
DEV008005,USR005379,Laptop,Smart TV OS,2025-11-06
DEV008006,USR005379,Laptop,macOS,2025-04-28
DEV008007,USR005380,Streaming Stick,iOS,2025-10-05
DEV008008,USR005380,Tablet,Android,2025-08-10
DEV008009,USR005381,Smart TV,Android,2025-11-03
DEV008010,USR005381,Smart TV,iOS,2025-05-09
DEV008011,USR005381,Gaming Console,Android,2025-09-17
DEV008012,USR005382,Smart TV,iOS,2025-03-08
DEV008013,USR005382,Laptop,Android,2025-06-02
DEV008014,USR005382,Mobile,iOS,2025-11-07
DEV008015,USR005383,Mobile,Windows,2025-11-09
DEV008016,USR005384,Mobile,iOS,2025-11-19
DEV008017,USR005385,Mobile,Smart TV OS,2025-02-13
DEV008018,USR005386,Laptop,Android,2025-08-20
DEV008019,USR005387,Smart TV,Windows,2025-09-17
DEV008020,USR005387,Mobile,Smart TV OS,2025-08-23
DEV008021,USR005388,Mobile,Android,2025-01-19
DEV008022,USR005388,Laptop,Android,2025-08-14
DEV008023,USR005388,Gaming Console,Android,2025-02-16
DEV008024,USR005389,Smart TV,Windows,2025-04-02
DEV008025,USR005390,Smart TV,Windows,2025-10-06
DEV008026,USR005391,Mobile,Android,2025-07-19
DEV008027,USR005392,Mobile,Windows,2025-10-04
DEV008028,USR005393,Mobile,iOS,2025-04-06
DEV008029,USR005393,Laptop,iOS,2025-01-14
DEV008030,USR005394,Laptop,Android,2025-08-20
DEV008031,USR005394,Gaming Console,Android,2025-05-21
DEV008032,USR005394,Streaming Stick,Android,2025-07-14
DEV008033,USR005395,Gaming Console,Smart TV OS,2025-11-11
DEV008034,USR005395,Smart TV,Android,2025-02-02
DEV008035,USR005396,Laptop,Windows,2025-08-25
DEV008036,USR005396,Laptop,Android,2025-09-11
DEV008037,USR005397,Mobile,Windows,2025-09-10
DEV008038,USR005397,Mobile,Windows,2025-07-16
DEV008039,USR005398,Mobile,iOS,2025-11-16
DEV008040,USR005399,Tablet,Android,2025-08-12
DEV008041,USR005400,Smart TV,macOS,2025-03-20
DEV008042,USR005401,Streaming Stick,iOS,2025-03-08
DEV008043,USR005401,Mobile,Smart TV OS,2025-06-13
DEV008044,USR005402,Smart TV,macOS,2025-04-11
DEV008045,USR005403,Smart TV,Smart TV OS,2025-01-20
DEV008046,USR005404,Laptop,Android,2025-09-30
DEV008047,USR005404,Laptop,Smart TV OS,2025-06-12
DEV008048,USR005405,Smart TV,macOS,2025-01-01
DEV008049,USR005405,Gaming Console,Smart TV OS,2025-07-24
DEV008050,USR005406,Mobile,Windows,2025-11-17
DEV008051,USR005406,Mobile,Android,2025-05-02
DEV008052,USR005407,Smart TV,iOS,2025-05-18
DEV008053,USR005408,Laptop,Android,2025-07-04
DEV008054,USR005408,Laptop,Smart TV OS,2025-07-19
DEV008055,USR005409,Mobile,macOS,2025-11-14
DEV008056,USR005410,Tablet,Android,2025-08-22
DEV008057,USR005411,Smart TV,Windows,2025-01-16
DEV008058,USR005412,Mobile,macOS,2025-03-27
DEV008059,USR005412,Laptop,Windows,2025-05-24
DEV008060,USR005413,Smart TV,Windows,2025-04-01
DEV008061,USR005413,Smart TV,iOS,2025-06-25
DEV008062,USR005414,Gaming Console,Android,2025-05-18
DEV008063,USR005414,Gaming Console,iOS,2025-05-09
DEV008064,USR005415,Streaming Stick,Windows,2025-09-26
DEV008065,USR005416,Smart TV,macOS,2025-10-31
DEV008066,USR005417,Tablet,Smart TV OS,2025-03-13
DEV008067,USR005418,Laptop,iOS,2025-11-10
DEV008068,USR005419,Streaming Stick,Smart TV OS,2025-11-23
DEV008069,USR005420,Laptop,Android,2025-03-10
DEV008070,USR005421,Smart TV,macOS,2025-10-22
DEV008071,USR005421,Smart TV,Android,2025-05-18
DEV008072,USR005422,Smart TV,Windows,2025-04-24
DEV008073,USR005422,Mobile,Android,2025-04-10
DEV008074,USR005423,Mobile,Windows,2025-10-21
DEV008075,USR005424,Smart TV,Android,2025-06-24
DEV008076,USR005424,Streaming Stick,Android,2025-07-27
DEV008077,USR005424,Tablet,iOS,2025-03-26
DEV008078,USR005425,Laptop,iOS,2025-06-17
DEV008079,USR005426,Laptop,Android,2025-06-22
DEV008080,USR005427,Smart TV,iOS,2025-09-05
DEV008081,USR005427,Mobile,Android,2025-04-02
DEV008082,USR005428,Streaming Stick,iOS,2025-06-25
DEV008083,USR005428,Streaming Stick,iOS,2025-07-19
DEV008084,USR005429,Mobile,Smart TV OS,2025-10-22
DEV008085,USR005430,Smart TV,Android,2025-10-29
DEV008086,USR005431,Smart TV,Android,2025-04-24
DEV008087,USR005432,Mobile,Windows,2025-11-08
DEV008088,USR005433,Mobile,Smart TV OS,2025-07-09
DEV008089,USR005433,Smart TV,Android,2025-02-22
DEV008090,USR005434,Mobile,Android,2025-09-16
DEV008091,USR005435,Smart TV,Android,2025-07-20
DEV008092,USR005436,Mobile,macOS,2025-01-14
DEV008093,USR005437,Mobile,Windows,2025-09-08
DEV008094,USR005437,Mobile,iOS,2025-09-23
DEV008095,USR005437,Streaming Stick,Windows,2025-05-15
DEV008096,USR005438,Mobile,macOS,2025-10-14
DEV008097,USR005438,Mobile,Android,2025-06-16
DEV008098,USR005438,Mobile,Smart TV OS,2025-01-09
DEV008099,USR005439,Mobile,macOS,2025-09-07
DEV008100,USR005439,Smart TV,macOS,2025-05-28
DEV008101,USR005440,Tablet,Android,2025-04-25
DEV008102,USR005440,Laptop,iOS,2025-01-04
DEV008103,USR005441,Mobile,macOS,2025-11-18
DEV008104,USR005442,Laptop,Android,2025-09-20
DEV008105,USR005442,Laptop,iOS,2025-10-23
DEV008106,USR005443,Streaming Stick,Android,2025-02-27
DEV008107,USR005444,Streaming Stick,Android,2025-11-03
DEV008108,USR005444,Tablet,Android,2025-09-05
DEV008109,USR005445,Gaming Console,Smart TV OS,2025-04-12
DEV008110,USR005446,Smart TV,Windows,2025-06-20
DEV008111,USR005447,Smart TV,Android,2025-05-18
DEV008112,USR005448,Tablet,Android,2025-02-14
DEV008113,USR005448,Laptop,Windows,2025-07-06
DEV008114,USR005449,Tablet,Android,2025-06-07
DEV008115,USR005450,Mobile,Android,2025-05-31
DEV008116,USR005451,Laptop,Windows,2025-06-17
DEV008117,USR005452,Smart TV,Windows,2025-04-14
DEV008118,USR005452,Mobile,macOS,2025-02-24
DEV008119,USR005453,Laptop,Windows,2025-03-30
DEV008120,USR005454,Laptop,Windows,2025-04-20
DEV008121,USR005455,Mobile,iOS,2025-09-01
DEV008122,USR005455,Laptop,Smart TV OS,2025-09-26
DEV008123,USR005456,Mobile,Smart TV OS,2025-08-07
DEV008124,USR005457,Streaming Stick,iOS,2025-06-12
DEV008125,USR005458,Smart TV,Smart TV OS,2025-11-14
DEV008126,USR005459,Mobile,Windows,2025-03-18
DEV008127,USR005460,Tablet,Android,2025-11-26
DEV008128,USR005460,Smart TV,macOS,2025-02-25
DEV008129,USR005461,Mobile,Windows,2025-02-14
DEV008130,USR005462,Mobile,Android,2025-07-01
DEV008131,USR005463,Gaming Console,iOS,2025-07-16
DEV008132,USR005464,Mobile,Smart TV OS,2025-03-04
DEV008133,USR005464,Smart TV,Android,2025-10-30
DEV008134,USR005465,Mobile,macOS,2025-10-15
DEV008135,USR005466,Smart TV,macOS,2025-03-09
DEV008136,USR005467,Smart TV,Windows,2025-01-04
DEV008137,USR005467,Mobile,Android,2025-05-20
DEV008138,USR005468,Mobile,Android,2025-05-01
DEV008139,USR005469,Mobile,macOS,2025-09-27
DEV008140,USR005469,Tablet,Windows,2025-10-13
DEV008141,USR005470,Streaming Stick,Windows,2025-06-28
DEV008142,USR005470,Smart TV,Smart TV OS,2025-07-25
DEV008143,USR005471,Smart TV,iOS,2025-03-12
DEV008144,USR005472,Mobile,Windows,2025-10-13
DEV008145,USR005472,Laptop,Android,2025-08-08
DEV008146,USR005472,Laptop,iOS,2025-08-02
DEV008147,USR005473,Smart TV,macOS,2025-06-16
DEV008148,USR005474,Mobile,macOS,2025-10-26
DEV008149,USR005474,Smart TV,Smart TV OS,2025-09-17
DEV008150,USR005475,Smart TV,Smart TV OS,2025-08-19
DEV008151,USR005476,Laptop,Windows,2025-05-24
DEV008152,USR005477,Mobile,Windows,2025-03-27
DEV008153,USR005478,Streaming Stick,Android,2025-06-22
DEV008154,USR005479,Mobile,Android,2025-05-24
DEV008155,USR005480,Laptop,iOS,2025-06-23
DEV008156,USR005481,Tablet,Android,2025-08-05
DEV008157,USR005481,Smart TV,iOS,2025-07-06
DEV008158,USR005482,Mobile,Windows,2025-06-12
DEV008159,USR005482,Mobile,Windows,2025-11-11
DEV008160,USR005483,Mobile,Android,2025-09-15
DEV008161,USR005484,Streaming Stick,Android,2025-11-11
DEV008162,USR005485,Laptop,iOS,2025-02-12
DEV008163,USR005485,Mobile,Windows,2025-08-08
DEV008164,USR005486,Gaming Console,Android,2025-01-14
DEV008165,USR005486,Laptop,Android,2025-03-11
DEV008166,USR005486,Tablet,Smart TV OS,2025-01-04
DEV008167,USR005487,Mobile,iOS,2025-01-22
DEV008168,USR005487,Smart TV,Smart TV OS,2025-03-21
DEV008169,USR005488,Streaming Stick,Windows,2025-07-10
DEV008170,USR005488,Smart TV,Android,2025-11-24
DEV008171,USR005489,Streaming Stick,Android,2025-04-29
DEV008172,USR005490,Smart TV,Windows,2025-05-02
DEV008173,USR005491,Mobile,Android,2025-03-01
DEV008174,USR005492,Streaming Stick,iOS,2025-06-12
DEV008175,USR005492,Smart TV,Smart TV OS,2025-02-05
DEV008176,USR005493,Laptop,iOS,2025-06-15
DEV008177,USR005494,Mobile,iOS,2025-01-18
DEV008178,USR005495,Mobile,Android,2025-11-21
DEV008179,USR005496,Streaming Stick,Android,2025-10-12
DEV008180,USR005496,Smart TV,Android,2025-04-04
DEV008181,USR005497,Laptop,Smart TV OS,2025-05-26
DEV008182,USR005497,Laptop,iOS,2025-06-05
DEV008183,USR005498,Mobile,Android,2025-09-24
DEV008184,USR005499,Smart TV,Android,2025-07-16
DEV008185,USR005500,Laptop,iOS,2025-11-14
DEV008186,USR005501,Laptop,Windows,2025-09-09
DEV008187,USR005501,Gaming Console,iOS,2025-03-15
DEV008188,USR005501,Smart TV,Android,2025-09-13
DEV008189,USR005502,Smart TV,Android,2025-04-24
DEV008190,USR005502,Laptop,iOS,2025-08-05
DEV008191,USR005502,Streaming Stick,Android,2025-08-18
DEV008192,USR005503,Streaming Stick,Android,2025-08-14
DEV008193,USR005503,Gaming Console,Android,2025-05-30
DEV008194,USR005504,Smart TV,macOS,2025-03-18
DEV008195,USR005504,Mobile,Smart TV OS,2025-01-04
DEV008196,USR005505,Smart TV,macOS,2025-09-21
DEV008197,USR005506,Mobile,Smart TV OS,2025-03-27
DEV008198,USR005506,Smart TV,Smart TV OS,2025-07-08
DEV008199,USR005506,Smart TV,Smart TV OS,2025-05-28
DEV008200,USR005507,Gaming Console,Android,2025-02-05
DEV008201,USR005508,Mobile,Smart TV OS,2025-03-30
DEV008202,USR005509,Mobile,Android,2025-02-24
DEV008203,USR005509,Smart TV,Windows,2025-03-10
DEV008204,USR005510,Smart TV,Android,2025-02-02
DEV008205,USR005511,Smart TV,Windows,2025-11-07
DEV008206,USR005512,Tablet,Smart TV OS,2025-11-27
DEV008207,USR005513,Tablet,iOS,2025-06-06
DEV008208,USR005514,Smart TV,Windows,2025-01-31
DEV008209,USR005514,Tablet,macOS,2025-07-13
DEV008210,USR005515,Tablet,Windows,2025-02-16
DEV008211,USR005515,Tablet,Windows,2025-09-24
DEV008212,USR005516,Smart TV,Android,2025-05-15
DEV008213,USR005517,Mobile,Android,2025-04-15
DEV008214,USR005518,Laptop,Android,2025-08-26
DEV008215,USR005518,Mobile,Windows,2025-06-26
DEV008216,USR005519,Smart TV,Windows,2025-03-26
DEV008217,USR005520,Mobile,macOS,2025-07-26
DEV008218,USR005520,Tablet,iOS,2025-09-23
DEV008219,USR005521,Gaming Console,Android,2025-08-22
DEV008220,USR005521,Streaming Stick,iOS,2025-04-01
DEV008221,USR005522,Streaming Stick,macOS,2025-06-29
DEV008222,USR005522,Mobile,Windows,2025-09-03
DEV008223,USR005523,Smart TV,Windows,2025-05-14
DEV008224,USR005524,Mobile,Android,2025-07-05
DEV008225,USR005524,Smart TV,Android,2025-10-15
DEV008226,USR005525,Laptop,iOS,2025-09-05
DEV008227,USR005525,Tablet,Windows,2025-03-11
DEV008228,USR005526,Mobile,Windows,2025-10-20
DEV008229,USR005527,Tablet,Smart TV OS,2025-06-16
DEV008230,USR005527,Mobile,Windows,2025-03-14
DEV008231,USR005527,Mobile,macOS,2025-11-13
DEV008232,USR005528,Smart TV,iOS,2025-08-21
DEV008233,USR005529,Tablet,iOS,2025-10-11
DEV008234,USR005530,Streaming Stick,macOS,2025-02-22
DEV008235,USR005531,Laptop,Android,2025-10-09
DEV008236,USR005532,Smart TV,iOS,2025-08-14
DEV008237,USR005532,Smart TV,Windows,2025-03-03
DEV008238,USR005533,Laptop,macOS,2025-03-31
DEV008239,USR005533,Smart TV,Android,2025-02-02
DEV008240,USR005534,Smart TV,iOS,2025-04-21
DEV008241,USR005535,Smart TV,iOS,2025-04-22
DEV008242,USR005536,Mobile,macOS,2025-10-26
DEV008243,USR005536,Smart TV,Smart TV OS,2025-04-06
DEV008244,USR005536,Mobile,Smart TV OS,2025-01-15
DEV008245,USR005537,Tablet,Android,2025-03-30
DEV008246,USR005538,Streaming Stick,Smart TV OS,2025-10-18
DEV008247,USR005539,Gaming Console,Android,2025-04-20
DEV008248,USR005539,Tablet,Android,2025-07-30
DEV008249,USR005540,Tablet,iOS,2025-02-21
DEV008250,USR005540,Gaming Console,Android,2025-08-07
DEV008251,USR005541,Laptop,Android,2025-10-27
DEV008252,USR005541,Streaming Stick,Windows,2025-02-08
DEV008253,USR005542,Mobile,iOS,2025-05-01
DEV008254,USR005542,Gaming Console,iOS,2025-10-11
DEV008255,USR005543,Smart TV,Smart TV OS,2025-05-02
DEV008256,USR005544,Gaming Console,Windows,2025-06-16
DEV008257,USR005544,Mobile,Smart TV OS,2025-07-06
DEV008258,USR005545,Gaming Console,Smart TV OS,2025-05-06
DEV008259,USR005545,Laptop,Android,2025-10-23
DEV008260,USR005546,Laptop,Android,2025-10-04
DEV008261,USR005546,Laptop,Android,2025-04-15
DEV008262,USR005547,Mobile,Smart TV OS,2025-06-07
DEV008263,USR005548,Laptop,Windows,2025-03-04
DEV008264,USR005549,Smart TV,macOS,2025-11-27
DEV008265,USR005550,Tablet,Smart TV OS,2025-09-10
DEV008266,USR005551,Laptop,Smart TV OS,2025-07-21
DEV008267,USR005552,Tablet,iOS,2025-01-11
DEV008268,USR005553,Smart TV,Smart TV OS,2025-05-14
DEV008269,USR005554,Gaming Console,Android,2025-10-23
DEV008270,USR005554,Gaming Console,Windows,2025-09-13
DEV008271,USR005555,Mobile,Smart TV OS,2025-03-01
DEV008272,USR005555,Laptop,iOS,2025-04-03
DEV008273,USR005556,Mobile,Smart TV OS,2025-11-06
DEV008274,USR005556,Mobile,iOS,2025-10-26
DEV008275,USR005557,Mobile,Smart TV OS,2025-04-06
DEV008276,USR005558,Laptop,Smart TV OS,2025-08-14
DEV008277,USR005559,Laptop,macOS,2025-01-29
DEV008278,USR005560,Mobile,Windows,2025-11-02
DEV008279,USR005561,Mobile,Android,2025-09-27
DEV008280,USR005562,Smart TV,Smart TV OS,2025-02-27
DEV008281,USR005562,Smart TV,iOS,2025-04-20
DEV008282,USR005563,Gaming Console,iOS,2025-06-17
DEV008283,USR005564,Tablet,Android,2025-10-13
DEV008284,USR005565,Mobile,iOS,2025-09-23
DEV008285,USR005565,Laptop,Android,2025-05-05
DEV008286,USR005565,Tablet,Android,2025-03-08
DEV008287,USR005566,Tablet,iOS,2025-02-20
DEV008288,USR005567,Smart TV,Android,2025-07-06
DEV008289,USR005568,Streaming Stick,Smart TV OS,2025-01-28
DEV008290,USR005569,Mobile,iOS,2025-03-30
DEV008291,USR005570,Streaming Stick,iOS,2025-01-23
DEV008292,USR005571,Laptop,iOS,2025-10-11
DEV008293,USR005572,Streaming Stick,Smart TV OS,2025-08-27
DEV008294,USR005573,Laptop,Android,2025-09-17
DEV008295,USR005574,Smart TV,Android,2025-08-13
DEV008296,USR005574,Laptop,macOS,2025-06-28
DEV008297,USR005575,Laptop,Android,2025-07-10
DEV008298,USR005575,Smart TV,Windows,2025-09-21
DEV008299,USR005576,Laptop,Android,2025-05-02
DEV008300,USR005577,Mobile,Smart TV OS,2025-07-21
DEV008301,USR005577,Smart TV,Android,2025-02-01
DEV008302,USR005578,Tablet,Windows,2025-01-21
DEV008303,USR005578,Mobile,Windows,2025-04-14
DEV008304,USR005579,Smart TV,Windows,2025-06-04
DEV008305,USR005580,Mobile,Smart TV OS,2025-07-18
DEV008306,USR005581,Smart TV,Smart TV OS,2025-10-21
DEV008307,USR005581,Smart TV,iOS,2025-10-21
DEV008308,USR005582,Smart TV,Windows,2025-08-24
DEV008309,USR005583,Mobile,macOS,2025-03-25
DEV008310,USR005584,Mobile,Windows,2025-10-20
DEV008311,USR005584,Gaming Console,iOS,2025-02-17
DEV008312,USR005584,Mobile,iOS,2025-01-12
DEV008313,USR005585,Mobile,Android,2025-11-26
DEV008314,USR005585,Smart TV,iOS,2025-10-23
DEV008315,USR005586,Streaming Stick,macOS,2025-10-28
DEV008316,USR005587,Smart TV,macOS,2025-01-13
DEV008317,USR005587,Mobile,Android,2025-02-17
DEV008318,USR005588,Mobile,Android,2025-09-02
DEV008319,USR005589,Smart TV,macOS,2025-09-19
DEV008320,USR005590,Smart TV,iOS,2025-11-10
DEV008321,USR005591,Smart TV,iOS,2025-01-03
DEV008322,USR005591,Streaming Stick,macOS,2025-10-23
DEV008323,USR005592,Mobile,Android,2025-08-29
DEV008324,USR005593,Gaming Console,iOS,2025-10-31
DEV008325,USR005594,Smart TV,Android,2025-11-08
DEV008326,USR005595,Tablet,Android,2025-03-16
DEV008327,USR005595,Smart TV,iOS,2025-07-23
DEV008328,USR005595,Laptop,iOS,2025-01-25
DEV008329,USR005596,Smart TV,Smart TV OS,2025-03-19
DEV008330,USR005596,Mobile,Smart TV OS,2025-03-01
DEV008331,USR005597,Gaming Console,Windows,2025-03-02
DEV008332,USR005598,Mobile,iOS,2025-08-24
DEV008333,USR005598,Mobile,Android,2025-07-29
DEV008334,USR005599,Laptop,iOS,2025-03-13
DEV008335,USR005600,Mobile,macOS,2025-11-07
DEV008336,USR005601,Gaming Console,Android,2025-02-15
DEV008337,USR005601,Smart TV,Android,2025-03-01
DEV008338,USR005602,Tablet,macOS,2025-07-26
DEV008339,USR005603,Laptop,Android,2025-04-03
DEV008340,USR005604,Mobile,Windows,2025-11-13
DEV008341,USR005605,Gaming Console,Windows,2025-08-17
DEV008342,USR005605,Streaming Stick,macOS,2025-03-11
DEV008343,USR005606,Laptop,iOS,2025-09-28
DEV008344,USR005606,Streaming Stick,macOS,2025-08-13
DEV008345,USR005607,Laptop,Android,2025-04-12
DEV008346,USR005607,Streaming Stick,Android,2025-11-15
DEV008347,USR005607,Mobile,Windows,2025-04-20
DEV008348,USR005608,Smart TV,macOS,2025-10-20
DEV008349,USR005609,Smart TV,Android,2025-07-14
DEV008350,USR005610,Smart TV,Android,2025-10-02
DEV008351,USR005611,Mobile,Android,2025-04-02
DEV008352,USR005612,Mobile,Android,2025-06-04
DEV008353,USR005613,Streaming Stick,Android,2025-02-23
DEV008354,USR005613,Laptop,macOS,2025-03-18
DEV008355,USR005614,Smart TV,Android,2025-05-25
DEV008356,USR005614,Streaming Stick,Android,2025-04-01
DEV008357,USR005615,Mobile,Windows,2025-05-26
DEV008358,USR005616,Mobile,iOS,2025-10-13
DEV008359,USR005617,Mobile,macOS,2025-11-17
DEV008360,USR005617,Smart TV,iOS,2025-09-26
DEV008361,USR005618,Mobile,iOS,2025-06-22
DEV008362,USR005619,Streaming Stick,Smart TV OS,2025-10-23
DEV008363,USR005619,Tablet,Smart TV OS,2025-06-17
DEV008364,USR005620,Mobile,Windows,2025-03-18
DEV008365,USR005620,Laptop,macOS,2025-11-02
DEV008366,USR005620,Mobile,Android,2025-05-27
DEV008367,USR005621,Streaming Stick,macOS,2025-01-09
DEV008368,USR005622,Mobile,Android,2025-10-30
DEV008369,USR005622,Mobile,Android,2025-04-10
DEV008370,USR005623,Mobile,Android,2025-07-07
DEV008371,USR005623,Laptop,Android,2025-06-29
DEV008372,USR005624,Mobile,iOS,2025-02-03
DEV008373,USR005624,Smart TV,Smart TV OS,2025-01-01
DEV008374,USR005625,Laptop,macOS,2025-04-20
DEV008375,USR005625,Mobile,macOS,2025-10-19
DEV008376,USR005626,Mobile,iOS,2025-03-07
DEV008377,USR005627,Tablet,iOS,2025-10-26
DEV008378,USR005627,Smart TV,Android,2025-09-12
DEV008379,USR005628,Tablet,macOS,2025-02-19
DEV008380,USR005628,Mobile,iOS,2025-04-28
DEV008381,USR005629,Smart TV,macOS,2025-03-02
DEV008382,USR005629,Smart TV,Smart TV OS,2025-03-14
DEV008383,USR005629,Mobile,Android,2025-05-22
DEV008384,USR005630,Streaming Stick,iOS,2025-07-03
DEV008385,USR005631,Gaming Console,Windows,2025-10-04
DEV008386,USR005632,Laptop,iOS,2025-06-07
DEV008387,USR005633,Smart TV,Android,2025-03-08
DEV008388,USR005633,Laptop,Android,2025-04-19
DEV008389,USR005634,Mobile,Smart TV OS,2025-05-13
DEV008390,USR005634,Streaming Stick,iOS,2025-02-08
DEV008391,USR005635,Mobile,iOS,2025-03-21
DEV008392,USR005635,Smart TV,Android,2025-01-14
DEV008393,USR005636,Smart TV,Smart TV OS,2025-09-04
DEV008394,USR005637,Tablet,Android,2025-08-05
DEV008395,USR005637,Laptop,Smart TV OS,2025-03-05
DEV008396,USR005637,Tablet,Android,2025-07-05
DEV008397,USR005638,Mobile,Android,2025-09-03
DEV008398,USR005638,Mobile,iOS,2025-04-29
DEV008399,USR005639,Mobile,Smart TV OS,2025-05-23
DEV008400,USR005640,Smart TV,iOS,2025-11-03
DEV008401,USR005641,Mobile,macOS,2025-08-15
DEV008402,USR005641,Gaming Console,Android,2025-02-13
DEV008403,USR005642,Mobile,iOS,2025-10-30
DEV008404,USR005643,Smart TV,Smart TV OS,2025-04-27
DEV008405,USR005644,Smart TV,Android,2025-05-25
DEV008406,USR005645,Streaming Stick,Android,2025-02-24
DEV008407,USR005646,Mobile,Windows,2025-05-14
DEV008408,USR005647,Gaming Console,macOS,2025-03-23
DEV008409,USR005647,Smart TV,Windows,2025-11-20
DEV008410,USR005647,Smart TV,Windows,2025-11-25
DEV008411,USR005648,Streaming Stick,Android,2025-05-27
DEV008412,USR005649,Smart TV,Android,2025-01-31
DEV008413,USR005650,Mobile,iOS,2025-11-12
DEV008414,USR005651,Smart TV,Android,2025-07-27
DEV008415,USR005652,Streaming Stick,iOS,2025-10-16
DEV008416,USR005652,Smart TV,iOS,2025-11-24
DEV008417,USR005652,Mobile,Windows,2025-08-20
DEV008418,USR005653,Smart TV,Android,2025-06-07
DEV008419,USR005654,Laptop,iOS,2025-07-09
DEV008420,USR005654,Smart TV,iOS,2025-08-15
DEV008421,USR005655,Mobile,Smart TV OS,2025-06-28
DEV008422,USR005656,Smart TV,Smart TV OS,2025-08-06
DEV008423,USR005657,Smart TV,Smart TV OS,2025-05-07
DEV008424,USR005657,Mobile,iOS,2025-05-09
DEV008425,USR005658,Laptop,Android,2025-02-24
DEV008426,USR005659,Tablet,Smart TV OS,2025-05-09
DEV008427,USR005660,Smart TV,iOS,2025-01-02
DEV008428,USR005661,Mobile,macOS,2025-10-12
DEV008429,USR005662,Tablet,Windows,2025-03-02
DEV008430,USR005663,Tablet,Windows,2025-09-21
DEV008431,USR005663,Mobile,Windows,2025-03-04
DEV008432,USR005664,Mobile,iOS,2025-01-14
DEV008433,USR005665,Streaming Stick,macOS,2025-07-31
DEV008434,USR005665,Smart TV,Android,2025-10-11
DEV008435,USR005666,Smart TV,Smart TV OS,2025-08-19
DEV008436,USR005667,Tablet,iOS,2025-02-16
DEV008437,USR005668,Smart TV,iOS,2025-08-05
DEV008438,USR005669,Mobile,Android,2025-10-06
DEV008439,USR005670,Smart TV,Windows,2025-02-19
DEV008440,USR005671,Laptop,Windows,2025-07-07
DEV008441,USR005671,Smart TV,iOS,2025-08-18
DEV008442,USR005672,Laptop,Android,2025-10-31
DEV008443,USR005673,Laptop,Smart TV OS,2025-02-25
DEV008444,USR005674,Tablet,Windows,2025-02-01
DEV008445,USR005674,Streaming Stick,Android,2025-08-26
DEV008446,USR005674,Mobile,macOS,2025-02-13
DEV008447,USR005675,Mobile,Smart TV OS,2025-01-22
DEV008448,USR005676,Smart TV,iOS,2025-02-22
DEV008449,USR005677,Streaming Stick,Android,2025-08-25
DEV008450,USR005678,Mobile,macOS,2025-06-20
DEV008451,USR005678,Mobile,iOS,2025-02-10
DEV008452,USR005679,Smart TV,macOS,2025-05-28
DEV008453,USR005679,Laptop,Smart TV OS,2025-07-04
DEV008454,USR005679,Streaming Stick,Smart TV OS,2025-09-29
DEV008455,USR005680,Mobile,iOS,2025-09-09
DEV008456,USR005680,Streaming Stick,Android,2025-06-03
DEV008457,USR005680,Smart TV,Windows,2025-04-13
DEV008458,USR005681,Mobile,Android,2025-03-31
DEV008459,USR005681,Mobile,Android,2025-02-28
DEV008460,USR005682,Smart TV,Android,2025-01-13
DEV008461,USR005682,Tablet,Smart TV OS,2025-01-09
DEV008462,USR005683,Laptop,Windows,2025-04-04
DEV008463,USR005684,Streaming Stick,Android,2025-09-28
DEV008464,USR005685,Smart TV,iOS,2025-08-17
DEV008465,USR005685,Smart TV,iOS,2025-08-07
DEV008466,USR005686,Mobile,Smart TV OS,2025-11-02
DEV008467,USR005686,Smart TV,iOS,2025-05-10
DEV008468,USR005687,Smart TV,macOS,2025-04-15
DEV008469,USR005688,Laptop,Smart TV OS,2025-01-03
DEV008470,USR005689,Mobile,Smart TV OS,2025-04-13
DEV008471,USR005690,Laptop,Android,2025-03-22
DEV008472,USR005690,Smart TV,Android,2025-08-14
DEV008473,USR005691,Smart TV,Windows,2025-08-12
DEV008474,USR005691,Gaming Console,Android,2025-07-21
DEV008475,USR005691,Smart TV,Smart TV OS,2025-08-12
DEV008476,USR005692,Smart TV,Smart TV OS,2025-02-10
DEV008477,USR005692,Smart TV,Smart TV OS,2025-06-30
DEV008478,USR005693,Mobile,Windows,2025-09-26
DEV008479,USR005694,Gaming Console,Android,2025-03-12
DEV008480,USR005695,Mobile,Android,2025-09-01
DEV008481,USR005695,Mobile,Smart TV OS,2025-01-10
DEV008482,USR005696,Smart TV,Windows,2025-05-17
DEV008483,USR005697,Smart TV,iOS,2025-08-06
DEV008484,USR005698,Smart TV,Android,2025-06-19
DEV008485,USR005699,Mobile,macOS,2025-01-13
DEV008486,USR005699,Smart TV,macOS,2025-02-04
DEV008487,USR005700,Gaming Console,iOS,2025-01-26
DEV008488,USR005700,Smart TV,Android,2025-08-17
DEV008489,USR005701,Smart TV,Windows,2025-08-28
DEV008490,USR005702,Tablet,Android,2025-05-10
DEV008491,USR005703,Laptop,Android,2025-05-15
DEV008492,USR005704,Tablet,Android,2025-10-06
DEV008493,USR005705,Smart TV,Smart TV OS,2025-10-10
DEV008494,USR005705,Mobile,iOS,2025-02-04
DEV008495,USR005706,Mobile,Windows,2025-10-16
DEV008496,USR005706,Smart TV,iOS,2025-11-20
DEV008497,USR005707,Laptop,Smart TV OS,2025-10-21
DEV008498,USR005707,Laptop,Android,2025-01-02
DEV008499,USR005708,Smart TV,macOS,2025-02-03
DEV008500,USR005709,Tablet,Android,2025-03-30
DEV008501,USR005710,Mobile,macOS,2025-11-09
DEV008502,USR005711,Laptop,Android,2025-01-20
DEV008503,USR005711,Laptop,Windows,2025-10-29
DEV008504,USR005712,Gaming Console,Smart TV OS,2025-11-03
DEV008505,USR005713,Smart TV,Android,2025-07-22
DEV008506,USR005713,Mobile,iOS,2025-11-07
DEV008507,USR005714,Smart TV,macOS,2025-09-10
DEV008508,USR005715,Mobile,Smart TV OS,2025-02-03
DEV008509,USR005715,Mobile,macOS,2025-04-12
DEV008510,USR005716,Smart TV,iOS,2025-08-13
DEV008511,USR005717,Mobile,iOS,2025-08-01
DEV008512,USR005717,Tablet,Windows,2025-07-15
DEV008513,USR005718,Laptop,Android,2025-05-30
DEV008514,USR005718,Mobile,Windows,2025-02-22
DEV008515,USR005719,Gaming Console,Android,2025-07-15
DEV008516,USR005720,Streaming Stick,Android,2025-03-18
DEV008517,USR005720,Laptop,Windows,2025-04-21
DEV008518,USR005720,Streaming Stick,Android,2025-09-06
DEV008519,USR005721,Streaming Stick,iOS,2025-01-26
DEV008520,USR005722,Mobile,Smart TV OS,2025-10-20
DEV008521,USR005723,Mobile,iOS,2025-04-30
DEV008522,USR005724,Tablet,Android,2025-06-15
DEV008523,USR005724,Laptop,Android,2025-08-12
DEV008524,USR005725,Smart TV,Smart TV OS,2025-09-21
DEV008525,USR005726,Mobile,Android,2025-11-01
DEV008526,USR005726,Streaming Stick,Android,2025-05-29
DEV008527,USR005727,Smart TV,iOS,2025-02-28
DEV008528,USR005728,Smart TV,Android,2025-08-17
DEV008529,USR005728,Smart TV,Android,2025-01-08
DEV008530,USR005728,Mobile,Smart TV OS,2025-02-04
DEV008531,USR005729,Smart TV,macOS,2025-05-16
DEV008532,USR005729,Smart TV,Android,2025-03-26
DEV008533,USR005730,Smart TV,Windows,2025-03-13
DEV008534,USR005730,Smart TV,Android,2025-01-14
DEV008535,USR005731,Mobile,Windows,2025-01-27
DEV008536,USR005732,Laptop,Android,2025-10-04
DEV008537,USR005733,Smart TV,Android,2025-02-24
DEV008538,USR005733,Streaming Stick,iOS,2025-02-15
DEV008539,USR005734,Smart TV,Windows,2025-03-23
DEV008540,USR005735,Laptop,iOS,2025-01-15
DEV008541,USR005735,Smart TV,Smart TV OS,2025-11-19
DEV008542,USR005736,Mobile,Android,2025-11-18
DEV008543,USR005736,Gaming Console,Android,2025-05-13
DEV008544,USR005737,Laptop,iOS,2025-10-07
DEV008545,USR005738,Tablet,Android,2025-02-12
DEV008546,USR005738,Tablet,iOS,2025-05-01
DEV008547,USR005738,Smart TV,Windows,2025-07-09
DEV008548,USR005739,Streaming Stick,iOS,2025-11-11
DEV008549,USR005739,Tablet,Android,2025-10-20
DEV008550,USR005740,Gaming Console,Windows,2025-09-16
DEV008551,USR005741,Mobile,iOS,2025-10-27
DEV008552,USR005741,Laptop,macOS,2025-08-18
DEV008553,USR005742,Smart TV,Windows,2025-02-27
DEV008554,USR005742,Streaming Stick,Android,2025-02-12
DEV008555,USR005743,Tablet,Android,2025-01-12
DEV008556,USR005743,Streaming Stick,Android,2025-10-03
DEV008557,USR005743,Smart TV,iOS,2025-09-15
DEV008558,USR005744,Mobile,iOS,2025-05-29
DEV008559,USR005744,Smart TV,macOS,2025-09-18
DEV008560,USR005745,Laptop,Smart TV OS,2025-02-06
DEV008561,USR005746,Smart TV,iOS,2025-07-24
DEV008562,USR005746,Smart TV,Windows,2025-05-14
DEV008563,USR005746,Gaming Console,Android,2025-06-05
DEV008564,USR005747,Tablet,Smart TV OS,2025-03-24
DEV008565,USR005748,Mobile,Android,2025-08-20
DEV008566,USR005748,Streaming Stick,macOS,2025-07-02
DEV008567,USR005749,Laptop,iOS,2025-04-30
DEV008568,USR005750,Smart TV,iOS,2025-08-14
DEV008569,USR005751,Smart TV,macOS,2025-07-11
DEV008570,USR005751,Smart TV,Android,2025-08-13
DEV008571,USR005751,Streaming Stick,Windows,2025-01-06
DEV008572,USR005752,Smart TV,Android,2025-02-01
DEV008573,USR005753,Streaming Stick,Windows,2025-05-13
DEV008574,USR005753,Mobile,Smart TV OS,2025-10-04
DEV008575,USR005754,Smart TV,Windows,2025-08-31
DEV008576,USR005755,Streaming Stick,iOS,2025-02-17
DEV008577,USR005756,Mobile,Smart TV OS,2025-04-03
DEV008578,USR005756,Mobile,iOS,2025-04-07
DEV008579,USR005757,Mobile,iOS,2025-02-13
DEV008580,USR005758,Smart TV,macOS,2025-07-26
DEV008581,USR005759,Mobile,Windows,2025-02-13
DEV008582,USR005760,Laptop,Windows,2025-09-19
DEV008583,USR005760,Mobile,macOS,2025-09-13
DEV008584,USR005760,Mobile,Android,2025-10-30
DEV008585,USR005761,Smart TV,Android,2025-03-26
DEV008586,USR005762,Mobile,Android,2025-08-05
DEV008587,USR005763,Laptop,Smart TV OS,2025-09-16
DEV008588,USR005764,Laptop,Android,2025-07-20
DEV008589,USR005765,Mobile,Android,2025-09-02
DEV008590,USR005766,Mobile,macOS,2025-01-26
DEV008591,USR005766,Mobile,Android,2025-05-17
DEV008592,USR005767,Laptop,Smart TV OS,2025-07-01
DEV008593,USR005768,Tablet,iOS,2025-03-02
DEV008594,USR005769,Smart TV,Android,2025-02-15
DEV008595,USR005770,Smart TV,iOS,2025-08-05
DEV008596,USR005770,Laptop,macOS,2025-02-27
DEV008597,USR005771,Mobile,Smart TV OS,2025-01-23
DEV008598,USR005772,Smart TV,Windows,2025-10-10
DEV008599,USR005773,Smart TV,Android,2025-04-01
DEV008600,USR005773,Streaming Stick,Smart TV OS,2025-09-07
DEV008601,USR005774,Smart TV,iOS,2025-10-11
DEV008602,USR005775,Laptop,Windows,2025-06-20
DEV008603,USR005776,Laptop,Windows,2025-07-01
DEV008604,USR005776,Smart TV,macOS,2025-02-24
DEV008605,USR005777,Laptop,Windows,2025-08-24
DEV008606,USR005777,Smart TV,Android,2025-10-25
DEV008607,USR005778,Tablet,iOS,2025-11-25
DEV008608,USR005778,Mobile,Smart TV OS,2025-07-23
DEV008609,USR005779,Smart TV,Android,2025-11-24
DEV008610,USR005780,Mobile,Windows,2025-11-06
DEV008611,USR005781,Smart TV,Windows,2025-11-24
DEV008612,USR005781,Laptop,iOS,2025-05-25
DEV008613,USR005781,Mobile,Smart TV OS,2025-11-09
DEV008614,USR005782,Smart TV,macOS,2025-10-07
DEV008615,USR005783,Smart TV,iOS,2025-05-16
DEV008616,USR005784,Laptop,iOS,2025-08-08
DEV008617,USR005784,Smart TV,iOS,2025-01-14
DEV008618,USR005784,Smart TV,Android,2025-05-17
DEV008619,USR005785,Laptop,Android,2025-06-09
DEV008620,USR005786,Tablet,macOS,2025-08-16
DEV008621,USR005787,Laptop,macOS,2025-10-15
DEV008622,USR005788,Smart TV,Android,2025-07-17
DEV008623,USR005789,Gaming Console,Smart TV OS,2025-07-02
DEV008624,USR005790,Gaming Console,Windows,2025-05-05
DEV008625,USR005791,Mobile,Android,2025-07-28
DEV008626,USR005791,Mobile,Android,2025-05-21
DEV008627,USR005792,Smart TV,macOS,2025-03-06
DEV008628,USR005793,Smart TV,macOS,2025-10-21
DEV008629,USR005794,Smart TV,Android,2025-04-24
DEV008630,USR005794,Smart TV,Smart TV OS,2025-05-17
DEV008631,USR005794,Mobile,macOS,2025-10-01
DEV008632,USR005795,Mobile,Smart TV OS,2025-09-14
DEV008633,USR005796,Streaming Stick,iOS,2025-01-22
DEV008634,USR005797,Tablet,Android,2025-03-12
DEV008635,USR005797,Gaming Console,iOS,2025-05-13
DEV008636,USR005798,Mobile,Android,2025-03-19
DEV008637,USR005799,Laptop,Android,2025-09-27
DEV008638,USR005799,Smart TV,iOS,2025-08-16
DEV008639,USR005799,Mobile,Android,2025-11-05
DEV008640,USR005800,Tablet,macOS,2025-08-06
DEV008641,USR005801,Mobile,iOS,2025-02-02
DEV008642,USR005802,Mobile,Android,2025-02-07
DEV008643,USR005803,Mobile,iOS,2025-02-27
DEV008644,USR005804,Streaming Stick,Windows,2025-05-08
DEV008645,USR005805,Tablet,Windows,2025-11-04
DEV008646,USR005806,Smart TV,macOS,2025-03-25
DEV008647,USR005806,Laptop,Android,2025-04-15
DEV008648,USR005807,Mobile,Android,2025-02-25
DEV008649,USR005807,Mobile,Windows,2025-04-30
DEV008650,USR005808,Mobile,iOS,2025-07-28
DEV008651,USR005809,Smart TV,Android,2025-06-24
DEV008652,USR005809,Mobile,iOS,2025-04-06
DEV008653,USR005810,Laptop,Android,2025-01-23
DEV008654,USR005810,Mobile,iOS,2025-05-11
DEV008655,USR005810,Mobile,Android,2025-06-14
DEV008656,USR005811,Laptop,iOS,2025-02-18
DEV008657,USR005812,Mobile,Android,2025-01-12
DEV008658,USR005813,Laptop,Windows,2025-07-04
DEV008659,USR005813,Mobile,iOS,2025-05-23
DEV008660,USR005814,Smart TV,Android,2025-09-11
DEV008661,USR005814,Gaming Console,Android,2025-03-16
DEV008662,USR005815,Mobile,iOS,2025-11-12
DEV008663,USR005816,Mobile,Windows,2025-06-12
DEV008664,USR005817,Mobile,Android,2025-04-09
DEV008665,USR005817,Smart TV,Android,2025-05-29
DEV008666,USR005818,Mobile,Smart TV OS,2025-10-18
DEV008667,USR005819,Mobile,Windows,2025-02-02
DEV008668,USR005820,Mobile,Smart TV OS,2025-09-05
DEV008669,USR005821,Mobile,macOS,2025-02-03
DEV008670,USR005821,Laptop,iOS,2025-09-22
DEV008671,USR005822,Laptop,iOS,2025-05-13
DEV008672,USR005823,Laptop,Smart TV OS,2025-10-21
DEV008673,USR005824,Streaming Stick,Android,2025-11-19
DEV008674,USR005824,Mobile,Android,2025-01-22
DEV008675,USR005825,Tablet,Windows,2025-01-02
DEV008676,USR005826,Mobile,iOS,2025-08-25
DEV008677,USR005826,Smart TV,Smart TV OS,2025-10-10
DEV008678,USR005827,Tablet,iOS,2025-05-20
DEV008679,USR005828,Smart TV,Smart TV OS,2025-05-19
DEV008680,USR005829,Mobile,iOS,2025-02-23
DEV008681,USR005830,Streaming Stick,Windows,2025-06-17
DEV008682,USR005830,Mobile,iOS,2025-11-15
DEV008683,USR005831,Mobile,Android,2025-07-21
DEV008684,USR005832,Smart TV,Android,2025-05-16
DEV008685,USR005832,Streaming Stick,Smart TV OS,2025-10-07
DEV008686,USR005833,Laptop,iOS,2025-10-03
DEV008687,USR005834,Laptop,iOS,2025-05-08
DEV008688,USR005834,Streaming Stick,Windows,2025-10-25
DEV008689,USR005835,Tablet,Android,2025-11-13
DEV008690,USR005836,Streaming Stick,Android,2025-06-09
DEV008691,USR005837,Laptop,iOS,2025-07-15
DEV008692,USR005837,Laptop,Smart TV OS,2025-10-18
DEV008693,USR005837,Mobile,Smart TV OS,2025-06-09
DEV008694,USR005838,Smart TV,Smart TV OS,2025-02-16
DEV008695,USR005838,Mobile,iOS,2025-06-17
DEV008696,USR005839,Mobile,Android,2025-05-14
DEV008697,USR005840,Laptop,Windows,2025-01-26
DEV008698,USR005840,Tablet,Smart TV OS,2025-02-26
DEV008699,USR005840,Smart TV,macOS,2025-03-05
DEV008700,USR005841,Smart TV,Windows,2025-11-03
DEV008701,USR005841,Mobile,macOS,2025-04-03
DEV008702,USR005842,Tablet,Android,2025-09-02
DEV008703,USR005843,Streaming Stick,iOS,2025-05-07
DEV008704,USR005843,Mobile,Android,2025-07-15
DEV008705,USR005843,Mobile,iOS,2025-01-23
DEV008706,USR005844,Smart TV,Windows,2025-02-06
DEV008707,USR005845,Mobile,iOS,2025-08-05
DEV008708,USR005846,Mobile,Android,2025-02-01
DEV008709,USR005846,Tablet,iOS,2025-04-27
DEV008710,USR005847,Laptop,Android,2025-10-03
DEV008711,USR005847,Smart TV,macOS,2025-10-12
DEV008712,USR005848,Laptop,Windows,2025-04-17
DEV008713,USR005848,Smart TV,iOS,2025-08-04
DEV008714,USR005849,Mobile,macOS,2025-07-30
DEV008715,USR005850,Mobile,Android,2025-03-06
DEV008716,USR005850,Mobile,Android,2025-02-21
DEV008717,USR005850,Tablet,Windows,2025-09-21
DEV008718,USR005851,Laptop,Smart TV OS,2025-06-17
DEV008719,USR005852,Gaming Console,Smart TV OS,2025-01-29
DEV008720,USR005853,Gaming Console,Smart TV OS,2025-01-04
DEV008721,USR005854,Laptop,Android,2025-11-01
DEV008722,USR005855,Smart TV,iOS,2025-10-21
DEV008723,USR005855,Tablet,Windows,2025-06-04
DEV008724,USR005856,Smart TV,Android,2025-06-02
DEV008725,USR005856,Smart TV,macOS,2025-09-29
DEV008726,USR005857,Laptop,Windows,2025-05-09
DEV008727,USR005857,Laptop,Android,2025-04-02
DEV008728,USR005857,Laptop,Smart TV OS,2025-01-25
DEV008729,USR005858,Mobile,Smart TV OS,2025-07-12
DEV008730,USR005859,Streaming Stick,iOS,2025-05-21
DEV008731,USR005859,Smart TV,Smart TV OS,2025-10-13
DEV008732,USR005859,Smart TV,macOS,2025-11-11
DEV008733,USR005860,Mobile,Windows,2025-09-12
DEV008734,USR005861,Mobile,iOS,2025-06-17
DEV008735,USR005862,Mobile,Android,2025-05-15
DEV008736,USR005862,Mobile,Smart TV OS,2025-03-24
DEV008737,USR005863,Smart TV,Android,2025-06-09
DEV008738,USR005864,Smart TV,Smart TV OS,2025-07-06
DEV008739,USR005865,Streaming Stick,macOS,2025-08-15
DEV008740,USR005866,Smart TV,Android,2025-01-15
DEV008741,USR005867,Mobile,Windows,2025-06-07
DEV008742,USR005868,Mobile,iOS,2025-04-24
DEV008743,USR005868,Smart TV,Android,2025-04-09
DEV008744,USR005869,Laptop,Android,2025-11-08
DEV008745,USR005869,Smart TV,Android,2025-01-15
DEV008746,USR005870,Mobile,Windows,2025-05-05
DEV008747,USR005871,Mobile,macOS,2025-07-09
DEV008748,USR005871,Mobile,Android,2025-05-13
DEV008749,USR005872,Mobile,Windows,2025-07-15
DEV008750,USR005872,Gaming Console,Windows,2025-03-08
DEV008751,USR005873,Gaming Console,Windows,2025-04-05
DEV008752,USR005873,Gaming Console,Android,2025-08-03
DEV008753,USR005874,Smart TV,Windows,2025-05-29
DEV008754,USR005875,Mobile,iOS,2025-07-23
DEV008755,USR005876,Mobile,iOS,2025-11-06
DEV008756,USR005876,Tablet,iOS,2025-11-08
DEV008757,USR005877,Smart TV,Android,2025-01-28
DEV008758,USR005878,Mobile,Android,2025-08-06
DEV008759,USR005879,Tablet,Smart TV OS,2025-04-06
DEV008760,USR005880,Smart TV,Smart TV OS,2025-03-19
DEV008761,USR005881,Laptop,iOS,2025-08-20
DEV008762,USR005882,Smart TV,iOS,2025-09-02
DEV008763,USR005883,Laptop,Android,2025-08-31
DEV008764,USR005883,Streaming Stick,Android,2025-06-09
DEV008765,USR005884,Smart TV,iOS,2025-06-11
DEV008766,USR005885,Mobile,iOS,2025-07-19
DEV008767,USR005885,Mobile,Windows,2025-01-15
DEV008768,USR005886,Smart TV,Smart TV OS,2025-04-01
DEV008769,USR005887,Mobile,iOS,2025-02-21
DEV008770,USR005888,Mobile,Windows,2025-09-15
DEV008771,USR005889,Smart TV,Smart TV OS,2025-05-09
DEV008772,USR005889,Smart TV,Android,2025-10-01
DEV008773,USR005890,Smart TV,macOS,2025-11-24
DEV008774,USR005890,Laptop,Android,2025-07-18
DEV008775,USR005891,Tablet,Smart TV OS,2025-01-04
DEV008776,USR005891,Smart TV,iOS,2025-10-02
DEV008777,USR005891,Mobile,iOS,2025-01-08
DEV008778,USR005892,Laptop,macOS,2025-10-29
DEV008779,USR005893,Laptop,Smart TV OS,2025-07-22
DEV008780,USR005894,Mobile,Android,2025-09-11
DEV008781,USR005895,Streaming Stick,Smart TV OS,2025-03-07
DEV008782,USR005895,Mobile,Android,2025-04-11
DEV008783,USR005895,Mobile,iOS,2025-02-10
DEV008784,USR005896,Smart TV,iOS,2025-11-01
DEV008785,USR005897,Laptop,iOS,2025-07-03
DEV008786,USR005897,Tablet,Android,2025-08-16
DEV008787,USR005898,Tablet,iOS,2025-01-07
DEV008788,USR005898,Mobile,Windows,2025-05-20
DEV008789,USR005898,Laptop,Android,2025-08-17
DEV008790,USR005899,Smart TV,Android,2025-07-29
DEV008791,USR005900,Mobile,Android,2025-03-26
DEV008792,USR005900,Tablet,Windows,2025-11-23
DEV008793,USR005901,Smart TV,Android,2025-02-08
DEV008794,USR005901,Mobile,Smart TV OS,2025-03-17
DEV008795,USR005902,Mobile,Windows,2025-03-26
DEV008796,USR005902,Smart TV,Smart TV OS,2025-01-28
DEV008797,USR005903,Tablet,macOS,2025-05-09
DEV008798,USR005904,Smart TV,iOS,2025-09-03
DEV008799,USR005905,Smart TV,Smart TV OS,2025-08-09
DEV008800,USR005906,Smart TV,macOS,2025-10-29
DEV008801,USR005907,Smart TV,macOS,2025-09-30
DEV008802,USR005907,Mobile,Android,2025-01-25
DEV008803,USR005908,Smart TV,Smart TV OS,2025-06-29
DEV008804,USR005909,Streaming Stick,macOS,2025-11-22
DEV008805,USR005909,Gaming Console,Smart TV OS,2025-03-28
DEV008806,USR005909,Laptop,Android,2025-07-08
DEV008807,USR005910,Smart TV,Android,2025-09-21
DEV008808,USR005910,Smart TV,Android,2025-03-31
DEV008809,USR005910,Smart TV,iOS,2025-06-08
DEV008810,USR005911,Gaming Console,Android,2025-10-13
DEV008811,USR005912,Smart TV,iOS,2025-04-30
DEV008812,USR005912,Laptop,Android,2025-09-15
DEV008813,USR005913,Mobile,Android,2025-05-10
DEV008814,USR005914,Smart TV,Android,2025-05-18
DEV008815,USR005915,Gaming Console,Android,2025-08-08
DEV008816,USR005916,Laptop,Android,2025-07-08
DEV008817,USR005917,Streaming Stick,Android,2025-08-28
DEV008818,USR005918,Mobile,iOS,2025-03-16
DEV008819,USR005919,Mobile,Android,2025-02-09
DEV008820,USR005919,Mobile,macOS,2025-02-27
DEV008821,USR005920,Laptop,Smart TV OS,2025-04-10
DEV008822,USR005921,Smart TV,Smart TV OS,2025-08-18
DEV008823,USR005922,Mobile,iOS,2025-10-03
DEV008824,USR005923,Mobile,Windows,2025-09-09
DEV008825,USR005923,Mobile,Smart TV OS,2025-11-14
DEV008826,USR005924,Laptop,Windows,2025-02-13
DEV008827,USR005924,Smart TV,Android,2025-08-19
DEV008828,USR005925,Laptop,iOS,2025-07-23
DEV008829,USR005926,Tablet,iOS,2025-05-05
DEV008830,USR005926,Streaming Stick,Windows,2025-05-31
DEV008831,USR005927,Tablet,Smart TV OS,2025-03-27
DEV008832,USR005927,Mobile,iOS,2025-09-08
DEV008833,USR005928,Laptop,Android,2025-04-09
DEV008834,USR005929,Smart TV,macOS,2025-10-12
DEV008835,USR005929,Smart TV,Android,2025-10-03
DEV008836,USR005930,Mobile,Smart TV OS,2025-03-28
DEV008837,USR005931,Streaming Stick,iOS,2025-09-01
DEV008838,USR005931,Tablet,Windows,2025-07-01
DEV008839,USR005932,Tablet,Android,2025-10-05
DEV008840,USR005932,Mobile,macOS,2025-02-01
DEV008841,USR005933,Smart TV,macOS,2025-02-04
DEV008842,USR005933,Laptop,macOS,2025-11-07
DEV008843,USR005934,Mobile,Android,2025-05-07
DEV008844,USR005934,Smart TV,Android,2025-01-22
DEV008845,USR005935,Mobile,Android,2025-11-22
DEV008846,USR005936,Tablet,macOS,2025-07-17
DEV008847,USR005937,Laptop,Android,2025-04-28
DEV008848,USR005937,Mobile,Windows,2025-06-16
DEV008849,USR005938,Mobile,macOS,2025-09-15
DEV008850,USR005938,Laptop,Windows,2025-03-16
DEV008851,USR005939,Smart TV,macOS,2025-04-28
DEV008852,USR005940,Smart TV,Android,2025-04-28
DEV008853,USR005941,Smart TV,macOS,2025-01-07
DEV008854,USR005941,Streaming Stick,Smart TV OS,2025-01-19
DEV008855,USR005942,Smart TV,Smart TV OS,2025-11-21
DEV008856,USR005942,Laptop,Smart TV OS,2025-02-23
DEV008857,USR005943,Mobile,Android,2025-07-22
DEV008858,USR005944,Tablet,Android,2025-09-16
DEV008859,USR005945,Smart TV,iOS,2025-02-04
DEV008860,USR005946,Laptop,Windows,2025-06-26
DEV008861,USR005946,Smart TV,iOS,2025-03-30
DEV008862,USR005947,Mobile,iOS,2025-05-11
DEV008863,USR005948,Smart TV,macOS,2025-07-04
DEV008864,USR005948,Laptop,Windows,2025-05-14
DEV008865,USR005949,Smart TV,Android,2025-01-28
DEV008866,USR005950,Smart TV,macOS,2025-04-18
DEV008867,USR005950,Mobile,iOS,2025-10-01
DEV008868,USR005951,Mobile,Android,2025-02-03
DEV008869,USR005951,Tablet,Windows,2025-09-01
DEV008870,USR005952,Gaming Console,iOS,2025-04-22
DEV008871,USR005952,Laptop,macOS,2025-08-19
DEV008872,USR005953,Tablet,iOS,2025-10-10
DEV008873,USR005953,Mobile,Android,2025-02-24
DEV008874,USR005954,Tablet,Windows,2025-06-14
DEV008875,USR005955,Smart TV,iOS,2025-11-02
DEV008876,USR005956,Mobile,Smart TV OS,2025-10-02
DEV008877,USR005957,Smart TV,Android,2025-09-15
DEV008878,USR005958,Mobile,Android,2025-05-11
DEV008879,USR005959,Mobile,Android,2025-07-17
DEV008880,USR005959,Smart TV,Android,2025-11-15
DEV008881,USR005960,Mobile,macOS,2025-08-06
DEV008882,USR005961,Mobile,Smart TV OS,2025-09-28
DEV008883,USR005961,Smart TV,Android,2025-09-21
DEV008884,USR005961,Smart TV,Smart TV OS,2025-03-21
DEV008885,USR005962,Smart TV,iOS,2025-11-03
DEV008886,USR005962,Tablet,Android,2025-02-01
DEV008887,USR005963,Smart TV,Windows,2025-06-11
DEV008888,USR005964,Smart TV,Windows,2025-03-10
DEV008889,USR005965,Laptop,Android,2025-02-23
DEV008890,USR005965,Mobile,Android,2025-05-21
DEV008891,USR005966,Mobile,macOS,2025-03-12
DEV008892,USR005966,Smart TV,Android,2025-05-10
DEV008893,USR005967,Laptop,Android,2025-01-19
DEV008894,USR005968,Tablet,iOS,2025-11-03
DEV008895,USR005968,Smart TV,Smart TV OS,2025-10-04
DEV008896,USR005969,Laptop,Smart TV OS,2025-07-15
DEV008897,USR005969,Mobile,Smart TV OS,2025-05-10
DEV008898,USR005970,Gaming Console,Windows,2025-03-09
DEV008899,USR005971,Laptop,iOS,2025-10-13
DEV008900,USR005971,Smart TV,iOS,2025-04-26
DEV008901,USR005972,Smart TV,Android,2025-03-25
DEV008902,USR005973,Mobile,Smart TV OS,2025-05-02
DEV008903,USR005974,Streaming Stick,Android,2025-02-22
DEV008904,USR005975,Gaming Console,Smart TV OS,2025-02-27
DEV008905,USR005976,Smart TV,Android,2025-10-09
DEV008906,USR005976,Mobile,Android,2025-09-13
DEV008907,USR005976,Smart TV,iOS,2025-01-16
DEV008908,USR005977,Laptop,macOS,2025-03-22
DEV008909,USR005978,Streaming Stick,iOS,2025-10-18
DEV008910,USR005978,Laptop,iOS,2025-04-18
DEV008911,USR005978,Laptop,macOS,2025-03-30
DEV008912,USR005979,Smart TV,Windows,2025-09-21
DEV008913,USR005980,Smart TV,Android,2025-10-23
DEV008914,USR005980,Mobile,Windows,2025-10-13
DEV008915,USR005980,Smart TV,iOS,2025-04-19
DEV008916,USR005981,Laptop,Smart TV OS,2025-03-04
DEV008917,USR005982,Laptop,Windows,2025-03-01
DEV008918,USR005983,Mobile,iOS,2025-04-28
DEV008919,USR005984,Smart TV,iOS,2025-01-02
DEV008920,USR005985,Smart TV,iOS,2025-09-25
DEV008921,USR005986,Laptop,Windows,2025-08-11
DEV008922,USR005987,Mobile,iOS,2025-01-24
DEV008923,USR005988,Tablet,Smart TV OS,2025-09-18
DEV008924,USR005988,Gaming Console,Android,2025-11-20
DEV008925,USR005989,Smart TV,iOS,2025-10-13
DEV008926,USR005990,Laptop,Windows,2025-09-04
DEV008927,USR005990,Streaming Stick,Windows,2025-07-17
DEV008928,USR005991,Smart TV,Android,2025-10-08
DEV008929,USR005992,Mobile,Smart TV OS,2025-06-01
DEV008930,USR005993,Laptop,Android,2025-07-16
DEV008931,USR005994,Smart TV,Windows,2025-05-28
DEV008932,USR005994,Laptop,Windows,2025-02-01
DEV008933,USR005995,Laptop,Android,2025-05-01
DEV008934,USR005995,Mobile,Windows,2025-10-11
DEV008935,USR005996,Smart TV,Smart TV OS,2025-06-13
DEV008936,USR005997,Laptop,Smart TV OS,2025-11-25
DEV008937,USR005997,Smart TV,iOS,2025-02-13
DEV008938,USR005998,Tablet,Windows,2025-01-25
DEV008939,USR005999,Mobile,Android,2025-05-22
DEV008940,USR005999,Mobile,iOS,2025-08-04
DEV008941,USR006000,Smart TV,Android,2025-10-09
DEV008942,USR006000,Tablet,Smart TV OS,2025-11-25
DEV008943,USR006001,Mobile,Android,2025-06-11
DEV008944,USR006002,Streaming Stick,Android,2025-10-29
DEV008945,USR006003,Mobile,Android,2025-02-20
DEV008946,USR006004,Smart TV,Windows,2025-04-12
DEV008947,USR006005,Smart TV,iOS,2025-01-09
DEV008948,USR006005,Smart TV,iOS,2025-08-23
DEV008949,USR006006,Mobile,macOS,2025-07-26
DEV008950,USR006006,Mobile,Android,2025-04-04
DEV008951,USR006007,Laptop,Android,2025-05-23
DEV008952,USR006008,Mobile,Android,2025-10-29
DEV008953,USR006008,Smart TV,macOS,2025-07-14
DEV008954,USR006008,Mobile,macOS,2025-08-13
DEV008955,USR006009,Mobile,iOS,2025-06-19
DEV008956,USR006009,Mobile,macOS,2025-01-11
DEV008957,USR006010,Smart TV,Smart TV OS,2025-01-24
DEV008958,USR006010,Mobile,iOS,2025-08-12
DEV008959,USR006011,Gaming Console,iOS,2025-07-19
DEV008960,USR006012,Mobile,Android,2025-02-17
DEV008961,USR006013,Streaming Stick,Smart TV OS,2025-07-21
DEV008962,USR006014,Smart TV,Smart TV OS,2025-06-03
DEV008963,USR006014,Smart TV,macOS,2025-02-14
DEV008964,USR006015,Laptop,Android,2025-04-26
DEV008965,USR006015,Smart TV,Android,2025-05-25
DEV008966,USR006016,Tablet,Windows,2025-08-17
DEV008967,USR006017,Tablet,macOS,2025-02-21
DEV008968,USR006018,Laptop,Smart TV OS,2025-10-30
DEV008969,USR006019,Smart TV,Android,2025-11-13
DEV008970,USR006020,Mobile,macOS,2025-09-25
DEV008971,USR006021,Mobile,iOS,2025-07-08
DEV008972,USR006021,Laptop,iOS,2025-10-15
DEV008973,USR006022,Gaming Console,iOS,2025-08-09
DEV008974,USR006022,Mobile,Android,2025-08-03
DEV008975,USR006023,Mobile,Android,2025-05-31
DEV008976,USR006024,Streaming Stick,macOS,2025-07-13
DEV008977,USR006025,Smart TV,Smart TV OS,2025-10-18
DEV008978,USR006026,Mobile,Android,2025-07-27
DEV008979,USR006027,Mobile,iOS,2025-11-07
DEV008980,USR006028,Smart TV,Windows,2025-01-08
DEV008981,USR006029,Smart TV,Android,2025-10-04
DEV008982,USR006030,Gaming Console,macOS,2025-10-12
DEV008983,USR006031,Streaming Stick,Android,2025-11-22
DEV008984,USR006032,Mobile,Android,2025-08-30
DEV008985,USR006033,Streaming Stick,Smart TV OS,2025-11-25
DEV008986,USR006034,Mobile,iOS,2025-11-11
DEV008987,USR006035,Gaming Console,iOS,2025-01-16
DEV008988,USR006036,Mobile,macOS,2025-10-30
DEV008989,USR006037,Tablet,Android,2025-07-05
DEV008990,USR006038,Laptop,Windows,2025-02-09
DEV008991,USR006039,Tablet,Windows,2025-07-13
DEV008992,USR006040,Gaming Console,Windows,2025-11-01
DEV008993,USR006041,Mobile,macOS,2025-01-12
DEV008994,USR006042,Smart TV,iOS,2025-03-09
DEV008995,USR006042,Mobile,iOS,2025-08-09
DEV008996,USR006042,Smart TV,Android,2025-07-03
DEV008997,USR006043,Gaming Console,Smart TV OS,2025-11-20
DEV008998,USR006044,Smart TV,iOS,2025-10-14
DEV008999,USR006045,Smart TV,macOS,2025-04-06
DEV009000,USR006045,Smart TV,Android,2025-07-14
DEV009001,USR006046,Streaming Stick,macOS,2025-02-10
DEV009002,USR006047,Tablet,macOS,2025-01-03
DEV009003,USR006048,Mobile,Windows,2025-10-20
DEV009004,USR006048,Laptop,Smart TV OS,2025-07-08
DEV009005,USR006049,Smart TV,Windows,2025-02-07
DEV009006,USR006049,Smart TV,Smart TV OS,2025-08-25
DEV009007,USR006049,Smart TV,Android,2025-07-04
DEV009008,USR006050,Smart TV,Windows,2025-06-10
DEV009009,USR006051,Tablet,iOS,2025-03-02
DEV009010,USR006051,Smart TV,iOS,2025-08-24
DEV009011,USR006051,Streaming Stick,Windows,2025-09-07
DEV009012,USR006052,Mobile,Android,2025-02-16
DEV009013,USR006053,Mobile,iOS,2025-03-12
DEV009014,USR006053,Tablet,iOS,2025-09-07
DEV009015,USR006054,Mobile,Smart TV OS,2025-11-05
DEV009016,USR006055,Laptop,Android,2025-02-08
DEV009017,USR006056,Smart TV,macOS,2025-11-27
DEV009018,USR006057,Laptop,Windows,2025-05-24
DEV009019,USR006058,Streaming Stick,macOS,2025-10-31
DEV009020,USR006059,Tablet,Smart TV OS,2025-03-12
DEV009021,USR006060,Laptop,macOS,2025-04-01
DEV009022,USR006061,Smart TV,Windows,2025-11-05
DEV009023,USR006062,Streaming Stick,Smart TV OS,2025-06-21
DEV009024,USR006062,Smart TV,Smart TV OS,2025-09-20
DEV009025,USR006062,Laptop,Android,2025-10-28
DEV009026,USR006063,Mobile,macOS,2025-01-28
DEV009027,USR006064,Mobile,iOS,2025-05-16
DEV009028,USR006064,Tablet,iOS,2025-07-07
DEV009029,USR006065,Streaming Stick,Windows,2025-03-09
DEV009030,USR006066,Smart TV,Android,2025-10-11
DEV009031,USR006067,Mobile,Smart TV OS,2025-05-31
DEV009032,USR006068,Mobile,Android,2025-01-24
DEV009033,USR006069,Laptop,Android,2025-09-16
DEV009034,USR006070,Smart TV,iOS,2025-10-23
DEV009035,USR006071,Tablet,Smart TV OS,2025-07-07
DEV009036,USR006072,Gaming Console,Android,2025-01-01
DEV009037,USR006073,Mobile,iOS,2025-01-10
DEV009038,USR006073,Smart TV,Android,2025-01-26
DEV009039,USR006074,Mobile,Android,2025-07-24
DEV009040,USR006075,Smart TV,Windows,2025-06-25
DEV009041,USR006076,Smart TV,iOS,2025-01-28
DEV009042,USR006077,Smart TV,iOS,2025-04-19
DEV009043,USR006078,Smart TV,Windows,2025-05-23
DEV009044,USR006078,Smart TV,Android,2025-08-29
DEV009045,USR006079,Smart TV,Android,2025-09-15
DEV009046,USR006079,Tablet,macOS,2025-03-25
DEV009047,USR006079,Smart TV,macOS,2025-10-14
DEV009048,USR006080,Mobile,iOS,2025-05-24
DEV009049,USR006080,Mobile,Android,2025-01-03
DEV009050,USR006081,Smart TV,Windows,2025-09-06
DEV009051,USR006082,Laptop,macOS,2025-09-22
DEV009052,USR006083,Gaming Console,iOS,2025-05-15
DEV009053,USR006084,Mobile,macOS,2025-05-04
DEV009054,USR006084,Mobile,Smart TV OS,2025-02-16
DEV009055,USR006085,Mobile,Android,2025-08-03
DEV009056,USR006086,Smart TV,macOS,2025-10-05
DEV009057,USR006087,Mobile,Windows,2025-07-11
DEV009058,USR006087,Laptop,Windows,2025-01-04
DEV009059,USR006087,Smart TV,iOS,2025-09-04
DEV009060,USR006088,Mobile,Smart TV OS,2025-06-29
DEV009061,USR006089,Smart TV,Android,2025-11-25
DEV009062,USR006089,Mobile,iOS,2025-01-31
DEV009063,USR006089,Laptop,Windows,2025-02-16
DEV009064,USR006090,Laptop,Windows,2025-07-10
DEV009065,USR006091,Gaming Console,Windows,2025-11-09
DEV009066,USR006091,Mobile,Android,2025-04-02
DEV009067,USR006091,Smart TV,Smart TV OS,2025-08-26
DEV009068,USR006092,Gaming Console,Android,2025-02-25
DEV009069,USR006092,Smart TV,Smart TV OS,2025-02-14
DEV009070,USR006093,Smart TV,Android,2025-08-07
DEV009071,USR006094,Streaming Stick,macOS,2025-01-23
DEV009072,USR006095,Laptop,Android,2025-04-27
DEV009073,USR006095,Laptop,Android,2025-08-14
DEV009074,USR006096,Tablet,Windows,2025-10-19
DEV009075,USR006097,Laptop,iOS,2025-01-23
DEV009076,USR006098,Mobile,Android,2025-02-06
DEV009077,USR006099,Gaming Console,Android,2025-10-31
DEV009078,USR006099,Mobile,macOS,2025-06-10
DEV009079,USR006100,Laptop,Smart TV OS,2025-01-03
DEV009080,USR006100,Laptop,iOS,2025-09-05
DEV009081,USR006101,Tablet,Smart TV OS,2025-02-14
DEV009082,USR006102,Laptop,Android,2025-10-21
DEV009083,USR006102,Laptop,Android,2025-06-09
DEV009084,USR006103,Mobile,Android,2025-06-17
DEV009085,USR006104,Smart TV,Android,2025-04-27
DEV009086,USR006104,Tablet,Windows,2025-11-27
DEV009087,USR006105,Smart TV,iOS,2025-10-18
DEV009088,USR006106,Tablet,iOS,2025-07-31
DEV009089,USR006107,Gaming Console,Smart TV OS,2025-10-21
DEV009090,USR006108,Smart TV,iOS,2025-07-31
DEV009091,USR006109,Mobile,Smart TV OS,2025-11-01
DEV009092,USR006110,Mobile,Android,2025-08-30
DEV009093,USR006111,Mobile,iOS,2025-07-31
DEV009094,USR006111,Smart TV,iOS,2025-02-15
DEV009095,USR006112,Smart TV,Smart TV OS,2025-09-21
DEV009096,USR006112,Laptop,Smart TV OS,2025-03-14
DEV009097,USR006112,Tablet,iOS,2025-08-31
DEV009098,USR006113,Mobile,Windows,2025-06-09
DEV009099,USR006114,Mobile,Android,2025-02-12
DEV009100,USR006114,Laptop,Smart TV OS,2025-04-20
DEV009101,USR006115,Streaming Stick,Windows,2025-02-06
DEV009102,USR006115,Mobile,iOS,2025-01-19
DEV009103,USR006116,Mobile,Smart TV OS,2025-01-24
DEV009104,USR006117,Mobile,Android,2025-10-15
DEV009105,USR006118,Mobile,macOS,2025-07-26
DEV009106,USR006118,Smart TV,Windows,2025-04-24
DEV009107,USR006119,Smart TV,Windows,2025-02-05
DEV009108,USR006119,Mobile,iOS,2025-08-28
DEV009109,USR006120,Laptop,iOS,2025-04-20
DEV009110,USR006120,Laptop,Smart TV OS,2025-07-04
DEV009111,USR006121,Mobile,Android,2025-09-26
DEV009112,USR006122,Mobile,Android,2025-05-04
DEV009113,USR006122,Mobile,Windows,2025-06-22
DEV009114,USR006123,Mobile,Windows,2025-03-19
DEV009115,USR006123,Mobile,iOS,2025-08-04
DEV009116,USR006124,Mobile,Android,2025-07-27
DEV009117,USR006125,Mobile,Smart TV OS,2025-10-07
DEV009118,USR006125,Mobile,Windows,2025-08-11
DEV009119,USR006126,Smart TV,Android,2025-08-08
DEV009120,USR006127,Gaming Console,Android,2025-10-29
DEV009121,USR006128,Tablet,Smart TV OS,2025-05-09
DEV009122,USR006129,Mobile,Android,2025-10-05
DEV009123,USR006129,Mobile,Smart TV OS,2025-09-15
DEV009124,USR006130,Streaming Stick,Smart TV OS,2025-06-05
DEV009125,USR006131,Tablet,Android,2025-06-12
DEV009126,USR006131,Mobile,iOS,2025-04-27
DEV009127,USR006131,Mobile,Windows,2025-07-15
DEV009128,USR006132,Mobile,Windows,2025-11-19
DEV009129,USR006132,Smart TV,macOS,2025-06-02
DEV009130,USR006132,Mobile,Android,2025-07-27
DEV009131,USR006133,Laptop,Android,2025-10-04
DEV009132,USR006133,Laptop,Windows,2025-01-25
DEV009133,USR006134,Gaming Console,Android,2025-01-28
DEV009134,USR006135,Streaming Stick,iOS,2025-08-16
DEV009135,USR006136,Smart TV,macOS,2025-01-26
DEV009136,USR006136,Gaming Console,macOS,2025-07-21
DEV009137,USR006136,Laptop,Android,2025-07-04
DEV009138,USR006137,Mobile,Android,2025-06-21
DEV009139,USR006138,Mobile,iOS,2025-07-06
DEV009140,USR006139,Laptop,Android,2025-03-23
DEV009141,USR006139,Streaming Stick,iOS,2025-04-16
DEV009142,USR006139,Mobile,Android,2025-10-17
DEV009143,USR006140,Laptop,iOS,2025-01-05
DEV009144,USR006141,Streaming Stick,Smart TV OS,2025-10-04
DEV009145,USR006142,Mobile,macOS,2025-06-16
DEV009146,USR006142,Mobile,iOS,2025-02-24
DEV009147,USR006142,Laptop,macOS,2025-01-22
DEV009148,USR006143,Laptop,Smart TV OS,2025-06-08
DEV009149,USR006144,Smart TV,iOS,2025-11-04
DEV009150,USR006144,Mobile,macOS,2025-02-22
DEV009151,USR006145,Mobile,Android,2025-02-21
DEV009152,USR006145,Streaming Stick,Android,2025-02-12
DEV009153,USR006146,Streaming Stick,Windows,2025-08-25
DEV009154,USR006146,Laptop,iOS,2025-09-17
DEV009155,USR006146,Streaming Stick,macOS,2025-07-18
DEV009156,USR006147,Smart TV,Smart TV OS,2025-01-10
DEV009157,USR006148,Mobile,macOS,2025-06-01
DEV009158,USR006149,Smart TV,Android,2025-08-16
DEV009159,USR006149,Tablet,macOS,2025-07-19
DEV009160,USR006150,Smart TV,Android,2025-04-01
DEV009161,USR006151,Mobile,iOS,2025-01-13
DEV009162,USR006152,Mobile,Smart TV OS,2025-11-14
DEV009163,USR006153,Mobile,Android,2025-04-30
DEV009164,USR006154,Laptop,Smart TV OS,2025-05-18
DEV009165,USR006155,Laptop,Smart TV OS,2025-02-12
DEV009166,USR006155,Mobile,Android,2025-04-01
DEV009167,USR006156,Gaming Console,Smart TV OS,2025-02-12
DEV009168,USR006156,Mobile,iOS,2025-03-11
DEV009169,USR006156,Laptop,iOS,2025-04-04
DEV009170,USR006157,Smart TV,Android,2025-06-10
DEV009171,USR006158,Laptop,Windows,2025-10-17
DEV009172,USR006158,Streaming Stick,Android,2025-07-02
DEV009173,USR006159,Tablet,Android,2025-01-31
DEV009174,USR006159,Smart TV,Smart TV OS,2025-01-06
DEV009175,USR006160,Smart TV,Windows,2025-08-02
DEV009176,USR006161,Laptop,iOS,2025-01-26
DEV009177,USR006161,Mobile,iOS,2025-02-10
DEV009178,USR006162,Laptop,Android,2025-06-22
DEV009179,USR006163,Gaming Console,Windows,2025-04-04
DEV009180,USR006164,Mobile,Android,2025-06-27
DEV009181,USR006164,Mobile,Android,2025-10-29
DEV009182,USR006165,Laptop,Windows,2025-11-21
DEV009183,USR006166,Mobile,iOS,2025-06-23
DEV009184,USR006166,Mobile,Windows,2025-01-17
DEV009185,USR006167,Smart TV,iOS,2025-01-23
DEV009186,USR006168,Tablet,Android,2025-09-10
DEV009187,USR006168,Tablet,iOS,2025-02-21
DEV009188,USR006168,Mobile,iOS,2025-08-15
DEV009189,USR006169,Laptop,iOS,2025-03-08
DEV009190,USR006169,Mobile,Android,2025-08-26
DEV009191,USR006170,Gaming Console,macOS,2025-01-26
DEV009192,USR006171,Mobile,Android,2025-10-30
DEV009193,USR006171,Streaming Stick,Android,2025-07-07
DEV009194,USR006171,Smart TV,Android,2025-11-26
DEV009195,USR006172,Smart TV,Android,2025-04-29
DEV009196,USR006173,Laptop,Android,2025-02-03
DEV009197,USR006173,Mobile,Windows,2025-01-25
DEV009198,USR006174,Laptop,Android,2025-07-21
DEV009199,USR006175,Mobile,Smart TV OS,2025-11-15
DEV009200,USR006176,Mobile,Windows,2025-06-05
DEV009201,USR006177,Gaming Console,iOS,2025-01-07
DEV009202,USR006177,Mobile,macOS,2025-04-15
DEV009203,USR006178,Mobile,Android,2025-10-24
DEV009204,USR006178,Smart TV,macOS,2025-03-02
DEV009205,USR006179,Mobile,iOS,2025-06-28
DEV009206,USR006180,Smart TV,Smart TV OS,2025-01-17
DEV009207,USR006181,Smart TV,Smart TV OS,2025-08-08
DEV009208,USR006181,Laptop,macOS,2025-01-24
DEV009209,USR006182,Mobile,Android,2025-05-26
DEV009210,USR006183,Smart TV,macOS,2025-10-05
DEV009211,USR006184,Mobile,iOS,2025-11-11
DEV009212,USR006185,Mobile,Windows,2025-04-24
DEV009213,USR006185,Smart TV,Smart TV OS,2025-06-22
DEV009214,USR006186,Streaming Stick,Android,2025-11-12
DEV009215,USR006186,Laptop,iOS,2025-03-31
DEV009216,USR006187,Smart TV,iOS,2025-07-03
DEV009217,USR006187,Laptop,Windows,2025-06-27
DEV009218,USR006187,Mobile,iOS,2025-05-05
DEV009219,USR006188,Mobile,iOS,2025-10-18
DEV009220,USR006188,Smart TV,Smart TV OS,2025-06-24
DEV009221,USR006189,Gaming Console,macOS,2025-07-05
DEV009222,USR006190,Smart TV,Windows,2025-01-18
DEV009223,USR006191,Streaming Stick,Windows,2025-09-07
DEV009224,USR006192,Laptop,iOS,2025-10-23
DEV009225,USR006193,Tablet,Android,2025-01-10
DEV009226,USR006194,Laptop,Android,2025-08-08
DEV009227,USR006195,Laptop,iOS,2025-10-08
DEV009228,USR006195,Laptop,Android,2025-01-31
DEV009229,USR006195,Gaming Console,macOS,2025-02-07
DEV009230,USR006196,Laptop,Windows,2025-08-13
DEV009231,USR006197,Tablet,Windows,2025-01-23
DEV009232,USR006198,Mobile,Android,2025-05-04
DEV009233,USR006198,Mobile,Windows,2025-09-03
DEV009234,USR006199,Mobile,macOS,2025-03-06
DEV009235,USR006200,Mobile,iOS,2025-04-22
DEV009236,USR006200,Streaming Stick,Android,2025-04-10
DEV009237,USR006201,Smart TV,Android,2025-05-28
DEV009238,USR006202,Smart TV,Android,2025-07-11
DEV009239,USR006203,Mobile,Windows,2025-01-11
DEV009240,USR006203,Laptop,Android,2025-01-02
DEV009241,USR006204,Mobile,macOS,2025-08-23
DEV009242,USR006205,Mobile,Android,2025-03-22
DEV009243,USR006206,Laptop,iOS,2025-01-05
DEV009244,USR006207,Laptop,Smart TV OS,2025-11-21
DEV009245,USR006208,Smart TV,Windows,2025-01-06
DEV009246,USR006209,Mobile,iOS,2025-04-19
DEV009247,USR006210,Smart TV,Smart TV OS,2025-06-10
DEV009248,USR006210,Tablet,Smart TV OS,2025-05-11
DEV009249,USR006210,Laptop,Windows,2025-03-08
DEV009250,USR006211,Smart TV,iOS,2025-04-05
DEV009251,USR006211,Mobile,Android,2025-05-27
DEV009252,USR006212,Tablet,Windows,2025-10-03
DEV009253,USR006213,Laptop,Windows,2025-10-26
DEV009254,USR006214,Smart TV,macOS,2025-04-06
DEV009255,USR006215,Tablet,iOS,2025-10-21
DEV009256,USR006215,Tablet,iOS,2025-03-18
DEV009257,USR006216,Laptop,Windows,2025-04-24
DEV009258,USR006217,Streaming Stick,Windows,2025-02-18
DEV009259,USR006218,Smart TV,Android,2025-01-17
DEV009260,USR006219,Mobile,iOS,2025-11-26
DEV009261,USR006220,Laptop,Android,2025-08-04
DEV009262,USR006220,Mobile,Windows,2025-01-24
DEV009263,USR006221,Laptop,macOS,2025-01-03
DEV009264,USR006222,Laptop,macOS,2025-10-04
DEV009265,USR006222,Tablet,Android,2025-10-12
DEV009266,USR006223,Mobile,Android,2025-09-19
DEV009267,USR006223,Smart TV,iOS,2025-05-10
DEV009268,USR006224,Gaming Console,Android,2025-03-19
DEV009269,USR006225,Mobile,Smart TV OS,2025-03-01
DEV009270,USR006225,Smart TV,Android,2025-02-15
DEV009271,USR006226,Mobile,Windows,2025-08-16
DEV009272,USR006227,Laptop,Android,2025-03-11
DEV009273,USR006228,Streaming Stick,Android,2025-01-04
DEV009274,USR006228,Streaming Stick,Android,2025-05-25
DEV009275,USR006229,Mobile,Windows,2025-06-21
DEV009276,USR006229,Streaming Stick,Android,2025-08-22
DEV009277,USR006230,Streaming Stick,Smart TV OS,2025-10-16
DEV009278,USR006231,Gaming Console,iOS,2025-10-06
DEV009279,USR006232,Smart TV,Windows,2025-10-17
DEV009280,USR006233,Tablet,iOS,2025-02-14
DEV009281,USR006233,Tablet,Windows,2025-03-29
DEV009282,USR006234,Mobile,iOS,2025-10-31
DEV009283,USR006235,Laptop,iOS,2025-06-09
DEV009284,USR006235,Mobile,Android,2025-03-27
DEV009285,USR006236,Tablet,Windows,2025-04-29
DEV009286,USR006237,Laptop,Smart TV OS,2025-05-04
DEV009287,USR006237,Smart TV,Windows,2025-08-03
DEV009288,USR006237,Mobile,Android,2025-04-02
DEV009289,USR006238,Mobile,Smart TV OS,2025-03-14
DEV009290,USR006238,Gaming Console,Smart TV OS,2025-08-23
DEV009291,USR006239,Mobile,Windows,2025-09-24
DEV009292,USR006240,Smart TV,Android,2025-05-11
DEV009293,USR006241,Smart TV,Android,2025-08-26
DEV009294,USR006242,Streaming Stick,iOS,2025-11-02
DEV009295,USR006242,Mobile,Android,2025-03-06
DEV009296,USR006243,Tablet,Android,2025-08-16
DEV009297,USR006244,Tablet,Android,2025-06-26
DEV009298,USR006245,Mobile,iOS,2025-04-26
DEV009299,USR006245,Streaming Stick,Smart TV OS,2025-10-09
DEV009300,USR006246,Tablet,Windows,2025-04-07
DEV009301,USR006247,Mobile,Android,2025-03-28
DEV009302,USR006248,Laptop,Windows,2025-11-08
DEV009303,USR006249,Streaming Stick,Windows,2025-03-29
DEV009304,USR006249,Tablet,iOS,2025-02-04
DEV009305,USR006250,Mobile,Smart TV OS,2025-09-26
DEV009306,USR006251,Laptop,Smart TV OS,2025-09-25
DEV009307,USR006251,Smart TV,Android,2025-10-21
DEV009308,USR006252,Mobile,macOS,2025-01-03
DEV009309,USR006252,Mobile,Android,2025-07-07
DEV009310,USR006253,Mobile,Android,2025-08-11
DEV009311,USR006254,Laptop,iOS,2025-02-27
DEV009312,USR006255,Laptop,iOS,2025-04-19
DEV009313,USR006256,Streaming Stick,Android,2025-06-20
DEV009314,USR006257,Mobile,Windows,2025-02-11
DEV009315,USR006258,Laptop,Android,2025-06-10
DEV009316,USR006258,Mobile,Android,2025-10-19
DEV009317,USR006259,Smart TV,Windows,2025-08-29
DEV009318,USR006259,Gaming Console,Windows,2025-03-27
DEV009319,USR006260,Tablet,Android,2025-02-18
DEV009320,USR006260,Laptop,Windows,2025-07-15
DEV009321,USR006261,Smart TV,Windows,2025-01-23
DEV009322,USR006262,Laptop,Smart TV OS,2025-06-23
DEV009323,USR006262,Smart TV,Windows,2025-05-02
DEV009324,USR006263,Mobile,Windows,2025-11-06
DEV009325,USR006264,Smart TV,iOS,2025-02-04
DEV009326,USR006264,Laptop,Android,2025-10-08
DEV009327,USR006265,Smart TV,Windows,2025-11-08
DEV009328,USR006265,Laptop,Android,2025-03-21
DEV009329,USR006265,Laptop,iOS,2025-09-18
DEV009330,USR006266,Smart TV,Android,2025-09-03
DEV009331,USR006266,Tablet,iOS,2025-03-30
DEV009332,USR006267,Smart TV,Windows,2025-05-22
DEV009333,USR006267,Mobile,Android,2025-06-19
DEV009334,USR006268,Gaming Console,Windows,2025-06-09
DEV009335,USR006268,Smart TV,Android,2025-01-28
DEV009336,USR006268,Mobile,Smart TV OS,2025-02-19
DEV009337,USR006269,Mobile,Smart TV OS,2025-03-12
DEV009338,USR006269,Laptop,Android,2025-03-28
DEV009339,USR006269,Smart TV,Smart TV OS,2025-09-02
DEV009340,USR006270,Tablet,Windows,2025-01-28
DEV009341,USR006271,Gaming Console,Smart TV OS,2025-04-20
DEV009342,USR006272,Smart TV,Windows,2025-10-02
DEV009343,USR006272,Smart TV,Smart TV OS,2025-03-07
DEV009344,USR006273,Smart TV,Windows,2025-04-28
DEV009345,USR006273,Laptop,Android,2025-03-11
DEV009346,USR006274,Streaming Stick,Windows,2025-03-21
DEV009347,USR006274,Streaming Stick,iOS,2025-01-31
DEV009348,USR006275,Tablet,macOS,2025-05-23
DEV009349,USR006276,Laptop,iOS,2025-05-23
DEV009350,USR006277,Streaming Stick,macOS,2025-03-09
DEV009351,USR006277,Smart TV,iOS,2025-09-26
DEV009352,USR006278,Smart TV,Android,2025-02-03
DEV009353,USR006278,Smart TV,Android,2025-08-04
DEV009354,USR006279,Mobile,Smart TV OS,2025-07-04
DEV009355,USR006279,Laptop,Smart TV OS,2025-10-23
DEV009356,USR006279,Smart TV,Windows,2025-11-05
DEV009357,USR006280,Mobile,Android,2025-01-06
DEV009358,USR006280,Smart TV,Android,2025-03-06
DEV009359,USR006281,Smart TV,Android,2025-01-07
DEV009360,USR006281,Mobile,Smart TV OS,2025-03-07
DEV009361,USR006282,Laptop,Windows,2025-04-17
DEV009362,USR006283,Mobile,Windows,2025-05-22
DEV009363,USR006283,Laptop,macOS,2025-03-18
DEV009364,USR006283,Smart TV,Android,2025-04-23
DEV009365,USR006284,Smart TV,iOS,2025-03-08
DEV009366,USR006284,Smart TV,macOS,2025-08-13
DEV009367,USR006285,Mobile,Smart TV OS,2025-03-07
DEV009368,USR006286,Laptop,iOS,2025-02-22
DEV009369,USR006286,Gaming Console,macOS,2025-05-05
DEV009370,USR006287,Laptop,macOS,2025-04-10
DEV009371,USR006288,Mobile,Android,2025-03-08
DEV009372,USR006289,Mobile,iOS,2025-08-02
DEV009373,USR006290,Smart TV,iOS,2025-01-25
DEV009374,USR006291,Streaming Stick,Android,2025-07-22
DEV009375,USR006292,Laptop,Smart TV OS,2025-01-30
DEV009376,USR006293,Laptop,Android,2025-11-01
DEV009377,USR006294,Mobile,Windows,2025-08-14
DEV009378,USR006295,Smart TV,Android,2025-07-02
DEV009379,USR006296,Laptop,macOS,2025-10-27
DEV009380,USR006297,Gaming Console,Android,2025-10-03
DEV009381,USR006298,Mobile,Windows,2025-02-06
DEV009382,USR006299,Laptop,Windows,2025-03-24
DEV009383,USR006299,Tablet,iOS,2025-11-03
DEV009384,USR006300,Mobile,Android,2025-02-07
DEV009385,USR006301,Smart TV,Android,2025-07-13
DEV009386,USR006302,Laptop,Android,2025-01-21
DEV009387,USR006302,Laptop,Android,2025-03-23
DEV009388,USR006303,Mobile,Android,2025-09-29
DEV009389,USR006304,Laptop,iOS,2025-01-15
DEV009390,USR006305,Smart TV,Windows,2025-10-05
DEV009391,USR006306,Gaming Console,Android,2025-02-04
DEV009392,USR006306,Laptop,Windows,2025-11-14
DEV009393,USR006307,Tablet,iOS,2025-03-25
DEV009394,USR006308,Laptop,Android,2025-02-11
DEV009395,USR006309,Smart TV,Windows,2025-04-14
DEV009396,USR006309,Mobile,iOS,2025-03-02
DEV009397,USR006310,Streaming Stick,Android,2025-01-08
DEV009398,USR006311,Smart TV,iOS,2025-07-07
DEV009399,USR006312,Mobile,Windows,2025-07-08
DEV009400,USR006313,Mobile,Android,2025-08-02
DEV009401,USR006313,Tablet,Android,2025-07-21
DEV009402,USR006313,Smart TV,Android,2025-08-24
DEV009403,USR006314,Mobile,Windows,2025-01-21
DEV009404,USR006314,Smart TV,Windows,2025-07-16
DEV009405,USR006314,Smart TV,Windows,2025-04-30
DEV009406,USR006315,Mobile,iOS,2025-03-20
DEV009407,USR006315,Streaming Stick,iOS,2025-02-13
DEV009408,USR006316,Mobile,Android,2025-07-21
DEV009409,USR006317,Mobile,Android,2025-01-31
DEV009410,USR006318,Smart TV,iOS,2025-05-27
DEV009411,USR006319,Smart TV,Windows,2025-05-11
DEV009412,USR006319,Mobile,Android,2025-06-03
DEV009413,USR006320,Smart TV,Windows,2025-08-14
DEV009414,USR006320,Smart TV,Smart TV OS,2025-08-09
DEV009415,USR006321,Mobile,Windows,2025-04-11
DEV009416,USR006322,Streaming Stick,Smart TV OS,2025-11-06
DEV009417,USR006322,Streaming Stick,iOS,2025-04-07
DEV009418,USR006323,Smart TV,Smart TV OS,2025-10-18
DEV009419,USR006323,Smart TV,iOS,2025-08-02
DEV009420,USR006324,Smart TV,Smart TV OS,2025-06-04
DEV009421,USR006325,Streaming Stick,macOS,2025-07-12
DEV009422,USR006325,Mobile,macOS,2025-03-27
DEV009423,USR006326,Smart TV,macOS,2025-03-08
DEV009424,USR006327,Gaming Console,Android,2025-07-17
DEV009425,USR006327,Mobile,Windows,2025-03-10
DEV009426,USR006328,Mobile,Android,2025-03-02
DEV009427,USR006329,Mobile,Windows,2025-03-17
DEV009428,USR006330,Mobile,Windows,2025-07-30
DEV009429,USR006331,Smart TV,iOS,2025-06-25
DEV009430,USR006331,Streaming Stick,Smart TV OS,2025-10-12
DEV009431,USR006332,Mobile,iOS,2025-05-17
DEV009432,USR006332,Mobile,Android,2025-03-19
DEV009433,USR006333,Smart TV,Android,2025-09-21
DEV009434,USR006334,Gaming Console,Android,2025-11-22
DEV009435,USR006334,Mobile,Android,2025-01-21
DEV009436,USR006335,Smart TV,macOS,2025-09-10
DEV009437,USR006336,Laptop,Android,2025-11-01
DEV009438,USR006336,Mobile,iOS,2025-11-13
DEV009439,USR006336,Mobile,Android,2025-02-20
DEV009440,USR006337,Streaming Stick,Windows,2025-07-28
DEV009441,USR006337,Mobile,Android,2025-03-17
DEV009442,USR006338,Mobile,Smart TV OS,2025-06-09
DEV009443,USR006338,Smart TV,Windows,2025-02-13
DEV009444,USR006339,Mobile,macOS,2025-10-20
DEV009445,USR006339,Mobile,Smart TV OS,2025-07-14
DEV009446,USR006340,Smart TV,iOS,2025-04-13
DEV009447,USR006341,Mobile,Smart TV OS,2025-05-03
DEV009448,USR006342,Smart TV,Android,2025-05-25
DEV009449,USR006342,Mobile,Windows,2025-08-24
DEV009450,USR006343,Mobile,Windows,2025-04-06
DEV009451,USR006343,Streaming Stick,Windows,2025-07-07
DEV009452,USR006343,Mobile,Windows,2025-01-30
DEV009453,USR006344,Smart TV,Android,2025-05-01
DEV009454,USR006345,Laptop,macOS,2025-05-14
DEV009455,USR006346,Gaming Console,Smart TV OS,2025-01-18
DEV009456,USR006346,Streaming Stick,Smart TV OS,2025-05-04
DEV009457,USR006346,Laptop,Smart TV OS,2025-02-09
DEV009458,USR006347,Smart TV,Android,2025-07-07
DEV009459,USR006348,Tablet,macOS,2025-09-28
DEV009460,USR006348,Mobile,Android,2025-09-13
DEV009461,USR006349,Smart TV,Android,2025-07-11
DEV009462,USR006350,Mobile,Smart TV OS,2025-05-17
DEV009463,USR006350,Smart TV,iOS,2025-07-09
DEV009464,USR006350,Mobile,Windows,2025-08-28
DEV009465,USR006351,Mobile,macOS,2025-07-19
DEV009466,USR006351,Smart TV,Android,2025-10-16
DEV009467,USR006352,Laptop,Smart TV OS,2025-09-13
DEV009468,USR006352,Tablet,macOS,2025-06-19
DEV009469,USR006353,Smart TV,macOS,2025-07-25
DEV009470,USR006353,Mobile,Android,2025-10-28
DEV009471,USR006354,Gaming Console,Smart TV OS,2025-05-18
DEV009472,USR006354,Mobile,Android,2025-11-22
DEV009473,USR006355,Streaming Stick,iOS,2025-04-13
DEV009474,USR006356,Streaming Stick,iOS,2025-05-03
DEV009475,USR006357,Mobile,Smart TV OS,2025-10-16
DEV009476,USR006358,Smart TV,Smart TV OS,2025-05-19
DEV009477,USR006359,Smart TV,Windows,2025-11-01
DEV009478,USR006360,Mobile,Windows,2025-07-15
DEV009479,USR006360,Mobile,macOS,2025-02-02
DEV009480,USR006361,Tablet,Windows,2025-05-24
DEV009481,USR006362,Smart TV,Android,2025-04-01
DEV009482,USR006363,Laptop,Android,2025-07-09
DEV009483,USR006364,Smart TV,Android,2025-01-05
DEV009484,USR006365,Smart TV,Windows,2025-11-13
DEV009485,USR006366,Gaming Console,Windows,2025-06-06
DEV009486,USR006366,Laptop,Windows,2025-09-18
DEV009487,USR006367,Smart TV,Windows,2025-06-24
DEV009488,USR006368,Tablet,macOS,2025-07-24
DEV009489,USR006369,Mobile,Android,2025-06-15
DEV009490,USR006370,Laptop,Windows,2025-07-10
DEV009491,USR006370,Streaming Stick,Android,2025-10-22
DEV009492,USR006371,Gaming Console,Android,2025-06-04
DEV009493,USR006372,Mobile,iOS,2025-04-04
DEV009494,USR006372,Smart TV,macOS,2025-02-27
DEV009495,USR006373,Smart TV,macOS,2025-05-03
DEV009496,USR006373,Mobile,Android,2025-01-07
DEV009497,USR006374,Mobile,Android,2025-05-22
DEV009498,USR006375,Smart TV,Smart TV OS,2025-07-08
DEV009499,USR006376,Streaming Stick,Android,2025-10-29
DEV009500,USR006376,Smart TV,iOS,2025-03-02
DEV009501,USR006377,Laptop,Android,2025-07-17
DEV009502,USR006378,Smart TV,Smart TV OS,2025-05-27
DEV009503,USR006379,Mobile,Smart TV OS,2025-05-16
DEV009504,USR006380,Mobile,Android,2025-10-26
DEV009505,USR006380,Smart TV,Windows,2025-04-11
DEV009506,USR006381,Mobile,iOS,2025-03-22
DEV009507,USR006382,Mobile,Smart TV OS,2025-03-01
DEV009508,USR006382,Laptop,Windows,2025-06-04
DEV009509,USR006382,Mobile,Android,2025-06-12
DEV009510,USR006383,Laptop,Windows,2025-04-20
DEV009511,USR006383,Tablet,iOS,2025-01-29
DEV009512,USR006384,Mobile,Smart TV OS,2025-07-31
DEV009513,USR006385,Mobile,Windows,2025-08-23
DEV009514,USR006386,Mobile,Windows,2025-01-10
DEV009515,USR006387,Tablet,Windows,2025-11-27
DEV009516,USR006388,Mobile,iOS,2025-03-04
DEV009517,USR006388,Laptop,macOS,2025-09-11
DEV009518,USR006389,Smart TV,iOS,2025-07-02
DEV009519,USR006389,Streaming Stick,iOS,2025-03-27
DEV009520,USR006389,Streaming Stick,Android,2025-03-14
DEV009521,USR006390,Smart TV,iOS,2025-02-10
DEV009522,USR006390,Smart TV,Windows,2025-07-08
DEV009523,USR006390,Mobile,Smart TV OS,2025-10-09
DEV009524,USR006391,Laptop,Android,2025-10-13
DEV009525,USR006392,Tablet,Windows,2025-03-22
DEV009526,USR006393,Smart TV,Android,2025-05-24
DEV009527,USR006394,Laptop,Windows,2025-04-01
DEV009528,USR006394,Mobile,iOS,2025-08-10
DEV009529,USR006395,Tablet,macOS,2025-09-16
DEV009530,USR006395,Streaming Stick,macOS,2025-08-24
DEV009531,USR006396,Gaming Console,Android,2025-09-13
DEV009532,USR006397,Mobile,iOS,2025-09-12
DEV009533,USR006398,Mobile,Smart TV OS,2025-03-25
DEV009534,USR006399,Tablet,Android,2025-01-13
DEV009535,USR006399,Mobile,Android,2025-09-28
DEV009536,USR006400,Laptop,iOS,2025-06-24
DEV009537,USR006401,Mobile,iOS,2025-03-17
DEV009538,USR006401,Smart TV,Android,2025-04-24
DEV009539,USR006402,Laptop,macOS,2025-08-25
DEV009540,USR006402,Tablet,Android,2025-08-20
DEV009541,USR006403,Tablet,macOS,2025-08-09
DEV009542,USR006404,Mobile,iOS,2025-06-15
DEV009543,USR006405,Tablet,Android,2025-04-10
DEV009544,USR006406,Gaming Console,iOS,2025-02-27
DEV009545,USR006407,Smart TV,macOS,2025-02-01
DEV009546,USR006408,Mobile,Windows,2025-01-24
DEV009547,USR006408,Smart TV,iOS,2025-11-19
DEV009548,USR006409,Smart TV,iOS,2025-03-20
DEV009549,USR006409,Smart TV,Android,2025-08-13
DEV009550,USR006410,Smart TV,Android,2025-02-02
DEV009551,USR006410,Mobile,Smart TV OS,2025-01-13
DEV009552,USR006410,Mobile,Smart TV OS,2025-07-08
DEV009553,USR006411,Mobile,Android,2025-09-23
DEV009554,USR006412,Smart TV,iOS,2025-01-24
DEV009555,USR006412,Gaming Console,macOS,2025-01-19
DEV009556,USR006413,Smart TV,Android,2025-03-19
DEV009557,USR006414,Laptop,Smart TV OS,2025-04-02
DEV009558,USR006415,Mobile,macOS,2025-02-03
DEV009559,USR006415,Mobile,Android,2025-06-08
DEV009560,USR006416,Mobile,Windows,2025-08-26
DEV009561,USR006417,Laptop,iOS,2025-04-10
DEV009562,USR006417,Laptop,Android,2025-03-03
DEV009563,USR006418,Smart TV,Windows,2025-11-06
DEV009564,USR006419,Smart TV,iOS,2025-10-21
DEV009565,USR006420,Mobile,Android,2025-03-05
DEV009566,USR006420,Mobile,Smart TV OS,2025-04-22
DEV009567,USR006421,Streaming Stick,macOS,2025-09-28
DEV009568,USR006421,Mobile,iOS,2025-11-18
DEV009569,USR006422,Smart TV,macOS,2025-09-11
DEV009570,USR006422,Streaming Stick,Windows,2025-03-26
DEV009571,USR006423,Gaming Console,Windows,2025-04-12
DEV009572,USR006423,Smart TV,iOS,2025-03-04
DEV009573,USR006424,Mobile,macOS,2025-11-15
DEV009574,USR006425,Laptop,Android,2025-03-20
DEV009575,USR006426,Smart TV,Android,2025-07-20
DEV009576,USR006427,Mobile,iOS,2025-01-14
DEV009577,USR006428,Mobile,Smart TV OS,2025-04-06
DEV009578,USR006428,Smart TV,Smart TV OS,2025-10-22
DEV009579,USR006429,Streaming Stick,iOS,2025-09-06
DEV009580,USR006429,Streaming Stick,iOS,2025-05-07
DEV009581,USR006430,Tablet,Android,2025-07-11
DEV009582,USR006431,Streaming Stick,Windows,2025-06-30
DEV009583,USR006431,Smart TV,Smart TV OS,2025-04-20
DEV009584,USR006431,Smart TV,Android,2025-05-01
DEV009585,USR006432,Streaming Stick,Windows,2025-03-19
DEV009586,USR006433,Smart TV,Android,2025-08-15
DEV009587,USR006433,Laptop,Windows,2025-04-27
DEV009588,USR006434,Mobile,Windows,2025-04-08
DEV009589,USR006434,Laptop,Android,2025-09-25
DEV009590,USR006435,Gaming Console,Android,2025-03-31
DEV009591,USR006435,Tablet,Android,2025-01-01
DEV009592,USR006436,Streaming Stick,Android,2025-08-31
DEV009593,USR006437,Gaming Console,iOS,2025-04-24
DEV009594,USR006437,Mobile,Android,2025-07-01
DEV009595,USR006438,Mobile,Android,2025-04-27
DEV009596,USR006439,Gaming Console,Windows,2025-02-14
DEV009597,USR006440,Mobile,Android,2025-01-18
DEV009598,USR006441,Mobile,macOS,2025-02-16
DEV009599,USR006442,Tablet,Windows,2025-10-10
DEV009600,USR006442,Gaming Console,iOS,2025-08-24
DEV009601,USR006443,Smart TV,Android,2025-04-06
DEV009602,USR006444,Laptop,Windows,2025-09-12
DEV009603,USR006445,Mobile,Smart TV OS,2025-03-03
DEV009604,USR006445,Smart TV,Android,2025-09-16
DEV009605,USR006446,Mobile,iOS,2025-04-13
DEV009606,USR006446,Mobile,Windows,2025-07-15
DEV009607,USR006447,Gaming Console,Windows,2025-01-08
DEV009608,USR006448,Mobile,Smart TV OS,2025-03-21
DEV009609,USR006449,Streaming Stick,iOS,2025-07-01
DEV009610,USR006450,Mobile,Android,2025-10-11
DEV009611,USR006450,Mobile,iOS,2025-04-24
DEV009612,USR006451,Tablet,Android,2025-10-13
DEV009613,USR006451,Laptop,Android,2025-10-14
DEV009614,USR006452,Mobile,iOS,2025-04-04
DEV009615,USR006452,Gaming Console,Windows,2025-02-15
DEV009616,USR006453,Mobile,Windows,2025-09-10
DEV009617,USR006453,Smart TV,Android,2025-11-19
DEV009618,USR006453,Tablet,Smart TV OS,2025-08-11
DEV009619,USR006454,Laptop,Android,2025-05-15
DEV009620,USR006454,Streaming Stick,Android,2025-10-01
DEV009621,USR006454,Laptop,iOS,2025-05-13
DEV009622,USR006455,Gaming Console,iOS,2025-09-02
DEV009623,USR006455,Mobile,Smart TV OS,2025-04-13
DEV009624,USR006456,Mobile,iOS,2025-05-15
DEV009625,USR006457,Mobile,Windows,2025-04-18
DEV009626,USR006458,Smart TV,iOS,2025-04-21
DEV009627,USR006458,Smart TV,Smart TV OS,2025-03-20
DEV009628,USR006458,Smart TV,Android,2025-03-14
DEV009629,USR006459,Smart TV,iOS,2025-09-18
DEV009630,USR006459,Laptop,Android,2025-01-09
DEV009631,USR006459,Smart TV,iOS,2025-11-21
DEV009632,USR006460,Mobile,Android,2025-11-08
DEV009633,USR006461,Mobile,Windows,2025-03-20
DEV009634,USR006462,Mobile,Android,2025-10-17
DEV009635,USR006463,Mobile,Android,2025-11-20
DEV009636,USR006464,Smart TV,Windows,2025-04-02
DEV009637,USR006464,Streaming Stick,iOS,2025-07-01
DEV009638,USR006465,Smart TV,Android,2025-07-13
DEV009639,USR006466,Tablet,Android,2025-11-13
DEV009640,USR006467,Smart TV,Android,2025-06-22
DEV009641,USR006467,Laptop,Android,2025-04-19
DEV009642,USR006467,Streaming Stick,Windows,2025-07-10
DEV009643,USR006468,Mobile,Android,2025-07-19
DEV009644,USR006468,Mobile,iOS,2025-05-05
DEV009645,USR006469,Smart TV,Android,2025-11-22
DEV009646,USR006469,Smart TV,Windows,2025-09-03
DEV009647,USR006470,Laptop,Smart TV OS,2025-05-06
DEV009648,USR006470,Mobile,iOS,2025-02-04
DEV009649,USR006471,Laptop,Android,2025-02-28
DEV009650,USR006471,Streaming Stick,Windows,2025-09-30
DEV009651,USR006472,Mobile,Android,2025-07-23
DEV009652,USR006473,Smart TV,Android,2025-09-09
DEV009653,USR006473,Tablet,iOS,2025-05-22
DEV009654,USR006474,Tablet,Android,2025-05-01
DEV009655,USR006475,Smart TV,Android,2025-06-11
DEV009656,USR006476,Laptop,Windows,2025-10-14
DEV009657,USR006477,Tablet,Windows,2025-03-04
DEV009658,USR006477,Laptop,iOS,2025-10-15
DEV009659,USR006477,Laptop,iOS,2025-06-15
DEV009660,USR006478,Mobile,Android,2025-02-06
DEV009661,USR006479,Mobile,Android,2025-07-17
DEV009662,USR006480,Mobile,Android,2025-01-30
DEV009663,USR006481,Mobile,iOS,2025-05-27
DEV009664,USR006482,Mobile,Android,2025-04-28
DEV009665,USR006482,Smart TV,Android,2025-10-20
DEV009666,USR006483,Smart TV,iOS,2025-08-31
DEV009667,USR006483,Mobile,Windows,2025-07-07
DEV009668,USR006484,Mobile,Windows,2025-06-10
DEV009669,USR006485,Streaming Stick,iOS,2025-09-01
DEV009670,USR006485,Mobile,Windows,2025-01-24
DEV009671,USR006486,Mobile,macOS,2025-05-09
DEV009672,USR006487,Tablet,Android,2025-03-31
DEV009673,USR006488,Mobile,iOS,2025-02-04
DEV009674,USR006488,Smart TV,Smart TV OS,2025-07-08
DEV009675,USR006488,Mobile,iOS,2025-02-14
DEV009676,USR006489,Mobile,macOS,2025-05-18
DEV009677,USR006490,Laptop,Windows,2025-10-17
DEV009678,USR006491,Smart TV,Smart TV OS,2025-06-25
DEV009679,USR006491,Mobile,Android,2025-06-18
DEV009680,USR006492,Smart TV,Windows,2025-01-09
DEV009681,USR006493,Gaming Console,Android,2025-02-16
DEV009682,USR006494,Smart TV,Smart TV OS,2025-07-12
DEV009683,USR006495,Laptop,Windows,2025-04-19
DEV009684,USR006496,Mobile,Windows,2025-08-19
DEV009685,USR006497,Smart TV,Windows,2025-07-03
DEV009686,USR006498,Mobile,Windows,2025-01-31
DEV009687,USR006498,Laptop,Android,2025-09-02
DEV009688,USR006499,Smart TV,iOS,2025-03-12
DEV009689,USR006499,Laptop,Android,2025-01-10
DEV009690,USR006500,Mobile,Windows,2025-08-11
DEV009691,USR006501,Mobile,Smart TV OS,2025-01-08
DEV009692,USR006501,Mobile,Android,2025-02-06
DEV009693,USR006501,Smart TV,macOS,2025-11-15
DEV009694,USR006502,Mobile,iOS,2025-09-12
DEV009695,USR006502,Laptop,iOS,2025-02-19
DEV009696,USR006503,Gaming Console,iOS,2025-02-15
DEV009697,USR006504,Mobile,Smart TV OS,2025-02-07
DEV009698,USR006505,Smart TV,Android,2025-10-20
DEV009699,USR006505,Mobile,Smart TV OS,2025-05-05
DEV009700,USR006505,Mobile,Windows,2025-08-09
DEV009701,USR006506,Mobile,Windows,2025-11-14
DEV009702,USR006506,Mobile,Smart TV OS,2025-07-26
DEV009703,USR006507,Smart TV,macOS,2025-10-18
DEV009704,USR006508,Smart TV,Smart TV OS,2025-07-27
DEV009705,USR006508,Smart TV,iOS,2025-01-19
DEV009706,USR006509,Mobile,Smart TV OS,2025-09-25
DEV009707,USR006510,Smart TV,Android,2025-02-07
DEV009708,USR006511,Mobile,Windows,2025-09-09
DEV009709,USR006512,Smart TV,iOS,2025-04-29
DEV009710,USR006512,Smart TV,macOS,2025-02-10
DEV009711,USR006513,Smart TV,Android,2025-04-05
DEV009712,USR006513,Mobile,macOS,2025-03-09
DEV009713,USR006514,Mobile,iOS,2025-07-19
DEV009714,USR006515,Smart TV,iOS,2025-01-15
DEV009715,USR006515,Streaming Stick,Android,2025-08-24
DEV009716,USR006516,Mobile,Windows,2025-10-23
DEV009717,USR006516,Tablet,macOS,2025-09-29
DEV009718,USR006516,Smart TV,Smart TV OS,2025-10-01
DEV009719,USR006517,Mobile,Android,2025-10-06
DEV009720,USR006517,Mobile,Smart TV OS,2025-08-04
DEV009721,USR006518,Smart TV,Smart TV OS,2025-11-23
DEV009722,USR006519,Mobile,Android,2025-11-20
DEV009723,USR006519,Mobile,iOS,2025-10-20
DEV009724,USR006519,Laptop,Windows,2025-06-08
DEV009725,USR006520,Laptop,Windows,2025-11-05
DEV009726,USR006521,Laptop,Android,2025-07-15
DEV009727,USR006522,Laptop,Android,2025-04-07
DEV009728,USR006523,Smart TV,macOS,2025-09-20
DEV009729,USR006524,Smart TV,Android,2025-10-24
DEV009730,USR006524,Smart TV,Smart TV OS,2025-11-23
DEV009731,USR006525,Tablet,Windows,2025-04-30
DEV009732,USR006526,Mobile,iOS,2025-01-24
DEV009733,USR006527,Mobile,Smart TV OS,2025-10-28
DEV009734,USR006528,Laptop,iOS,2025-01-13
DEV009735,USR006529,Smart TV,Android,2025-09-06
DEV009736,USR006529,Smart TV,Android,2025-07-13
DEV009737,USR006530,Gaming Console,Android,2025-05-25
DEV009738,USR006531,Smart TV,macOS,2025-08-22
DEV009739,USR006532,Tablet,iOS,2025-05-26
DEV009740,USR006532,Laptop,Smart TV OS,2025-09-03
DEV009741,USR006533,Gaming Console,Android,2025-01-26
DEV009742,USR006534,Mobile,iOS,2025-08-04
DEV009743,USR006535,Smart TV,Android,2025-08-26
DEV009744,USR006535,Laptop,Windows,2025-07-22
DEV009745,USR006535,Tablet,iOS,2025-06-06
DEV009746,USR006536,Laptop,Smart TV OS,2025-08-11
DEV009747,USR006537,Mobile,Windows,2025-06-02
DEV009748,USR006538,Laptop,Windows,2025-10-31
DEV009749,USR006539,Smart TV,Windows,2025-06-08
DEV009750,USR006540,Smart TV,Smart TV OS,2025-02-15
DEV009751,USR006540,Mobile,iOS,2025-08-03
DEV009752,USR006541,Smart TV,Android,2025-07-17
DEV009753,USR006541,Mobile,Smart TV OS,2025-06-27
DEV009754,USR006542,Smart TV,iOS,2025-01-18
DEV009755,USR006543,Streaming Stick,macOS,2025-06-19
DEV009756,USR006544,Mobile,Android,2025-07-28
DEV009757,USR006545,Mobile,Android,2025-06-11
DEV009758,USR006546,Laptop,Android,2025-08-29
DEV009759,USR006546,Mobile,Android,2025-04-12
DEV009760,USR006547,Laptop,macOS,2025-07-17
DEV009761,USR006548,Tablet,Smart TV OS,2025-10-17
DEV009762,USR006548,Laptop,Smart TV OS,2025-08-07
DEV009763,USR006548,Laptop,iOS,2025-11-12
DEV009764,USR006549,Tablet,iOS,2025-08-26
DEV009765,USR006550,Gaming Console,Android,2025-02-26
DEV009766,USR006551,Laptop,Smart TV OS,2025-10-17
DEV009767,USR006551,Mobile,Android,2025-07-03
DEV009768,USR006552,Mobile,Android,2025-07-14
DEV009769,USR006553,Mobile,Windows,2025-04-16
DEV009770,USR006554,Tablet,Windows,2025-07-09
DEV009771,USR006555,Laptop,Android,2025-01-05
DEV009772,USR006556,Smart TV,iOS,2025-06-29
DEV009773,USR006557,Streaming Stick,iOS,2025-09-28
DEV009774,USR006558,Smart TV,Android,2025-07-31
DEV009775,USR006559,Laptop,macOS,2025-08-07
DEV009776,USR006559,Laptop,Smart TV OS,2025-06-03
DEV009777,USR006560,Laptop,Android,2025-02-10
DEV009778,USR006561,Laptop,Android,2025-11-11
DEV009779,USR006561,Laptop,Smart TV OS,2025-05-29
DEV009780,USR006562,Laptop,Windows,2025-11-14
DEV009781,USR006562,Mobile,Windows,2025-10-14
DEV009782,USR006563,Streaming Stick,Android,2025-06-21
DEV009783,USR006563,Smart TV,Android,2025-11-10
DEV009784,USR006564,Gaming Console,Android,2025-05-25
DEV009785,USR006565,Mobile,Smart TV OS,2025-08-11
DEV009786,USR006566,Streaming Stick,Android,2025-06-19
DEV009787,USR006567,Laptop,macOS,2025-05-30
DEV009788,USR006567,Laptop,macOS,2025-04-24
DEV009789,USR006568,Laptop,Smart TV OS,2025-05-12
DEV009790,USR006569,Gaming Console,iOS,2025-06-06
DEV009791,USR006569,Smart TV,Smart TV OS,2025-11-10
DEV009792,USR006570,Mobile,Android,2025-10-19
DEV009793,USR006571,Smart TV,Windows,2025-10-29
DEV009794,USR006571,Smart TV,iOS,2025-05-06
DEV009795,USR006571,Laptop,Android,2025-11-08
DEV009796,USR006572,Smart TV,macOS,2025-05-13
DEV009797,USR006573,Laptop,iOS,2025-08-19
DEV009798,USR006574,Smart TV,Android,2025-10-22
DEV009799,USR006575,Smart TV,Smart TV OS,2025-07-29
DEV009800,USR006575,Mobile,macOS,2025-05-16
DEV009801,USR006576,Laptop,Android,2025-10-15
DEV009802,USR006577,Smart TV,Smart TV OS,2025-04-25
DEV009803,USR006578,Mobile,macOS,2025-06-18
DEV009804,USR006579,Mobile,iOS,2025-03-07
DEV009805,USR006580,Laptop,Android,2025-09-02
DEV009806,USR006580,Mobile,macOS,2025-04-22
DEV009807,USR006581,Smart TV,Smart TV OS,2025-09-30
DEV009808,USR006581,Mobile,Windows,2025-11-25
DEV009809,USR006581,Laptop,Android,2025-09-25
DEV009810,USR006582,Tablet,iOS,2025-05-19
DEV009811,USR006583,Smart TV,Smart TV OS,2025-03-22
DEV009812,USR006584,Tablet,iOS,2025-01-05
DEV009813,USR006585,Tablet,Windows,2025-10-20
DEV009814,USR006585,Tablet,Smart TV OS,2025-08-17
DEV009815,USR006585,Smart TV,macOS,2025-03-08
DEV009816,USR006586,Smart TV,Windows,2025-03-30
DEV009817,USR006587,Tablet,iOS,2025-09-03
DEV009818,USR006588,Smart TV,Android,2025-09-03
DEV009819,USR006588,Mobile,macOS,2025-06-17
DEV009820,USR006589,Gaming Console,Smart TV OS,2025-09-23
DEV009821,USR006590,Smart TV,Android,2025-05-27
DEV009822,USR006591,Smart TV,Windows,2025-07-31
DEV009823,USR006591,Laptop,Smart TV OS,2025-07-09
DEV009824,USR006592,Mobile,Smart TV OS,2025-10-27
DEV009825,USR006593,Smart TV,macOS,2025-03-06
DEV009826,USR006594,Mobile,Smart TV OS,2025-01-06
DEV009827,USR006595,Mobile,macOS,2025-05-23
DEV009828,USR006596,Tablet,Android,2025-06-05
DEV009829,USR006597,Smart TV,macOS,2025-02-02
DEV009830,USR006598,Laptop,Android,2025-11-09
DEV009831,USR006599,Gaming Console,Android,2025-01-28
DEV009832,USR006600,Mobile,Android,2025-03-14
DEV009833,USR006600,Smart TV,iOS,2025-07-02
DEV009834,USR006601,Gaming Console,Smart TV OS,2025-02-28
DEV009835,USR006602,Mobile,iOS,2025-08-25
DEV009836,USR006603,Streaming Stick,Smart TV OS,2025-07-21
DEV009837,USR006604,Tablet,Android,2025-09-28
DEV009838,USR006604,Mobile,Windows,2025-11-01
DEV009839,USR006605,Tablet,iOS,2025-06-19
DEV009840,USR006606,Laptop,iOS,2025-11-18
DEV009841,USR006607,Laptop,Android,2025-08-30
DEV009842,USR006607,Mobile,macOS,2025-01-02
DEV009843,USR006608,Smart TV,macOS,2025-08-09
DEV009844,USR006609,Gaming Console,iOS,2025-02-10
DEV009845,USR006609,Smart TV,Smart TV OS,2025-10-21
DEV009846,USR006609,Tablet,Smart TV OS,2025-11-09
DEV009847,USR006610,Smart TV,Android,2025-02-05
DEV009848,USR006611,Smart TV,iOS,2025-07-04
DEV009849,USR006612,Laptop,Android,2025-04-07
DEV009850,USR006613,Mobile,Android,2025-06-17
DEV009851,USR006614,Mobile,Android,2025-04-24
DEV009852,USR006615,Mobile,Android,2025-04-25
DEV009853,USR006616,Tablet,Android,2025-10-09
DEV009854,USR006616,Mobile,Android,2025-07-09
DEV009855,USR006616,Laptop,Android,2025-01-25
DEV009856,USR006617,Laptop,Windows,2025-06-01
DEV009857,USR006617,Laptop,Android,2025-04-04
DEV009858,USR006618,Streaming Stick,Android,2025-07-28
DEV009859,USR006619,Mobile,macOS,2025-03-11
DEV009860,USR006620,Smart TV,Windows,2025-05-08
DEV009861,USR006621,Laptop,Windows,2025-08-23
DEV009862,USR006622,Mobile,macOS,2025-05-16
DEV009863,USR006623,Smart TV,Android,2025-02-25
DEV009864,USR006624,Mobile,iOS,2025-04-29
DEV009865,USR006625,Smart TV,Windows,2025-10-24
DEV009866,USR006625,Smart TV,Smart TV OS,2025-08-01
DEV009867,USR006626,Mobile,Android,2025-07-22
DEV009868,USR006627,Smart TV,macOS,2025-10-04
DEV009869,USR006627,Streaming Stick,macOS,2025-01-15
DEV009870,USR006628,Streaming Stick,Windows,2025-06-10
DEV009871,USR006629,Mobile,macOS,2025-03-14
DEV009872,USR006629,Smart TV,Android,2025-10-19
DEV009873,USR006630,Mobile,Windows,2025-07-15
DEV009874,USR006630,Laptop,iOS,2025-10-26
DEV009875,USR006631,Tablet,macOS,2025-03-20
DEV009876,USR006631,Smart TV,Windows,2025-02-15
DEV009877,USR006631,Laptop,macOS,2025-09-07
DEV009878,USR006632,Tablet,Android,2025-05-27
DEV009879,USR006633,Smart TV,Windows,2025-05-15
DEV009880,USR006634,Mobile,Windows,2025-01-20
DEV009881,USR006635,Mobile,Android,2025-06-13
DEV009882,USR006636,Laptop,iOS,2025-04-27
DEV009883,USR006637,Tablet,Android,2025-07-07
DEV009884,USR006638,Smart TV,Android,2025-03-25
DEV009885,USR006638,Mobile,Android,2025-03-24
DEV009886,USR006638,Smart TV,Windows,2025-10-14
DEV009887,USR006639,Tablet,Android,2025-05-24
DEV009888,USR006639,Laptop,Windows,2025-08-05
DEV009889,USR006640,Smart TV,Smart TV OS,2025-04-03
DEV009890,USR006641,Mobile,iOS,2025-06-22
DEV009891,USR006642,Laptop,iOS,2025-03-23
DEV009892,USR006642,Mobile,macOS,2025-04-12
DEV009893,USR006643,Laptop,Windows,2025-09-24
DEV009894,USR006644,Tablet,iOS,2025-11-16
DEV009895,USR006644,Laptop,Smart TV OS,2025-04-30
DEV009896,USR006644,Smart TV,Smart TV OS,2025-01-05
DEV009897,USR006645,Smart TV,iOS,2025-03-10
DEV009898,USR006646,Mobile,macOS,2025-10-21
DEV009899,USR006647,Laptop,macOS,2025-04-21
DEV009900,USR006647,Mobile,Android,2025-04-15
DEV009901,USR006647,Laptop,Android,2025-01-06
DEV009902,USR006648,Mobile,Android,2025-04-23
DEV009903,USR006649,Smart TV,iOS,2025-07-29
DEV009904,USR006650,Laptop,iOS,2025-02-04
DEV009905,USR006651,Mobile,Windows,2025-03-04
DEV009906,USR006651,Smart TV,Android,2025-08-08
DEV009907,USR006652,Streaming Stick,iOS,2025-07-06
DEV009908,USR006652,Mobile,macOS,2025-01-06
DEV009909,USR006653,Smart TV,Smart TV OS,2025-08-07
DEV009910,USR006654,Laptop,macOS,2025-09-02
DEV009911,USR006655,Mobile,Android,2025-06-27
DEV009912,USR006655,Laptop,iOS,2025-06-11
DEV009913,USR006656,Laptop,Android,2025-01-30
DEV009914,USR006657,Laptop,Android,2025-11-25
DEV009915,USR006658,Smart TV,iOS,2025-01-29
DEV009916,USR006659,Gaming Console,iOS,2025-03-30
DEV009917,USR006660,Mobile,Android,2025-10-25
DEV009918,USR006660,Laptop,Smart TV OS,2025-10-12
DEV009919,USR006661,Mobile,Windows,2025-09-07
DEV009920,USR006661,Tablet,Windows,2025-03-29
DEV009921,USR006662,Laptop,macOS,2025-04-21
DEV009922,USR006663,Streaming Stick,Android,2025-03-09
DEV009923,USR006664,Smart TV,Smart TV OS,2025-10-04
DEV009924,USR006665,Gaming Console,Smart TV OS,2025-02-04
DEV009925,USR006666,Mobile,iOS,2025-10-25
DEV009926,USR006666,Tablet,Android,2025-01-09
DEV009927,USR006666,Streaming Stick,Smart TV OS,2025-02-16
DEV009928,USR006667,Laptop,Smart TV OS,2025-03-25
DEV009929,USR006668,Mobile,Android,2025-03-09
DEV009930,USR006668,Smart TV,Windows,2025-05-30
DEV009931,USR006668,Gaming Console,Android,2025-01-27
DEV009932,USR006669,Laptop,macOS,2025-01-30
DEV009933,USR006669,Tablet,Smart TV OS,2025-08-13
DEV009934,USR006670,Smart TV,Android,2025-07-31
DEV009935,USR006670,Smart TV,Smart TV OS,2025-05-13
DEV009936,USR006671,Smart TV,Android,2025-10-07
DEV009937,USR006671,Smart TV,iOS,2025-08-25
DEV009938,USR006672,Laptop,Android,2025-02-22
DEV009939,USR006672,Mobile,Android,2025-09-01
DEV009940,USR006673,Mobile,iOS,2025-09-11
DEV009941,USR006673,Laptop,Windows,2025-06-14
DEV009942,USR006674,Smart TV,Smart TV OS,2025-07-31
DEV009943,USR006674,Mobile,Windows,2025-02-24
DEV009944,USR006675,Laptop,Android,2025-11-04
DEV009945,USR006675,Mobile,iOS,2025-04-04
DEV009946,USR006676,Streaming Stick,iOS,2025-01-26
DEV009947,USR006676,Smart TV,Smart TV OS,2025-07-17
DEV009948,USR006676,Streaming Stick,macOS,2025-07-04
DEV009949,USR006677,Mobile,macOS,2025-04-27
DEV009950,USR006677,Smart TV,Windows,2025-10-02
DEV009951,USR006678,Smart TV,macOS,2025-08-14
DEV009952,USR006678,Smart TV,macOS,2025-03-20
DEV009953,USR006679,Smart TV,macOS,2025-08-29
DEV009954,USR006679,Smart TV,iOS,2025-11-19
DEV009955,USR006680,Streaming Stick,macOS,2025-09-16
DEV009956,USR006681,Tablet,Windows,2025-02-02
DEV009957,USR006681,Mobile,iOS,2025-04-03
DEV009958,USR006682,Smart TV,iOS,2025-11-03
DEV009959,USR006683,Streaming Stick,macOS,2025-10-27
DEV009960,USR006684,Smart TV,Android,2025-06-25
DEV009961,USR006684,Laptop,Android,2025-07-17
DEV009962,USR006685,Mobile,Smart TV OS,2025-10-01
DEV009963,USR006686,Streaming Stick,Android,2025-05-11
DEV009964,USR006687,Laptop,Windows,2025-03-17
DEV009965,USR006687,Smart TV,Android,2025-05-07
DEV009966,USR006688,Mobile,Smart TV OS,2025-11-18
DEV009967,USR006689,Tablet,Android,2025-10-21
DEV009968,USR006690,Streaming Stick,Windows,2025-02-09
DEV009969,USR006690,Mobile,Windows,2025-04-06
DEV009970,USR006691,Laptop,iOS,2025-02-13
DEV009971,USR006692,Mobile,iOS,2025-01-25
DEV009972,USR006693,Laptop,iOS,2025-08-23
DEV009973,USR006694,Streaming Stick,macOS,2025-01-22
DEV009974,USR006694,Mobile,Windows,2025-05-01
DEV009975,USR006694,Gaming Console,iOS,2025-06-27
DEV009976,USR006695,Tablet,Android,2025-10-11
DEV009977,USR006695,Mobile,Android,2025-08-01
DEV009978,USR006695,Mobile,Smart TV OS,2025-11-11
DEV009979,USR006696,Smart TV,macOS,2025-02-07
DEV009980,USR006697,Tablet,Windows,2025-01-26
DEV009981,USR006698,Laptop,Smart TV OS,2025-09-06
DEV009982,USR006698,Laptop,Smart TV OS,2025-05-30
DEV009983,USR006699,Smart TV,Android,2025-11-19
DEV009984,USR006699,Smart TV,Smart TV OS,2025-04-26
DEV009985,USR006700,Mobile,iOS,2025-06-30
DEV009986,USR006701,Tablet,macOS,2025-11-14
DEV009987,USR006702,Mobile,macOS,2025-07-01
DEV009988,USR006702,Mobile,iOS,2025-04-02
DEV009989,USR006703,Mobile,Windows,2025-02-26
DEV009990,USR006704,Smart TV,Android,2025-03-30
DEV009991,USR006705,Smart TV,Smart TV OS,2025-09-10
DEV009992,USR006706,Laptop,iOS,2025-05-11
DEV009993,USR006706,Laptop,Smart TV OS,2025-05-08
DEV009994,USR006706,Mobile,Android,2025-04-23
DEV009995,USR006707,Smart TV,macOS,2025-04-04
DEV009996,USR006708,Smart TV,iOS,2025-07-04
DEV009997,USR006709,Streaming Stick,Windows,2025-03-18
DEV009998,USR006709,Smart TV,macOS,2025-03-15
DEV009999,USR006710,Smart TV,iOS,2025-04-01
DEV010000,USR006711,Smart TV,Smart TV OS,2025-06-14
DEV010001,USR006712,Tablet,Smart TV OS,2025-05-14
DEV010002,USR006712,Laptop,macOS,2025-10-30
DEV010003,USR006713,Smart TV,iOS,2025-07-15
DEV010004,USR006713,Mobile,Android,2025-04-09
DEV010005,USR006714,Mobile,Windows,2025-01-01
DEV010006,USR006714,Smart TV,Android,2025-10-04
DEV010007,USR006715,Mobile,Smart TV OS,2025-04-14
DEV010008,USR006715,Tablet,Android,2025-05-29
DEV010009,USR006716,Streaming Stick,macOS,2025-08-15
DEV010010,USR006717,Mobile,Android,2025-01-10
DEV010011,USR006717,Mobile,iOS,2025-06-06
DEV010012,USR006718,Laptop,Smart TV OS,2025-09-23
DEV010013,USR006719,Smart TV,iOS,2025-11-03
DEV010014,USR006720,Laptop,Windows,2025-06-19
DEV010015,USR006721,Mobile,iOS,2025-08-26
DEV010016,USR006722,Mobile,iOS,2025-03-27
DEV010017,USR006723,Laptop,Android,2025-07-11
DEV010018,USR006724,Smart TV,Android,2025-07-13
DEV010019,USR006724,Smart TV,Windows,2025-09-17
DEV010020,USR006725,Smart TV,Windows,2025-02-06
DEV010021,USR006725,Mobile,macOS,2025-11-10
DEV010022,USR006726,Tablet,Smart TV OS,2025-06-10
DEV010023,USR006726,Mobile,Smart TV OS,2025-04-08
DEV010024,USR006727,Smart TV,Android,2025-08-18
DEV010025,USR006727,Smart TV,macOS,2025-09-12
DEV010026,USR006728,Smart TV,iOS,2025-04-04
DEV010027,USR006729,Streaming Stick,Windows,2025-11-21
DEV010028,USR006730,Smart TV,Android,2025-03-23
DEV010029,USR006730,Laptop,Android,2025-11-03
DEV010030,USR006731,Mobile,Smart TV OS,2025-08-01
DEV010031,USR006731,Mobile,Android,2025-04-30
DEV010032,USR006732,Smart TV,Android,2025-08-20
DEV010033,USR006733,Tablet,Android,2025-08-31
DEV010034,USR006733,Smart TV,Windows,2025-06-13
DEV010035,USR006733,Smart TV,Android,2025-03-29
DEV010036,USR006734,Mobile,Android,2025-07-03
DEV010037,USR006735,Smart TV,iOS,2025-01-09
DEV010038,USR006736,Smart TV,Windows,2025-07-24
DEV010039,USR006737,Laptop,Android,2025-02-12
DEV010040,USR006738,Laptop,Android,2025-11-06
DEV010041,USR006739,Streaming Stick,Android,2025-07-08
DEV010042,USR006740,Streaming Stick,Android,2025-03-22
DEV010043,USR006741,Laptop,Android,2025-05-27
DEV010044,USR006742,Mobile,iOS,2025-06-15
DEV010045,USR006743,Mobile,Android,2025-07-30
DEV010046,USR006743,Smart TV,macOS,2025-04-22
DEV010047,USR006743,Mobile,Android,2025-01-22
DEV010048,USR006744,Mobile,Android,2025-06-12
DEV010049,USR006745,Smart TV,iOS,2025-10-25
DEV010050,USR006746,Mobile,Windows,2025-08-12
DEV010051,USR006747,Laptop,Android,2025-03-20
DEV010052,USR006748,Mobile,Windows,2025-03-30
DEV010053,USR006748,Mobile,Windows,2025-11-15
DEV010054,USR006749,Laptop,iOS,2025-04-03
DEV010055,USR006749,Smart TV,iOS,2025-01-22
DEV010056,USR006750,Mobile,Smart TV OS,2025-02-08
DEV010057,USR006751,Streaming Stick,Android,2025-05-13
DEV010058,USR006752,Smart TV,Windows,2025-01-14
DEV010059,USR006752,Smart TV,iOS,2025-11-27
DEV010060,USR006753,Laptop,Android,2025-06-23
DEV010061,USR006753,Mobile,Smart TV OS,2025-02-19
DEV010062,USR006754,Smart TV,Android,2025-02-24
DEV010063,USR006755,Smart TV,Android,2025-10-03
DEV010064,USR006756,Mobile,macOS,2025-01-21
DEV010065,USR006756,Mobile,macOS,2025-01-23
DEV010066,USR006757,Streaming Stick,Android,2025-10-01
DEV010067,USR006758,Mobile,Windows,2025-04-25
DEV010068,USR006758,Mobile,macOS,2025-03-22
DEV010069,USR006759,Mobile,Android,2025-11-25
DEV010070,USR006760,Mobile,Windows,2025-03-19
DEV010071,USR006761,Laptop,Windows,2025-03-30
DEV010072,USR006762,Gaming Console,macOS,2025-07-10
DEV010073,USR006762,Laptop,Smart TV OS,2025-06-01
DEV010074,USR006763,Smart TV,Windows,2025-02-27
DEV010075,USR006764,Mobile,Smart TV OS,2025-10-03
DEV010076,USR006764,Smart TV,Android,2025-03-20
DEV010077,USR006765,Smart TV,Android,2025-10-06
DEV010078,USR006765,Mobile,iOS,2025-08-02
DEV010079,USR006766,Smart TV,Smart TV OS,2025-07-25
DEV010080,USR006767,Smart TV,Windows,2025-01-05
DEV010081,USR006768,Streaming Stick,Smart TV OS,2025-10-26
DEV010082,USR006769,Mobile,iOS,2025-06-17
DEV010083,USR006770,Mobile,Android,2025-10-03
DEV010084,USR006771,Mobile,Smart TV OS,2025-06-08
DEV010085,USR006772,Mobile,Windows,2025-03-10
DEV010086,USR006772,Smart TV,iOS,2025-01-01
DEV010087,USR006772,Mobile,iOS,2025-01-22
DEV010088,USR006773,Laptop,Android,2025-04-01
DEV010089,USR006773,Smart TV,iOS,2025-10-19
DEV010090,USR006774,Tablet,Android,2025-09-12
DEV010091,USR006774,Mobile,Windows,2025-08-15
DEV010092,USR006774,Smart TV,Android,2025-11-23
DEV010093,USR006775,Laptop,Windows,2025-05-06
DEV010094,USR006776,Laptop,Android,2025-09-24
DEV010095,USR006776,Mobile,Smart TV OS,2025-06-17
DEV010096,USR006777,Mobile,iOS,2025-07-18
DEV010097,USR006777,Tablet,macOS,2025-11-23
DEV010098,USR006778,Mobile,Android,2025-07-24
DEV010099,USR006779,Laptop,Android,2025-03-02
DEV010100,USR006779,Mobile,iOS,2025-11-02
DEV010101,USR006780,Tablet,Smart TV OS,2025-03-08
DEV010102,USR006781,Mobile,Windows,2025-04-03
DEV010103,USR006782,Mobile,iOS,2025-03-14
DEV010104,USR006783,Laptop,Smart TV OS,2025-08-12
DEV010105,USR006783,Smart TV,macOS,2025-03-16
DEV010106,USR006784,Mobile,iOS,2025-04-09
DEV010107,USR006785,Mobile,Windows,2025-06-06
DEV010108,USR006786,Laptop,Windows,2025-01-24
DEV010109,USR006786,Laptop,macOS,2025-05-26
DEV010110,USR006787,Laptop,Smart TV OS,2025-05-10
DEV010111,USR006788,Mobile,Windows,2025-02-27
DEV010112,USR006789,Smart TV,iOS,2025-09-06
DEV010113,USR006790,Smart TV,Windows,2025-10-18
DEV010114,USR006790,Streaming Stick,Windows,2025-02-27
DEV010115,USR006790,Gaming Console,macOS,2025-02-16
DEV010116,USR006791,Streaming Stick,macOS,2025-11-11
DEV010117,USR006792,Smart TV,iOS,2025-07-28
DEV010118,USR006793,Laptop,Windows,2025-11-01
DEV010119,USR006794,Mobile,Android,2025-05-23
DEV010120,USR006794,Gaming Console,Android,2025-10-22
DEV010121,USR006794,Gaming Console,Android,2025-09-27
DEV010122,USR006795,Mobile,iOS,2025-03-24
DEV010123,USR006796,Smart TV,macOS,2025-04-12
DEV010124,USR006797,Smart TV,Android,2025-10-09
DEV010125,USR006798,Smart TV,Windows,2025-04-23
DEV010126,USR006799,Mobile,macOS,2025-08-05
DEV010127,USR006799,Mobile,iOS,2025-07-29
DEV010128,USR006800,Smart TV,Android,2025-03-28
DEV010129,USR006801,Mobile,macOS,2025-02-01
DEV010130,USR006801,Mobile,iOS,2025-01-03
DEV010131,USR006802,Laptop,macOS,2025-04-11
DEV010132,USR006803,Tablet,macOS,2025-10-04
DEV010133,USR006803,Mobile,Android,2025-06-22
DEV010134,USR006804,Streaming Stick,Windows,2025-07-22
DEV010135,USR006805,Smart TV,iOS,2025-02-19
DEV010136,USR006806,Mobile,Smart TV OS,2025-11-20
DEV010137,USR006807,Smart TV,Android,2025-04-02
DEV010138,USR006808,Laptop,Windows,2025-09-29
DEV010139,USR006809,Laptop,iOS,2025-10-09
DEV010140,USR006809,Streaming Stick,iOS,2025-01-01
DEV010141,USR006810,Mobile,Android,2025-10-11
DEV010142,USR006810,Smart TV,Smart TV OS,2025-03-24
DEV010143,USR006810,Smart TV,Windows,2025-08-02
DEV010144,USR006811,Smart TV,Smart TV OS,2025-11-12
DEV010145,USR006811,Mobile,macOS,2025-03-29
DEV010146,USR006812,Smart TV,macOS,2025-10-17
DEV010147,USR006812,Mobile,Smart TV OS,2025-11-10
DEV010148,USR006813,Smart TV,iOS,2025-08-19
DEV010149,USR006814,Mobile,Android,2025-08-10
DEV010150,USR006815,Mobile,Android,2025-08-23
DEV010151,USR006816,Mobile,Windows,2025-05-05
DEV010152,USR006816,Smart TV,Smart TV OS,2025-04-27
DEV010153,USR006817,Mobile,Smart TV OS,2025-10-12
DEV010154,USR006818,Gaming Console,Windows,2025-04-16
DEV010155,USR006818,Smart TV,macOS,2025-09-14
DEV010156,USR006818,Gaming Console,Smart TV OS,2025-11-09
DEV010157,USR006819,Laptop,Android,2025-04-15
DEV010158,USR006819,Mobile,Windows,2025-04-20
DEV010159,USR006820,Gaming Console,iOS,2025-07-28
DEV010160,USR006820,Gaming Console,iOS,2025-02-12
DEV010161,USR006821,Smart TV,Android,2025-11-22
DEV010162,USR006822,Smart TV,Smart TV OS,2025-11-20
DEV010163,USR006823,Mobile,macOS,2025-07-26
DEV010164,USR006823,Mobile,Windows,2025-04-01
DEV010165,USR006823,Laptop,iOS,2025-07-23
DEV010166,USR006824,Mobile,iOS,2025-05-07
DEV010167,USR006825,Mobile,Smart TV OS,2025-06-06
DEV010168,USR006826,Smart TV,Smart TV OS,2025-02-25
DEV010169,USR006826,Tablet,Windows,2025-01-01
DEV010170,USR006826,Smart TV,Android,2025-02-08
DEV010171,USR006827,Laptop,Android,2025-09-16
DEV010172,USR006828,Mobile,Android,2025-04-13
DEV010173,USR006828,Smart TV,Smart TV OS,2025-04-26
DEV010174,USR006829,Mobile,Android,2025-03-20
DEV010175,USR006829,Smart TV,Smart TV OS,2025-02-20
DEV010176,USR006830,Smart TV,Android,2025-09-18
DEV010177,USR006830,Mobile,iOS,2025-04-25
DEV010178,USR006831,Laptop,Windows,2025-04-06
DEV010179,USR006832,Mobile,Windows,2025-11-04
DEV010180,USR006833,Mobile,Windows,2025-02-02
DEV010181,USR006833,Streaming Stick,Smart TV OS,2025-09-28
DEV010182,USR006834,Tablet,Windows,2025-01-11
DEV010183,USR006835,Smart TV,Android,2025-09-04
DEV010184,USR006836,Smart TV,macOS,2025-02-18
DEV010185,USR006837,Smart TV,Android,2025-08-05
DEV010186,USR006837,Mobile,iOS,2025-11-19
DEV010187,USR006838,Smart TV,Windows,2025-10-25
DEV010188,USR006838,Mobile,Windows,2025-03-27
DEV010189,USR006839,Smart TV,Android,2025-10-03
DEV010190,USR006840,Laptop,macOS,2025-05-17
DEV010191,USR006841,Laptop,Android,2025-02-08
DEV010192,USR006842,Mobile,Smart TV OS,2025-08-28
DEV010193,USR006842,Laptop,macOS,2025-11-07
DEV010194,USR006843,Smart TV,iOS,2025-07-29
DEV010195,USR006844,Streaming Stick,Android,2025-09-15
DEV010196,USR006845,Tablet,Android,2025-06-30
DEV010197,USR006845,Smart TV,Android,2025-10-31
DEV010198,USR006846,Smart TV,Windows,2025-10-01
DEV010199,USR006847,Tablet,iOS,2025-10-05
DEV010200,USR006847,Laptop,Android,2025-06-03
DEV010201,USR006848,Smart TV,iOS,2025-09-12
DEV010202,USR006849,Smart TV,macOS,2025-01-09
DEV010203,USR006850,Smart TV,Android,2025-03-19
DEV010204,USR006850,Streaming Stick,Smart TV OS,2025-07-20
DEV010205,USR006850,Laptop,Android,2025-07-12
DEV010206,USR006851,Laptop,Android,2025-07-24
DEV010207,USR006852,Smart TV,Android,2025-03-29
DEV010208,USR006853,Tablet,Android,2025-07-01
DEV010209,USR006853,Laptop,Android,2025-10-22
DEV010210,USR006854,Mobile,Android,2025-03-12
DEV010211,USR006854,Smart TV,Windows,2025-06-15
DEV010212,USR006855,Tablet,Smart TV OS,2025-06-07
DEV010213,USR006856,Mobile,iOS,2025-10-31
DEV010214,USR006856,Laptop,Smart TV OS,2025-10-17
DEV010215,USR006857,Tablet,iOS,2025-03-25
DEV010216,USR006857,Mobile,Android,2025-06-25
DEV010217,USR006858,Mobile,Android,2025-11-05
DEV010218,USR006859,Mobile,iOS,2025-08-11
DEV010219,USR006860,Mobile,iOS,2025-01-05
DEV010220,USR006860,Smart TV,Windows,2025-08-16
DEV010221,USR006861,Mobile,iOS,2025-03-11
DEV010222,USR006861,Smart TV,Windows,2025-10-24
DEV010223,USR006862,Tablet,Android,2025-01-12
DEV010224,USR006862,Smart TV,iOS,2025-08-16
DEV010225,USR006863,Smart TV,iOS,2025-09-01
DEV010226,USR006864,Smart TV,Android,2025-11-13
DEV010227,USR006865,Laptop,iOS,2025-10-30
DEV010228,USR006866,Tablet,Android,2025-06-05
DEV010229,USR006866,Streaming Stick,Windows,2025-02-02
DEV010230,USR006866,Laptop,iOS,2025-08-13
DEV010231,USR006867,Smart TV,Android,2025-07-22
DEV010232,USR006868,Mobile,iOS,2025-10-15
DEV010233,USR006869,Laptop,macOS,2025-11-01
DEV010234,USR006870,Streaming Stick,Android,2025-09-12
DEV010235,USR006871,Laptop,Android,2025-06-30
DEV010236,USR006872,Tablet,iOS,2025-10-20
DEV010237,USR006872,Smart TV,iOS,2025-05-26
DEV010238,USR006873,Laptop,Smart TV OS,2025-02-08
DEV010239,USR006874,Laptop,Windows,2025-04-10
DEV010240,USR006874,Laptop,iOS,2025-11-08
DEV010241,USR006874,Smart TV,Windows,2025-09-16
DEV010242,USR006875,Mobile,Android,2025-02-27
DEV010243,USR006875,Gaming Console,iOS,2025-07-30
DEV010244,USR006876,Smart TV,Android,2025-05-28
DEV010245,USR006877,Tablet,Android,2025-09-23
DEV010246,USR006877,Mobile,Windows,2025-11-19
DEV010247,USR006878,Smart TV,iOS,2025-07-24
DEV010248,USR006879,Smart TV,iOS,2025-10-02
DEV010249,USR006879,Smart TV,Android,2025-10-01
DEV010250,USR006880,Smart TV,Windows,2025-07-14
DEV010251,USR006881,Tablet,Windows,2025-10-27
DEV010252,USR006882,Smart TV,Android,2025-05-16
DEV010253,USR006883,Gaming Console,Smart TV OS,2025-01-06
DEV010254,USR006884,Tablet,Windows,2025-03-27
DEV010255,USR006884,Mobile,Smart TV OS,2025-11-24
DEV010256,USR006885,Tablet,iOS,2025-07-21
DEV010257,USR006886,Mobile,iOS,2025-06-17
DEV010258,USR006886,Smart TV,macOS,2025-03-29
DEV010259,USR006887,Smart TV,Smart TV OS,2025-01-17
DEV010260,USR006888,Mobile,iOS,2025-03-13
DEV010261,USR006889,Laptop,macOS,2025-01-21
DEV010262,USR006889,Laptop,iOS,2025-07-23
DEV010263,USR006889,Mobile,Android,2025-07-24
DEV010264,USR006890,Laptop,Android,2025-11-05
DEV010265,USR006891,Mobile,Windows,2025-01-10
DEV010266,USR006891,Laptop,Smart TV OS,2025-10-06
DEV010267,USR006892,Smart TV,iOS,2025-10-01
DEV010268,USR006893,Streaming Stick,Android,2025-07-03
DEV010269,USR006893,Mobile,Windows,2025-09-24
DEV010270,USR006894,Laptop,Windows,2025-04-24
DEV010271,USR006895,Mobile,Android,2025-10-04
DEV010272,USR006896,Tablet,Smart TV OS,2025-04-08
DEV010273,USR006897,Laptop,iOS,2025-01-22
DEV010274,USR006897,Gaming Console,Android,2025-06-18
DEV010275,USR006898,Gaming Console,iOS,2025-10-04
DEV010276,USR006899,Mobile,Windows,2025-11-13
DEV010277,USR006900,Smart TV,Windows,2025-08-31
DEV010278,USR006901,Mobile,iOS,2025-02-24
DEV010279,USR006902,Laptop,Windows,2025-08-01
DEV010280,USR006903,Smart TV,Android,2025-05-02
DEV010281,USR006903,Smart TV,iOS,2025-01-08
DEV010282,USR006903,Mobile,Smart TV OS,2025-03-18
DEV010283,USR006904,Laptop,Smart TV OS,2025-08-17
DEV010284,USR006904,Laptop,Android,2025-07-09
DEV010285,USR006904,Mobile,Windows,2025-01-07
DEV010286,USR006905,Mobile,Android,2025-04-19
DEV010287,USR006906,Smart TV,iOS,2025-06-26
DEV010288,USR006907,Tablet,macOS,2025-07-26
DEV010289,USR006907,Streaming Stick,Windows,2025-02-22
DEV010290,USR006908,Mobile,macOS,2025-11-02
DEV010291,USR006909,Mobile,Android,2025-04-15
DEV010292,USR006910,Gaming Console,Android,2025-07-03
DEV010293,USR006911,Streaming Stick,Android,2025-02-19
DEV010294,USR006912,Streaming Stick,Smart TV OS,2025-10-17
DEV010295,USR006913,Tablet,Smart TV OS,2025-08-13
DEV010296,USR006914,Laptop,iOS,2025-05-31
DEV010297,USR006914,Streaming Stick,Android,2025-08-10
DEV010298,USR006914,Smart TV,Smart TV OS,2025-08-18
DEV010299,USR006915,Laptop,macOS,2025-09-15
DEV010300,USR006916,Mobile,macOS,2025-01-10
DEV010301,USR006916,Mobile,Android,2025-03-02
DEV010302,USR006917,Laptop,Android,2025-03-24
DEV010303,USR006918,Smart TV,Android,2025-11-26
DEV010304,USR006919,Laptop,iOS,2025-01-16
DEV010305,USR006919,Tablet,Android,2025-02-27
DEV010306,USR006920,Smart TV,Windows,2025-04-15
DEV010307,USR006920,Smart TV,iOS,2025-08-07
DEV010308,USR006921,Mobile,Android,2025-03-04
DEV010309,USR006922,Streaming Stick,Windows,2025-05-19
DEV010310,USR006923,Smart TV,Android,2025-06-05
DEV010311,USR006923,Smart TV,Windows,2025-05-10
DEV010312,USR006924,Streaming Stick,macOS,2025-11-01
DEV010313,USR006925,Mobile,Smart TV OS,2025-07-21
DEV010314,USR006925,Smart TV,Android,2025-09-05
DEV010315,USR006925,Tablet,Android,2025-05-21
DEV010316,USR006926,Smart TV,Windows,2025-08-05
DEV010317,USR006926,Tablet,iOS,2025-10-14
DEV010318,USR006927,Mobile,Smart TV OS,2025-07-25
DEV010319,USR006927,Smart TV,iOS,2025-07-11
DEV010320,USR006928,Smart TV,iOS,2025-01-20
DEV010321,USR006929,Smart TV,Android,2025-03-06
DEV010322,USR006930,Streaming Stick,Android,2025-06-26
DEV010323,USR006931,Tablet,iOS,2025-08-12
DEV010324,USR006931,Smart TV,Android,2025-09-02
DEV010325,USR006932,Smart TV,iOS,2025-08-06
DEV010326,USR006933,Mobile,iOS,2025-04-05
DEV010327,USR006933,Mobile,Android,2025-04-03
DEV010328,USR006934,Tablet,macOS,2025-01-05
DEV010329,USR006935,Mobile,iOS,2025-04-21
DEV010330,USR006936,Gaming Console,macOS,2025-05-31
DEV010331,USR006936,Smart TV,Android,2025-08-14
DEV010332,USR006936,Gaming Console,Windows,2025-01-16
DEV010333,USR006937,Streaming Stick,iOS,2025-06-07
DEV010334,USR006938,Mobile,Android,2025-07-19
DEV010335,USR006939,Gaming Console,macOS,2025-05-28
DEV010336,USR006940,Mobile,iOS,2025-06-16
DEV010337,USR006940,Mobile,Android,2025-07-10
DEV010338,USR006941,Laptop,Windows,2025-11-04
DEV010339,USR006942,Mobile,Smart TV OS,2025-03-29
DEV010340,USR006943,Streaming Stick,Windows,2025-04-29
DEV010341,USR006944,Mobile,Android,2025-06-10
DEV010342,USR006945,Tablet,Android,2025-02-11
DEV010343,USR006946,Smart TV,Windows,2025-05-28
DEV010344,USR006946,Smart TV,Smart TV OS,2025-06-20
DEV010345,USR006946,Streaming Stick,Windows,2025-06-28
DEV010346,USR006947,Laptop,Android,2025-03-27
DEV010347,USR006948,Laptop,iOS,2025-11-02
DEV010348,USR006948,Smart TV,Smart TV OS,2025-01-29
DEV010349,USR006949,Streaming Stick,macOS,2025-05-08
DEV010350,USR006950,Streaming Stick,Smart TV OS,2025-04-05
DEV010351,USR006951,Mobile,iOS,2025-02-04
DEV010352,USR006951,Gaming Console,Smart TV OS,2025-08-30
DEV010353,USR006951,Laptop,Android,2025-05-02
DEV010354,USR006952,Laptop,Android,2025-11-24
DEV010355,USR006952,Tablet,Windows,2025-03-15
DEV010356,USR006952,Mobile,Smart TV OS,2025-11-21
DEV010357,USR006953,Laptop,Android,2025-09-11
DEV010358,USR006953,Smart TV,Android,2025-03-22
DEV010359,USR006953,Streaming Stick,Android,2025-08-06
DEV010360,USR006954,Gaming Console,iOS,2025-10-02
DEV010361,USR006954,Streaming Stick,iOS,2025-11-25
DEV010362,USR006955,Gaming Console,macOS,2025-05-07
DEV010363,USR006956,Streaming Stick,macOS,2025-10-12
DEV010364,USR006956,Laptop,Smart TV OS,2025-06-14
DEV010365,USR006957,Smart TV,iOS,2025-06-14
DEV010366,USR006957,Mobile,Smart TV OS,2025-10-11
DEV010367,USR006958,Mobile,Windows,2025-04-03
DEV010368,USR006959,Mobile,Windows,2025-06-06
DEV010369,USR006960,Streaming Stick,macOS,2025-06-27
DEV010370,USR006961,Laptop,Windows,2025-06-10
DEV010371,USR006962,Mobile,macOS,2025-03-01
DEV010372,USR006963,Mobile,Smart TV OS,2025-06-17
DEV010373,USR006963,Gaming Console,iOS,2025-09-08
DEV010374,USR006963,Laptop,Smart TV OS,2025-07-08
DEV010375,USR006964,Mobile,macOS,2025-08-18
DEV010376,USR006964,Laptop,Smart TV OS,2025-02-04
DEV010377,USR006965,Streaming Stick,Windows,2025-01-27
DEV010378,USR006966,Smart TV,Windows,2025-11-23
DEV010379,USR006967,Mobile,Android,2025-06-07
DEV010380,USR006968,Gaming Console,iOS,2025-05-13
DEV010381,USR006969,Mobile,Windows,2025-06-07
DEV010382,USR006970,Laptop,macOS,2025-04-28
DEV010383,USR006971,Mobile,macOS,2025-11-23
DEV010384,USR006971,Smart TV,Smart TV OS,2025-04-20
DEV010385,USR006972,Smart TV,Windows,2025-03-14
DEV010386,USR006973,Smart TV,Smart TV OS,2025-09-28
DEV010387,USR006974,Laptop,Smart TV OS,2025-06-01
DEV010388,USR006974,Mobile,Smart TV OS,2025-02-27
DEV010389,USR006975,Mobile,iOS,2025-08-25
DEV010390,USR006975,Laptop,Android,2025-03-02
DEV010391,USR006976,Smart TV,Windows,2025-06-03
DEV010392,USR006977,Mobile,iOS,2025-10-20
DEV010393,USR006977,Tablet,Android,2025-08-24
DEV010394,USR006978,Smart TV,iOS,2025-05-29
DEV010395,USR006979,Smart TV,Android,2025-11-05
DEV010396,USR006979,Laptop,iOS,2025-04-15
DEV010397,USR006980,Laptop,Android,2025-04-29
DEV010398,USR006981,Mobile,Windows,2025-10-01
DEV010399,USR006982,Laptop,macOS,2025-04-10
DEV010400,USR006983,Smart TV,macOS,2025-04-22
DEV010401,USR006984,Laptop,Android,2025-02-05
DEV010402,USR006985,Mobile,iOS,2025-05-03
DEV010403,USR006985,Smart TV,Smart TV OS,2025-11-26
DEV010404,USR006986,Mobile,iOS,2025-11-04
DEV010405,USR006987,Smart TV,Windows,2025-08-07
DEV010406,USR006987,Smart TV,Windows,2025-01-20
DEV010407,USR006987,Mobile,Windows,2025-09-20
DEV010408,USR006988,Laptop,Smart TV OS,2025-10-01
DEV010409,USR006989,Laptop,iOS,2025-10-13
DEV010410,USR006989,Tablet,Windows,2025-02-04
DEV010411,USR006990,Mobile,Android,2025-03-31
DEV010412,USR006991,Tablet,macOS,2025-09-01
DEV010413,USR006992,Mobile,Windows,2025-05-27
DEV010414,USR006993,Tablet,iOS,2025-08-11
DEV010415,USR006993,Laptop,iOS,2025-04-05
DEV010416,USR006994,Laptop,iOS,2025-02-02
DEV010417,USR006995,Smart TV,Windows,2025-03-04
DEV010418,USR006996,Mobile,Android,2025-06-06
DEV010419,USR006997,Streaming Stick,iOS,2025-04-19
DEV010420,USR006998,Mobile,Android,2025-04-26
DEV010421,USR006998,Smart TV,iOS,2025-09-05
DEV010422,USR006998,Mobile,Android,2025-09-20
DEV010423,USR006999,Laptop,Windows,2025-09-20
DEV010424,USR007000,Smart TV,Windows,2025-02-24
DEV010425,USR007001,Tablet,Windows,2025-09-02
DEV010426,USR007002,Mobile,Android,2025-05-23
DEV010427,USR007003,Mobile,Windows,2025-09-12
DEV010428,USR007003,Tablet,Android,2025-02-14
DEV010429,USR007004,Mobile,Android,2025-08-15
DEV010430,USR007004,Mobile,Android,2025-07-13
DEV010431,USR007005,Smart TV,macOS,2025-10-31
DEV010432,USR007005,Laptop,iOS,2025-07-23
DEV010433,USR007005,Smart TV,Windows,2025-10-29
DEV010434,USR007006,Smart TV,Android,2025-06-08
DEV010435,USR007006,Mobile,Android,2025-04-25
DEV010436,USR007006,Mobile,Android,2025-04-18
DEV010437,USR007007,Smart TV,Windows,2025-03-11
DEV010438,USR007007,Smart TV,Windows,2025-10-28
DEV010439,USR007008,Smart TV,Windows,2025-05-12
DEV010440,USR007008,Laptop,Android,2025-07-12
DEV010441,USR007009,Laptop,Android,2025-08-09
DEV010442,USR007009,Mobile,Smart TV OS,2025-05-15
DEV010443,USR007010,Tablet,Smart TV OS,2025-06-24
DEV010444,USR007010,Mobile,Smart TV OS,2025-01-27
DEV010445,USR007010,Laptop,Android,2025-11-09
DEV010446,USR007011,Smart TV,Windows,2025-10-27
DEV010447,USR007012,Gaming Console,macOS,2025-01-19
DEV010448,USR007012,Mobile,Android,2025-02-27
DEV010449,USR007013,Tablet,Windows,2025-11-01
DEV010450,USR007014,Smart TV,Android,2025-09-03
DEV010451,USR007015,Mobile,iOS,2025-01-09
DEV010452,USR007016,Mobile,iOS,2025-04-30
DEV010453,USR007017,Tablet,Android,2025-06-24
DEV010454,USR007017,Smart TV,Android,2025-03-25
DEV010455,USR007018,Tablet,Windows,2025-02-13
DEV010456,USR007019,Mobile,Windows,2025-07-29
DEV010457,USR007020,Laptop,Windows,2025-05-29
DEV010458,USR007020,Laptop,Android,2025-05-28
DEV010459,USR007021,Gaming Console,Smart TV OS,2025-05-31
DEV010460,USR007022,Mobile,Android,2025-09-21
DEV010461,USR007023,Mobile,Smart TV OS,2025-06-02
DEV010462,USR007023,Smart TV,Windows,2025-11-14
DEV010463,USR007024,Smart TV,Android,2025-11-11
DEV010464,USR007024,Mobile,macOS,2025-08-23
DEV010465,USR007025,Smart TV,iOS,2025-08-13
DEV010466,USR007026,Laptop,Android,2025-07-09
DEV010467,USR007027,Mobile,Smart TV OS,2025-09-09
DEV010468,USR007027,Tablet,Windows,2025-06-18
DEV010469,USR007028,Smart TV,Android,2025-10-20
DEV010470,USR007028,Smart TV,Smart TV OS,2025-06-28
DEV010471,USR007029,Laptop,Android,2025-03-06
DEV010472,USR007029,Laptop,Android,2025-09-23
DEV010473,USR007030,Tablet,macOS,2025-10-31
DEV010474,USR007030,Laptop,Android,2025-01-27
DEV010475,USR007031,Mobile,Windows,2025-02-06
DEV010476,USR007032,Mobile,Windows,2025-10-26
DEV010477,USR007033,Mobile,iOS,2025-10-03
DEV010478,USR007034,Mobile,Windows,2025-11-20
DEV010479,USR007034,Smart TV,iOS,2025-02-07
DEV010480,USR007035,Laptop,Windows,2025-06-03
DEV010481,USR007035,Mobile,Android,2025-09-28
DEV010482,USR007036,Mobile,Android,2025-11-24
DEV010483,USR007037,Mobile,Android,2025-08-20
DEV010484,USR007037,Streaming Stick,iOS,2025-02-11
DEV010485,USR007038,Tablet,iOS,2025-06-18
DEV010486,USR007039,Mobile,iOS,2025-09-28
DEV010487,USR007039,Streaming Stick,Android,2025-06-03
DEV010488,USR007040,Mobile,Android,2025-05-15
DEV010489,USR007040,Mobile,Windows,2025-06-18
DEV010490,USR007041,Laptop,Android,2025-05-17
DEV010491,USR007041,Laptop,macOS,2025-04-16
DEV010492,USR007042,Laptop,iOS,2025-03-23
DEV010493,USR007043,Laptop,Smart TV OS,2025-07-20
DEV010494,USR007044,Mobile,macOS,2025-02-23
DEV010495,USR007044,Gaming Console,Android,2025-02-12
DEV010496,USR007044,Streaming Stick,Android,2025-04-04
DEV010497,USR007045,Smart TV,iOS,2025-11-23
DEV010498,USR007045,Mobile,Android,2025-01-16
DEV010499,USR007046,Gaming Console,Android,2025-09-15
DEV010500,USR007047,Laptop,iOS,2025-08-11
DEV010501,USR007048,Smart TV,macOS,2025-02-28
DEV010502,USR007048,Tablet,Smart TV OS,2025-02-11
DEV010503,USR007049,Tablet,Windows,2025-11-09
DEV010504,USR007050,Smart TV,macOS,2025-09-09
DEV010505,USR007050,Smart TV,Windows,2025-10-03
DEV010506,USR007050,Smart TV,Android,2025-02-10
DEV010507,USR007051,Mobile,Windows,2025-06-22
DEV010508,USR007052,Streaming Stick,Smart TV OS,2025-01-12
DEV010509,USR007053,Laptop,Smart TV OS,2025-11-13
DEV010510,USR007053,Smart TV,iOS,2025-10-21
DEV010511,USR007054,Tablet,Android,2025-03-27
DEV010512,USR007054,Mobile,Smart TV OS,2025-02-23
DEV010513,USR007055,Laptop,macOS,2025-10-23
DEV010514,USR007056,Tablet,Smart TV OS,2025-06-11
DEV010515,USR007057,Mobile,Android,2025-08-06
DEV010516,USR007058,Mobile,iOS,2025-10-27
DEV010517,USR007058,Mobile,iOS,2025-04-17
DEV010518,USR007058,Smart TV,Smart TV OS,2025-04-24
DEV010519,USR007059,Smart TV,Smart TV OS,2025-07-11
DEV010520,USR007059,Smart TV,macOS,2025-02-15
DEV010521,USR007060,Smart TV,Windows,2025-06-10
DEV010522,USR007060,Gaming Console,Windows,2025-09-16
DEV010523,USR007061,Smart TV,Windows,2025-01-11
DEV010524,USR007062,Smart TV,Android,2025-08-26
DEV010525,USR007062,Mobile,Smart TV OS,2025-01-07
DEV010526,USR007063,Streaming Stick,Windows,2025-06-13
DEV010527,USR007063,Mobile,macOS,2025-04-10
DEV010528,USR007064,Tablet,Smart TV OS,2025-07-22
DEV010529,USR007065,Mobile,Smart TV OS,2025-03-04
DEV010530,USR007066,Laptop,macOS,2025-05-04
DEV010531,USR007067,Smart TV,iOS,2025-02-10
DEV010532,USR007067,Mobile,Android,2025-01-06
DEV010533,USR007068,Mobile,Android,2025-09-30
DEV010534,USR007069,Smart TV,iOS,2025-10-21
DEV010535,USR007070,Mobile,Android,2025-06-07
DEV010536,USR007070,Mobile,iOS,2025-03-10
DEV010537,USR007070,Laptop,Smart TV OS,2025-11-27
DEV010538,USR007071,Mobile,Smart TV OS,2025-06-28
DEV010539,USR007071,Smart TV,macOS,2025-03-04
DEV010540,USR007072,Smart TV,Android,2025-08-07
DEV010541,USR007073,Smart TV,Android,2025-01-31
DEV010542,USR007074,Laptop,iOS,2025-06-17
DEV010543,USR007074,Tablet,Smart TV OS,2025-10-01
DEV010544,USR007075,Smart TV,macOS,2025-09-15
DEV010545,USR007075,Laptop,Smart TV OS,2025-03-04
DEV010546,USR007076,Smart TV,Android,2025-06-17
DEV010547,USR007077,Mobile,Android,2025-03-11
DEV010548,USR007078,Streaming Stick,Windows,2025-08-25
DEV010549,USR007079,Laptop,Android,2025-02-05
DEV010550,USR007080,Tablet,Windows,2025-09-29
DEV010551,USR007080,Gaming Console,iOS,2025-09-12
DEV010552,USR007081,Smart TV,Android,2025-07-25
DEV010553,USR007082,Smart TV,macOS,2025-08-14
DEV010554,USR007083,Smart TV,iOS,2025-06-28
DEV010555,USR007084,Mobile,Android,2025-11-03
DEV010556,USR007085,Tablet,Windows,2025-05-06
DEV010557,USR007086,Smart TV,iOS,2025-05-04
DEV010558,USR007087,Laptop,Windows,2025-01-31
DEV010559,USR007087,Smart TV,iOS,2025-01-04
DEV010560,USR007088,Smart TV,iOS,2025-10-06
DEV010561,USR007088,Smart TV,Android,2025-06-14
DEV010562,USR007089,Laptop,Windows,2025-08-09
DEV010563,USR007089,Streaming Stick,macOS,2025-02-16
DEV010564,USR007089,Tablet,Smart TV OS,2025-07-07
DEV010565,USR007090,Smart TV,Android,2025-05-30
DEV010566,USR007090,Mobile,Android,2025-08-19
DEV010567,USR007091,Smart TV,Android,2025-02-14
DEV010568,USR007091,Smart TV,macOS,2025-06-21
DEV010569,USR007092,Mobile,Android,2025-07-12
DEV010570,USR007092,Streaming Stick,Smart TV OS,2025-05-03
DEV010571,USR007093,Mobile,macOS,2025-10-18
DEV010572,USR007094,Laptop,Windows,2025-06-27
DEV010573,USR007095,Mobile,Windows,2025-03-01
DEV010574,USR007095,Smart TV,macOS,2025-02-21
DEV010575,USR007096,Smart TV,Windows,2025-05-07
DEV010576,USR007097,Smart TV,Smart TV OS,2025-11-11
DEV010577,USR007098,Laptop,iOS,2025-03-10
DEV010578,USR007099,Laptop,Windows,2025-05-03
DEV010579,USR007099,Streaming Stick,iOS,2025-08-30
DEV010580,USR007100,Laptop,macOS,2025-08-22
DEV010581,USR007101,Mobile,Android,2025-03-23
DEV010582,USR007102,Mobile,Android,2025-08-04
DEV010583,USR007103,Laptop,Smart TV OS,2025-07-13
DEV010584,USR007103,Smart TV,Windows,2025-07-29
DEV010585,USR007103,Mobile,iOS,2025-01-03
DEV010586,USR007104,Mobile,Android,2025-05-08
DEV010587,USR007105,Gaming Console,macOS,2025-09-24
DEV010588,USR007106,Mobile,Windows,2025-05-11
DEV010589,USR007107,Smart TV,Windows,2025-07-31
DEV010590,USR007108,Laptop,Smart TV OS,2025-02-23
DEV010591,USR007109,Mobile,Android,2025-08-25
DEV010592,USR007109,Laptop,Android,2025-06-15
DEV010593,USR007110,Laptop,Windows,2025-04-15
DEV010594,USR007110,Streaming Stick,iOS,2025-06-21
DEV010595,USR007111,Laptop,Android,2025-11-22
DEV010596,USR007112,Gaming Console,iOS,2025-07-29
DEV010597,USR007112,Streaming Stick,macOS,2025-05-16
DEV010598,USR007113,Smart TV,Smart TV OS,2025-07-11
DEV010599,USR007114,Smart TV,Smart TV OS,2025-01-20
DEV010600,USR007114,Smart TV,Windows,2025-04-07
DEV010601,USR007114,Mobile,iOS,2025-10-14
DEV010602,USR007115,Mobile,macOS,2025-03-11
DEV010603,USR007116,Gaming Console,Android,2025-04-20
DEV010604,USR007117,Mobile,macOS,2025-03-15
DEV010605,USR007118,Laptop,iOS,2025-04-17
DEV010606,USR007119,Mobile,Windows,2025-09-18
DEV010607,USR007120,Mobile,Windows,2025-05-15
DEV010608,USR007120,Tablet,Windows,2025-11-21
DEV010609,USR007121,Smart TV,Windows,2025-05-19
DEV010610,USR007122,Mobile,Smart TV OS,2025-09-28
DEV010611,USR007123,Laptop,macOS,2025-04-28
DEV010612,USR007123,Laptop,Smart TV OS,2025-10-31
DEV010613,USR007124,Tablet,macOS,2025-04-19
DEV010614,USR007125,Mobile,Smart TV OS,2025-10-22
DEV010615,USR007125,Laptop,Windows,2025-07-30
DEV010616,USR007125,Laptop,macOS,2025-10-22
DEV010617,USR007126,Smart TV,Windows,2025-08-03
DEV010618,USR007126,Tablet,iOS,2025-09-11
DEV010619,USR007127,Smart TV,Android,2025-11-07
DEV010620,USR007128,Mobile,iOS,2025-01-02
DEV010621,USR007128,Laptop,macOS,2025-10-19
DEV010622,USR007129,Streaming Stick,Android,2025-09-16
DEV010623,USR007130,Tablet,Windows,2025-05-23
DEV010624,USR007131,Mobile,iOS,2025-09-18
DEV010625,USR007131,Mobile,Android,2025-08-21
DEV010626,USR007131,Mobile,Smart TV OS,2025-05-19
DEV010627,USR007132,Laptop,Android,2025-06-29
DEV010628,USR007132,Tablet,macOS,2025-02-27
DEV010629,USR007133,Smart TV,Smart TV OS,2025-05-02
DEV010630,USR007133,Tablet,Android,2025-06-18
DEV010631,USR007134,Streaming Stick,Smart TV OS,2025-08-21
DEV010632,USR007135,Mobile,Android,2025-09-09
DEV010633,USR007136,Mobile,Windows,2025-05-17
DEV010634,USR007137,Smart TV,Android,2025-01-11
DEV010635,USR007137,Tablet,Windows,2025-11-25
DEV010636,USR007138,Mobile,iOS,2025-10-11
DEV010637,USR007138,Laptop,iOS,2025-10-14
DEV010638,USR007138,Mobile,macOS,2025-03-03
DEV010639,USR007139,Mobile,macOS,2025-07-16
DEV010640,USR007139,Tablet,Smart TV OS,2025-05-19
DEV010641,USR007140,Laptop,Windows,2025-01-18
DEV010642,USR007140,Mobile,Windows,2025-04-14
DEV010643,USR007141,Smart TV,Windows,2025-04-17
DEV010644,USR007142,Streaming Stick,Android,2025-09-25
DEV010645,USR007143,Mobile,Android,2025-09-17
DEV010646,USR007143,Smart TV,Android,2025-09-10
DEV010647,USR007144,Smart TV,iOS,2025-08-29
DEV010648,USR007145,Smart TV,macOS,2025-07-03
DEV010649,USR007146,Smart TV,Android,2025-04-24
DEV010650,USR007146,Smart TV,Android,2025-04-30
DEV010651,USR007146,Laptop,Android,2025-04-20
DEV010652,USR007147,Streaming Stick,Android,2025-09-01
DEV010653,USR007148,Smart TV,Smart TV OS,2025-05-09
DEV010654,USR007149,Streaming Stick,Android,2025-01-05
DEV010655,USR007150,Mobile,Windows,2025-11-15
DEV010656,USR007150,Tablet,Smart TV OS,2025-02-27
DEV010657,USR007151,Laptop,Windows,2025-06-28
DEV010658,USR007151,Smart TV,Android,2025-04-09
DEV010659,USR007151,Streaming Stick,iOS,2025-09-20
DEV010660,USR007152,Smart TV,macOS,2025-08-03
DEV010661,USR007152,Smart TV,Android,2025-01-12
DEV010662,USR007153,Smart TV,Android,2025-03-07
DEV010663,USR007154,Tablet,iOS,2025-06-28
DEV010664,USR007155,Smart TV,iOS,2025-03-27
DEV010665,USR007156,Smart TV,Windows,2025-05-15
DEV010666,USR007156,Smart TV,iOS,2025-02-04
DEV010667,USR007156,Smart TV,Smart TV OS,2025-03-29
DEV010668,USR007157,Smart TV,Windows,2025-04-30
DEV010669,USR007157,Mobile,macOS,2025-02-13
DEV010670,USR007158,Mobile,Android,2025-07-02
DEV010671,USR007158,Smart TV,Smart TV OS,2025-08-19
DEV010672,USR007159,Gaming Console,Android,2025-01-04
DEV010673,USR007160,Smart TV,Windows,2025-05-24
DEV010674,USR007161,Laptop,macOS,2025-01-29
DEV010675,USR007162,Streaming Stick,Android,2025-09-11
DEV010676,USR007162,Smart TV,Android,2025-10-30
DEV010677,USR007163,Smart TV,Windows,2025-05-20
DEV010678,USR007163,Mobile,Windows,2025-02-21
DEV010679,USR007164,Laptop,Windows,2025-03-23
DEV010680,USR007165,Mobile,Smart TV OS,2025-05-03
DEV010681,USR007166,Laptop,Windows,2025-11-26
DEV010682,USR007166,Streaming Stick,Windows,2025-02-08
DEV010683,USR007167,Smart TV,iOS,2025-09-05
DEV010684,USR007168,Laptop,Smart TV OS,2025-06-08
DEV010685,USR007168,Mobile,Android,2025-02-20
DEV010686,USR007169,Mobile,iOS,2025-03-15
DEV010687,USR007169,Laptop,Android,2025-03-15
DEV010688,USR007169,Smart TV,Smart TV OS,2025-05-22
DEV010689,USR007170,Mobile,Android,2025-08-27
DEV010690,USR007171,Laptop,Smart TV OS,2025-10-13
DEV010691,USR007172,Mobile,macOS,2025-07-19
DEV010692,USR007173,Smart TV,Windows,2025-10-22
DEV010693,USR007173,Mobile,Android,2025-07-28
DEV010694,USR007173,Mobile,Windows,2025-04-15
DEV010695,USR007174,Mobile,iOS,2025-07-11
DEV010696,USR007175,Laptop,iOS,2025-09-11
DEV010697,USR007176,Mobile,Android,2025-03-15
DEV010698,USR007176,Gaming Console,Windows,2025-04-05
DEV010699,USR007177,Laptop,macOS,2025-05-16
DEV010700,USR007178,Laptop,Smart TV OS,2025-11-27
DEV010701,USR007178,Smart TV,Android,2025-04-20
DEV010702,USR007179,Mobile,Smart TV OS,2025-02-21
DEV010703,USR007180,Mobile,macOS,2025-11-15
DEV010704,USR007181,Smart TV,Smart TV OS,2025-04-09
DEV010705,USR007182,Tablet,iOS,2025-09-27
DEV010706,USR007183,Streaming Stick,Windows,2025-07-15
DEV010707,USR007184,Smart TV,Windows,2025-09-01
DEV010708,USR007185,Mobile,Android,2025-10-07
DEV010709,USR007186,Smart TV,Smart TV OS,2025-03-28
DEV010710,USR007187,Mobile,Smart TV OS,2025-03-19
DEV010711,USR007188,Laptop,Android,2025-01-17
DEV010712,USR007188,Tablet,Android,2025-11-01
DEV010713,USR007189,Mobile,iOS,2025-05-02
DEV010714,USR007190,Smart TV,Smart TV OS,2025-08-01
DEV010715,USR007191,Laptop,iOS,2025-02-05
DEV010716,USR007191,Mobile,Smart TV OS,2025-10-20
DEV010717,USR007192,Streaming Stick,Smart TV OS,2025-07-29
DEV010718,USR007193,Mobile,Windows,2025-10-26
DEV010719,USR007193,Mobile,Android,2025-01-16
DEV010720,USR007193,Tablet,iOS,2025-01-06
DEV010721,USR007194,Streaming Stick,iOS,2025-09-01
DEV010722,USR007195,Smart TV,Android,2025-01-16
DEV010723,USR007195,Laptop,macOS,2025-01-31
DEV010724,USR007196,Gaming Console,iOS,2025-05-05
DEV010725,USR007197,Tablet,Android,2025-10-16
DEV010726,USR007198,Smart TV,Android,2025-01-14
DEV010727,USR007198,Mobile,Android,2025-08-25
DEV010728,USR007198,Laptop,iOS,2025-04-21
DEV010729,USR007199,Laptop,Windows,2025-02-15
DEV010730,USR007199,Streaming Stick,iOS,2025-04-08
DEV010731,USR007200,Smart TV,iOS,2025-01-18
DEV010732,USR007200,Gaming Console,Windows,2025-08-20
DEV010733,USR007201,Laptop,Smart TV OS,2025-02-17
DEV010734,USR007202,Gaming Console,Smart TV OS,2025-10-04
DEV010735,USR007203,Mobile,Windows,2025-10-17
DEV010736,USR007203,Mobile,Smart TV OS,2025-01-22
DEV010737,USR007204,Streaming Stick,Windows,2025-08-30
DEV010738,USR007204,Smart TV,iOS,2025-02-08
DEV010739,USR007205,Streaming Stick,macOS,2025-09-11
DEV010740,USR007205,Smart TV,Smart TV OS,2025-03-14
DEV010741,USR007206,Smart TV,Android,2025-01-13
DEV010742,USR007207,Mobile,Smart TV OS,2025-05-10
DEV010743,USR007207,Smart TV,Android,2025-06-11
DEV010744,USR007208,Tablet,iOS,2025-05-24
DEV010745,USR007208,Gaming Console,Android,2025-07-28
DEV010746,USR007209,Smart TV,Android,2025-09-11
DEV010747,USR007209,Smart TV,Android,2025-02-26
DEV010748,USR007210,Gaming Console,Smart TV OS,2025-10-08
DEV010749,USR007211,Mobile,Android,2025-02-05
DEV010750,USR007211,Tablet,iOS,2025-08-31
DEV010751,USR007212,Laptop,macOS,2025-08-21
DEV010752,USR007212,Streaming Stick,Smart TV OS,2025-05-12
DEV010753,USR007213,Streaming Stick,macOS,2025-07-28
DEV010754,USR007214,Mobile,Smart TV OS,2025-03-16
DEV010755,USR007215,Mobile,Windows,2025-06-04
DEV010756,USR007215,Gaming Console,Smart TV OS,2025-05-31
DEV010757,USR007216,Mobile,Android,2025-03-09
DEV010758,USR007216,Tablet,Windows,2025-04-05
DEV010759,USR007217,Laptop,Windows,2025-02-17
DEV010760,USR007218,Mobile,Android,2025-01-08
DEV010761,USR007218,Mobile,macOS,2025-03-15
DEV010762,USR007219,Smart TV,Windows,2025-04-20
DEV010763,USR007220,Mobile,iOS,2025-05-19
DEV010764,USR007220,Mobile,iOS,2025-02-12
DEV010765,USR007221,Tablet,Smart TV OS,2025-01-09
DEV010766,USR007222,Tablet,Smart TV OS,2025-06-06
DEV010767,USR007223,Mobile,iOS,2025-08-17
DEV010768,USR007223,Smart TV,macOS,2025-08-31
DEV010769,USR007224,Smart TV,Windows,2025-07-12
DEV010770,USR007224,Mobile,Windows,2025-11-12
DEV010771,USR007225,Tablet,Android,2025-04-04
DEV010772,USR007226,Mobile,Android,2025-11-17
DEV010773,USR007227,Mobile,Windows,2025-02-18
DEV010774,USR007228,Mobile,iOS,2025-03-08
DEV010775,USR007229,Mobile,Android,2025-02-10
DEV010776,USR007230,Laptop,Android,2025-11-05
DEV010777,USR007230,Smart TV,Windows,2025-06-03
DEV010778,USR007231,Mobile,macOS,2025-01-13
DEV010779,USR007231,Smart TV,Windows,2025-03-10
DEV010780,USR007232,Mobile,iOS,2025-06-26
DEV010781,USR007233,Mobile,Android,2025-07-03
DEV010782,USR007233,Laptop,iOS,2025-10-27
DEV010783,USR007234,Mobile,Android,2025-02-27
DEV010784,USR007235,Mobile,Android,2025-03-09
DEV010785,USR007236,Mobile,iOS,2025-10-22
DEV010786,USR007237,Mobile,iOS,2025-06-13
DEV010787,USR007237,Mobile,Windows,2025-10-02
DEV010788,USR007238,Smart TV,Windows,2025-02-16
DEV010789,USR007239,Streaming Stick,Android,2025-08-09
DEV010790,USR007240,Smart TV,Smart TV OS,2025-07-27
DEV010791,USR007241,Streaming Stick,macOS,2025-05-27
DEV010792,USR007241,Smart TV,Android,2025-11-07
DEV010793,USR007241,Streaming Stick,Smart TV OS,2025-10-02
DEV010794,USR007242,Tablet,Smart TV OS,2025-05-11
DEV010795,USR007242,Streaming Stick,Android,2025-09-03
DEV010796,USR007243,Mobile,Smart TV OS,2025-09-21
DEV010797,USR007244,Mobile,iOS,2025-03-06
DEV010798,USR007244,Smart TV,Android,2025-04-20
DEV010799,USR007245,Gaming Console,Smart TV OS,2025-01-31
DEV010800,USR007246,Tablet,macOS,2025-09-14
DEV010801,USR007246,Smart TV,Android,2025-09-27
DEV010802,USR007247,Mobile,Windows,2025-08-22
DEV010803,USR007248,Mobile,Windows,2025-09-19
DEV010804,USR007249,Mobile,Windows,2025-08-13
DEV010805,USR007249,Mobile,Android,2025-10-13
DEV010806,USR007250,Mobile,Windows,2025-10-17
DEV010807,USR007250,Smart TV,Android,2025-02-26
DEV010808,USR007250,Laptop,iOS,2025-10-20
DEV010809,USR007251,Tablet,Android,2025-05-30
DEV010810,USR007252,Smart TV,Smart TV OS,2025-10-18
DEV010811,USR007252,Laptop,Windows,2025-03-08
DEV010812,USR007253,Tablet,iOS,2025-06-03
DEV010813,USR007254,Laptop,iOS,2025-07-26
DEV010814,USR007255,Mobile,Android,2025-09-28
DEV010815,USR007256,Smart TV,Android,2025-04-14
DEV010816,USR007256,Mobile,Android,2025-07-21
DEV010817,USR007256,Smart TV,Windows,2025-11-08
DEV010818,USR007257,Smart TV,iOS,2025-11-17
DEV010819,USR007257,Smart TV,iOS,2025-03-07
DEV010820,USR007257,Streaming Stick,Windows,2025-04-12
DEV010821,USR007258,Laptop,iOS,2025-04-28
DEV010822,USR007258,Streaming Stick,Android,2025-05-23
DEV010823,USR007259,Smart TV,iOS,2025-09-19
DEV010824,USR007260,Smart TV,iOS,2025-08-18
DEV010825,USR007261,Mobile,iOS,2025-01-21
DEV010826,USR007261,Mobile,Android,2025-09-16
DEV010827,USR007261,Mobile,Smart TV OS,2025-03-22
DEV010828,USR007262,Smart TV,Windows,2025-10-21
DEV010829,USR007263,Laptop,macOS,2025-07-30
DEV010830,USR007263,Laptop,iOS,2025-06-13
DEV010831,USR007263,Tablet,iOS,2025-05-21
DEV010832,USR007264,Smart TV,Windows,2025-03-17
DEV010833,USR007265,Gaming Console,Windows,2025-01-05
DEV010834,USR007265,Gaming Console,macOS,2025-03-28
DEV010835,USR007266,Streaming Stick,Windows,2025-03-27
DEV010836,USR007267,Mobile,iOS,2025-09-09
DEV010837,USR007268,Laptop,Android,2025-03-17
DEV010838,USR007268,Tablet,iOS,2025-01-08
DEV010839,USR007269,Laptop,iOS,2025-06-18
DEV010840,USR007270,Gaming Console,iOS,2025-04-17
DEV010841,USR007271,Mobile,Windows,2025-01-02
DEV010842,USR007271,Smart TV,Windows,2025-02-01
DEV010843,USR007272,Smart TV,Smart TV OS,2025-10-08
DEV010844,USR007273,Mobile,Android,2025-05-08
DEV010845,USR007274,Smart TV,macOS,2025-07-26
DEV010846,USR007274,Smart TV,Smart TV OS,2025-08-21
DEV010847,USR007275,Mobile,Windows,2025-02-26
DEV010848,USR007276,Smart TV,Android,2025-01-02
DEV010849,USR007276,Smart TV,Android,2025-09-22
DEV010850,USR007277,Mobile,iOS,2025-10-18
DEV010851,USR007278,Tablet,Windows,2025-03-04
DEV010852,USR007278,Laptop,Android,2025-05-10
DEV010853,USR007278,Mobile,Smart TV OS,2025-03-02
DEV010854,USR007279,Mobile,Android,2025-01-02
DEV010855,USR007280,Laptop,Android,2025-02-17
DEV010856,USR007281,Laptop,iOS,2025-11-18
DEV010857,USR007282,Mobile,Android,2025-05-01
DEV010858,USR007283,Laptop,iOS,2025-09-11
DEV010859,USR007284,Tablet,Android,2025-08-22
DEV010860,USR007285,Mobile,Android,2025-10-25
DEV010861,USR007285,Tablet,iOS,2025-09-30
DEV010862,USR007286,Laptop,Windows,2025-10-23
DEV010863,USR007286,Tablet,Smart TV OS,2025-08-24
DEV010864,USR007286,Mobile,iOS,2025-11-13
DEV010865,USR007287,Mobile,Android,2025-01-05
DEV010866,USR007288,Smart TV,Android,2025-06-22
DEV010867,USR007289,Smart TV,macOS,2025-02-12
DEV010868,USR007290,Laptop,Android,2025-10-08
DEV010869,USR007290,Mobile,Android,2025-08-06
DEV010870,USR007290,Smart TV,Smart TV OS,2025-09-03
DEV010871,USR007291,Laptop,iOS,2025-07-18
DEV010872,USR007291,Gaming Console,Smart TV OS,2025-05-06
DEV010873,USR007291,Mobile,Android,2025-01-21
DEV010874,USR007292,Gaming Console,Smart TV OS,2025-11-02
DEV010875,USR007293,Mobile,iOS,2025-10-29
DEV010876,USR007293,Laptop,macOS,2025-09-21
DEV010877,USR007294,Smart TV,Windows,2025-04-23
DEV010878,USR007295,Mobile,iOS,2025-03-02
DEV010879,USR007296,Laptop,Smart TV OS,2025-05-06
DEV010880,USR007296,Laptop,iOS,2025-08-17
DEV010881,USR007297,Laptop,Android,2025-02-19
DEV010882,USR007298,Laptop,Android,2025-02-13
DEV010883,USR007299,Mobile,Windows,2025-11-06
DEV010884,USR007300,Mobile,Windows,2025-07-09
DEV010885,USR007301,Streaming Stick,Android,2025-06-18
DEV010886,USR007301,Tablet,Windows,2025-09-14
DEV010887,USR007302,Laptop,macOS,2025-10-21
DEV010888,USR007303,Smart TV,Android,2025-06-08
DEV010889,USR007303,Mobile,iOS,2025-03-18
DEV010890,USR007303,Mobile,macOS,2025-01-10
DEV010891,USR007304,Mobile,Windows,2025-05-14
DEV010892,USR007305,Mobile,macOS,2025-01-07
DEV010893,USR007305,Gaming Console,Android,2025-02-05
DEV010894,USR007306,Smart TV,iOS,2025-06-15
DEV010895,USR007307,Mobile,Android,2025-05-23
DEV010896,USR007307,Laptop,Android,2025-07-31
DEV010897,USR007308,Laptop,Android,2025-08-17
DEV010898,USR007309,Streaming Stick,Windows,2025-10-22
DEV010899,USR007310,Mobile,macOS,2025-05-09
DEV010900,USR007310,Laptop,Android,2025-05-26
DEV010901,USR007311,Streaming Stick,Windows,2025-05-20
DEV010902,USR007312,Tablet,macOS,2025-08-10
DEV010903,USR007312,Smart TV,Android,2025-08-15
DEV010904,USR007313,Smart TV,iOS,2025-01-28
DEV010905,USR007314,Mobile,macOS,2025-10-09
DEV010906,USR007315,Mobile,macOS,2025-11-26
DEV010907,USR007316,Mobile,iOS,2025-03-13
DEV010908,USR007316,Tablet,Android,2025-10-04
DEV010909,USR007317,Laptop,Android,2025-09-17
DEV010910,USR007317,Laptop,Windows,2025-03-19
DEV010911,USR007318,Tablet,Android,2025-04-24
DEV010912,USR007318,Tablet,Android,2025-09-20
DEV010913,USR007318,Mobile,Smart TV OS,2025-08-17
DEV010914,USR007319,Mobile,Windows,2025-05-28
DEV010915,USR007320,Streaming Stick,Smart TV OS,2025-03-18
DEV010916,USR007320,Mobile,iOS,2025-07-20
DEV010917,USR007320,Mobile,iOS,2025-03-14
DEV010918,USR007321,Laptop,Android,2025-06-27
DEV010919,USR007322,Smart TV,Smart TV OS,2025-02-05
DEV010920,USR007323,Smart TV,Windows,2025-06-16
DEV010921,USR007324,Laptop,macOS,2025-08-28
DEV010922,USR007324,Mobile,Android,2025-04-27
DEV010923,USR007325,Tablet,Android,2025-07-03
DEV010924,USR007325,Gaming Console,iOS,2025-11-23
DEV010925,USR007326,Smart TV,Android,2025-07-30
DEV010926,USR007326,Gaming Console,Windows,2025-06-09
DEV010927,USR007326,Laptop,macOS,2025-03-23
DEV010928,USR007327,Mobile,Android,2025-04-24
DEV010929,USR007327,Smart TV,Android,2025-06-26
DEV010930,USR007327,Tablet,Smart TV OS,2025-08-21
DEV010931,USR007328,Tablet,Smart TV OS,2025-05-31
DEV010932,USR007329,Streaming Stick,iOS,2025-11-14
DEV010933,USR007330,Smart TV,macOS,2025-10-14
DEV010934,USR007331,Mobile,iOS,2025-10-10
DEV010935,USR007331,Smart TV,macOS,2025-06-19
DEV010936,USR007331,Streaming Stick,Windows,2025-02-24
DEV010937,USR007332,Gaming Console,Android,2025-08-03
DEV010938,USR007333,Smart TV,Android,2025-11-18
DEV010939,USR007333,Mobile,iOS,2025-04-01
DEV010940,USR007333,Laptop,Smart TV OS,2025-11-20
DEV010941,USR007334,Smart TV,iOS,2025-06-27
DEV010942,USR007334,Smart TV,Android,2025-10-17
DEV010943,USR007334,Tablet,Windows,2025-01-10
DEV010944,USR007335,Mobile,iOS,2025-07-23
DEV010945,USR007336,Mobile,iOS,2025-01-17
DEV010946,USR007337,Smart TV,iOS,2025-11-05
DEV010947,USR007338,Mobile,Smart TV OS,2025-01-29
DEV010948,USR007339,Mobile,Android,2025-07-29
DEV010949,USR007340,Mobile,iOS,2025-02-13
DEV010950,USR007341,Laptop,Smart TV OS,2025-05-05
DEV010951,USR007342,Smart TV,macOS,2025-08-23
DEV010952,USR007343,Tablet,Windows,2025-02-15
DEV010953,USR007344,Streaming Stick,Smart TV OS,2025-03-31
DEV010954,USR007344,Streaming Stick,Windows,2025-04-13
DEV010955,USR007345,Smart TV,Smart TV OS,2025-03-07
DEV010956,USR007345,Laptop,iOS,2025-10-18
DEV010957,USR007345,Laptop,Windows,2025-11-18
DEV010958,USR007346,Mobile,Smart TV OS,2025-06-29
DEV010959,USR007347,Smart TV,Android,2025-01-16
DEV010960,USR007348,Smart TV,Android,2025-05-16
DEV010961,USR007348,Gaming Console,iOS,2025-09-30
DEV010962,USR007349,Mobile,Smart TV OS,2025-01-06
DEV010963,USR007349,Mobile,iOS,2025-09-12
DEV010964,USR007350,Smart TV,Windows,2025-08-11
DEV010965,USR007350,Mobile,Windows,2025-06-16
DEV010966,USR007351,Smart TV,Windows,2025-05-13
DEV010967,USR007352,Smart TV,iOS,2025-01-24
DEV010968,USR007353,Laptop,iOS,2025-06-06
DEV010969,USR007353,Tablet,Android,2025-04-01
DEV010970,USR007353,Laptop,Android,2025-03-15
DEV010971,USR007354,Gaming Console,Windows,2025-08-03
DEV010972,USR007354,Smart TV,Android,2025-04-23
DEV010973,USR007354,Tablet,Android,2025-11-21
DEV010974,USR007355,Mobile,Android,2025-01-13
DEV010975,USR007356,Mobile,Android,2025-02-15
DEV010976,USR007357,Laptop,Smart TV OS,2025-01-04
DEV010977,USR007358,Mobile,Android,2025-11-17
DEV010978,USR007359,Laptop,Android,2025-06-08
DEV010979,USR007359,Smart TV,Android,2025-09-09
DEV010980,USR007359,Tablet,macOS,2025-03-18
DEV010981,USR007360,Streaming Stick,Android,2025-06-29
DEV010982,USR007361,Mobile,Android,2025-08-04
DEV010983,USR007362,Streaming Stick,Android,2025-07-29
DEV010984,USR007363,Laptop,Android,2025-03-25
DEV010985,USR007364,Smart TV,Smart TV OS,2025-02-21
DEV010986,USR007364,Streaming Stick,Smart TV OS,2025-03-06
DEV010987,USR007364,Smart TV,Smart TV OS,2025-08-23
DEV010988,USR007365,Laptop,Smart TV OS,2025-04-04
DEV010989,USR007365,Smart TV,Android,2025-07-21
DEV010990,USR007366,Streaming Stick,Smart TV OS,2025-01-02
DEV010991,USR007367,Mobile,Smart TV OS,2025-08-03
DEV010992,USR007368,Smart TV,Windows,2025-07-18
DEV010993,USR007368,Tablet,Smart TV OS,2025-06-29
DEV010994,USR007369,Mobile,Windows,2025-07-24
DEV010995,USR007369,Streaming Stick,Smart TV OS,2025-03-20
DEV010996,USR007369,Streaming Stick,macOS,2025-03-08
DEV010997,USR007370,Laptop,macOS,2025-02-09
DEV010998,USR007371,Mobile,macOS,2025-11-15
DEV010999,USR007371,Smart TV,Smart TV OS,2025-08-15
DEV011000,USR007371,Tablet,Windows,2025-07-29
DEV011001,USR007372,Mobile,Android,2025-08-15
DEV011002,USR007372,Mobile,Smart TV OS,2025-09-19
DEV011003,USR007373,Mobile,Smart TV OS,2025-05-19
DEV011004,USR007373,Mobile,Smart TV OS,2025-11-16
DEV011005,USR007374,Tablet,Android,2025-08-28
DEV011006,USR007375,Mobile,Android,2025-03-23
DEV011007,USR007375,Smart TV,Android,2025-10-24
DEV011008,USR007376,Tablet,Android,2025-04-17
DEV011009,USR007377,Laptop,Android,2025-01-19
DEV011010,USR007378,Mobile,Android,2025-02-25
DEV011011,USR007379,Laptop,Android,2025-06-05
DEV011012,USR007379,Tablet,Android,2025-09-14
DEV011013,USR007380,Smart TV,Smart TV OS,2025-06-04
DEV011014,USR007381,Laptop,Android,2025-03-06
DEV011015,USR007381,Smart TV,Windows,2025-05-01
DEV011016,USR007381,Mobile,macOS,2025-06-10
DEV011017,USR007382,Gaming Console,Windows,2025-04-18
DEV011018,USR007382,Laptop,Android,2025-06-07
DEV011019,USR007383,Streaming Stick,Android,2025-08-03
DEV011020,USR007384,Mobile,iOS,2025-07-13
DEV011021,USR007384,Smart TV,Android,2025-10-08
DEV011022,USR007385,Mobile,Android,2025-02-26
DEV011023,USR007386,Mobile,Smart TV OS,2025-06-22
DEV011024,USR007387,Mobile,Windows,2025-08-10
DEV011025,USR007387,Smart TV,Smart TV OS,2025-05-10
DEV011026,USR007388,Laptop,Smart TV OS,2025-07-02
DEV011027,USR007388,Smart TV,Windows,2025-03-25
DEV011028,USR007389,Laptop,Smart TV OS,2025-10-22
DEV011029,USR007390,Laptop,Android,2025-01-09
DEV011030,USR007390,Tablet,Smart TV OS,2025-07-24
DEV011031,USR007391,Mobile,iOS,2025-05-22
DEV011032,USR007391,Mobile,Android,2025-05-25
DEV011033,USR007392,Laptop,Android,2025-02-15
DEV011034,USR007392,Laptop,Smart TV OS,2025-03-05
DEV011035,USR007393,Laptop,iOS,2025-11-10
DEV011036,USR007394,Laptop,Windows,2025-04-11
DEV011037,USR007395,Mobile,macOS,2025-02-11
DEV011038,USR007396,Streaming Stick,Android,2025-08-26
DEV011039,USR007397,Streaming Stick,iOS,2025-08-08
DEV011040,USR007398,Smart TV,Android,2025-04-26
DEV011041,USR007399,Tablet,Smart TV OS,2025-10-28
DEV011042,USR007400,Gaming Console,Windows,2025-09-14
DEV011043,USR007400,Smart TV,iOS,2025-09-15
DEV011044,USR007401,Smart TV,macOS,2025-02-03
DEV011045,USR007401,Streaming Stick,Android,2025-09-28
DEV011046,USR007402,Smart TV,Windows,2025-10-28
DEV011047,USR007403,Mobile,Windows,2025-10-02
DEV011048,USR007403,Streaming Stick,Windows,2025-01-12
DEV011049,USR007404,Smart TV,Windows,2025-07-27
DEV011050,USR007404,Gaming Console,Smart TV OS,2025-05-13
DEV011051,USR007404,Gaming Console,Android,2025-01-10
DEV011052,USR007405,Gaming Console,Smart TV OS,2025-02-20
DEV011053,USR007406,Smart TV,Android,2025-01-23
DEV011054,USR007406,Streaming Stick,Android,2025-04-04
DEV011055,USR007407,Laptop,iOS,2025-07-09
DEV011056,USR007408,Mobile,Windows,2025-05-23
DEV011057,USR007409,Smart TV,Android,2025-04-06
DEV011058,USR007410,Smart TV,Smart TV OS,2025-01-16
DEV011059,USR007411,Smart TV,Smart TV OS,2025-07-25
DEV011060,USR007412,Mobile,Windows,2025-11-09
DEV011061,USR007413,Laptop,Smart TV OS,2025-09-28
DEV011062,USR007413,Smart TV,Smart TV OS,2025-08-06
DEV011063,USR007414,Mobile,iOS,2025-05-03
DEV011064,USR007415,Smart TV,iOS,2025-02-21
DEV011065,USR007416,Smart TV,Windows,2025-11-25
DEV011066,USR007416,Gaming Console,Smart TV OS,2025-09-16
DEV011067,USR007417,Mobile,iOS,2025-01-30
DEV011068,USR007418,Mobile,Windows,2025-02-01
DEV011069,USR007419,Laptop,Android,2025-04-14
DEV011070,USR007419,Smart TV,Android,2025-02-23
DEV011071,USR007419,Laptop,iOS,2025-11-01
DEV011072,USR007420,Smart TV,Smart TV OS,2025-10-31
DEV011073,USR007421,Smart TV,Android,2025-01-26
DEV011074,USR007421,Smart TV,Windows,2025-02-11
DEV011075,USR007422,Mobile,Windows,2025-05-22
DEV011076,USR007423,Tablet,Android,2025-01-07
DEV011077,USR007424,Mobile,Smart TV OS,2025-09-01
DEV011078,USR007425,Smart TV,macOS,2025-05-04
DEV011079,USR007425,Streaming Stick,Android,2025-02-24
DEV011080,USR007426,Mobile,Android,2025-09-12
DEV011081,USR007426,Streaming Stick,iOS,2025-02-20
DEV011082,USR007427,Smart TV,Android,2025-08-27
DEV011083,USR007428,Laptop,Smart TV OS,2025-10-12
DEV011084,USR007428,Laptop,Android,2025-08-01
DEV011085,USR007429,Mobile,Android,2025-02-23
DEV011086,USR007430,Smart TV,macOS,2025-07-18
DEV011087,USR007430,Mobile,Android,2025-03-21
DEV011088,USR007431,Mobile,iOS,2025-07-01
DEV011089,USR007431,Smart TV,Android,2025-11-12
DEV011090,USR007432,Tablet,Windows,2025-01-27
DEV011091,USR007432,Smart TV,Android,2025-09-17
DEV011092,USR007432,Laptop,Android,2025-05-13
DEV011093,USR007433,Laptop,iOS,2025-05-26
DEV011094,USR007434,Mobile,Android,2025-11-22
DEV011095,USR007434,Smart TV,Android,2025-08-27
DEV011096,USR007435,Gaming Console,iOS,2025-06-18
DEV011097,USR007435,Gaming Console,iOS,2025-07-06
DEV011098,USR007436,Gaming Console,iOS,2025-11-18
DEV011099,USR007436,Smart TV,iOS,2025-03-03
DEV011100,USR007436,Tablet,Android,2025-02-09
DEV011101,USR007437,Mobile,Smart TV OS,2025-08-13
DEV011102,USR007438,Streaming Stick,Android,2025-06-22
DEV011103,USR007439,Smart TV,iOS,2025-03-03
DEV011104,USR007440,Tablet,Android,2025-03-27
DEV011105,USR007441,Smart TV,iOS,2025-08-16
DEV011106,USR007442,Mobile,Android,2025-01-02
DEV011107,USR007443,Tablet,Android,2025-08-28
DEV011108,USR007444,Smart TV,Android,2025-01-29
DEV011109,USR007445,Mobile,Smart TV OS,2025-08-28
DEV011110,USR007445,Smart TV,Smart TV OS,2025-02-27
DEV011111,USR007446,Streaming Stick,iOS,2025-02-24
DEV011112,USR007446,Gaming Console,iOS,2025-08-07
DEV011113,USR007446,Smart TV,macOS,2025-01-15
DEV011114,USR007447,Mobile,Windows,2025-09-20
DEV011115,USR007448,Laptop,Android,2025-11-12
DEV011116,USR007449,Smart TV,Android,2025-03-21
DEV011117,USR007450,Mobile,iOS,2025-04-14
DEV011118,USR007451,Gaming Console,Windows,2025-10-29
DEV011119,USR007451,Laptop,Android,2025-11-21
DEV011120,USR007452,Laptop,Android,2025-05-09
DEV011121,USR007452,Mobile,Windows,2025-09-04
DEV011122,USR007452,Tablet,macOS,2025-09-09
DEV011123,USR007453,Smart TV,iOS,2025-10-02
DEV011124,USR007453,Mobile,Windows,2025-04-12
DEV011125,USR007454,Mobile,iOS,2025-04-27
DEV011126,USR007455,Mobile,Android,2025-08-03
DEV011127,USR007456,Smart TV,iOS,2025-02-24
DEV011128,USR007457,Smart TV,iOS,2025-01-04
DEV011129,USR007457,Mobile,Android,2025-04-04
DEV011130,USR007458,Smart TV,Android,2025-10-08
DEV011131,USR007458,Mobile,iOS,2025-01-08
DEV011132,USR007459,Smart TV,Smart TV OS,2025-10-09
DEV011133,USR007459,Mobile,iOS,2025-07-07
DEV011134,USR007460,Smart TV,iOS,2025-08-27
DEV011135,USR007460,Mobile,iOS,2025-09-14
DEV011136,USR007461,Smart TV,Smart TV OS,2025-03-28
DEV011137,USR007462,Smart TV,Windows,2025-05-31
DEV011138,USR007462,Smart TV,Smart TV OS,2025-04-10
DEV011139,USR007463,Smart TV,iOS,2025-03-11
DEV011140,USR007463,Mobile,Windows,2025-04-20
DEV011141,USR007464,Mobile,Android,2025-04-06
DEV011142,USR007464,Mobile,Android,2025-03-25
DEV011143,USR007465,Smart TV,Android,2025-03-04
DEV011144,USR007465,Laptop,iOS,2025-07-20
DEV011145,USR007465,Streaming Stick,Windows,2025-10-27
DEV011146,USR007466,Mobile,Smart TV OS,2025-07-16
DEV011147,USR007467,Streaming Stick,iOS,2025-07-15
DEV011148,USR007467,Tablet,Windows,2025-10-10
DEV011149,USR007468,Mobile,Windows,2025-08-22
DEV011150,USR007469,Mobile,Android,2025-08-30
DEV011151,USR007470,Smart TV,Windows,2025-08-15
DEV011152,USR007471,Mobile,Android,2025-07-02
DEV011153,USR007471,Laptop,Android,2025-02-03
DEV011154,USR007472,Streaming Stick,Android,2025-03-02
DEV011155,USR007473,Mobile,Android,2025-07-06
DEV011156,USR007474,Mobile,iOS,2025-03-14
DEV011157,USR007474,Mobile,Windows,2025-02-15
DEV011158,USR007475,Mobile,Windows,2025-03-01
DEV011159,USR007476,Smart TV,iOS,2025-06-02
DEV011160,USR007476,Smart TV,Windows,2025-03-16
DEV011161,USR007477,Mobile,Windows,2025-01-03
DEV011162,USR007478,Smart TV,Android,2025-01-05
DEV011163,USR007479,Laptop,iOS,2025-07-06
DEV011164,USR007480,Streaming Stick,Android,2025-09-25
DEV011165,USR007481,Laptop,Android,2025-03-22
DEV011166,USR007481,Mobile,Android,2025-05-25
DEV011167,USR007482,Mobile,Windows,2025-02-27
DEV011168,USR007482,Smart TV,Smart TV OS,2025-11-14
DEV011169,USR007483,Mobile,Windows,2025-04-24
DEV011170,USR007484,Mobile,Android,2025-05-28
DEV011171,USR007485,Smart TV,iOS,2025-05-30
DEV011172,USR007486,Streaming Stick,iOS,2025-04-23
DEV011173,USR007487,Laptop,iOS,2025-06-04
DEV011174,USR007488,Laptop,Android,2025-08-06
DEV011175,USR007488,Streaming Stick,Smart TV OS,2025-11-04
DEV011176,USR007489,Laptop,Android,2025-02-08
DEV011177,USR007489,Smart TV,Windows,2025-01-08
DEV011178,USR007490,Smart TV,Android,2025-04-28
DEV011179,USR007491,Mobile,Smart TV OS,2025-02-21
DEV011180,USR007492,Smart TV,Windows,2025-02-06
DEV011181,USR007493,Mobile,iOS,2025-07-06
DEV011182,USR007494,Smart TV,Smart TV OS,2025-10-09
DEV011183,USR007494,Gaming Console,iOS,2025-07-18
DEV011184,USR007495,Tablet,Android,2025-07-26
DEV011185,USR007495,Gaming Console,Smart TV OS,2025-05-06
DEV011186,USR007496,Smart TV,Android,2025-11-11
DEV011187,USR007497,Mobile,Windows,2025-04-30
DEV011188,USR007497,Laptop,Android,2025-06-08
DEV011189,USR007498,Tablet,Smart TV OS,2025-02-17
DEV011190,USR007499,Tablet,macOS,2025-01-09
DEV011191,USR007500,Smart TV,macOS,2025-05-22
DEV011192,USR007500,Smart TV,Android,2025-09-13
DEV011193,USR007501,Smart TV,Windows,2025-03-21
DEV011194,USR007502,Smart TV,Windows,2025-10-27
DEV011195,USR007503,Smart TV,Windows,2025-03-04
DEV011196,USR007503,Streaming Stick,macOS,2025-06-13
DEV011197,USR007504,Mobile,macOS,2025-10-10
DEV011198,USR007505,Gaming Console,Windows,2025-02-26
DEV011199,USR007506,Smart TV,Windows,2025-02-09
DEV011200,USR007507,Mobile,Android,2025-09-10
DEV011201,USR007507,Smart TV,macOS,2025-06-18
DEV011202,USR007508,Smart TV,Smart TV OS,2025-03-10
DEV011203,USR007508,Streaming Stick,Smart TV OS,2025-04-30
DEV011204,USR007509,Smart TV,iOS,2025-10-16
DEV011205,USR007510,Mobile,Windows,2025-02-20
DEV011206,USR007511,Smart TV,Android,2025-05-13
DEV011207,USR007512,Laptop,Windows,2025-11-24
DEV011208,USR007513,Mobile,Android,2025-11-03
DEV011209,USR007514,Mobile,Android,2025-04-27
DEV011210,USR007515,Mobile,iOS,2025-01-10
DEV011211,USR007515,Mobile,iOS,2025-03-20
DEV011212,USR007516,Mobile,Smart TV OS,2025-05-30
DEV011213,USR007517,Tablet,Smart TV OS,2025-07-09
DEV011214,USR007518,Tablet,iOS,2025-08-05
DEV011215,USR007518,Laptop,Windows,2025-08-25
DEV011216,USR007519,Laptop,Windows,2025-01-19
DEV011217,USR007520,Laptop,Windows,2025-08-15
DEV011218,USR007521,Laptop,Windows,2025-08-24
DEV011219,USR007522,Smart TV,iOS,2025-09-14
DEV011220,USR007523,Mobile,Windows,2025-07-05
DEV011221,USR007524,Streaming Stick,Smart TV OS,2025-05-15
DEV011222,USR007525,Smart TV,iOS,2025-09-04
DEV011223,USR007525,Streaming Stick,Windows,2025-09-30
DEV011224,USR007526,Laptop,macOS,2025-04-28
DEV011225,USR007526,Smart TV,iOS,2025-09-04
DEV011226,USR007526,Mobile,Smart TV OS,2025-02-01
DEV011227,USR007527,Streaming Stick,Smart TV OS,2025-09-07
DEV011228,USR007528,Laptop,iOS,2025-04-27
DEV011229,USR007529,Gaming Console,Windows,2025-04-06
DEV011230,USR007530,Mobile,Smart TV OS,2025-06-01
DEV011231,USR007530,Mobile,Android,2025-02-07
DEV011232,USR007531,Mobile,Windows,2025-09-15
DEV011233,USR007531,Tablet,iOS,2025-06-16
DEV011234,USR007532,Laptop,Smart TV OS,2025-04-03
DEV011235,USR007532,Tablet,iOS,2025-07-16
DEV011236,USR007533,Mobile,Windows,2025-10-16
DEV011237,USR007534,Gaming Console,Windows,2025-05-13
DEV011238,USR007535,Smart TV,Android,2025-07-21
DEV011239,USR007535,Smart TV,Android,2025-09-28
DEV011240,USR007536,Streaming Stick,iOS,2025-03-17
DEV011241,USR007537,Smart TV,Windows,2025-04-06
DEV011242,USR007537,Smart TV,Android,2025-10-12
DEV011243,USR007538,Mobile,Android,2025-06-03
DEV011244,USR007539,Mobile,Windows,2025-08-18
DEV011245,USR007539,Smart TV,Windows,2025-08-02
DEV011246,USR007539,Mobile,Smart TV OS,2025-08-08
DEV011247,USR007540,Mobile,iOS,2025-01-06
DEV011248,USR007541,Mobile,Android,2025-07-13
DEV011249,USR007542,Mobile,Windows,2025-03-15
DEV011250,USR007542,Laptop,Android,2025-09-02
DEV011251,USR007543,Tablet,Android,2025-04-16
DEV011252,USR007543,Smart TV,Smart TV OS,2025-06-23
DEV011253,USR007543,Smart TV,Smart TV OS,2025-04-17
DEV011254,USR007544,Gaming Console,Windows,2025-07-25
DEV011255,USR007544,Mobile,Windows,2025-09-01
DEV011256,USR007545,Mobile,iOS,2025-03-12
DEV011257,USR007546,Mobile,Android,2025-03-06
DEV011258,USR007547,Smart TV,iOS,2025-09-28
DEV011259,USR007548,Smart TV,iOS,2025-09-16
DEV011260,USR007549,Smart TV,Android,2025-11-07
DEV011261,USR007549,Mobile,Windows,2025-01-27
DEV011262,USR007550,Mobile,iOS,2025-01-16
DEV011263,USR007551,Smart TV,iOS,2025-09-22
DEV011264,USR007551,Streaming Stick,Android,2025-09-25
DEV011265,USR007552,Streaming Stick,macOS,2025-10-30
DEV011266,USR007552,Mobile,iOS,2025-04-30
DEV011267,USR007552,Laptop,macOS,2025-04-01
DEV011268,USR007553,Tablet,Windows,2025-06-21
DEV011269,USR007554,Mobile,Android,2025-05-01
DEV011270,USR007554,Mobile,Android,2025-05-13
DEV011271,USR007555,Mobile,iOS,2025-01-14
DEV011272,USR007556,Mobile,Smart TV OS,2025-11-06
DEV011273,USR007556,Laptop,Android,2025-03-16
DEV011274,USR007557,Laptop,Windows,2025-10-23
DEV011275,USR007558,Tablet,iOS,2025-02-12
DEV011276,USR007559,Streaming Stick,Windows,2025-06-17
DEV011277,USR007559,Smart TV,Windows,2025-11-02
DEV011278,USR007559,Mobile,iOS,2025-08-19
DEV011279,USR007560,Smart TV,Windows,2025-05-12
DEV011280,USR007561,Mobile,Windows,2025-06-10
DEV011281,USR007561,Streaming Stick,iOS,2025-04-09
DEV011282,USR007562,Smart TV,Windows,2025-06-14
DEV011283,USR007562,Gaming Console,iOS,2025-07-30
DEV011284,USR007563,Mobile,Android,2025-08-31
DEV011285,USR007564,Mobile,Smart TV OS,2025-08-26
DEV011286,USR007565,Mobile,Android,2025-06-23
DEV011287,USR007566,Tablet,Smart TV OS,2025-03-23
DEV011288,USR007567,Laptop,Android,2025-02-09
DEV011289,USR007568,Mobile,Windows,2025-01-15
DEV011290,USR007569,Laptop,macOS,2025-09-27
DEV011291,USR007570,Streaming Stick,Windows,2025-04-03
DEV011292,USR007571,Mobile,iOS,2025-07-26
DEV011293,USR007572,Streaming Stick,iOS,2025-03-08
DEV011294,USR007572,Mobile,macOS,2025-08-22
DEV011295,USR007573,Mobile,Smart TV OS,2025-04-03
DEV011296,USR007573,Laptop,Smart TV OS,2025-01-31
DEV011297,USR007574,Smart TV,Android,2025-03-31
DEV011298,USR007574,Gaming Console,macOS,2025-11-26
DEV011299,USR007575,Mobile,Smart TV OS,2025-02-22
DEV011300,USR007576,Laptop,iOS,2025-02-08
DEV011301,USR007577,Laptop,iOS,2025-07-09
DEV011302,USR007577,Gaming Console,iOS,2025-09-08
DEV011303,USR007578,Smart TV,iOS,2025-03-03
DEV011304,USR007579,Laptop,iOS,2025-02-24
DEV011305,USR007579,Gaming Console,Smart TV OS,2025-08-05
DEV011306,USR007579,Laptop,Android,2025-03-26
DEV011307,USR007580,Mobile,Windows,2025-05-31
DEV011308,USR007581,Streaming Stick,Android,2025-10-06
DEV011309,USR007582,Smart TV,Windows,2025-05-28
DEV011310,USR007583,Smart TV,Smart TV OS,2025-10-10
DEV011311,USR007584,Streaming Stick,Windows,2025-10-11
DEV011312,USR007585,Mobile,Android,2025-07-11
DEV011313,USR007586,Gaming Console,Android,2025-02-23
DEV011314,USR007587,Mobile,Windows,2025-10-24
DEV011315,USR007587,Mobile,macOS,2025-01-05
DEV011316,USR007588,Smart TV,macOS,2025-04-02
DEV011317,USR007589,Smart TV,Windows,2025-04-03
DEV011318,USR007590,Tablet,macOS,2025-10-19
DEV011319,USR007590,Laptop,macOS,2025-10-09
DEV011320,USR007591,Laptop,Android,2025-05-17
DEV011321,USR007592,Laptop,iOS,2025-07-23
DEV011322,USR007593,Mobile,Windows,2025-02-09
DEV011323,USR007594,Streaming Stick,Windows,2025-10-07
DEV011324,USR007595,Mobile,iOS,2025-02-06
DEV011325,USR007596,Mobile,Windows,2025-01-10
DEV011326,USR007597,Laptop,Smart TV OS,2025-02-11
DEV011327,USR007597,Smart TV,Smart TV OS,2025-07-24
DEV011328,USR007597,Mobile,Windows,2025-04-10
DEV011329,USR007598,Laptop,Android,2025-01-21
DEV011330,USR007599,Laptop,Android,2025-01-06
DEV011331,USR007599,Mobile,Smart TV OS,2025-01-17
DEV011332,USR007600,Tablet,Windows,2025-04-12
DEV011333,USR007601,Smart TV,Android,2025-07-31
DEV011334,USR007602,Laptop,Android,2025-04-04
DEV011335,USR007602,Mobile,Android,2025-05-10
DEV011336,USR007603,Mobile,Android,2025-07-12
DEV011337,USR007603,Laptop,Android,2025-10-23
DEV011338,USR007604,Smart TV,macOS,2025-02-27
DEV011339,USR007605,Smart TV,macOS,2025-08-14
DEV011340,USR007605,Smart TV,Android,2025-03-23
DEV011341,USR007606,Mobile,iOS,2025-08-16
DEV011342,USR007607,Mobile,Smart TV OS,2025-05-04
DEV011343,USR007608,Laptop,Android,2025-01-03
DEV011344,USR007608,Smart TV,macOS,2025-10-04
DEV011345,USR007609,Mobile,Windows,2025-10-16
DEV011346,USR007610,Mobile,Android,2025-07-23
DEV011347,USR007611,Gaming Console,iOS,2025-06-16
DEV011348,USR007611,Smart TV,macOS,2025-05-14
DEV011349,USR007612,Mobile,Android,2025-06-29
DEV011350,USR007613,Mobile,macOS,2025-11-10
DEV011351,USR007613,Mobile,iOS,2025-10-09
DEV011352,USR007614,Streaming Stick,iOS,2025-11-06
DEV011353,USR007615,Streaming Stick,Android,2025-11-06
DEV011354,USR007616,Mobile,macOS,2025-08-25
DEV011355,USR007617,Mobile,iOS,2025-09-10
DEV011356,USR007617,Laptop,iOS,2025-04-03
DEV011357,USR007618,Mobile,iOS,2025-02-14
DEV011358,USR007619,Smart TV,iOS,2025-10-21
DEV011359,USR007620,Tablet,Windows,2025-07-18
DEV011360,USR007621,Mobile,iOS,2025-01-25
DEV011361,USR007622,Laptop,Smart TV OS,2025-10-16
DEV011362,USR007623,Smart TV,Smart TV OS,2025-01-31
DEV011363,USR007623,Laptop,Smart TV OS,2025-03-06
DEV011364,USR007624,Mobile,Windows,2025-08-03
DEV011365,USR007624,Gaming Console,Smart TV OS,2025-08-20
DEV011366,USR007625,Smart TV,macOS,2025-06-19
DEV011367,USR007626,Smart TV,Smart TV OS,2025-08-21
DEV011368,USR007626,Tablet,macOS,2025-03-27
DEV011369,USR007627,Streaming Stick,macOS,2025-06-05
DEV011370,USR007628,Mobile,Windows,2025-04-16
DEV011371,USR007629,Mobile,macOS,2025-05-16
DEV011372,USR007630,Smart TV,Windows,2025-11-17
DEV011373,USR007630,Smart TV,macOS,2025-10-28
DEV011374,USR007631,Tablet,Android,2025-08-20
DEV011375,USR007632,Gaming Console,Windows,2025-09-16
DEV011376,USR007632,Streaming Stick,Android,2025-10-07
DEV011377,USR007633,Smart TV,Smart TV OS,2025-01-02
DEV011378,USR007634,Gaming Console,Android,2025-09-11
DEV011379,USR007635,Mobile,Windows,2025-07-31
DEV011380,USR007635,Mobile,iOS,2025-01-12
DEV011381,USR007635,Mobile,Android,2025-03-28
DEV011382,USR007636,Laptop,iOS,2025-01-06
DEV011383,USR007637,Laptop,Android,2025-02-22
DEV011384,USR007637,Tablet,Android,2025-10-17
DEV011385,USR007638,Mobile,Windows,2025-03-29
DEV011386,USR007638,Smart TV,Android,2025-11-01
DEV011387,USR007638,Smart TV,Smart TV OS,2025-01-24
DEV011388,USR007639,Mobile,Windows,2025-02-09
DEV011389,USR007640,Laptop,Windows,2025-06-03
DEV011390,USR007640,Streaming Stick,iOS,2025-05-02
DEV011391,USR007641,Smart TV,iOS,2025-05-24
DEV011392,USR007641,Mobile,Smart TV OS,2025-05-13
DEV011393,USR007642,Tablet,iOS,2025-01-18
DEV011394,USR007643,Tablet,iOS,2025-03-30
DEV011395,USR007644,Tablet,Android,2025-06-28
DEV011396,USR007644,Gaming Console,Android,2025-04-09
DEV011397,USR007645,Mobile,Android,2025-03-30
DEV011398,USR007646,Mobile,macOS,2025-03-27
DEV011399,USR007647,Laptop,Smart TV OS,2025-02-04
DEV011400,USR007648,Tablet,Android,2025-07-11
DEV011401,USR007649,Streaming Stick,iOS,2025-06-19
DEV011402,USR007649,Mobile,Smart TV OS,2025-06-26
DEV011403,USR007650,Smart TV,iOS,2025-01-31
DEV011404,USR007650,Smart TV,Android,2025-02-28
DEV011405,USR007651,Streaming Stick,iOS,2025-04-26
DEV011406,USR007651,Tablet,Android,2025-06-22
DEV011407,USR007652,Smart TV,macOS,2025-01-18
DEV011408,USR007653,Streaming Stick,Windows,2025-07-27
DEV011409,USR007654,Smart TV,Windows,2025-10-11
DEV011410,USR007655,Tablet,iOS,2025-05-26
DEV011411,USR007655,Smart TV,iOS,2025-04-17
DEV011412,USR007656,Laptop,macOS,2025-05-06
DEV011413,USR007656,Streaming Stick,Windows,2025-04-09
DEV011414,USR007657,Smart TV,Smart TV OS,2025-05-31
DEV011415,USR007657,Laptop,iOS,2025-05-07
DEV011416,USR007658,Smart TV,iOS,2025-03-25
DEV011417,USR007659,Mobile,Windows,2025-03-09
DEV011418,USR007660,Mobile,Windows,2025-10-03
DEV011419,USR007661,Mobile,Windows,2025-10-16
DEV011420,USR007662,Tablet,iOS,2025-10-03
DEV011421,USR007662,Gaming Console,iOS,2025-11-27
DEV011422,USR007663,Gaming Console,Android,2025-03-06
DEV011423,USR007664,Laptop,Android,2025-05-18
DEV011424,USR007664,Mobile,iOS,2025-05-19
DEV011425,USR007665,Tablet,Smart TV OS,2025-10-24
DEV011426,USR007666,Tablet,Android,2025-06-20
DEV011427,USR007667,Mobile,iOS,2025-07-21
DEV011428,USR007667,Smart TV,Windows,2025-06-10
DEV011429,USR007668,Mobile,macOS,2025-11-10
DEV011430,USR007668,Mobile,Smart TV OS,2025-11-04
DEV011431,USR007669,Smart TV,Android,2025-01-29
DEV011432,USR007669,Mobile,Android,2025-03-02
DEV011433,USR007670,Laptop,Smart TV OS,2025-09-12
DEV011434,USR007671,Mobile,Android,2025-02-08
DEV011435,USR007672,Mobile,iOS,2025-06-08
DEV011436,USR007673,Smart TV,Android,2025-05-23
DEV011437,USR007674,Mobile,Smart TV OS,2025-01-08
DEV011438,USR007675,Streaming Stick,Smart TV OS,2025-11-01
DEV011439,USR007676,Smart TV,Smart TV OS,2025-05-18
DEV011440,USR007676,Mobile,Smart TV OS,2025-11-25
DEV011441,USR007677,Smart TV,iOS,2025-04-15
DEV011442,USR007678,Smart TV,Android,2025-06-25
DEV011443,USR007678,Mobile,Android,2025-11-15
DEV011444,USR007679,Laptop,iOS,2025-02-20
DEV011445,USR007679,Laptop,Windows,2025-10-28
DEV011446,USR007679,Laptop,Smart TV OS,2025-03-09
DEV011447,USR007680,Smart TV,Smart TV OS,2025-08-17
DEV011448,USR007681,Laptop,iOS,2025-04-28
DEV011449,USR007682,Smart TV,Android,2025-07-10
DEV011450,USR007683,Smart TV,iOS,2025-07-25
DEV011451,USR007684,Laptop,Smart TV OS,2025-08-05
DEV011452,USR007685,Laptop,macOS,2025-05-21
DEV011453,USR007685,Gaming Console,Smart TV OS,2025-08-31
DEV011454,USR007686,Gaming Console,iOS,2025-09-18
DEV011455,USR007687,Smart TV,macOS,2025-07-24
DEV011456,USR007687,Smart TV,Android,2025-05-09
DEV011457,USR007688,Mobile,Android,2025-03-14
DEV011458,USR007689,Mobile,Android,2025-11-14
DEV011459,USR007689,Gaming Console,Smart TV OS,2025-08-06
DEV011460,USR007690,Smart TV,Android,2025-04-28
DEV011461,USR007691,Mobile,iOS,2025-10-20
DEV011462,USR007692,Smart TV,macOS,2025-09-30
DEV011463,USR007693,Mobile,macOS,2025-06-11
DEV011464,USR007693,Laptop,Windows,2025-03-12
DEV011465,USR007694,Mobile,iOS,2025-04-08
DEV011466,USR007695,Smart TV,iOS,2025-02-24
DEV011467,USR007696,Smart TV,Windows,2025-04-28
DEV011468,USR007697,Smart TV,Smart TV OS,2025-07-01
DEV011469,USR007697,Mobile,macOS,2025-01-06
DEV011470,USR007698,Laptop,Android,2025-05-19
DEV011471,USR007699,Laptop,Windows,2025-03-13
DEV011472,USR007700,Tablet,Windows,2025-11-24
DEV011473,USR007701,Laptop,Smart TV OS,2025-05-02
DEV011474,USR007702,Laptop,Windows,2025-01-26
DEV011475,USR007702,Smart TV,Android,2025-09-22
DEV011476,USR007703,Laptop,Smart TV OS,2025-09-06
DEV011477,USR007703,Tablet,Smart TV OS,2025-10-30
DEV011478,USR007704,Smart TV,Smart TV OS,2025-03-13
DEV011479,USR007705,Mobile,Windows,2025-11-06
DEV011480,USR007706,Mobile,Android,2025-07-11
DEV011481,USR007706,Smart TV,Android,2025-05-09
DEV011482,USR007706,Smart TV,Windows,2025-03-09
DEV011483,USR007707,Tablet,iOS,2025-02-17
DEV011484,USR007708,Tablet,Android,2025-05-01
DEV011485,USR007709,Mobile,Android,2025-05-11
DEV011486,USR007709,Mobile,Windows,2025-11-18
DEV011487,USR007710,Tablet,iOS,2025-06-14
DEV011488,USR007710,Smart TV,Android,2025-10-04
DEV011489,USR007711,Laptop,iOS,2025-10-30
DEV011490,USR007711,Laptop,Windows,2025-04-03
DEV011491,USR007712,Smart TV,Smart TV OS,2025-01-04
DEV011492,USR007712,Smart TV,Windows,2025-06-04
DEV011493,USR007713,Mobile,Windows,2025-09-05
DEV011494,USR007713,Mobile,Windows,2025-09-10
DEV011495,USR007714,Laptop,iOS,2025-09-10
DEV011496,USR007715,Laptop,Android,2025-10-22
DEV011497,USR007715,Laptop,iOS,2025-04-12
DEV011498,USR007716,Laptop,iOS,2025-05-01
DEV011499,USR007716,Laptop,macOS,2025-03-29
DEV011500,USR007716,Mobile,iOS,2025-10-29
DEV011501,USR007717,Mobile,Android,2025-10-13
DEV011502,USR007718,Mobile,Smart TV OS,2025-02-18
DEV011503,USR007719,Smart TV,Android,2025-11-13
DEV011504,USR007720,Gaming Console,iOS,2025-03-26
DEV011505,USR007720,Smart TV,Smart TV OS,2025-06-24
DEV011506,USR007720,Tablet,Android,2025-08-28
DEV011507,USR007721,Smart TV,Windows,2025-05-29
DEV011508,USR007721,Smart TV,macOS,2025-08-10
DEV011509,USR007722,Mobile,Smart TV OS,2025-09-24
DEV011510,USR007723,Smart TV,Smart TV OS,2025-09-15
DEV011511,USR007724,Mobile,Windows,2025-07-03
DEV011512,USR007724,Gaming Console,macOS,2025-09-27
DEV011513,USR007725,Laptop,iOS,2025-10-05
DEV011514,USR007726,Mobile,Windows,2025-06-14
DEV011515,USR007727,Laptop,macOS,2025-09-02
DEV011516,USR007727,Streaming Stick,Windows,2025-03-11
DEV011517,USR007728,Mobile,Smart TV OS,2025-03-30
DEV011518,USR007729,Laptop,Android,2025-09-18
DEV011519,USR007730,Smart TV,Android,2025-09-04
DEV011520,USR007731,Tablet,Smart TV OS,2025-10-27
DEV011521,USR007732,Laptop,Android,2025-07-05
DEV011522,USR007732,Laptop,Android,2025-06-06
DEV011523,USR007733,Mobile,Android,2025-11-23
DEV011524,USR007733,Laptop,Windows,2025-06-13
DEV011525,USR007733,Streaming Stick,Android,2025-07-11
DEV011526,USR007734,Streaming Stick,macOS,2025-10-27
DEV011527,USR007735,Smart TV,iOS,2025-10-12
DEV011528,USR007736,Tablet,Android,2025-04-04
DEV011529,USR007737,Smart TV,macOS,2025-01-05
DEV011530,USR007737,Mobile,Windows,2025-02-24
DEV011531,USR007738,Laptop,Android,2025-06-30
DEV011532,USR007739,Gaming Console,macOS,2025-11-22
DEV011533,USR007739,Smart TV,Windows,2025-07-27
DEV011534,USR007740,Smart TV,Android,2025-06-03
DEV011535,USR007741,Smart TV,iOS,2025-10-10
DEV011536,USR007742,Laptop,Android,2025-10-29
DEV011537,USR007743,Mobile,Windows,2025-04-03
DEV011538,USR007743,Laptop,macOS,2025-11-27
DEV011539,USR007744,Mobile,Smart TV OS,2025-03-28
DEV011540,USR007745,Gaming Console,Smart TV OS,2025-05-06
DEV011541,USR007745,Gaming Console,Windows,2025-05-21
DEV011542,USR007746,Mobile,iOS,2025-10-19
DEV011543,USR007747,Mobile,iOS,2025-11-01
DEV011544,USR007748,Laptop,iOS,2025-01-07
DEV011545,USR007749,Mobile,iOS,2025-08-02
DEV011546,USR007749,Mobile,iOS,2025-07-21
DEV011547,USR007750,Mobile,Windows,2025-08-16
DEV011548,USR007751,Mobile,Windows,2025-07-29
DEV011549,USR007752,Laptop,Android,2025-05-15
DEV011550,USR007753,Mobile,iOS,2025-06-25
DEV011551,USR007753,Smart TV,Android,2025-01-27
DEV011552,USR007754,Mobile,Android,2025-07-04
DEV011553,USR007754,Smart TV,Smart TV OS,2025-08-09
DEV011554,USR007754,Smart TV,iOS,2025-04-10
DEV011555,USR007755,Smart TV,Android,2025-09-02
DEV011556,USR007756,Tablet,iOS,2025-01-21
DEV011557,USR007756,Smart TV,iOS,2025-01-10
DEV011558,USR007757,Smart TV,Windows,2025-11-11
DEV011559,USR007757,Smart TV,Smart TV OS,2025-02-08
DEV011560,USR007758,Smart TV,Windows,2025-02-13
DEV011561,USR007759,Mobile,Windows,2025-05-06
DEV011562,USR007760,Mobile,Smart TV OS,2025-04-13
DEV011563,USR007761,Mobile,iOS,2025-04-01
DEV011564,USR007762,Mobile,iOS,2025-06-02
DEV011565,USR007763,Smart TV,Windows,2025-02-17
DEV011566,USR007763,Smart TV,Android,2025-02-14
DEV011567,USR007764,Tablet,Android,2025-04-24
DEV011568,USR007764,Smart TV,Windows,2025-07-15
DEV011569,USR007764,Streaming Stick,Android,2025-01-03
DEV011570,USR007765,Tablet,macOS,2025-08-03
DEV011571,USR007765,Tablet,Smart TV OS,2025-01-11
DEV011572,USR007766,Laptop,Android,2025-03-15
DEV011573,USR007766,Mobile,Android,2025-08-25
DEV011574,USR007766,Laptop,Windows,2025-09-06
DEV011575,USR007767,Gaming Console,Windows,2025-06-14
DEV011576,USR007767,Mobile,Smart TV OS,2025-07-24
DEV011577,USR007768,Smart TV,Android,2025-02-26
DEV011578,USR007769,Smart TV,Android,2025-08-03
DEV011579,USR007769,Mobile,macOS,2025-01-29
DEV011580,USR007769,Gaming Console,Android,2025-08-31
DEV011581,USR007770,Smart TV,Smart TV OS,2025-03-08
DEV011582,USR007770,Laptop,Android,2025-07-20
DEV011583,USR007770,Laptop,iOS,2025-05-25
DEV011584,USR007771,Laptop,Smart TV OS,2025-09-27
DEV011585,USR007772,Smart TV,iOS,2025-07-01
DEV011586,USR007772,Smart TV,macOS,2025-01-06
DEV011587,USR007773,Smart TV,macOS,2025-06-16
DEV011588,USR007774,Mobile,iOS,2025-03-30
DEV011589,USR007775,Smart TV,Android,2025-08-05
DEV011590,USR007776,Mobile,Android,2025-08-06
DEV011591,USR007777,Smart TV,Windows,2025-04-25
DEV011592,USR007777,Laptop,iOS,2025-02-26
DEV011593,USR007778,Smart TV,Windows,2025-04-12
DEV011594,USR007779,Streaming Stick,iOS,2025-02-28
DEV011595,USR007779,Smart TV,Windows,2025-01-07
DEV011596,USR007780,Laptop,Windows,2025-11-13
DEV011597,USR007780,Mobile,Smart TV OS,2025-05-13
DEV011598,USR007781,Tablet,Windows,2025-02-17
DEV011599,USR007782,Mobile,iOS,2025-06-03
DEV011600,USR007782,Mobile,Smart TV OS,2025-03-12
DEV011601,USR007782,Streaming Stick,Android,2025-04-13
DEV011602,USR007783,Mobile,Smart TV OS,2025-07-19
DEV011603,USR007783,Laptop,Android,2025-06-28
DEV011604,USR007784,Laptop,Android,2025-05-28
DEV011605,USR007785,Tablet,iOS,2025-04-11
DEV011606,USR007786,Smart TV,Windows,2025-08-26
DEV011607,USR007787,Mobile,Android,2025-07-18
DEV011608,USR007788,Mobile,Android,2025-09-02
DEV011609,USR007789,Smart TV,Windows,2025-01-17
DEV011610,USR007789,Smart TV,Windows,2025-08-05
DEV011611,USR007789,Laptop,Android,2025-04-17
DEV011612,USR007790,Smart TV,Smart TV OS,2025-11-06
DEV011613,USR007790,Mobile,macOS,2025-05-30
DEV011614,USR007791,Gaming Console,macOS,2025-01-24
DEV011615,USR007792,Gaming Console,Smart TV OS,2025-08-08
DEV011616,USR007792,Laptop,iOS,2025-02-05
DEV011617,USR007793,Tablet,Smart TV OS,2025-06-24
DEV011618,USR007794,Streaming Stick,Android,2025-10-09
DEV011619,USR007795,Laptop,Smart TV OS,2025-02-14
DEV011620,USR007796,Mobile,Smart TV OS,2025-09-11
DEV011621,USR007796,Mobile,Windows,2025-11-14
DEV011622,USR007797,Mobile,Android,2025-04-07
DEV011623,USR007797,Tablet,iOS,2025-03-30
DEV011624,USR007798,Tablet,Smart TV OS,2025-04-04
DEV011625,USR007799,Mobile,Android,2025-03-28
DEV011626,USR007800,Mobile,Android,2025-04-23
DEV011627,USR007801,Laptop,iOS,2025-05-17
DEV011628,USR007802,Laptop,iOS,2025-02-09
DEV011629,USR007802,Smart TV,Android,2025-09-12
DEV011630,USR007803,Streaming Stick,iOS,2025-05-18
DEV011631,USR007804,Mobile,Android,2025-06-21
DEV011632,USR007805,Mobile,iOS,2025-09-14
DEV011633,USR007805,Smart TV,Smart TV OS,2025-07-19
DEV011634,USR007806,Tablet,Windows,2025-08-18
DEV011635,USR007807,Gaming Console,Windows,2025-01-06
DEV011636,USR007808,Mobile,Android,2025-05-31
DEV011637,USR007809,Mobile,iOS,2025-07-09
DEV011638,USR007809,Laptop,iOS,2025-04-26
DEV011639,USR007810,Mobile,iOS,2025-03-12
DEV011640,USR007811,Mobile,Smart TV OS,2025-10-18
DEV011641,USR007812,Smart TV,Windows,2025-08-28
DEV011642,USR007813,Gaming Console,macOS,2025-09-22
DEV011643,USR007814,Mobile,Android,2025-05-17
DEV011644,USR007815,Mobile,iOS,2025-01-07
DEV011645,USR007816,Smart TV,iOS,2025-01-02
DEV011646,USR007816,Mobile,iOS,2025-11-01
DEV011647,USR007816,Mobile,Android,2025-06-23
DEV011648,USR007817,Mobile,Android,2025-06-22
DEV011649,USR007818,Laptop,Android,2025-06-10
DEV011650,USR007818,Smart TV,iOS,2025-09-04
DEV011651,USR007819,Streaming Stick,Smart TV OS,2025-05-18
DEV011652,USR007819,Tablet,Android,2025-03-31
DEV011653,USR007820,Mobile,macOS,2025-05-23
DEV011654,USR007821,Smart TV,Windows,2025-10-30
DEV011655,USR007822,Smart TV,Android,2025-01-17
DEV011656,USR007822,Smart TV,Windows,2025-10-25
DEV011657,USR007823,Mobile,iOS,2025-09-02
DEV011658,USR007823,Laptop,Smart TV OS,2025-10-01
DEV011659,USR007824,Smart TV,Smart TV OS,2025-08-07
DEV011660,USR007825,Tablet,iOS,2025-09-08
DEV011661,USR007826,Smart TV,Smart TV OS,2025-11-22
DEV011662,USR007826,Laptop,Android,2025-07-30
DEV011663,USR007827,Mobile,Windows,2025-05-31
DEV011664,USR007827,Tablet,macOS,2025-04-24
DEV011665,USR007828,Streaming Stick,macOS,2025-09-25
DEV011666,USR007829,Mobile,macOS,2025-04-19
DEV011667,USR007830,Mobile,Android,2025-07-22
DEV011668,USR007831,Smart TV,Smart TV OS,2025-02-12
DEV011669,USR007831,Laptop,iOS,2025-10-05
DEV011670,USR007832,Mobile,Android,2025-06-29
DEV011671,USR007832,Mobile,Android,2025-08-01
DEV011672,USR007833,Streaming Stick,iOS,2025-08-01
DEV011673,USR007834,Mobile,Smart TV OS,2025-03-09
DEV011674,USR007834,Tablet,Windows,2025-07-18
DEV011675,USR007835,Laptop,Android,2025-07-26
DEV011676,USR007835,Laptop,Android,2025-10-11
DEV011677,USR007836,Tablet,iOS,2025-02-04
DEV011678,USR007836,Smart TV,Windows,2025-07-08
DEV011679,USR007836,Smart TV,Smart TV OS,2025-06-02
DEV011680,USR007837,Tablet,iOS,2025-02-14
DEV011681,USR007837,Smart TV,Smart TV OS,2025-09-23
DEV011682,USR007838,Mobile,Windows,2025-09-22
DEV011683,USR007839,Mobile,iOS,2025-10-20
DEV011684,USR007839,Mobile,macOS,2025-01-18
DEV011685,USR007840,Mobile,Windows,2025-03-18
DEV011686,USR007840,Mobile,iOS,2025-08-20
DEV011687,USR007840,Smart TV,iOS,2025-09-01
DEV011688,USR007841,Mobile,Smart TV OS,2025-03-27
DEV011689,USR007841,Tablet,iOS,2025-10-23
DEV011690,USR007841,Tablet,macOS,2025-02-26
DEV011691,USR007842,Mobile,Smart TV OS,2025-09-22
DEV011692,USR007843,Mobile,Smart TV OS,2025-01-21
DEV011693,USR007844,Mobile,Smart TV OS,2025-10-15
DEV011694,USR007844,Smart TV,iOS,2025-07-17
DEV011695,USR007845,Mobile,Smart TV OS,2025-05-01
DEV011696,USR007846,Smart TV,Windows,2025-08-08
DEV011697,USR007847,Mobile,iOS,2025-01-19
DEV011698,USR007848,Smart TV,macOS,2025-05-07
DEV011699,USR007849,Laptop,Android,2025-08-06
DEV011700,USR007850,Smart TV,Android,2025-05-06
DEV011701,USR007851,Smart TV,iOS,2025-07-22
DEV011702,USR007852,Mobile,Smart TV OS,2025-08-14
DEV011703,USR007853,Mobile,iOS,2025-01-12
DEV011704,USR007853,Gaming Console,Android,2025-07-27
DEV011705,USR007854,Smart TV,Smart TV OS,2025-03-03
DEV011706,USR007855,Smart TV,Windows,2025-03-11
DEV011707,USR007856,Mobile,Smart TV OS,2025-04-04
DEV011708,USR007857,Streaming Stick,Windows,2025-09-01
DEV011709,USR007858,Laptop,iOS,2025-11-25
DEV011710,USR007858,Smart TV,Smart TV OS,2025-05-24
DEV011711,USR007859,Smart TV,iOS,2025-11-11
DEV011712,USR007859,Mobile,iOS,2025-01-09
DEV011713,USR007860,Laptop,Windows,2025-08-20
DEV011714,USR007860,Smart TV,iOS,2025-09-18
DEV011715,USR007861,Streaming Stick,Windows,2025-08-09
DEV011716,USR007861,Smart TV,Android,2025-06-18
DEV011717,USR007862,Mobile,macOS,2025-06-18
DEV011718,USR007863,Smart TV,Android,2025-01-24
DEV011719,USR007863,Mobile,Android,2025-07-18
DEV011720,USR007864,Streaming Stick,iOS,2025-04-16
DEV011721,USR007865,Streaming Stick,Windows,2025-04-15
DEV011722,USR007866,Laptop,Android,2025-03-28
DEV011723,USR007867,Smart TV,iOS,2025-11-13
DEV011724,USR007867,Laptop,Android,2025-09-15
DEV011725,USR007868,Smart TV,Windows,2025-07-24
DEV011726,USR007868,Smart TV,iOS,2025-01-13
DEV011727,USR007869,Smart TV,Android,2025-06-11
DEV011728,USR007869,Tablet,Windows,2025-11-23
DEV011729,USR007870,Smart TV,Android,2025-01-12
DEV011730,USR007871,Mobile,Android,2025-11-23
DEV011731,USR007871,Mobile,Windows,2025-06-04
DEV011732,USR007872,Smart TV,Smart TV OS,2025-03-13
DEV011733,USR007873,Streaming Stick,Android,2025-08-22
DEV011734,USR007873,Mobile,Windows,2025-01-31
DEV011735,USR007874,Mobile,Android,2025-10-15
DEV011736,USR007875,Mobile,iOS,2025-02-09
DEV011737,USR007876,Smart TV,Windows,2025-07-25
DEV011738,USR007877,Streaming Stick,macOS,2025-08-15
DEV011739,USR007877,Smart TV,Android,2025-01-16
DEV011740,USR007878,Laptop,Windows,2025-04-16
DEV011741,USR007879,Laptop,Android,2025-02-01
DEV011742,USR007880,Mobile,Android,2025-07-25
DEV011743,USR007880,Mobile,iOS,2025-03-25
DEV011744,USR007881,Smart TV,macOS,2025-01-08
DEV011745,USR007882,Smart TV,Smart TV OS,2025-10-25
DEV011746,USR007883,Laptop,Smart TV OS,2025-09-18
DEV011747,USR007884,Tablet,Windows,2025-02-11
DEV011748,USR007884,Laptop,iOS,2025-10-18
DEV011749,USR007885,Mobile,Android,2025-03-23
DEV011750,USR007885,Smart TV,Android,2025-09-09
DEV011751,USR007886,Laptop,Windows,2025-03-20
DEV011752,USR007887,Smart TV,iOS,2025-06-15
DEV011753,USR007888,Mobile,Android,2025-04-15
DEV011754,USR007888,Laptop,Windows,2025-04-30
DEV011755,USR007888,Smart TV,Windows,2025-08-26
DEV011756,USR007889,Mobile,iOS,2025-01-04
DEV011757,USR007890,Laptop,Android,2025-06-07
DEV011758,USR007891,Smart TV,Smart TV OS,2025-03-29
DEV011759,USR007891,Mobile,iOS,2025-07-27
DEV011760,USR007892,Streaming Stick,Android,2025-03-22
DEV011761,USR007893,Tablet,Android,2025-10-30
DEV011762,USR007894,Laptop,iOS,2025-05-01
DEV011763,USR007895,Streaming Stick,Smart TV OS,2025-02-14
DEV011764,USR007895,Streaming Stick,Windows,2025-05-02
DEV011765,USR007895,Smart TV,Smart TV OS,2025-06-17
DEV011766,USR007896,Smart TV,Android,2025-11-24
DEV011767,USR007897,Mobile,Windows,2025-01-10
DEV011768,USR007897,Mobile,Smart TV OS,2025-02-27
DEV011769,USR007898,Mobile,Windows,2025-10-17
DEV011770,USR007899,Smart TV,Windows,2025-08-03
DEV011771,USR007899,Mobile,Smart TV OS,2025-08-19
DEV011772,USR007900,Laptop,Windows,2025-07-14
DEV011773,USR007901,Tablet,Android,2025-02-02
DEV011774,USR007902,Gaming Console,Android,2025-10-03
DEV011775,USR007902,Smart TV,macOS,2025-08-13
DEV011776,USR007903,Mobile,Android,2025-07-08
DEV011777,USR007904,Smart TV,Android,2025-11-07
DEV011778,USR007905,Mobile,Android,2025-05-20
DEV011779,USR007906,Smart TV,macOS,2025-09-20
DEV011780,USR007907,Mobile,Android,2025-05-23
DEV011781,USR007907,Smart TV,Windows,2025-05-06
DEV011782,USR007908,Tablet,iOS,2025-03-17
DEV011783,USR007908,Tablet,Smart TV OS,2025-02-08
DEV011784,USR007909,Mobile,Smart TV OS,2025-10-03
DEV011785,USR007910,Smart TV,Windows,2025-08-30
DEV011786,USR007911,Mobile,Android,2025-01-03
DEV011787,USR007912,Streaming Stick,macOS,2025-07-12
DEV011788,USR007913,Mobile,macOS,2025-05-19
DEV011789,USR007913,Mobile,Windows,2025-04-24
DEV011790,USR007913,Smart TV,iOS,2025-02-28
DEV011791,USR007914,Smart TV,Smart TV OS,2025-11-27
DEV011792,USR007915,Mobile,iOS,2025-01-27
DEV011793,USR007916,Gaming Console,Smart TV OS,2025-05-10
DEV011794,USR007917,Laptop,macOS,2025-10-25
DEV011795,USR007917,Streaming Stick,Smart TV OS,2025-03-14
DEV011796,USR007918,Streaming Stick,Android,2025-09-19
DEV011797,USR007918,Laptop,Smart TV OS,2025-02-17
DEV011798,USR007919,Smart TV,Windows,2025-04-13
DEV011799,USR007920,Gaming Console,Windows,2025-01-24
DEV011800,USR007920,Mobile,macOS,2025-02-28
DEV011801,USR007920,Gaming Console,Android,2025-09-01
DEV011802,USR007921,Smart TV,Windows,2025-11-03
DEV011803,USR007922,Tablet,macOS,2025-07-31
DEV011804,USR007922,Mobile,Smart TV OS,2025-11-19
DEV011805,USR007922,Laptop,iOS,2025-06-02
DEV011806,USR007923,Mobile,macOS,2025-01-25
DEV011807,USR007924,Streaming Stick,macOS,2025-09-20
DEV011808,USR007925,Laptop,Android,2025-01-17
DEV011809,USR007925,Laptop,macOS,2025-09-23
DEV011810,USR007926,Smart TV,iOS,2025-02-03
DEV011811,USR007926,Smart TV,iOS,2025-08-21
DEV011812,USR007927,Mobile,Android,2025-03-18
DEV011813,USR007928,Laptop,macOS,2025-11-04
DEV011814,USR007929,Streaming Stick,Smart TV OS,2025-10-09
DEV011815,USR007929,Laptop,Windows,2025-03-31
DEV011816,USR007929,Smart TV,Android,2025-06-01
DEV011817,USR007930,Gaming Console,Smart TV OS,2025-09-27
DEV011818,USR007930,Smart TV,macOS,2025-06-17
DEV011819,USR007931,Laptop,Android,2025-01-16
DEV011820,USR007931,Mobile,Windows,2025-01-10
DEV011821,USR007932,Mobile,Smart TV OS,2025-09-22
DEV011822,USR007933,Gaming Console,Smart TV OS,2025-10-24
DEV011823,USR007934,Smart TV,Android,2025-10-17
DEV011824,USR007934,Mobile,macOS,2025-04-05
DEV011825,USR007934,Smart TV,Windows,2025-11-25
DEV011826,USR007935,Smart TV,iOS,2025-11-20
DEV011827,USR007935,Streaming Stick,iOS,2025-05-22
DEV011828,USR007936,Laptop,Android,2025-08-03
DEV011829,USR007937,Smart TV,Smart TV OS,2025-08-05
DEV011830,USR007938,Gaming Console,Android,2025-02-27
DEV011831,USR007938,Mobile,Android,2025-11-04
DEV011832,USR007938,Mobile,macOS,2025-07-17
DEV011833,USR007939,Mobile,Android,2025-03-29
DEV011834,USR007939,Mobile,Android,2025-08-30
DEV011835,USR007940,Tablet,macOS,2025-03-09
DEV011836,USR007941,Laptop,iOS,2025-01-17
DEV011837,USR007942,Tablet,Windows,2025-01-09
DEV011838,USR007943,Laptop,Windows,2025-03-03
DEV011839,USR007944,Smart TV,Windows,2025-11-22
DEV011840,USR007945,Mobile,iOS,2025-03-31
DEV011841,USR007945,Mobile,Smart TV OS,2025-08-04
DEV011842,USR007946,Streaming Stick,Smart TV OS,2025-05-16
DEV011843,USR007947,Tablet,Android,2025-04-22
DEV011844,USR007948,Smart TV,Android,2025-11-01
DEV011845,USR007949,Gaming Console,iOS,2025-04-05
DEV011846,USR007950,Tablet,macOS,2025-06-21
DEV011847,USR007950,Gaming Console,Android,2025-09-25
DEV011848,USR007951,Smart TV,macOS,2025-09-06
DEV011849,USR007951,Smart TV,Smart TV OS,2025-01-04
DEV011850,USR007952,Mobile,Android,2025-01-06
DEV011851,USR007953,Streaming Stick,macOS,2025-06-01
DEV011852,USR007953,Mobile,macOS,2025-03-15
DEV011853,USR007954,Mobile,Windows,2025-07-11
DEV011854,USR007955,Laptop,iOS,2025-11-02
DEV011855,USR007956,Tablet,Android,2025-02-16
DEV011856,USR007957,Mobile,Android,2025-03-21
DEV011857,USR007957,Gaming Console,Android,2025-04-25
DEV011858,USR007957,Smart TV,iOS,2025-08-23
DEV011859,USR007958,Smart TV,Smart TV OS,2025-01-05
DEV011860,USR007959,Smart TV,Windows,2025-05-17
DEV011861,USR007960,Tablet,iOS,2025-07-27
DEV011862,USR007961,Smart TV,iOS,2025-01-31
DEV011863,USR007961,Laptop,iOS,2025-05-08
DEV011864,USR007962,Laptop,iOS,2025-08-18
DEV011865,USR007962,Mobile,Android,2025-01-01
DEV011866,USR007963,Gaming Console,Windows,2025-05-31
DEV011867,USR007964,Smart TV,iOS,2025-06-12
DEV011868,USR007965,Smart TV,macOS,2025-06-07
DEV011869,USR007966,Laptop,macOS,2025-07-01
DEV011870,USR007967,Laptop,Smart TV OS,2025-08-06
DEV011871,USR007968,Laptop,Windows,2025-02-10
DEV011872,USR007969,Laptop,Android,2025-08-14
DEV011873,USR007969,Smart TV,macOS,2025-07-08
DEV011874,USR007970,Laptop,Android,2025-05-23
DEV011875,USR007970,Gaming Console,Android,2025-01-09
DEV011876,USR007971,Mobile,Smart TV OS,2025-07-24
DEV011877,USR007971,Streaming Stick,Android,2025-05-20
DEV011878,USR007971,Smart TV,Android,2025-09-19
DEV011879,USR007972,Smart TV,iOS,2025-03-02
DEV011880,USR007973,Tablet,Android,2025-10-19
DEV011881,USR007974,Mobile,Android,2025-09-13
DEV011882,USR007975,Laptop,macOS,2025-07-09
DEV011883,USR007976,Smart TV,iOS,2025-07-24
DEV011884,USR007977,Mobile,Android,2025-04-12
DEV011885,USR007978,Laptop,Windows,2025-04-29
DEV011886,USR007978,Mobile,Android,2025-08-08
DEV011887,USR007978,Mobile,iOS,2025-01-20
DEV011888,USR007979,Mobile,Android,2025-08-26
DEV011889,USR007980,Gaming Console,Android,2025-11-16
DEV011890,USR007980,Tablet,Windows,2025-09-28
DEV011891,USR007981,Mobile,Smart TV OS,2025-10-27
DEV011892,USR007982,Smart TV,Android,2025-07-10
DEV011893,USR007983,Smart TV,Smart TV OS,2025-10-18
DEV011894,USR007984,Smart TV,Android,2025-03-31
DEV011895,USR007984,Tablet,Smart TV OS,2025-03-11
DEV011896,USR007985,Gaming Console,Windows,2025-05-12
DEV011897,USR007985,Smart TV,Windows,2025-04-06
DEV011898,USR007986,Mobile,Windows,2025-07-18
DEV011899,USR007986,Gaming Console,Android,2025-04-05
DEV011900,USR007987,Mobile,iOS,2025-07-30
DEV011901,USR007988,Mobile,Windows,2025-03-07
DEV011902,USR007989,Mobile,Windows,2025-08-02
DEV011903,USR007990,Smart TV,Android,2025-08-21
DEV011904,USR007991,Smart TV,Android,2025-10-19
DEV011905,USR007991,Laptop,Smart TV OS,2025-10-26
DEV011906,USR007991,Smart TV,iOS,2025-07-28
DEV011907,USR007992,Laptop,iOS,2025-06-26
DEV011908,USR007993,Laptop,iOS,2025-10-30
DEV011909,USR007994,Smart TV,iOS,2025-11-04
DEV011910,USR007994,Mobile,iOS,2025-03-21
DEV011911,USR007995,Mobile,macOS,2025-11-05
DEV011912,USR007996,Mobile,Android,2025-10-08
DEV011913,USR007996,Mobile,Smart TV OS,2025-05-07
DEV011914,USR007997,Smart TV,Windows,2025-10-11
DEV011915,USR007998,Smart TV,iOS,2025-07-24
DEV011916,USR007998,Gaming Console,Windows,2025-10-12
DEV011917,USR007999,Laptop,iOS,2025-09-11
DEV011918,USR008000,Streaming Stick,Android,2025-04-06
DEV011919,USR008001,Mobile,macOS,2025-08-11
DEV011920,USR008002,Laptop,macOS,2025-03-04
DEV011921,USR008003,Streaming Stick,Windows,2025-09-26
DEV011922,USR008004,Laptop,Android,2025-09-25
DEV011923,USR008005,Smart TV,Smart TV OS,2025-05-09
DEV011924,USR008005,Tablet,Windows,2025-11-08
DEV011925,USR008005,Smart TV,iOS,2025-05-07
DEV011926,USR008006,Mobile,Android,2025-04-13
DEV011927,USR008007,Mobile,Android,2025-04-08
DEV011928,USR008007,Smart TV,iOS,2025-11-03
DEV011929,USR008008,Laptop,macOS,2025-03-06
DEV011930,USR008009,Mobile,macOS,2025-01-16
DEV011931,USR008010,Smart TV,macOS,2025-02-04
DEV011932,USR008011,Streaming Stick,Android,2025-01-26
DEV011933,USR008012,Laptop,Android,2025-08-27
DEV011934,USR008012,Smart TV,macOS,2025-07-24
DEV011935,USR008013,Smart TV,iOS,2025-11-12
DEV011936,USR008014,Smart TV,Windows,2025-02-04
DEV011937,USR008014,Streaming Stick,Windows,2025-06-06
DEV011938,USR008015,Mobile,Android,2025-04-27
DEV011939,USR008015,Streaming Stick,iOS,2025-01-18
DEV011940,USR008016,Gaming Console,iOS,2025-10-16
DEV011941,USR008016,Mobile,iOS,2025-02-06
DEV011942,USR008017,Mobile,iOS,2025-03-02
DEV011943,USR008018,Laptop,Windows,2025-09-22
DEV011944,USR008019,Mobile,Android,2025-09-11
DEV011945,USR008019,Laptop,iOS,2025-06-14
DEV011946,USR008020,Gaming Console,Windows,2025-11-22
DEV011947,USR008021,Streaming Stick,Android,2025-08-29
DEV011948,USR008021,Smart TV,Windows,2025-03-09
DEV011949,USR008022,Mobile,macOS,2025-11-10
DEV011950,USR008023,Gaming Console,Android,2025-11-26
DEV011951,USR008024,Streaming Stick,Windows,2025-07-16
DEV011952,USR008025,Laptop,Android,2025-03-11
DEV011953,USR008026,Mobile,macOS,2025-01-06
DEV011954,USR008027,Tablet,macOS,2025-03-19
DEV011955,USR008028,Laptop,iOS,2025-04-04
DEV011956,USR008029,Mobile,Android,2025-04-29
DEV011957,USR008030,Streaming Stick,macOS,2025-09-06
DEV011958,USR008031,Mobile,Android,2025-08-08
DEV011959,USR008031,Smart TV,Windows,2025-11-08
DEV011960,USR008031,Tablet,Smart TV OS,2025-02-22
DEV011961,USR008032,Laptop,Windows,2025-05-14
DEV011962,USR008032,Streaming Stick,iOS,2025-10-14
DEV011963,USR008033,Tablet,macOS,2025-07-25
DEV011964,USR008033,Mobile,Windows,2025-03-06
DEV011965,USR008034,Smart TV,Android,2025-10-19
DEV011966,USR008034,Mobile,iOS,2025-10-07
DEV011967,USR008035,Mobile,Android,2025-01-18
DEV011968,USR008035,Smart TV,Android,2025-07-09
DEV011969,USR008035,Gaming Console,iOS,2025-07-25
DEV011970,USR008036,Smart TV,Smart TV OS,2025-01-03
DEV011971,USR008037,Smart TV,Android,2025-07-06
DEV011972,USR008038,Gaming Console,iOS,2025-01-02
DEV011973,USR008039,Mobile,iOS,2025-07-29
DEV011974,USR008040,Mobile,macOS,2025-09-27
DEV011975,USR008041,Streaming Stick,Windows,2025-06-20
DEV011976,USR008042,Smart TV,iOS,2025-03-20
DEV011977,USR008042,Gaming Console,iOS,2025-11-25
DEV011978,USR008042,Streaming Stick,Windows,2025-05-29
DEV011979,USR008043,Smart TV,Smart TV OS,2025-01-04
DEV011980,USR008043,Laptop,Android,2025-06-08
DEV011981,USR008044,Mobile,Smart TV OS,2025-06-07
DEV011982,USR008045,Laptop,iOS,2025-03-03
DEV011983,USR008046,Laptop,iOS,2025-06-12
DEV011984,USR008046,Smart TV,iOS,2025-04-26
DEV011985,USR008047,Smart TV,iOS,2025-04-10
DEV011986,USR008047,Mobile,iOS,2025-09-04
DEV011987,USR008047,Mobile,iOS,2025-11-13
DEV011988,USR008048,Smart TV,Windows,2025-07-27
DEV011989,USR008049,Mobile,Windows,2025-01-27
DEV011990,USR008050,Smart TV,Android,2025-09-11
DEV011991,USR008051,Smart TV,Smart TV OS,2025-03-28
DEV011992,USR008052,Smart TV,macOS,2025-06-29
DEV011993,USR008053,Smart TV,iOS,2025-08-03
DEV011994,USR008054,Smart TV,macOS,2025-10-22
DEV011995,USR008055,Smart TV,iOS,2025-04-02
DEV011996,USR008055,Gaming Console,Android,2025-01-24
DEV011997,USR008056,Laptop,Smart TV OS,2025-06-20
DEV011998,USR008057,Smart TV,Windows,2025-10-26
DEV011999,USR008057,Smart TV,Windows,2025-11-02
DEV012000,USR008058,Mobile,iOS,2025-10-30
DEV012001,USR008058,Mobile,Smart TV OS,2025-04-12
DEV012002,USR008059,Mobile,Smart TV OS,2025-04-10
DEV012003,USR008060,Gaming Console,Windows,2025-01-21
DEV012004,USR008061,Laptop,iOS,2025-04-05
DEV012005,USR008062,Mobile,Smart TV OS,2025-06-08
DEV012006,USR008062,Tablet,iOS,2025-05-21
DEV012007,USR008063,Smart TV,Android,2025-05-27
DEV012008,USR008063,Laptop,iOS,2025-10-09
DEV012009,USR008064,Laptop,iOS,2025-05-19
DEV012010,USR008064,Mobile,Windows,2025-09-10
DEV012011,USR008065,Mobile,Android,2025-08-16
DEV012012,USR008066,Mobile,Android,2025-10-01
DEV012013,USR008066,Streaming Stick,macOS,2025-08-01
DEV012014,USR008067,Tablet,iOS,2025-04-26
DEV012015,USR008067,Mobile,Android,2025-06-11
DEV012016,USR008068,Laptop,Windows,2025-01-03
DEV012017,USR008068,Mobile,Windows,2025-08-29
DEV012018,USR008068,Gaming Console,Smart TV OS,2025-07-31
DEV012019,USR008069,Gaming Console,Android,2025-11-08
DEV012020,USR008070,Tablet,Smart TV OS,2025-08-30
DEV012021,USR008071,Tablet,iOS,2025-10-13
DEV012022,USR008071,Mobile,Android,2025-07-02
DEV012023,USR008072,Laptop,Android,2025-05-03
DEV012024,USR008073,Laptop,Android,2025-03-27
DEV012025,USR008073,Tablet,iOS,2025-10-03
DEV012026,USR008073,Gaming Console,iOS,2025-10-31
DEV012027,USR008074,Tablet,Android,2025-05-18
DEV012028,USR008075,Mobile,Windows,2025-04-09
DEV012029,USR008076,Mobile,macOS,2025-01-19
DEV012030,USR008076,Laptop,Windows,2025-11-06
DEV012031,USR008076,Smart TV,macOS,2025-02-07
DEV012032,USR008077,Smart TV,Android,2025-07-01
DEV012033,USR008078,Gaming Console,Windows,2025-06-26
DEV012034,USR008079,Streaming Stick,Android,2025-02-10
DEV012035,USR008080,Smart TV,Smart TV OS,2025-02-18
DEV012036,USR008080,Laptop,Android,2025-06-14
DEV012037,USR008081,Laptop,iOS,2025-08-20
DEV012038,USR008081,Laptop,Smart TV OS,2025-05-14
DEV012039,USR008082,Streaming Stick,Android,2025-11-14
DEV012040,USR008083,Smart TV,Android,2025-07-07
DEV012041,USR008084,Mobile,Windows,2025-03-01
DEV012042,USR008085,Streaming Stick,Android,2025-01-25
DEV012043,USR008085,Mobile,Windows,2025-09-09
DEV012044,USR008085,Streaming Stick,Smart TV OS,2025-08-31
DEV012045,USR008086,Mobile,iOS,2025-05-26
DEV012046,USR008087,Mobile,Smart TV OS,2025-05-06
DEV012047,USR008088,Tablet,Windows,2025-01-07
DEV012048,USR008088,Mobile,Smart TV OS,2025-06-09
DEV012049,USR008089,Smart TV,Android,2025-06-09
DEV012050,USR008090,Smart TV,Android,2025-05-22
DEV012051,USR008091,Mobile,Windows,2025-05-08
DEV012052,USR008091,Tablet,Android,2025-11-06
DEV012053,USR008091,Smart TV,Smart TV OS,2025-10-07
DEV012054,USR008092,Mobile,iOS,2025-02-11
DEV012055,USR008093,Smart TV,Android,2025-01-13
DEV012056,USR008093,Mobile,iOS,2025-04-18
DEV012057,USR008094,Mobile,Android,2025-07-21
DEV012058,USR008095,Smart TV,iOS,2025-01-21
DEV012059,USR008095,Smart TV,Android,2025-05-03
DEV012060,USR008096,Smart TV,iOS,2025-10-06
DEV012061,USR008097,Laptop,iOS,2025-05-23
DEV012062,USR008098,Streaming Stick,Windows,2025-01-11
DEV012063,USR008098,Mobile,iOS,2025-08-16
DEV012064,USR008099,Mobile,iOS,2025-01-07
DEV012065,USR008100,Mobile,Android,2025-06-14
DEV012066,USR008101,Smart TV,iOS,2025-06-23
DEV012067,USR008102,Mobile,macOS,2025-07-15
DEV012068,USR008103,Streaming Stick,Windows,2025-08-12
DEV012069,USR008104,Laptop,iOS,2025-04-16
DEV012070,USR008104,Mobile,Android,2025-04-15
DEV012071,USR008105,Mobile,iOS,2025-06-25
DEV012072,USR008105,Mobile,iOS,2025-08-02
DEV012073,USR008106,Mobile,Windows,2025-01-29
DEV012074,USR008107,Gaming Console,Android,2025-11-06
DEV012075,USR008107,Mobile,Smart TV OS,2025-08-28
DEV012076,USR008107,Mobile,macOS,2025-06-03
DEV012077,USR008108,Mobile,iOS,2025-01-11
DEV012078,USR008109,Tablet,Windows,2025-09-17
DEV012079,USR008110,Mobile,Android,2025-08-10
DEV012080,USR008110,Gaming Console,Android,2025-09-07
DEV012081,USR008111,Mobile,Windows,2025-11-06
DEV012082,USR008112,Smart TV,Android,2025-01-22
DEV012083,USR008113,Tablet,Windows,2025-01-22
DEV012084,USR008114,Mobile,Windows,2025-03-02
DEV012085,USR008114,Mobile,Windows,2025-11-03
DEV012086,USR008114,Mobile,Android,2025-11-11
DEV012087,USR008115,Mobile,iOS,2025-11-19
DEV012088,USR008116,Mobile,Android,2025-05-25
DEV012089,USR008116,Tablet,iOS,2025-04-24
DEV012090,USR008117,Streaming Stick,iOS,2025-04-13
DEV012091,USR008118,Tablet,Android,2025-03-16
DEV012092,USR008118,Gaming Console,Android,2025-07-19
DEV012093,USR008119,Smart TV,Android,2025-02-19
DEV012094,USR008120,Smart TV,Android,2025-05-22
DEV012095,USR008121,Smart TV,Android,2025-10-15
DEV012096,USR008122,Smart TV,macOS,2025-03-25
DEV012097,USR008123,Laptop,Android,2025-05-04
DEV012098,USR008123,Smart TV,macOS,2025-04-06
DEV012099,USR008124,Tablet,Smart TV OS,2025-02-27
DEV012100,USR008124,Mobile,Smart TV OS,2025-11-01
DEV012101,USR008125,Laptop,Android,2025-01-17
DEV012102,USR008125,Tablet,Smart TV OS,2025-06-01
DEV012103,USR008126,Laptop,Smart TV OS,2025-03-23
DEV012104,USR008126,Mobile,iOS,2025-03-17
DEV012105,USR008126,Mobile,Android,2025-01-10
DEV012106,USR008127,Mobile,Windows,2025-11-04
DEV012107,USR008128,Laptop,iOS,2025-01-04
DEV012108,USR008128,Gaming Console,macOS,2025-09-01
DEV012109,USR008129,Tablet,iOS,2025-05-20
DEV012110,USR008130,Smart TV,Android,2025-05-23
DEV012111,USR008131,Mobile,Android,2025-01-30
DEV012112,USR008132,Mobile,Android,2025-03-12
DEV012113,USR008132,Gaming Console,iOS,2025-11-24
DEV012114,USR008133,Smart TV,macOS,2025-02-10
DEV012115,USR008133,Mobile,Android,2025-08-16
DEV012116,USR008134,Smart TV,iOS,2025-05-29
DEV012117,USR008134,Mobile,iOS,2025-07-19
DEV012118,USR008135,Laptop,Smart TV OS,2025-11-13
DEV012119,USR008135,Laptop,Windows,2025-10-21
DEV012120,USR008136,Mobile,Windows,2025-05-05
DEV012121,USR008137,Streaming Stick,Android,2025-08-04
DEV012122,USR008138,Streaming Stick,Smart TV OS,2025-09-06
DEV012123,USR008138,Mobile,Android,2025-07-18
DEV012124,USR008139,Laptop,Android,2025-03-09
DEV012125,USR008139,Smart TV,iOS,2025-07-28
DEV012126,USR008139,Tablet,Android,2025-04-03
DEV012127,USR008140,Streaming Stick,Android,2025-10-23
DEV012128,USR008141,Smart TV,Android,2025-01-02
DEV012129,USR008142,Mobile,Windows,2025-01-07
DEV012130,USR008143,Streaming Stick,macOS,2025-07-16
DEV012131,USR008144,Streaming Stick,Smart TV OS,2025-10-01
DEV012132,USR008145,Mobile,iOS,2025-03-08
DEV012133,USR008146,Streaming Stick,Smart TV OS,2025-10-12
DEV012134,USR008147,Smart TV,Android,2025-01-04
DEV012135,USR008147,Streaming Stick,Android,2025-04-21
DEV012136,USR008148,Smart TV,Smart TV OS,2025-09-22
DEV012137,USR008148,Mobile,Windows,2025-07-25
DEV012138,USR008149,Mobile,Windows,2025-01-27
DEV012139,USR008150,Mobile,Smart TV OS,2025-01-22
DEV012140,USR008151,Mobile,Android,2025-05-03
DEV012141,USR008152,Smart TV,Windows,2025-01-05
DEV012142,USR008153,Laptop,iOS,2025-03-08
DEV012143,USR008154,Gaming Console,Android,2025-11-25
DEV012144,USR008154,Mobile,macOS,2025-02-14
DEV012145,USR008155,Mobile,Windows,2025-08-08
DEV012146,USR008155,Tablet,macOS,2025-05-17
DEV012147,USR008156,Mobile,Smart TV OS,2025-11-16
DEV012148,USR008156,Gaming Console,Windows,2025-10-07
DEV012149,USR008157,Smart TV,Android,2025-01-06
DEV012150,USR008158,Tablet,iOS,2025-10-28
DEV012151,USR008158,Laptop,Android,2025-01-23
DEV012152,USR008159,Gaming Console,iOS,2025-03-26
DEV012153,USR008160,Tablet,macOS,2025-05-02
DEV012154,USR008161,Mobile,macOS,2025-03-15
DEV012155,USR008161,Mobile,Android,2025-07-06
DEV012156,USR008162,Mobile,Windows,2025-11-08
DEV012157,USR008163,Smart TV,Windows,2025-03-22
DEV012158,USR008164,Gaming Console,Android,2025-08-24
DEV012159,USR008164,Smart TV,Android,2025-07-09
DEV012160,USR008165,Smart TV,Smart TV OS,2025-11-02
DEV012161,USR008166,Smart TV,iOS,2025-02-27
DEV012162,USR008167,Streaming Stick,Android,2025-04-06
DEV012163,USR008168,Laptop,Android,2025-01-22
DEV012164,USR008168,Streaming Stick,Android,2025-01-26
DEV012165,USR008168,Mobile,Smart TV OS,2025-11-16
DEV012166,USR008169,Laptop,Android,2025-08-09
DEV012167,USR008169,Laptop,Windows,2025-01-23
DEV012168,USR008170,Mobile,Smart TV OS,2025-08-26
DEV012169,USR008171,Streaming Stick,macOS,2025-09-10
DEV012170,USR008172,Mobile,Android,2025-06-14
DEV012171,USR008172,Mobile,iOS,2025-05-12
DEV012172,USR008172,Smart TV,Windows,2025-05-20
DEV012173,USR008173,Smart TV,iOS,2025-10-30
DEV012174,USR008173,Laptop,iOS,2025-03-12
DEV012175,USR008173,Mobile,Android,2025-01-23
DEV012176,USR008174,Smart TV,iOS,2025-10-13
DEV012177,USR008175,Mobile,Android,2025-05-25
DEV012178,USR008175,Laptop,iOS,2025-05-27
DEV012179,USR008175,Mobile,iOS,2025-06-18
DEV012180,USR008176,Laptop,iOS,2025-02-16
DEV012181,USR008177,Mobile,macOS,2025-01-09
DEV012182,USR008178,Mobile,Android,2025-03-03
DEV012183,USR008178,Mobile,Android,2025-10-08
DEV012184,USR008179,Gaming Console,Smart TV OS,2025-06-28
DEV012185,USR008180,Streaming Stick,Smart TV OS,2025-09-29
DEV012186,USR008180,Streaming Stick,Windows,2025-04-19
DEV012187,USR008181,Smart TV,Smart TV OS,2025-05-25
DEV012188,USR008182,Smart TV,Android,2025-07-23
DEV012189,USR008182,Tablet,Windows,2025-07-27
DEV012190,USR008183,Mobile,macOS,2025-03-27
DEV012191,USR008184,Mobile,iOS,2025-07-09
DEV012192,USR008185,Smart TV,macOS,2025-09-10
DEV012193,USR008186,Smart TV,Android,2025-01-27
DEV012194,USR008186,Smart TV,Windows,2025-06-11
DEV012195,USR008187,Mobile,Android,2025-07-14
DEV012196,USR008187,Mobile,Windows,2025-01-07
DEV012197,USR008188,Gaming Console,Smart TV OS,2025-07-29
DEV012198,USR008189,Smart TV,iOS,2025-08-04
DEV012199,USR008190,Mobile,Android,2025-06-08
DEV012200,USR008190,Streaming Stick,iOS,2025-10-05
DEV012201,USR008191,Laptop,Android,2025-08-18
DEV012202,USR008192,Mobile,macOS,2025-08-18
DEV012203,USR008193,Smart TV,Android,2025-03-20
DEV012204,USR008193,Smart TV,iOS,2025-08-04
DEV012205,USR008194,Smart TV,iOS,2025-07-27
DEV012206,USR008194,Laptop,Android,2025-01-09
DEV012207,USR008195,Mobile,Android,2025-06-30
DEV012208,USR008196,Laptop,iOS,2025-02-02
DEV012209,USR008196,Mobile,iOS,2025-07-07
DEV012210,USR008197,Mobile,Android,2025-01-14
DEV012211,USR008198,Smart TV,Windows,2025-04-12
DEV012212,USR008199,Smart TV,Windows,2025-02-04
DEV012213,USR008199,Smart TV,macOS,2025-08-14
DEV012214,USR008200,Smart TV,Smart TV OS,2025-11-22
DEV012215,USR008201,Mobile,Android,2025-08-05
DEV012216,USR008201,Smart TV,iOS,2025-09-12
DEV012217,USR008201,Laptop,Android,2025-02-18
DEV012218,USR008202,Streaming Stick,iOS,2025-01-28
DEV012219,USR008203,Tablet,iOS,2025-08-14
DEV012220,USR008204,Mobile,Android,2025-07-11
DEV012221,USR008205,Mobile,Android,2025-05-11
DEV012222,USR008206,Tablet,Android,2025-04-18
DEV012223,USR008207,Gaming Console,macOS,2025-06-17
DEV012224,USR008208,Mobile,iOS,2025-10-18
DEV012225,USR008209,Laptop,Smart TV OS,2025-07-12
DEV012226,USR008210,Gaming Console,Android,2025-07-07
DEV012227,USR008210,Mobile,iOS,2025-04-20
DEV012228,USR008210,Tablet,Smart TV OS,2025-02-19
DEV012229,USR008211,Laptop,Windows,2025-06-13
DEV012230,USR008211,Smart TV,macOS,2025-08-28
DEV012231,USR008212,Smart TV,macOS,2025-06-13
DEV012232,USR008213,Mobile,Windows,2025-03-05
DEV012233,USR008213,Smart TV,Android,2025-10-21
DEV012234,USR008214,Streaming Stick,Android,2025-02-10
DEV012235,USR008214,Smart TV,Android,2025-11-26
DEV012236,USR008214,Mobile,iOS,2025-09-26
DEV012237,USR008215,Mobile,Windows,2025-09-30
DEV012238,USR008215,Tablet,Windows,2025-07-23
DEV012239,USR008216,Laptop,Windows,2025-06-03
DEV012240,USR008217,Tablet,iOS,2025-07-27
DEV012241,USR008217,Mobile,Windows,2025-10-25
DEV012242,USR008218,Mobile,iOS,2025-06-19
DEV012243,USR008219,Mobile,iOS,2025-03-05
DEV012244,USR008220,Smart TV,iOS,2025-04-10
DEV012245,USR008221,Gaming Console,iOS,2025-11-07
DEV012246,USR008221,Smart TV,Android,2025-09-11
DEV012247,USR008222,Mobile,Windows,2025-10-14
DEV012248,USR008223,Mobile,Windows,2025-10-08
DEV012249,USR008224,Mobile,Android,2025-07-11
DEV012250,USR008224,Mobile,iOS,2025-08-28
DEV012251,USR008224,Laptop,Smart TV OS,2025-01-26
DEV012252,USR008225,Laptop,Windows,2025-05-05
DEV012253,USR008225,Smart TV,Android,2025-09-02
DEV012254,USR008226,Mobile,Android,2025-02-15
DEV012255,USR008226,Smart TV,Smart TV OS,2025-10-05
DEV012256,USR008227,Streaming Stick,Smart TV OS,2025-01-04
DEV012257,USR008228,Smart TV,Android,2025-02-21
DEV012258,USR008228,Smart TV,Smart TV OS,2025-10-16
DEV012259,USR008229,Smart TV,Windows,2025-01-14
DEV012260,USR008230,Smart TV,macOS,2025-08-10
DEV012261,USR008230,Laptop,Windows,2025-09-08
DEV012262,USR008231,Laptop,Smart TV OS,2025-04-08
DEV012263,USR008232,Smart TV,Windows,2025-03-15
DEV012264,USR008232,Mobile,Android,2025-11-06
DEV012265,USR008233,Smart TV,Windows,2025-04-19
DEV012266,USR008233,Mobile,Smart TV OS,2025-03-10
DEV012267,USR008234,Smart TV,iOS,2025-07-27
DEV012268,USR008235,Smart TV,Android,2025-01-21
DEV012269,USR008236,Mobile,iOS,2025-10-15
DEV012270,USR008237,Tablet,Android,2025-06-14
DEV012271,USR008237,Smart TV,Android,2025-05-03
DEV012272,USR008237,Laptop,Windows,2025-03-25
DEV012273,USR008238,Mobile,iOS,2025-08-24
DEV012274,USR008238,Gaming Console,Smart TV OS,2025-07-12
DEV012275,USR008239,Mobile,iOS,2025-10-31
DEV012276,USR008239,Tablet,Windows,2025-04-06
DEV012277,USR008240,Tablet,Windows,2025-08-13
DEV012278,USR008241,Mobile,macOS,2025-05-02
DEV012279,USR008242,Mobile,Android,2025-03-23
DEV012280,USR008242,Laptop,Windows,2025-04-25
DEV012281,USR008243,Mobile,Windows,2025-06-23
DEV012282,USR008243,Mobile,Smart TV OS,2025-03-14
DEV012283,USR008244,Gaming Console,macOS,2025-05-03
DEV012284,USR008245,Laptop,macOS,2025-01-12
DEV012285,USR008245,Tablet,Android,2025-10-22
DEV012286,USR008246,Mobile,Smart TV OS,2025-01-01
DEV012287,USR008247,Smart TV,Smart TV OS,2025-11-12
DEV012288,USR008248,Mobile,Windows,2025-03-31
DEV012289,USR008249,Tablet,Smart TV OS,2025-05-31
DEV012290,USR008250,Laptop,Windows,2025-06-02
DEV012291,USR008251,Laptop,Android,2025-02-06
DEV012292,USR008252,Laptop,macOS,2025-09-26
DEV012293,USR008252,Smart TV,Android,2025-03-18
DEV012294,USR008253,Laptop,iOS,2025-01-05
DEV012295,USR008253,Laptop,iOS,2025-09-05
DEV012296,USR008254,Mobile,iOS,2025-06-14
DEV012297,USR008255,Mobile,iOS,2025-06-18
DEV012298,USR008255,Smart TV,iOS,2025-05-18
DEV012299,USR008256,Mobile,Windows,2025-03-06
DEV012300,USR008256,Laptop,iOS,2025-07-19
DEV012301,USR008257,Smart TV,Smart TV OS,2025-08-15
DEV012302,USR008258,Tablet,Windows,2025-10-19
DEV012303,USR008259,Mobile,macOS,2025-11-15
DEV012304,USR008259,Tablet,Windows,2025-02-05
DEV012305,USR008260,Mobile,Windows,2025-04-24
DEV012306,USR008261,Smart TV,Android,2025-01-02
DEV012307,USR008262,Streaming Stick,Smart TV OS,2025-07-21
DEV012308,USR008262,Mobile,Android,2025-05-26
DEV012309,USR008263,Streaming Stick,macOS,2025-04-20
DEV012310,USR008263,Gaming Console,iOS,2025-03-21
DEV012311,USR008263,Tablet,Windows,2025-04-05
DEV012312,USR008264,Smart TV,macOS,2025-08-10
DEV012313,USR008264,Smart TV,Android,2025-11-17
DEV012314,USR008265,Streaming Stick,iOS,2025-03-19
DEV012315,USR008265,Tablet,iOS,2025-03-07
DEV012316,USR008266,Smart TV,Android,2025-08-28
DEV012317,USR008267,Mobile,iOS,2025-04-15
DEV012318,USR008268,Smart TV,iOS,2025-08-01
DEV012319,USR008268,Smart TV,Android,2025-09-17
DEV012320,USR008268,Laptop,Smart TV OS,2025-01-18
DEV012321,USR008269,Smart TV,Android,2025-07-25
DEV012322,USR008269,Gaming Console,Windows,2025-06-02
DEV012323,USR008269,Gaming Console,Android,2025-09-02
DEV012324,USR008270,Smart TV,Android,2025-08-15
DEV012325,USR008271,Laptop,Smart TV OS,2025-10-13
DEV012326,USR008272,Smart TV,Windows,2025-05-02
DEV012327,USR008273,Smart TV,Smart TV OS,2025-01-18
DEV012328,USR008274,Mobile,macOS,2025-06-10
DEV012329,USR008275,Smart TV,iOS,2025-09-15
DEV012330,USR008276,Laptop,Windows,2025-03-11
DEV012331,USR008276,Streaming Stick,macOS,2025-11-19
DEV012332,USR008277,Mobile,iOS,2025-01-20
DEV012333,USR008278,Laptop,iOS,2025-06-02
DEV012334,USR008278,Smart TV,iOS,2025-01-28
DEV012335,USR008279,Mobile,Windows,2025-09-11
DEV012336,USR008280,Smart TV,Android,2025-08-11
DEV012337,USR008281,Gaming Console,Smart TV OS,2025-07-07
DEV012338,USR008282,Smart TV,iOS,2025-08-08
DEV012339,USR008283,Smart TV,macOS,2025-03-12
DEV012340,USR008284,Mobile,macOS,2025-01-02
DEV012341,USR008285,Mobile,iOS,2025-08-09
DEV012342,USR008285,Mobile,iOS,2025-03-23
DEV012343,USR008286,Tablet,Android,2025-01-21
DEV012344,USR008287,Mobile,Smart TV OS,2025-07-27
DEV012345,USR008288,Mobile,macOS,2025-09-18
DEV012346,USR008289,Smart TV,Android,2025-07-02
DEV012347,USR008289,Mobile,iOS,2025-11-21
DEV012348,USR008290,Mobile,Windows,2025-07-26
DEV012349,USR008290,Streaming Stick,Android,2025-05-15
DEV012350,USR008291,Smart TV,macOS,2025-02-06
DEV012351,USR008291,Smart TV,Android,2025-05-25
DEV012352,USR008291,Smart TV,macOS,2025-10-21
DEV012353,USR008292,Tablet,Android,2025-06-11
DEV012354,USR008293,Mobile,iOS,2025-11-27
DEV012355,USR008294,Smart TV,Smart TV OS,2025-02-23
DEV012356,USR008295,Mobile,Windows,2025-04-22
DEV012357,USR008296,Smart TV,iOS,2025-10-20
DEV012358,USR008296,Smart TV,iOS,2025-09-06
DEV012359,USR008296,Smart TV,Android,2025-10-22
DEV012360,USR008297,Mobile,Android,2025-05-23
DEV012361,USR008297,Tablet,Android,2025-11-03
DEV012362,USR008298,Smart TV,iOS,2025-05-12
DEV012363,USR008298,Tablet,Smart TV OS,2025-11-03
DEV012364,USR008299,Tablet,Windows,2025-09-17
DEV012365,USR008299,Streaming Stick,iOS,2025-08-07
DEV012366,USR008300,Laptop,Android,2025-11-14
DEV012367,USR008301,Mobile,iOS,2025-06-10
DEV012368,USR008301,Smart TV,Android,2025-01-08
DEV012369,USR008302,Mobile,iOS,2025-11-02
DEV012370,USR008302,Streaming Stick,macOS,2025-04-17
DEV012371,USR008303,Mobile,Windows,2025-08-02
DEV012372,USR008304,Mobile,Android,2025-08-12
DEV012373,USR008304,Smart TV,Android,2025-06-01
DEV012374,USR008305,Mobile,macOS,2025-03-09
DEV012375,USR008306,Smart TV,macOS,2025-10-30
DEV012376,USR008306,Mobile,iOS,2025-05-12
DEV012377,USR008307,Laptop,iOS,2025-02-21
DEV012378,USR008307,Mobile,Android,2025-03-08
DEV012379,USR008308,Laptop,Smart TV OS,2025-10-08
DEV012380,USR008309,Smart TV,Android,2025-10-01
DEV012381,USR008310,Smart TV,Android,2025-02-08
DEV012382,USR008310,Smart TV,iOS,2025-02-23
DEV012383,USR008311,Mobile,Android,2025-05-28
DEV012384,USR008312,Mobile,Windows,2025-06-23
DEV012385,USR008313,Mobile,Smart TV OS,2025-01-09
DEV012386,USR008314,Tablet,Smart TV OS,2025-02-07
DEV012387,USR008315,Mobile,iOS,2025-08-19
DEV012388,USR008316,Laptop,macOS,2025-03-25
DEV012389,USR008317,Smart TV,Windows,2025-04-09
DEV012390,USR008318,Mobile,Android,2025-09-29
DEV012391,USR008318,Smart TV,iOS,2025-06-05
DEV012392,USR008319,Tablet,Windows,2025-06-03
DEV012393,USR008319,Smart TV,iOS,2025-03-30
DEV012394,USR008319,Smart TV,Android,2025-11-23
DEV012395,USR008320,Smart TV,macOS,2025-07-23
DEV012396,USR008321,Laptop,Android,2025-09-16
DEV012397,USR008321,Laptop,Windows,2025-09-09
DEV012398,USR008322,Laptop,Android,2025-09-20
DEV012399,USR008323,Smart TV,iOS,2025-09-27
DEV012400,USR008323,Smart TV,Windows,2025-03-14
DEV012401,USR008324,Laptop,Android,2025-03-07
DEV012402,USR008324,Tablet,Windows,2025-04-15
DEV012403,USR008325,Smart TV,iOS,2025-11-26
DEV012404,USR008326,Laptop,Windows,2025-09-05
DEV012405,USR008327,Smart TV,iOS,2025-10-07
DEV012406,USR008328,Smart TV,iOS,2025-05-29
DEV012407,USR008328,Mobile,iOS,2025-02-04
DEV012408,USR008328,Smart TV,macOS,2025-07-18
DEV012409,USR008329,Mobile,iOS,2025-07-16
DEV012410,USR008330,Smart TV,Smart TV OS,2025-04-13
DEV012411,USR008330,Smart TV,Android,2025-05-11
DEV012412,USR008331,Streaming Stick,Smart TV OS,2025-07-09
DEV012413,USR008332,Smart TV,macOS,2025-08-28
DEV012414,USR008333,Smart TV,iOS,2025-10-22
DEV012415,USR008333,Smart TV,iOS,2025-11-03
DEV012416,USR008334,Streaming Stick,iOS,2025-05-19
DEV012417,USR008335,Smart TV,iOS,2025-06-16
DEV012418,USR008336,Smart TV,Smart TV OS,2025-08-16
DEV012419,USR008337,Smart TV,Windows,2025-10-18
DEV012420,USR008337,Smart TV,iOS,2025-07-18
DEV012421,USR008338,Laptop,Windows,2025-10-05
DEV012422,USR008339,Mobile,Android,2025-01-02
DEV012423,USR008340,Streaming Stick,Windows,2025-08-16
DEV012424,USR008340,Streaming Stick,macOS,2025-03-20
DEV012425,USR008341,Mobile,Smart TV OS,2025-03-03
DEV012426,USR008342,Smart TV,Android,2025-10-06
DEV012427,USR008343,Laptop,Smart TV OS,2025-03-14
DEV012428,USR008344,Tablet,iOS,2025-07-16
DEV012429,USR008345,Smart TV,iOS,2025-01-04
DEV012430,USR008346,Tablet,macOS,2025-06-15
DEV012431,USR008347,Smart TV,iOS,2025-06-13
DEV012432,USR008348,Mobile,Android,2025-09-17
DEV012433,USR008348,Smart TV,Windows,2025-07-28
DEV012434,USR008349,Mobile,Windows,2025-06-19
DEV012435,USR008349,Laptop,Android,2025-09-13
DEV012436,USR008349,Laptop,Windows,2025-09-25
DEV012437,USR008350,Tablet,Windows,2025-06-15
DEV012438,USR008350,Mobile,iOS,2025-06-17
DEV012439,USR008350,Mobile,Smart TV OS,2025-07-03
DEV012440,USR008351,Smart TV,Smart TV OS,2025-06-30
DEV012441,USR008351,Mobile,Smart TV OS,2025-02-21
DEV012442,USR008352,Smart TV,Smart TV OS,2025-03-30
DEV012443,USR008352,Mobile,iOS,2025-05-11
DEV012444,USR008352,Streaming Stick,macOS,2025-08-29
DEV012445,USR008353,Streaming Stick,Smart TV OS,2025-01-03
DEV012446,USR008354,Mobile,Android,2025-07-17
DEV012447,USR008355,Mobile,Smart TV OS,2025-06-22
DEV012448,USR008356,Laptop,Smart TV OS,2025-08-01
DEV012449,USR008357,Tablet,Smart TV OS,2025-03-09
DEV012450,USR008357,Smart TV,macOS,2025-05-30
DEV012451,USR008358,Mobile,Windows,2025-07-02
DEV012452,USR008358,Mobile,iOS,2025-02-06
DEV012453,USR008359,Laptop,Smart TV OS,2025-06-30
DEV012454,USR008360,Laptop,Windows,2025-02-24
DEV012455,USR008361,Smart TV,Windows,2025-05-12
DEV012456,USR008362,Streaming Stick,iOS,2025-05-14
DEV012457,USR008362,Smart TV,Android,2025-02-05
DEV012458,USR008363,Mobile,Smart TV OS,2025-10-29
DEV012459,USR008363,Streaming Stick,Smart TV OS,2025-11-10
DEV012460,USR008364,Smart TV,Android,2025-06-01
DEV012461,USR008365,Mobile,Smart TV OS,2025-04-14
DEV012462,USR008366,Mobile,Android,2025-07-28
DEV012463,USR008367,Tablet,Android,2025-08-07
DEV012464,USR008367,Tablet,Windows,2025-01-09
DEV012465,USR008368,Smart TV,Smart TV OS,2025-04-30
DEV012466,USR008369,Mobile,Android,2025-08-29
DEV012467,USR008369,Tablet,iOS,2025-01-22
DEV012468,USR008370,Mobile,Android,2025-08-20
DEV012469,USR008370,Smart TV,Android,2025-01-11
DEV012470,USR008371,Laptop,iOS,2025-07-29
DEV012471,USR008371,Mobile,Windows,2025-04-10
DEV012472,USR008371,Smart TV,Android,2025-01-24
DEV012473,USR008372,Mobile,macOS,2025-06-02
DEV012474,USR008372,Smart TV,Android,2025-05-18
DEV012475,USR008373,Mobile,macOS,2025-04-19
DEV012476,USR008374,Laptop,Windows,2025-07-30
DEV012477,USR008375,Smart TV,iOS,2025-01-24
DEV012478,USR008376,Tablet,Smart TV OS,2025-06-20
DEV012479,USR008376,Laptop,Android,2025-01-25
DEV012480,USR008377,Tablet,Smart TV OS,2025-10-01
DEV012481,USR008378,Laptop,macOS,2025-11-08
DEV012482,USR008379,Smart TV,iOS,2025-05-23
DEV012483,USR008379,Laptop,Android,2025-02-05
DEV012484,USR008380,Mobile,Android,2025-10-24
DEV012485,USR008381,Mobile,Smart TV OS,2025-08-10
DEV012486,USR008382,Tablet,iOS,2025-11-07
DEV012487,USR008382,Mobile,Android,2025-09-01
DEV012488,USR008383,Smart TV,Windows,2025-10-22
DEV012489,USR008384,Mobile,Smart TV OS,2025-03-11
DEV012490,USR008384,Tablet,macOS,2025-05-20
DEV012491,USR008385,Mobile,Smart TV OS,2025-03-20
DEV012492,USR008386,Mobile,Windows,2025-02-26
DEV012493,USR008387,Mobile,macOS,2025-07-19
DEV012494,USR008388,Mobile,Smart TV OS,2025-09-27
DEV012495,USR008388,Tablet,Windows,2025-01-07
DEV012496,USR008389,Smart TV,macOS,2025-01-22
DEV012497,USR008390,Tablet,Smart TV OS,2025-07-01
DEV012498,USR008391,Mobile,iOS,2025-07-13
DEV012499,USR008391,Smart TV,Windows,2025-09-09
DEV012500,USR008392,Tablet,Windows,2025-09-18
DEV012501,USR008393,Mobile,macOS,2025-01-08
DEV012502,USR008393,Laptop,macOS,2025-10-21
DEV012503,USR008393,Mobile,Windows,2025-06-14
DEV012504,USR008394,Smart TV,macOS,2025-11-24
DEV012505,USR008395,Laptop,Windows,2025-10-21
DEV012506,USR008395,Mobile,Android,2025-05-09
DEV012507,USR008395,Streaming Stick,iOS,2025-01-10
DEV012508,USR008396,Laptop,Android,2025-10-27
DEV012509,USR008396,Mobile,Android,2025-11-18
DEV012510,USR008397,Mobile,Android,2025-01-24
DEV012511,USR008397,Gaming Console,iOS,2025-03-13
DEV012512,USR008398,Laptop,Windows,2025-08-10
DEV012513,USR008398,Mobile,Android,2025-01-01
DEV012514,USR008399,Laptop,Android,2025-11-12
DEV012515,USR008400,Laptop,Windows,2025-03-17
DEV012516,USR008401,Laptop,Smart TV OS,2025-01-23
DEV012517,USR008401,Laptop,Smart TV OS,2025-04-30
DEV012518,USR008402,Mobile,Windows,2025-07-01
DEV012519,USR008402,Smart TV,Smart TV OS,2025-09-29
DEV012520,USR008402,Laptop,iOS,2025-11-04
DEV012521,USR008403,Mobile,Android,2025-03-13
DEV012522,USR008403,Gaming Console,Windows,2025-06-20
DEV012523,USR008403,Smart TV,iOS,2025-09-24
DEV012524,USR008404,Mobile,iOS,2025-01-09
DEV012525,USR008405,Tablet,Smart TV OS,2025-06-09
DEV012526,USR008406,Laptop,iOS,2025-04-27
DEV012527,USR008407,Mobile,Windows,2025-08-14
DEV012528,USR008408,Laptop,Smart TV OS,2025-08-30
DEV012529,USR008408,Gaming Console,iOS,2025-05-27
DEV012530,USR008409,Laptop,iOS,2025-08-24
DEV012531,USR008410,Laptop,iOS,2025-07-07
DEV012532,USR008411,Mobile,iOS,2025-02-28
DEV012533,USR008411,Laptop,Smart TV OS,2025-06-08
DEV012534,USR008411,Smart TV,Smart TV OS,2025-02-04
DEV012535,USR008412,Mobile,Android,2025-08-06
DEV012536,USR008413,Mobile,Android,2025-09-25
DEV012537,USR008413,Tablet,Android,2025-03-23
DEV012538,USR008414,Smart TV,Windows,2025-09-14
DEV012539,USR008415,Gaming Console,macOS,2025-03-08
DEV012540,USR008416,Smart TV,Android,2025-06-13
DEV012541,USR008416,Tablet,iOS,2025-11-25
DEV012542,USR008417,Smart TV,macOS,2025-07-22
DEV012543,USR008418,Tablet,Windows,2025-05-22
DEV012544,USR008418,Mobile,Smart TV OS,2025-02-24
DEV012545,USR008419,Laptop,Android,2025-03-23
DEV012546,USR008420,Smart TV,iOS,2025-04-23
DEV012547,USR008421,Smart TV,iOS,2025-08-08
DEV012548,USR008422,Mobile,Windows,2025-11-26
DEV012549,USR008423,Smart TV,iOS,2025-10-08
DEV012550,USR008424,Laptop,Android,2025-11-15
DEV012551,USR008425,Gaming Console,Android,2025-03-26
DEV012552,USR008425,Laptop,Android,2025-08-24
DEV012553,USR008426,Mobile,macOS,2025-09-04
DEV012554,USR008427,Laptop,Smart TV OS,2025-09-22
DEV012555,USR008428,Mobile,Windows,2025-08-16
DEV012556,USR008429,Mobile,Android,2025-01-02
DEV012557,USR008430,Smart TV,macOS,2025-04-04
DEV012558,USR008431,Smart TV,Windows,2025-04-20
DEV012559,USR008431,Streaming Stick,Android,2025-11-25
DEV012560,USR008432,Laptop,Android,2025-02-14
DEV012561,USR008432,Tablet,Windows,2025-07-10
DEV012562,USR008433,Mobile,iOS,2025-09-29
DEV012563,USR008434,Tablet,macOS,2025-02-16
DEV012564,USR008434,Laptop,macOS,2025-08-28
DEV012565,USR008434,Mobile,Android,2025-10-04
DEV012566,USR008435,Smart TV,Windows,2025-05-31
DEV012567,USR008436,Mobile,Windows,2025-07-15
DEV012568,USR008436,Smart TV,Smart TV OS,2025-07-05
DEV012569,USR008437,Laptop,Android,2025-10-16
DEV012570,USR008437,Laptop,Android,2025-06-09
DEV012571,USR008438,Laptop,Android,2025-10-08
DEV012572,USR008439,Smart TV,Android,2025-01-12
DEV012573,USR008440,Smart TV,Smart TV OS,2025-03-20
DEV012574,USR008440,Smart TV,Windows,2025-05-01
DEV012575,USR008440,Laptop,iOS,2025-03-10
DEV012576,USR008441,Mobile,iOS,2025-03-15
DEV012577,USR008442,Tablet,Smart TV OS,2025-08-31
DEV012578,USR008443,Streaming Stick,iOS,2025-11-16
DEV012579,USR008444,Laptop,Android,2025-10-24
DEV012580,USR008445,Mobile,iOS,2025-03-19
DEV012581,USR008446,Mobile,iOS,2025-04-27
DEV012582,USR008446,Smart TV,iOS,2025-08-30
DEV012583,USR008447,Laptop,Smart TV OS,2025-10-21
DEV012584,USR008447,Smart TV,iOS,2025-01-29
DEV012585,USR008448,Laptop,Windows,2025-08-08
DEV012586,USR008449,Laptop,Windows,2025-05-20
DEV012587,USR008450,Mobile,iOS,2025-10-05
DEV012588,USR008450,Smart TV,Android,2025-11-18
DEV012589,USR008451,Smart TV,Smart TV OS,2025-01-29
DEV012590,USR008451,Smart TV,Android,2025-10-10
DEV012591,USR008452,Gaming Console,Smart TV OS,2025-08-27
DEV012592,USR008453,Smart TV,Android,2025-10-25
DEV012593,USR008453,Smart TV,Windows,2025-06-15
DEV012594,USR008453,Mobile,Windows,2025-05-13
DEV012595,USR008454,Mobile,Windows,2025-08-16
DEV012596,USR008455,Tablet,macOS,2025-06-10
DEV012597,USR008456,Smart TV,iOS,2025-10-31
DEV012598,USR008457,Gaming Console,macOS,2025-10-06
DEV012599,USR008458,Laptop,iOS,2025-01-21
DEV012600,USR008459,Tablet,Windows,2025-04-18
DEV012601,USR008459,Tablet,macOS,2025-08-25
DEV012602,USR008460,Smart TV,Android,2025-06-30
DEV012603,USR008461,Mobile,Windows,2025-06-14
DEV012604,USR008462,Laptop,Windows,2025-01-30
DEV012605,USR008463,Laptop,macOS,2025-06-04
DEV012606,USR008464,Streaming Stick,iOS,2025-11-08
DEV012607,USR008465,Smart TV,Windows,2025-11-18
DEV012608,USR008465,Smart TV,Android,2025-07-19
DEV012609,USR008466,Tablet,iOS,2025-10-09
DEV012610,USR008467,Mobile,iOS,2025-05-15
DEV012611,USR008468,Tablet,iOS,2025-08-15
DEV012612,USR008469,Mobile,Android,2025-09-26
DEV012613,USR008470,Laptop,macOS,2025-03-21
DEV012614,USR008471,Mobile,Smart TV OS,2025-09-03
DEV012615,USR008471,Smart TV,Android,2025-07-24
DEV012616,USR008471,Smart TV,Smart TV OS,2025-02-10
DEV012617,USR008472,Mobile,Android,2025-10-31
DEV012618,USR008473,Laptop,iOS,2025-02-25
DEV012619,USR008474,Smart TV,Windows,2025-11-20
DEV012620,USR008475,Smart TV,iOS,2025-11-05
DEV012621,USR008475,Gaming Console,Windows,2025-01-15
DEV012622,USR008476,Mobile,Android,2025-06-20
DEV012623,USR008476,Laptop,iOS,2025-02-15
DEV012624,USR008477,Laptop,Smart TV OS,2025-10-07
DEV012625,USR008478,Mobile,macOS,2025-10-18
DEV012626,USR008479,Laptop,macOS,2025-10-04
DEV012627,USR008479,Tablet,Android,2025-09-25
DEV012628,USR008480,Laptop,Windows,2025-02-20
DEV012629,USR008480,Smart TV,iOS,2025-09-19
DEV012630,USR008481,Smart TV,Windows,2025-01-14
DEV012631,USR008481,Smart TV,Android,2025-09-08
DEV012632,USR008482,Tablet,Android,2025-07-25
DEV012633,USR008483,Gaming Console,Smart TV OS,2025-11-02
DEV012634,USR008484,Streaming Stick,Android,2025-03-02
DEV012635,USR008485,Mobile,Android,2025-10-28
DEV012636,USR008486,Mobile,Smart TV OS,2025-09-04
DEV012637,USR008487,Smart TV,Android,2025-10-29
DEV012638,USR008487,Mobile,iOS,2025-10-12
DEV012639,USR008488,Mobile,Android,2025-10-11
DEV012640,USR008489,Mobile,Windows,2025-04-29
DEV012641,USR008489,Gaming Console,Smart TV OS,2025-04-25
DEV012642,USR008490,Gaming Console,Windows,2025-09-19
DEV012643,USR008491,Laptop,Android,2025-08-12
DEV012644,USR008491,Laptop,Windows,2025-06-05
DEV012645,USR008492,Smart TV,Windows,2025-08-21
DEV012646,USR008492,Smart TV,macOS,2025-01-24
DEV012647,USR008493,Tablet,Windows,2025-06-11
DEV012648,USR008494,Mobile,Smart TV OS,2025-09-09
DEV012649,USR008495,Laptop,iOS,2025-09-19
DEV012650,USR008496,Streaming Stick,iOS,2025-09-23
DEV012651,USR008496,Smart TV,iOS,2025-04-26
DEV012652,USR008497,Laptop,Android,2025-04-08
DEV012653,USR008497,Mobile,macOS,2025-06-23
DEV012654,USR008497,Smart TV,iOS,2025-07-01
DEV012655,USR008498,Gaming Console,Smart TV OS,2025-01-07
DEV012656,USR008498,Laptop,iOS,2025-09-07
DEV012657,USR008499,Mobile,Windows,2025-02-21
DEV012658,USR008500,Laptop,Android,2025-04-22
DEV012659,USR008500,Smart TV,Android,2025-02-21
DEV012660,USR008501,Smart TV,Windows,2025-06-24
DEV012661,USR008502,Streaming Stick,Smart TV OS,2025-06-12
DEV012662,USR008502,Mobile,macOS,2025-08-14
DEV012663,USR008503,Smart TV,Smart TV OS,2025-01-17
DEV012664,USR008503,Smart TV,Android,2025-07-03
DEV012665,USR008504,Mobile,Windows,2025-02-17
DEV012666,USR008505,Smart TV,Smart TV OS,2025-11-13
DEV012667,USR008506,Smart TV,iOS,2025-04-24
DEV012668,USR008506,Mobile,iOS,2025-09-22
DEV012669,USR008507,Mobile,iOS,2025-05-24
DEV012670,USR008508,Tablet,Windows,2025-06-09
DEV012671,USR008509,Streaming Stick,Android,2025-09-18
DEV012672,USR008510,Mobile,Windows,2025-02-23
DEV012673,USR008511,Laptop,Windows,2025-06-09
DEV012674,USR008511,Mobile,iOS,2025-02-02
DEV012675,USR008511,Mobile,Smart TV OS,2025-06-07
DEV012676,USR008512,Laptop,Windows,2025-01-27
DEV012677,USR008512,Streaming Stick,macOS,2025-02-22
DEV012678,USR008513,Tablet,Smart TV OS,2025-04-27
DEV012679,USR008513,Laptop,Android,2025-06-15
DEV012680,USR008514,Laptop,Smart TV OS,2025-04-12
DEV012681,USR008514,Laptop,Smart TV OS,2025-07-25
DEV012682,USR008515,Mobile,Android,2025-08-16
DEV012683,USR008516,Laptop,Android,2025-11-18
DEV012684,USR008517,Gaming Console,Windows,2025-10-01
DEV012685,USR008517,Gaming Console,Android,2025-11-05
DEV012686,USR008518,Tablet,iOS,2025-01-20
DEV012687,USR008519,Smart TV,Android,2025-08-13
DEV012688,USR008520,Smart TV,iOS,2025-08-19
DEV012689,USR008520,Mobile,iOS,2025-11-13
DEV012690,USR008521,Smart TV,macOS,2025-01-28
DEV012691,USR008522,Laptop,Android,2025-03-14
DEV012692,USR008522,Mobile,iOS,2025-04-29
DEV012693,USR008523,Streaming Stick,macOS,2025-06-04
DEV012694,USR008523,Gaming Console,Windows,2025-11-18
DEV012695,USR008524,Laptop,Windows,2025-08-07
DEV012696,USR008525,Smart TV,Android,2025-05-15
DEV012697,USR008526,Smart TV,Windows,2025-08-31
DEV012698,USR008527,Smart TV,iOS,2025-05-31
DEV012699,USR008528,Smart TV,Windows,2025-04-29
DEV012700,USR008529,Laptop,iOS,2025-08-05
DEV012701,USR008529,Smart TV,Smart TV OS,2025-08-07
DEV012702,USR008530,Mobile,iOS,2025-01-12
DEV012703,USR008530,Smart TV,Windows,2025-02-03
DEV012704,USR008530,Smart TV,Windows,2025-08-10
DEV012705,USR008531,Tablet,Android,2025-03-10
DEV012706,USR008532,Tablet,Android,2025-09-03
DEV012707,USR008532,Gaming Console,iOS,2025-04-22
DEV012708,USR008533,Laptop,Android,2025-09-17
DEV012709,USR008533,Mobile,macOS,2025-04-17
DEV012710,USR008534,Smart TV,Windows,2025-07-01
DEV012711,USR008534,Laptop,Smart TV OS,2025-10-26
DEV012712,USR008535,Gaming Console,macOS,2025-07-07
DEV012713,USR008535,Streaming Stick,macOS,2025-08-20
DEV012714,USR008535,Smart TV,Android,2025-03-24
DEV012715,USR008536,Tablet,Android,2025-03-17
DEV012716,USR008536,Streaming Stick,iOS,2025-08-13
DEV012717,USR008537,Streaming Stick,macOS,2025-09-18
DEV012718,USR008538,Smart TV,iOS,2025-10-14
DEV012719,USR008539,Smart TV,Windows,2025-04-17
DEV012720,USR008539,Smart TV,Windows,2025-01-20
DEV012721,USR008540,Smart TV,Windows,2025-02-15
DEV012722,USR008541,Laptop,Windows,2025-07-08
DEV012723,USR008542,Streaming Stick,Android,2025-06-05
DEV012724,USR008542,Mobile,Android,2025-11-25
DEV012725,USR008542,Smart TV,Windows,2025-03-25
DEV012726,USR008543,Streaming Stick,macOS,2025-04-27
DEV012727,USR008543,Mobile,iOS,2025-04-27
DEV012728,USR008543,Mobile,iOS,2025-03-31
DEV012729,USR008544,Mobile,Android,2025-07-12
DEV012730,USR008545,Streaming Stick,macOS,2025-07-10
DEV012731,USR008545,Smart TV,Windows,2025-02-05
DEV012732,USR008546,Smart TV,Windows,2025-11-17
DEV012733,USR008547,Smart TV,macOS,2025-10-03
DEV012734,USR008547,Tablet,macOS,2025-05-07
DEV012735,USR008548,Laptop,Android,2025-07-19
DEV012736,USR008549,Mobile,Android,2025-08-27
DEV012737,USR008550,Mobile,Smart TV OS,2025-06-03
DEV012738,USR008550,Mobile,iOS,2025-05-30
DEV012739,USR008551,Laptop,Android,2025-08-30
DEV012740,USR008551,Tablet,Smart TV OS,2025-05-11
DEV012741,USR008552,Gaming Console,Android,2025-03-04
DEV012742,USR008553,Mobile,Android,2025-11-20
DEV012743,USR008554,Smart TV,iOS,2025-10-06
DEV012744,USR008555,Laptop,Android,2025-02-12
DEV012745,USR008556,Mobile,Android,2025-09-07
DEV012746,USR008556,Laptop,iOS,2025-05-18
DEV012747,USR008556,Laptop,Android,2025-11-09
DEV012748,USR008557,Laptop,Android,2025-02-02
DEV012749,USR008558,Smart TV,Smart TV OS,2025-06-22
DEV012750,USR008559,Mobile,Smart TV OS,2025-03-24
DEV012751,USR008560,Mobile,Android,2025-02-09
DEV012752,USR008560,Laptop,Smart TV OS,2025-09-20
DEV012753,USR008561,Laptop,Smart TV OS,2025-07-27
DEV012754,USR008561,Smart TV,Android,2025-10-17
DEV012755,USR008562,Smart TV,iOS,2025-11-27
DEV012756,USR008563,Smart TV,macOS,2025-05-27
DEV012757,USR008563,Smart TV,Smart TV OS,2025-02-20
DEV012758,USR008564,Laptop,iOS,2025-06-03
DEV012759,USR008565,Gaming Console,macOS,2025-09-03
DEV012760,USR008565,Smart TV,Smart TV OS,2025-07-17
DEV012761,USR008566,Laptop,Android,2025-01-30
DEV012762,USR008566,Smart TV,macOS,2025-10-30
DEV012763,USR008567,Mobile,Android,2025-10-15
DEV012764,USR008568,Laptop,macOS,2025-09-07
DEV012765,USR008569,Laptop,macOS,2025-05-28
DEV012766,USR008569,Laptop,Smart TV OS,2025-01-14
DEV012767,USR008570,Mobile,Android,2025-03-07
DEV012768,USR008570,Tablet,iOS,2025-10-30
DEV012769,USR008571,Mobile,Windows,2025-03-06
DEV012770,USR008571,Smart TV,Android,2025-10-02
DEV012771,USR008572,Smart TV,Android,2025-11-23
DEV012772,USR008573,Laptop,macOS,2025-04-14
DEV012773,USR008573,Laptop,Android,2025-01-15
DEV012774,USR008573,Mobile,macOS,2025-03-19
DEV012775,USR008574,Mobile,Android,2025-11-21
DEV012776,USR008575,Smart TV,Windows,2025-01-16
DEV012777,USR008576,Smart TV,iOS,2025-11-27
DEV012778,USR008577,Mobile,Android,2025-04-06
DEV012779,USR008578,Gaming Console,macOS,2025-04-07
DEV012780,USR008579,Smart TV,Android,2025-08-20
DEV012781,USR008580,Mobile,Windows,2025-11-04
DEV012782,USR008581,Smart TV,Windows,2025-08-01
DEV012783,USR008581,Mobile,iOS,2025-07-31
DEV012784,USR008582,Smart TV,iOS,2025-02-09
DEV012785,USR008583,Streaming Stick,iOS,2025-06-10
DEV012786,USR008584,Laptop,Android,2025-05-04
DEV012787,USR008584,Smart TV,Android,2025-05-23
DEV012788,USR008585,Laptop,Windows,2025-01-17
DEV012789,USR008586,Laptop,iOS,2025-03-07
DEV012790,USR008587,Tablet,Android,2025-04-23
DEV012791,USR008588,Mobile,macOS,2025-10-29
DEV012792,USR008589,Mobile,iOS,2025-02-07
DEV012793,USR008590,Mobile,Android,2025-04-17
DEV012794,USR008590,Tablet,macOS,2025-08-13
DEV012795,USR008591,Tablet,Android,2025-10-11
DEV012796,USR008591,Tablet,macOS,2025-04-24
DEV012797,USR008591,Streaming Stick,Android,2025-08-04
DEV012798,USR008592,Tablet,iOS,2025-11-13
DEV012799,USR008593,Smart TV,macOS,2025-02-18
DEV012800,USR008593,Tablet,Windows,2025-08-31
DEV012801,USR008594,Mobile,Android,2025-11-11
DEV012802,USR008594,Streaming Stick,Windows,2025-02-06
DEV012803,USR008595,Mobile,iOS,2025-11-22
DEV012804,USR008596,Laptop,iOS,2025-07-26
DEV012805,USR008597,Smart TV,Windows,2025-05-31
DEV012806,USR008598,Laptop,Smart TV OS,2025-03-26
DEV012807,USR008599,Smart TV,iOS,2025-06-29
DEV012808,USR008600,Smart TV,Smart TV OS,2025-06-05
DEV012809,USR008601,Laptop,macOS,2025-07-04
DEV012810,USR008601,Smart TV,iOS,2025-08-11
DEV012811,USR008602,Tablet,Android,2025-03-13
DEV012812,USR008602,Mobile,iOS,2025-07-12
DEV012813,USR008603,Smart TV,iOS,2025-02-26
DEV012814,USR008603,Mobile,Smart TV OS,2025-10-09
DEV012815,USR008604,Mobile,Android,2025-09-08
DEV012816,USR008605,Smart TV,Smart TV OS,2025-07-14
DEV012817,USR008605,Mobile,Smart TV OS,2025-04-22
DEV012818,USR008606,Laptop,iOS,2025-10-27
DEV012819,USR008607,Streaming Stick,Android,2025-07-02
DEV012820,USR008607,Laptop,Smart TV OS,2025-11-26
DEV012821,USR008608,Streaming Stick,iOS,2025-11-10
DEV012822,USR008609,Smart TV,Android,2025-07-02
DEV012823,USR008609,Smart TV,Smart TV OS,2025-10-26
DEV012824,USR008610,Laptop,iOS,2025-11-24
DEV012825,USR008610,Mobile,iOS,2025-04-04
DEV012826,USR008611,Mobile,iOS,2025-08-13
DEV012827,USR008612,Laptop,Android,2025-05-15
DEV012828,USR008613,Smart TV,Smart TV OS,2025-06-02
DEV012829,USR008613,Smart TV,iOS,2025-11-08
DEV012830,USR008614,Laptop,Android,2025-04-21
DEV012831,USR008615,Smart TV,iOS,2025-10-08
DEV012832,USR008615,Smart TV,iOS,2025-06-15
DEV012833,USR008615,Gaming Console,Smart TV OS,2025-01-02
DEV012834,USR008616,Mobile,Smart TV OS,2025-06-21
DEV012835,USR008616,Mobile,Smart TV OS,2025-06-25
DEV012836,USR008616,Laptop,Android,2025-02-02
DEV012837,USR008617,Laptop,iOS,2025-04-17
DEV012838,USR008617,Laptop,iOS,2025-05-19
DEV012839,USR008618,Mobile,Windows,2025-05-11
DEV012840,USR008618,Smart TV,Android,2025-10-09
DEV012841,USR008619,Mobile,Android,2025-03-14
DEV012842,USR008620,Smart TV,Windows,2025-10-02
DEV012843,USR008621,Laptop,iOS,2025-01-01
DEV012844,USR008622,Mobile,iOS,2025-05-04
DEV012845,USR008623,Smart TV,Smart TV OS,2025-02-03
DEV012846,USR008623,Mobile,Android,2025-05-10
DEV012847,USR008623,Streaming Stick,iOS,2025-07-04
DEV012848,USR008624,Mobile,macOS,2025-02-12
DEV012849,USR008625,Mobile,iOS,2025-09-04
DEV012850,USR008626,Smart TV,iOS,2025-04-12
DEV012851,USR008627,Smart TV,iOS,2025-02-17
DEV012852,USR008628,Laptop,Android,2025-10-29
DEV012853,USR008629,Smart TV,iOS,2025-09-22
DEV012854,USR008630,Laptop,Windows,2025-06-12
DEV012855,USR008631,Gaming Console,Android,2025-03-10
DEV012856,USR008632,Smart TV,Smart TV OS,2025-01-05
DEV012857,USR008632,Smart TV,iOS,2025-05-29
DEV012858,USR008633,Laptop,Smart TV OS,2025-06-14
DEV012859,USR008634,Streaming Stick,Windows,2025-08-14
DEV012860,USR008635,Laptop,Smart TV OS,2025-08-11
DEV012861,USR008636,Laptop,Android,2025-09-21
DEV012862,USR008637,Smart TV,Windows,2025-09-28
DEV012863,USR008638,Tablet,Windows,2025-09-15
DEV012864,USR008638,Laptop,iOS,2025-01-27
DEV012865,USR008639,Laptop,Android,2025-10-02
DEV012866,USR008640,Mobile,Android,2025-05-05
DEV012867,USR008641,Laptop,Android,2025-04-16
DEV012868,USR008642,Tablet,iOS,2025-06-16
DEV012869,USR008643,Mobile,Smart TV OS,2025-02-03
DEV012870,USR008644,Smart TV,Android,2025-08-10
DEV012871,USR008645,Smart TV,Android,2025-07-31
DEV012872,USR008646,Smart TV,iOS,2025-02-23
DEV012873,USR008647,Tablet,Android,2025-01-08
DEV012874,USR008647,Smart TV,iOS,2025-09-06
DEV012875,USR008647,Gaming Console,Smart TV OS,2025-10-08
DEV012876,USR008648,Streaming Stick,Android,2025-08-22
DEV012877,USR008649,Laptop,Android,2025-11-11
DEV012878,USR008650,Streaming Stick,Windows,2025-11-20
DEV012879,USR008650,Mobile,iOS,2025-09-26
DEV012880,USR008651,Smart TV,macOS,2025-06-04
DEV012881,USR008652,Mobile,Smart TV OS,2025-08-21
DEV012882,USR008653,Smart TV,Android,2025-07-28
DEV012883,USR008653,Mobile,macOS,2025-11-25
DEV012884,USR008654,Smart TV,Android,2025-01-02
DEV012885,USR008655,Mobile,Android,2025-08-08
DEV012886,USR008656,Mobile,Windows,2025-04-12
DEV012887,USR008656,Tablet,Android,2025-05-06
DEV012888,USR008657,Smart TV,Smart TV OS,2025-02-06
DEV012889,USR008657,Gaming Console,Windows,2025-07-10
DEV012890,USR008657,Mobile,Smart TV OS,2025-05-15
DEV012891,USR008658,Laptop,Windows,2025-04-11
DEV012892,USR008659,Tablet,iOS,2025-01-18
DEV012893,USR008660,Smart TV,Android,2025-04-10
DEV012894,USR008661,Streaming Stick,Smart TV OS,2025-09-15
DEV012895,USR008662,Mobile,Windows,2025-06-21
DEV012896,USR008663,Gaming Console,Smart TV OS,2025-06-21
DEV012897,USR008663,Laptop,iOS,2025-01-10
DEV012898,USR008663,Laptop,Smart TV OS,2025-06-17
DEV012899,USR008664,Mobile,Android,2025-03-12
DEV012900,USR008664,Gaming Console,iOS,2025-03-28
DEV012901,USR008665,Mobile,iOS,2025-02-18
DEV012902,USR008666,Mobile,Android,2025-03-20
DEV012903,USR008667,Mobile,macOS,2025-07-29
DEV012904,USR008668,Mobile,Windows,2025-02-22
DEV012905,USR008669,Laptop,Windows,2025-05-12
DEV012906,USR008670,Tablet,macOS,2025-10-29
DEV012907,USR008671,Mobile,Android,2025-01-10
DEV012908,USR008672,Mobile,iOS,2025-07-25
DEV012909,USR008673,Mobile,iOS,2025-05-08
DEV012910,USR008674,Mobile,Android,2025-09-23
DEV012911,USR008675,Tablet,Android,2025-03-11
DEV012912,USR008676,Tablet,Android,2025-05-23
DEV012913,USR008676,Mobile,Android,2025-01-20
DEV012914,USR008677,Laptop,Windows,2025-06-13
DEV012915,USR008678,Mobile,macOS,2025-10-28
DEV012916,USR008679,Mobile,Android,2025-04-01
DEV012917,USR008680,Mobile,iOS,2025-07-13
DEV012918,USR008681,Mobile,Android,2025-01-15
DEV012919,USR008682,Tablet,Smart TV OS,2025-11-11
DEV012920,USR008683,Laptop,iOS,2025-02-08
DEV012921,USR008683,Laptop,Android,2025-02-28
DEV012922,USR008684,Mobile,Android,2025-05-12
DEV012923,USR008684,Smart TV,Windows,2025-10-01
DEV012924,USR008685,Mobile,macOS,2025-04-25
DEV012925,USR008686,Tablet,Android,2025-04-09
DEV012926,USR008687,Smart TV,Smart TV OS,2025-03-31
DEV012927,USR008688,Mobile,Android,2025-09-22
DEV012928,USR008689,Tablet,macOS,2025-03-01
DEV012929,USR008690,Mobile,Smart TV OS,2025-03-23
DEV012930,USR008690,Mobile,iOS,2025-05-05
DEV012931,USR008691,Mobile,Windows,2025-05-11
DEV012932,USR008691,Smart TV,Android,2025-06-21
DEV012933,USR008692,Mobile,Android,2025-07-30
DEV012934,USR008692,Smart TV,Android,2025-05-26
DEV012935,USR008693,Streaming Stick,Smart TV OS,2025-04-21
DEV012936,USR008694,Streaming Stick,Smart TV OS,2025-09-14
DEV012937,USR008695,Smart TV,macOS,2025-06-02
DEV012938,USR008696,Mobile,Android,2025-08-08
DEV012939,USR008696,Tablet,Windows,2025-01-03
DEV012940,USR008697,Laptop,macOS,2025-10-26
DEV012941,USR008698,Mobile,iOS,2025-08-08
DEV012942,USR008699,Mobile,Windows,2025-03-31
DEV012943,USR008700,Mobile,Android,2025-10-26
DEV012944,USR008700,Mobile,iOS,2025-07-02
DEV012945,USR008701,Mobile,Windows,2025-08-21
DEV012946,USR008702,Smart TV,iOS,2025-08-31
DEV012947,USR008702,Smart TV,Android,2025-11-17
DEV012948,USR008703,Smart TV,Smart TV OS,2025-05-05
DEV012949,USR008703,Smart TV,Smart TV OS,2025-05-22
DEV012950,USR008704,Mobile,Smart TV OS,2025-10-09
DEV012951,USR008704,Laptop,Android,2025-11-23
DEV012952,USR008705,Mobile,Smart TV OS,2025-04-01
DEV012953,USR008705,Streaming Stick,Smart TV OS,2025-11-15
DEV012954,USR008706,Laptop,Android,2025-04-29
DEV012955,USR008707,Streaming Stick,Smart TV OS,2025-02-17
DEV012956,USR008708,Smart TV,iOS,2025-04-01
DEV012957,USR008709,Smart TV,Smart TV OS,2025-07-26
DEV012958,USR008709,Smart TV,Windows,2025-07-09
DEV012959,USR008709,Tablet,Android,2025-06-20
DEV012960,USR008710,Mobile,Android,2025-02-03
DEV012961,USR008711,Tablet,Android,2025-07-19
DEV012962,USR008712,Mobile,Windows,2025-07-09
DEV012963,USR008712,Gaming Console,iOS,2025-05-07
DEV012964,USR008712,Smart TV,macOS,2025-11-24
DEV012965,USR008713,Tablet,macOS,2025-11-14
DEV012966,USR008714,Mobile,Android,2025-08-02
DEV012967,USR008714,Mobile,Android,2025-06-03
DEV012968,USR008715,Laptop,Android,2025-08-31
DEV012969,USR008716,Smart TV,Windows,2025-07-09
DEV012970,USR008716,Laptop,iOS,2025-04-23
DEV012971,USR008717,Smart TV,Android,2025-10-25
DEV012972,USR008718,Smart TV,Android,2025-03-23
DEV012973,USR008718,Smart TV,Android,2025-05-28
DEV012974,USR008719,Smart TV,Android,2025-05-19
DEV012975,USR008719,Smart TV,iOS,2025-07-21
DEV012976,USR008720,Mobile,Smart TV OS,2025-06-12
DEV012977,USR008721,Smart TV,macOS,2025-06-23
DEV012978,USR008721,Smart TV,macOS,2025-04-17
DEV012979,USR008722,Mobile,Windows,2025-07-28
DEV012980,USR008723,Streaming Stick,Windows,2025-11-21
DEV012981,USR008724,Laptop,Smart TV OS,2025-10-23
DEV012982,USR008724,Mobile,iOS,2025-10-10
DEV012983,USR008725,Mobile,macOS,2025-05-08
DEV012984,USR008725,Streaming Stick,iOS,2025-03-20
DEV012985,USR008726,Laptop,macOS,2025-07-18
DEV012986,USR008727,Mobile,iOS,2025-10-31
DEV012987,USR008728,Laptop,Android,2025-02-22
DEV012988,USR008729,Tablet,Android,2025-02-11
DEV012989,USR008730,Mobile,Android,2025-08-23
DEV012990,USR008731,Mobile,Smart TV OS,2025-08-03
DEV012991,USR008731,Gaming Console,Android,2025-04-11
DEV012992,USR008732,Smart TV,iOS,2025-10-08
DEV012993,USR008732,Smart TV,iOS,2025-04-25
DEV012994,USR008733,Mobile,iOS,2025-04-19
DEV012995,USR008734,Smart TV,iOS,2025-05-27
DEV012996,USR008734,Laptop,iOS,2025-07-30
DEV012997,USR008734,Streaming Stick,Android,2025-10-08
DEV012998,USR008735,Mobile,Android,2025-08-08
DEV012999,USR008736,Smart TV,Windows,2025-10-23
DEV013000,USR008737,Laptop,Smart TV OS,2025-02-21
DEV013001,USR008738,Mobile,macOS,2025-10-03
DEV013002,USR008739,Smart TV,Android,2025-10-17
DEV013003,USR008740,Mobile,macOS,2025-11-24
DEV013004,USR008741,Mobile,Smart TV OS,2025-11-08
DEV013005,USR008742,Laptop,iOS,2025-10-07
DEV013006,USR008742,Mobile,Windows,2025-02-09
DEV013007,USR008743,Laptop,macOS,2025-07-01
DEV013008,USR008744,Tablet,iOS,2025-09-14
DEV013009,USR008744,Mobile,Windows,2025-02-12
DEV013010,USR008745,Smart TV,Windows,2025-09-21
DEV013011,USR008746,Tablet,iOS,2025-08-25
DEV013012,USR008746,Mobile,Windows,2025-02-15
DEV013013,USR008747,Mobile,Android,2025-01-12
DEV013014,USR008748,Smart TV,Windows,2025-04-17
DEV013015,USR008749,Mobile,macOS,2025-07-14
DEV013016,USR008750,Laptop,Smart TV OS,2025-03-27
DEV013017,USR008751,Mobile,Android,2025-01-03
DEV013018,USR008751,Smart TV,Smart TV OS,2025-02-18
DEV013019,USR008752,Mobile,iOS,2025-11-11
DEV013020,USR008753,Mobile,Smart TV OS,2025-09-04
DEV013021,USR008754,Tablet,Android,2025-01-10
DEV013022,USR008754,Mobile,iOS,2025-10-12
DEV013023,USR008754,Smart TV,iOS,2025-03-13
DEV013024,USR008755,Mobile,Smart TV OS,2025-05-21
DEV013025,USR008756,Gaming Console,iOS,2025-03-02
DEV013026,USR008757,Mobile,Smart TV OS,2025-03-04
DEV013027,USR008758,Mobile,iOS,2025-07-23
DEV013028,USR008758,Smart TV,Windows,2025-04-11
DEV013029,USR008758,Laptop,iOS,2025-10-31
DEV013030,USR008759,Laptop,iOS,2025-08-15
DEV013031,USR008759,Laptop,Android,2025-07-23
DEV013032,USR008760,Smart TV,macOS,2025-11-25
DEV013033,USR008761,Tablet,Android,2025-03-15
DEV013034,USR008762,Smart TV,Android,2025-11-21
DEV013035,USR008762,Smart TV,Windows,2025-03-26
DEV013036,USR008763,Laptop,Smart TV OS,2025-06-01
DEV013037,USR008764,Tablet,Smart TV OS,2025-07-27
DEV013038,USR008765,Smart TV,Windows,2025-04-08
DEV013039,USR008766,Laptop,iOS,2025-08-24
DEV013040,USR008767,Smart TV,iOS,2025-10-27
DEV013041,USR008768,Smart TV,Android,2025-10-29
DEV013042,USR008768,Smart TV,macOS,2025-11-19
DEV013043,USR008769,Laptop,Windows,2025-01-06
DEV013044,USR008769,Tablet,iOS,2025-04-21
DEV013045,USR008770,Mobile,iOS,2025-10-21
DEV013046,USR008771,Smart TV,Windows,2025-02-10
DEV013047,USR008772,Mobile,Smart TV OS,2025-02-26
DEV013048,USR008772,Laptop,Windows,2025-04-03
DEV013049,USR008772,Laptop,Android,2025-11-25
DEV013050,USR008773,Streaming Stick,iOS,2025-07-16
DEV013051,USR008774,Smart TV,Android,2025-10-18
DEV013052,USR008774,Laptop,Windows,2025-08-24
DEV013053,USR008775,Mobile,iOS,2025-07-29
DEV013054,USR008776,Laptop,Android,2025-01-14
DEV013055,USR008777,Gaming Console,Android,2025-10-09
DEV013056,USR008778,Mobile,iOS,2025-06-18
DEV013057,USR008779,Tablet,Android,2025-02-26
DEV013058,USR008780,Mobile,macOS,2025-07-19
DEV013059,USR008781,Tablet,Windows,2025-06-29
DEV013060,USR008782,Mobile,Windows,2025-10-20
DEV013061,USR008782,Smart TV,Android,2025-01-15
DEV013062,USR008783,Smart TV,Windows,2025-05-07
DEV013063,USR008784,Tablet,Android,2025-05-20
DEV013064,USR008785,Tablet,Windows,2025-01-18
DEV013065,USR008785,Mobile,Smart TV OS,2025-02-11
DEV013066,USR008786,Smart TV,macOS,2025-04-29
DEV013067,USR008787,Laptop,Smart TV OS,2025-05-20
DEV013068,USR008788,Tablet,iOS,2025-08-03
DEV013069,USR008789,Tablet,Android,2025-04-16
DEV013070,USR008789,Smart TV,iOS,2025-05-21
DEV013071,USR008790,Laptop,Android,2025-02-21
DEV013072,USR008791,Tablet,macOS,2025-10-16
DEV013073,USR008792,Smart TV,iOS,2025-05-16
DEV013074,USR008793,Mobile,iOS,2025-02-01
DEV013075,USR008794,Smart TV,Android,2025-08-11
DEV013076,USR008794,Gaming Console,Windows,2025-09-10
DEV013077,USR008794,Laptop,Windows,2025-11-04
DEV013078,USR008795,Laptop,macOS,2025-02-07
DEV013079,USR008796,Smart TV,iOS,2025-10-06
DEV013080,USR008796,Gaming Console,Windows,2025-02-16
DEV013081,USR008796,Streaming Stick,iOS,2025-02-23
DEV013082,USR008797,Smart TV,Android,2025-05-25
DEV013083,USR008798,Mobile,Smart TV OS,2025-10-30
DEV013084,USR008799,Gaming Console,Smart TV OS,2025-02-12
DEV013085,USR008799,Mobile,Windows,2025-01-13
DEV013086,USR008800,Tablet,Android,2025-06-09
DEV013087,USR008801,Mobile,Windows,2025-03-24
DEV013088,USR008801,Smart TV,Android,2025-01-20
DEV013089,USR008802,Smart TV,Windows,2025-10-15
DEV013090,USR008803,Tablet,Windows,2025-08-02
DEV013091,USR008803,Laptop,iOS,2025-08-02
DEV013092,USR008804,Mobile,macOS,2025-07-26
DEV013093,USR008804,Tablet,Smart TV OS,2025-10-06
DEV013094,USR008804,Smart TV,Windows,2025-01-17
DEV013095,USR008805,Gaming Console,Smart TV OS,2025-02-07
DEV013096,USR008805,Mobile,iOS,2025-11-14
DEV013097,USR008806,Mobile,Windows,2025-05-07
DEV013098,USR008806,Mobile,Android,2025-05-30
DEV013099,USR008807,Tablet,Windows,2025-04-13
DEV013100,USR008808,Gaming Console,Android,2025-06-18
DEV013101,USR008809,Laptop,Android,2025-05-14
DEV013102,USR008810,Smart TV,macOS,2025-01-31
DEV013103,USR008810,Laptop,Smart TV OS,2025-04-18
DEV013104,USR008811,Mobile,Windows,2025-02-08
DEV013105,USR008812,Gaming Console,Android,2025-09-02
DEV013106,USR008813,Laptop,Smart TV OS,2025-02-19
DEV013107,USR008814,Mobile,Android,2025-10-30
DEV013108,USR008815,Smart TV,iOS,2025-10-06
DEV013109,USR008816,Smart TV,Windows,2025-02-10
DEV013110,USR008817,Laptop,Android,2025-09-04
DEV013111,USR008818,Mobile,iOS,2025-02-14
DEV013112,USR008819,Laptop,Windows,2025-03-01
DEV013113,USR008819,Mobile,Android,2025-04-15
DEV013114,USR008820,Mobile,Android,2025-02-20
DEV013115,USR008820,Tablet,macOS,2025-10-26
DEV013116,USR008821,Mobile,Windows,2025-01-09
DEV013117,USR008821,Mobile,macOS,2025-03-11
DEV013118,USR008822,Gaming Console,macOS,2025-08-26
DEV013119,USR008823,Mobile,Android,2025-01-03
DEV013120,USR008823,Mobile,Windows,2025-03-24
DEV013121,USR008824,Smart TV,Windows,2025-09-24
DEV013122,USR008824,Mobile,Android,2025-10-12
DEV013123,USR008824,Mobile,iOS,2025-02-15
DEV013124,USR008825,Mobile,Android,2025-03-03
DEV013125,USR008826,Mobile,Android,2025-10-01
DEV013126,USR008827,Gaming Console,macOS,2025-11-20
DEV013127,USR008828,Mobile,Windows,2025-03-11
DEV013128,USR008829,Smart TV,Android,2025-02-08
DEV013129,USR008829,Mobile,Android,2025-11-08
DEV013130,USR008830,Laptop,Smart TV OS,2025-08-12
DEV013131,USR008831,Mobile,Smart TV OS,2025-09-19
DEV013132,USR008832,Tablet,macOS,2025-07-14
DEV013133,USR008833,Smart TV,iOS,2025-08-08
DEV013134,USR008834,Laptop,Smart TV OS,2025-02-06
DEV013135,USR008835,Mobile,iOS,2025-02-10
DEV013136,USR008836,Laptop,Android,2025-11-23
DEV013137,USR008837,Mobile,Windows,2025-11-11
DEV013138,USR008838,Smart TV,Android,2025-07-14
DEV013139,USR008838,Smart TV,Windows,2025-03-04
DEV013140,USR008838,Tablet,iOS,2025-10-23
DEV013141,USR008839,Mobile,Smart TV OS,2025-03-28
DEV013142,USR008839,Gaming Console,Windows,2025-05-08
DEV013143,USR008839,Laptop,Windows,2025-11-25
DEV013144,USR008840,Mobile,Android,2025-06-28
DEV013145,USR008841,Mobile,Smart TV OS,2025-01-25
DEV013146,USR008842,Mobile,iOS,2025-05-02
DEV013147,USR008843,Laptop,Windows,2025-06-21
DEV013148,USR008844,Mobile,Windows,2025-01-27
DEV013149,USR008845,Laptop,macOS,2025-08-10
DEV013150,USR008846,Mobile,Android,2025-04-05
DEV013151,USR008846,Gaming Console,Android,2025-07-18
DEV013152,USR008846,Mobile,Windows,2025-02-04
DEV013153,USR008847,Smart TV,macOS,2025-05-10
DEV013154,USR008848,Smart TV,macOS,2025-06-22
DEV013155,USR008848,Smart TV,iOS,2025-03-27
DEV013156,USR008849,Mobile,Smart TV OS,2025-03-31
DEV013157,USR008849,Smart TV,Windows,2025-09-12
DEV013158,USR008849,Mobile,Android,2025-06-09
DEV013159,USR008850,Smart TV,macOS,2025-01-02
DEV013160,USR008850,Smart TV,Smart TV OS,2025-03-13
DEV013161,USR008851,Mobile,Android,2025-05-25
DEV013162,USR008851,Smart TV,Windows,2025-09-07
DEV013163,USR008852,Mobile,Windows,2025-02-03
DEV013164,USR008852,Tablet,Windows,2025-08-27
DEV013165,USR008853,Tablet,Android,2025-11-02
DEV013166,USR008854,Mobile,Smart TV OS,2025-05-22
DEV013167,USR008854,Smart TV,iOS,2025-09-24
DEV013168,USR008855,Smart TV,macOS,2025-07-03
DEV013169,USR008856,Smart TV,Smart TV OS,2025-11-06
DEV013170,USR008857,Tablet,macOS,2025-10-19
DEV013171,USR008858,Laptop,Windows,2025-11-03
DEV013172,USR008858,Laptop,Android,2025-04-24
DEV013173,USR008858,Mobile,iOS,2025-01-30
DEV013174,USR008859,Mobile,Windows,2025-02-24
DEV013175,USR008860,Smart TV,Smart TV OS,2025-11-18
DEV013176,USR008861,Smart TV,iOS,2025-06-24
DEV013177,USR008861,Smart TV,Android,2025-08-10
DEV013178,USR008862,Mobile,Windows,2025-07-25
DEV013179,USR008863,Mobile,Windows,2025-07-06
DEV013180,USR008864,Mobile,Android,2025-06-01
DEV013181,USR008864,Mobile,Android,2025-03-16
DEV013182,USR008865,Smart TV,iOS,2025-04-05
DEV013183,USR008865,Mobile,macOS,2025-08-18
DEV013184,USR008866,Smart TV,Android,2025-02-14
DEV013185,USR008866,Mobile,Android,2025-08-22
DEV013186,USR008867,Tablet,Windows,2025-07-26
DEV013187,USR008868,Gaming Console,Android,2025-07-05
DEV013188,USR008869,Mobile,iOS,2025-01-14
DEV013189,USR008870,Mobile,Android,2025-01-05
DEV013190,USR008871,Laptop,Android,2025-01-22
DEV013191,USR008872,Laptop,iOS,2025-05-21
DEV013192,USR008873,Tablet,iOS,2025-04-24
DEV013193,USR008874,Mobile,Android,2025-07-13
DEV013194,USR008875,Smart TV,Windows,2025-08-04
DEV013195,USR008876,Mobile,Windows,2025-05-14
DEV013196,USR008876,Tablet,iOS,2025-01-21
DEV013197,USR008877,Mobile,iOS,2025-09-20
DEV013198,USR008877,Laptop,Windows,2025-08-16
DEV013199,USR008878,Smart TV,Android,2025-02-22
DEV013200,USR008878,Mobile,Windows,2025-01-03
DEV013201,USR008879,Laptop,macOS,2025-11-23
DEV013202,USR008880,Gaming Console,Android,2025-07-30
DEV013203,USR008880,Mobile,Android,2025-07-29
DEV013204,USR008880,Smart TV,Smart TV OS,2025-10-05
DEV013205,USR008881,Mobile,iOS,2025-05-20
DEV013206,USR008882,Mobile,macOS,2025-02-21
DEV013207,USR008882,Streaming Stick,Windows,2025-09-06
DEV013208,USR008882,Tablet,Android,2025-03-11
DEV013209,USR008883,Smart TV,iOS,2025-01-04
DEV013210,USR008884,Tablet,iOS,2025-03-28
DEV013211,USR008885,Mobile,iOS,2025-02-26
DEV013212,USR008886,Smart TV,Android,2025-03-24
DEV013213,USR008887,Smart TV,macOS,2025-03-15
DEV013214,USR008888,Tablet,Android,2025-04-03
DEV013215,USR008889,Smart TV,Windows,2025-03-21
DEV013216,USR008890,Laptop,Android,2025-10-02
DEV013217,USR008891,Smart TV,Android,2025-06-17
DEV013218,USR008892,Tablet,iOS,2025-09-27
DEV013219,USR008892,Smart TV,Android,2025-04-09
DEV013220,USR008893,Laptop,Smart TV OS,2025-11-07
DEV013221,USR008894,Tablet,Android,2025-06-02
DEV013222,USR008895,Smart TV,Windows,2025-05-20
DEV013223,USR008896,Tablet,Android,2025-10-11
DEV013224,USR008897,Mobile,Smart TV OS,2025-11-06
DEV013225,USR008898,Laptop,Smart TV OS,2025-04-27
DEV013226,USR008898,Mobile,Android,2025-07-10
DEV013227,USR008899,Streaming Stick,Android,2025-02-22
DEV013228,USR008899,Tablet,Windows,2025-03-01
DEV013229,USR008900,Mobile,iOS,2025-06-27
DEV013230,USR008900,Laptop,Windows,2025-01-16
DEV013231,USR008900,Mobile,Windows,2025-06-10
DEV013232,USR008901,Smart TV,Android,2025-08-15
DEV013233,USR008902,Smart TV,macOS,2025-03-26
DEV013234,USR008902,Mobile,Android,2025-11-26
DEV013235,USR008902,Laptop,Windows,2025-09-29
DEV013236,USR008903,Mobile,Android,2025-01-04
DEV013237,USR008904,Mobile,Windows,2025-08-12
DEV013238,USR008904,Streaming Stick,Smart TV OS,2025-05-29
DEV013239,USR008905,Smart TV,Windows,2025-07-04
DEV013240,USR008906,Mobile,Smart TV OS,2025-10-12
DEV013241,USR008906,Tablet,Windows,2025-01-21
DEV013242,USR008906,Smart TV,iOS,2025-11-03
DEV013243,USR008907,Smart TV,Android,2025-09-26
DEV013244,USR008907,Tablet,Smart TV OS,2025-05-04
DEV013245,USR008908,Laptop,Windows,2025-10-04
DEV013246,USR008909,Smart TV,iOS,2025-02-07
DEV013247,USR008910,Mobile,iOS,2025-06-03
DEV013248,USR008911,Mobile,Android,2025-05-28
DEV013249,USR008912,Mobile,Smart TV OS,2025-06-18
DEV013250,USR008912,Streaming Stick,Android,2025-05-05
DEV013251,USR008913,Tablet,iOS,2025-11-10
DEV013252,USR008914,Gaming Console,Android,2025-03-06
DEV013253,USR008915,Laptop,Smart TV OS,2025-09-19
DEV013254,USR008915,Mobile,iOS,2025-02-18
DEV013255,USR008916,Smart TV,Android,2025-05-15
DEV013256,USR008916,Streaming Stick,Android,2025-05-28
DEV013257,USR008916,Streaming Stick,Windows,2025-08-29
DEV013258,USR008917,Mobile,macOS,2025-08-21
DEV013259,USR008918,Mobile,iOS,2025-11-18
DEV013260,USR008919,Gaming Console,macOS,2025-01-19
DEV013261,USR008920,Laptop,Smart TV OS,2025-11-25
DEV013262,USR008921,Smart TV,Windows,2025-10-12
DEV013263,USR008922,Smart TV,Windows,2025-04-25
DEV013264,USR008922,Smart TV,Windows,2025-01-12
DEV013265,USR008922,Smart TV,Smart TV OS,2025-07-17
DEV013266,USR008923,Streaming Stick,iOS,2025-06-26
DEV013267,USR008924,Smart TV,iOS,2025-10-14
DEV013268,USR008925,Smart TV,iOS,2025-01-13
DEV013269,USR008925,Mobile,Android,2025-04-27
DEV013270,USR008926,Laptop,Android,2025-10-27
DEV013271,USR008927,Tablet,Android,2025-03-16
DEV013272,USR008927,Smart TV,Windows,2025-02-19
DEV013273,USR008928,Laptop,iOS,2025-11-14
DEV013274,USR008929,Mobile,Android,2025-08-16
DEV013275,USR008929,Laptop,Windows,2025-05-09
DEV013276,USR008930,Smart TV,Android,2025-05-03
DEV013277,USR008930,Smart TV,Android,2025-07-26
DEV013278,USR008930,Mobile,Windows,2025-11-02
DEV013279,USR008931,Mobile,Smart TV OS,2025-06-13
DEV013280,USR008932,Mobile,Android,2025-10-10
DEV013281,USR008932,Smart TV,iOS,2025-06-15
DEV013282,USR008933,Mobile,Android,2025-09-10
DEV013283,USR008933,Mobile,Android,2025-07-10
DEV013284,USR008933,Laptop,Smart TV OS,2025-10-31
DEV013285,USR008934,Smart TV,Smart TV OS,2025-01-11
DEV013286,USR008935,Mobile,Android,2025-05-23
DEV013287,USR008936,Mobile,iOS,2025-01-01
DEV013288,USR008937,Smart TV,Windows,2025-11-05
DEV013289,USR008937,Streaming Stick,Smart TV OS,2025-08-09
DEV013290,USR008938,Mobile,Android,2025-01-26
DEV013291,USR008939,Gaming Console,Android,2025-07-03
DEV013292,USR008939,Tablet,iOS,2025-03-20
DEV013293,USR008940,Streaming Stick,Smart TV OS,2025-10-06
DEV013294,USR008941,Mobile,iOS,2025-07-13
DEV013295,USR008942,Streaming Stick,Windows,2025-01-25
DEV013296,USR008943,Smart TV,Android,2025-08-04
DEV013297,USR008944,Smart TV,Smart TV OS,2025-04-30
DEV013298,USR008945,Mobile,Android,2025-05-20
DEV013299,USR008946,Gaming Console,iOS,2025-01-23
DEV013300,USR008947,Smart TV,macOS,2025-06-12
DEV013301,USR008948,Tablet,Smart TV OS,2025-08-01
DEV013302,USR008949,Smart TV,Android,2025-04-25
DEV013303,USR008950,Tablet,macOS,2025-10-14
DEV013304,USR008951,Laptop,Windows,2025-10-28
DEV013305,USR008952,Streaming Stick,iOS,2025-01-30
DEV013306,USR008952,Tablet,iOS,2025-03-13
DEV013307,USR008953,Tablet,Android,2025-11-22
DEV013308,USR008954,Laptop,Android,2025-05-24
DEV013309,USR008955,Smart TV,Android,2025-07-24
DEV013310,USR008956,Streaming Stick,Windows,2025-03-24
DEV013311,USR008956,Streaming Stick,macOS,2025-11-24
DEV013312,USR008957,Mobile,macOS,2025-07-23
DEV013313,USR008957,Smart TV,Windows,2025-06-01
DEV013314,USR008958,Streaming Stick,Smart TV OS,2025-08-24
DEV013315,USR008959,Smart TV,Windows,2025-09-13
DEV013316,USR008959,Smart TV,Windows,2025-04-03
DEV013317,USR008960,Mobile,iOS,2025-01-05
DEV013318,USR008961,Smart TV,iOS,2025-04-05
DEV013319,USR008962,Gaming Console,Windows,2025-03-14
DEV013320,USR008963,Smart TV,Android,2025-03-31
DEV013321,USR008963,Laptop,Smart TV OS,2025-04-19
DEV013322,USR008964,Laptop,iOS,2025-01-03
DEV013323,USR008965,Tablet,iOS,2025-05-21
DEV013324,USR008965,Streaming Stick,Windows,2025-02-10
DEV013325,USR008966,Smart TV,Windows,2025-03-06
DEV013326,USR008967,Mobile,iOS,2025-06-19
DEV013327,USR008968,Laptop,macOS,2025-07-23
DEV013328,USR008969,Smart TV,iOS,2025-06-17
DEV013329,USR008969,Smart TV,iOS,2025-10-01
DEV013330,USR008970,Laptop,Android,2025-08-23
DEV013331,USR008971,Mobile,Android,2025-10-27
DEV013332,USR008972,Mobile,Windows,2025-07-16
DEV013333,USR008972,Laptop,Android,2025-03-31
DEV013334,USR008972,Mobile,iOS,2025-09-13
DEV013335,USR008973,Laptop,Android,2025-07-13
DEV013336,USR008974,Streaming Stick,Android,2025-05-23
DEV013337,USR008975,Smart TV,Android,2025-08-20
DEV013338,USR008976,Mobile,Android,2025-04-20
DEV013339,USR008977,Smart TV,macOS,2025-03-15
DEV013340,USR008978,Smart TV,Smart TV OS,2025-06-23
DEV013341,USR008978,Mobile,Smart TV OS,2025-11-04
DEV013342,USR008979,Tablet,Android,2025-04-03
DEV013343,USR008980,Tablet,iOS,2025-02-12
DEV013344,USR008980,Mobile,iOS,2025-06-14
DEV013345,USR008980,Smart TV,Smart TV OS,2025-11-24
DEV013346,USR008981,Mobile,Windows,2025-03-13
DEV013347,USR008982,Gaming Console,iOS,2025-04-26
DEV013348,USR008983,Laptop,Smart TV OS,2025-01-11
DEV013349,USR008984,Mobile,Android,2025-03-13
DEV013350,USR008984,Smart TV,Android,2025-11-06
DEV013351,USR008985,Mobile,Windows,2025-04-05
DEV013352,USR008986,Mobile,Android,2025-11-13
DEV013353,USR008986,Tablet,Windows,2025-11-04
DEV013354,USR008987,Smart TV,Android,2025-03-22
DEV013355,USR008988,Mobile,macOS,2025-06-01
DEV013356,USR008989,Smart TV,macOS,2025-11-04
DEV013357,USR008989,Smart TV,macOS,2025-03-13
DEV013358,USR008989,Smart TV,iOS,2025-03-09
DEV013359,USR008990,Mobile,macOS,2025-02-14
DEV013360,USR008991,Smart TV,Android,2025-10-05
DEV013361,USR008992,Gaming Console,Android,2025-04-01
DEV013362,USR008992,Laptop,iOS,2025-03-03
DEV013363,USR008992,Smart TV,Android,2025-07-03
DEV013364,USR008993,Smart TV,macOS,2025-10-30
DEV013365,USR008993,Streaming Stick,Smart TV OS,2025-04-01
DEV013366,USR008994,Smart TV,iOS,2025-07-15
DEV013367,USR008994,Mobile,Android,2025-11-06
DEV013368,USR008995,Laptop,iOS,2025-01-03
DEV013369,USR008996,Streaming Stick,Android,2025-03-06
DEV013370,USR008997,Laptop,Android,2025-01-17
DEV013371,USR008997,Mobile,Smart TV OS,2025-04-21
DEV013372,USR008998,Mobile,iOS,2025-04-29
DEV013373,USR008999,Smart TV,iOS,2025-09-14
DEV013374,USR009000,Laptop,Android,2025-09-30
DEV013375,USR009001,Mobile,Android,2025-07-03
DEV013376,USR009001,Streaming Stick,Windows,2025-01-04
DEV013377,USR009002,Mobile,macOS,2025-01-24
DEV013378,USR009003,Smart TV,macOS,2025-10-27
DEV013379,USR009004,Streaming Stick,Smart TV OS,2025-10-23
DEV013380,USR009005,Smart TV,iOS,2025-05-05
DEV013381,USR009006,Smart TV,iOS,2025-11-13
DEV013382,USR009007,Smart TV,Android,2025-11-06
DEV013383,USR009008,Smart TV,Windows,2025-11-06
DEV013384,USR009009,Mobile,Android,2025-01-30
DEV013385,USR009010,Mobile,iOS,2025-04-05
DEV013386,USR009010,Gaming Console,Windows,2025-10-25
DEV013387,USR009011,Mobile,Android,2025-08-09
DEV013388,USR009011,Smart TV,Windows,2025-02-20
DEV013389,USR009012,Smart TV,macOS,2025-04-05
DEV013390,USR009013,Smart TV,Android,2025-07-12
DEV013391,USR009013,Gaming Console,Smart TV OS,2025-05-24
DEV013392,USR009014,Mobile,Smart TV OS,2025-02-02
DEV013393,USR009014,Gaming Console,iOS,2025-09-21
DEV013394,USR009015,Smart TV,Windows,2025-07-01
DEV013395,USR009015,Mobile,Windows,2025-11-04
DEV013396,USR009016,Smart TV,Smart TV OS,2025-08-19
DEV013397,USR009017,Tablet,Android,2025-11-15
DEV013398,USR009018,Tablet,Smart TV OS,2025-03-15
DEV013399,USR009018,Mobile,iOS,2025-04-27
DEV013400,USR009019,Smart TV,macOS,2025-06-26
DEV013401,USR009020,Mobile,macOS,2025-04-22
DEV013402,USR009020,Streaming Stick,Windows,2025-03-11
DEV013403,USR009021,Smart TV,Android,2025-02-12
DEV013404,USR009021,Laptop,Smart TV OS,2025-07-17
DEV013405,USR009022,Streaming Stick,iOS,2025-08-28
DEV013406,USR009022,Smart TV,Android,2025-08-27
DEV013407,USR009023,Smart TV,Android,2025-10-01
DEV013408,USR009023,Laptop,Android,2025-02-08
DEV013409,USR009024,Smart TV,iOS,2025-07-12
DEV013410,USR009025,Laptop,iOS,2025-05-28
DEV013411,USR009026,Laptop,iOS,2025-08-16
DEV013412,USR009026,Tablet,iOS,2025-01-07
DEV013413,USR009027,Tablet,Smart TV OS,2025-03-02
DEV013414,USR009027,Tablet,Windows,2025-11-11
DEV013415,USR009028,Laptop,Android,2025-06-30
DEV013416,USR009029,Mobile,iOS,2025-11-11
DEV013417,USR009030,Smart TV,macOS,2025-02-23
DEV013418,USR009030,Smart TV,Android,2025-02-11
DEV013419,USR009031,Streaming Stick,Android,2025-09-13
DEV013420,USR009031,Laptop,Android,2025-08-08
DEV013421,USR009032,Mobile,Android,2025-08-08
DEV013422,USR009032,Mobile,iOS,2025-06-24
DEV013423,USR009032,Laptop,Windows,2025-01-30
DEV013424,USR009033,Mobile,iOS,2025-08-30
DEV013425,USR009034,Smart TV,Windows,2025-08-03
DEV013426,USR009034,Smart TV,Android,2025-02-04
DEV013427,USR009035,Laptop,iOS,2025-10-22
DEV013428,USR009036,Laptop,macOS,2025-02-14
DEV013429,USR009037,Smart TV,Android,2025-06-14
DEV013430,USR009037,Mobile,Smart TV OS,2025-09-02
DEV013431,USR009038,Mobile,Smart TV OS,2025-07-28
DEV013432,USR009039,Streaming Stick,iOS,2025-11-16
DEV013433,USR009039,Gaming Console,Android,2025-01-31
DEV013434,USR009040,Smart TV,Windows,2025-05-06
DEV013435,USR009041,Smart TV,macOS,2025-02-28
DEV013436,USR009042,Smart TV,Smart TV OS,2025-11-17
DEV013437,USR009043,Gaming Console,macOS,2025-08-15
DEV013438,USR009044,Laptop,Windows,2025-11-19
DEV013439,USR009045,Laptop,Smart TV OS,2025-11-20
DEV013440,USR009045,Laptop,macOS,2025-08-07
DEV013441,USR009046,Mobile,macOS,2025-05-06
DEV013442,USR009047,Smart TV,Android,2025-04-12
DEV013443,USR009048,Mobile,iOS,2025-03-05
DEV013444,USR009048,Mobile,Android,2025-10-04
DEV013445,USR009049,Mobile,macOS,2025-03-21
DEV013446,USR009050,Tablet,iOS,2025-03-12
DEV013447,USR009051,Smart TV,Android,2025-11-22
DEV013448,USR009052,Smart TV,Smart TV OS,2025-05-26
DEV013449,USR009053,Smart TV,Android,2025-07-08
DEV013450,USR009053,Mobile,Android,2025-08-01
DEV013451,USR009054,Smart TV,iOS,2025-09-12
DEV013452,USR009055,Streaming Stick,Smart TV OS,2025-05-27
DEV013453,USR009056,Tablet,Android,2025-11-07
DEV013454,USR009056,Mobile,Android,2025-06-09
DEV013455,USR009057,Smart TV,Windows,2025-01-21
DEV013456,USR009058,Smart TV,Smart TV OS,2025-05-06
DEV013457,USR009059,Tablet,macOS,2025-06-22
DEV013458,USR009060,Laptop,Android,2025-05-06
DEV013459,USR009060,Smart TV,Android,2025-10-19
DEV013460,USR009061,Mobile,Android,2025-10-17
DEV013461,USR009061,Laptop,macOS,2025-03-18
DEV013462,USR009062,Tablet,Smart TV OS,2025-02-07
DEV013463,USR009062,Streaming Stick,Smart TV OS,2025-04-17
DEV013464,USR009063,Smart TV,Windows,2025-08-12
DEV013465,USR009064,Laptop,Windows,2025-11-17
DEV013466,USR009065,Smart TV,iOS,2025-07-14
DEV013467,USR009066,Smart TV,Smart TV OS,2025-04-17
DEV013468,USR009067,Smart TV,Smart TV OS,2025-09-03
DEV013469,USR009068,Smart TV,Android,2025-10-02
DEV013470,USR009068,Tablet,Windows,2025-05-13
DEV013471,USR009069,Smart TV,Android,2025-10-11
DEV013472,USR009070,Smart TV,Windows,2025-09-12
DEV013473,USR009071,Smart TV,iOS,2025-10-19
DEV013474,USR009072,Streaming Stick,macOS,2025-06-24
DEV013475,USR009073,Mobile,Windows,2025-09-26
DEV013476,USR009073,Laptop,Windows,2025-03-13
DEV013477,USR009074,Tablet,Smart TV OS,2025-02-20
DEV013478,USR009075,Streaming Stick,Android,2025-01-16
DEV013479,USR009075,Laptop,macOS,2025-07-18
DEV013480,USR009076,Smart TV,Smart TV OS,2025-03-25
DEV013481,USR009076,Smart TV,macOS,2025-08-08
DEV013482,USR009077,Laptop,Android,2025-04-05
DEV013483,USR009078,Mobile,iOS,2025-04-23
DEV013484,USR009079,Smart TV,Windows,2025-07-08
DEV013485,USR009079,Smart TV,iOS,2025-02-02
DEV013486,USR009080,Streaming Stick,iOS,2025-09-07
DEV013487,USR009080,Smart TV,Android,2025-04-04
DEV013488,USR009081,Smart TV,Smart TV OS,2025-06-11
DEV013489,USR009081,Streaming Stick,Android,2025-06-26
DEV013490,USR009081,Streaming Stick,Smart TV OS,2025-04-23
DEV013491,USR009082,Laptop,iOS,2025-05-08
DEV013492,USR009082,Mobile,Android,2025-09-08
DEV013493,USR009082,Mobile,macOS,2025-07-07
DEV013494,USR009083,Laptop,Android,2025-06-10
DEV013495,USR009083,Mobile,Smart TV OS,2025-07-17
DEV013496,USR009084,Streaming Stick,iOS,2025-07-30
DEV013497,USR009084,Mobile,Windows,2025-05-14
DEV013498,USR009085,Smart TV,Android,2025-09-19
DEV013499,USR009086,Laptop,macOS,2025-08-07
DEV013500,USR009087,Smart TV,iOS,2025-05-23
DEV013501,USR009088,Smart TV,Android,2025-10-23
DEV013502,USR009088,Smart TV,Smart TV OS,2025-05-28
DEV013503,USR009089,Mobile,Android,2025-03-03
DEV013504,USR009089,Mobile,Android,2025-01-12
DEV013505,USR009090,Mobile,iOS,2025-11-17
DEV013506,USR009091,Mobile,Windows,2025-01-03
DEV013507,USR009092,Laptop,Windows,2025-10-24
DEV013508,USR009092,Gaming Console,Smart TV OS,2025-03-08
DEV013509,USR009092,Smart TV,Android,2025-10-18
DEV013510,USR009093,Mobile,macOS,2025-07-16
DEV013511,USR009094,Gaming Console,iOS,2025-06-20
DEV013512,USR009095,Smart TV,iOS,2025-03-15
DEV013513,USR009095,Mobile,iOS,2025-01-28
DEV013514,USR009096,Mobile,Android,2025-03-06
DEV013515,USR009096,Smart TV,Windows,2025-08-18
DEV013516,USR009097,Mobile,Windows,2025-09-10
DEV013517,USR009097,Laptop,macOS,2025-04-02
DEV013518,USR009098,Smart TV,Android,2025-04-29
DEV013519,USR009099,Smart TV,iOS,2025-01-12
DEV013520,USR009099,Smart TV,macOS,2025-11-11
DEV013521,USR009100,Laptop,Android,2025-04-21
DEV013522,USR009101,Laptop,Smart TV OS,2025-05-18
DEV013523,USR009102,Mobile,Android,2025-02-07
DEV013524,USR009102,Smart TV,Android,2025-03-09
DEV013525,USR009103,Laptop,macOS,2025-06-04
DEV013526,USR009104,Streaming Stick,macOS,2025-07-10
DEV013527,USR009105,Streaming Stick,macOS,2025-04-06
DEV013528,USR009105,Smart TV,Windows,2025-03-17
DEV013529,USR009106,Laptop,Android,2025-05-30
DEV013530,USR009106,Gaming Console,Windows,2025-09-10
DEV013531,USR009107,Mobile,iOS,2025-01-04
DEV013532,USR009108,Laptop,iOS,2025-06-26
DEV013533,USR009109,Laptop,Android,2025-10-18
DEV013534,USR009109,Smart TV,Android,2025-08-26
DEV013535,USR009109,Smart TV,Android,2025-03-12
DEV013536,USR009110,Laptop,Android,2025-09-24
DEV013537,USR009111,Smart TV,Android,2025-01-27
DEV013538,USR009112,Laptop,iOS,2025-04-15
DEV013539,USR009113,Gaming Console,Android,2025-11-09
DEV013540,USR009114,Tablet,macOS,2025-02-17
DEV013541,USR009115,Smart TV,Windows,2025-10-12
DEV013542,USR009116,Mobile,iOS,2025-03-15
DEV013543,USR009116,Smart TV,Android,2025-05-05
DEV013544,USR009117,Mobile,Windows,2025-11-27
DEV013545,USR009118,Laptop,iOS,2025-03-21
DEV013546,USR009118,Laptop,Android,2025-01-29
DEV013547,USR009119,Smart TV,iOS,2025-05-19
DEV013548,USR009119,Smart TV,iOS,2025-06-12
DEV013549,USR009119,Mobile,iOS,2025-02-02
DEV013550,USR009120,Smart TV,Android,2025-07-22
DEV013551,USR009120,Smart TV,macOS,2025-09-07
DEV013552,USR009121,Laptop,Android,2025-08-16
DEV013553,USR009122,Smart TV,Windows,2025-04-11
DEV013554,USR009123,Laptop,iOS,2025-04-23
DEV013555,USR009124,Mobile,Smart TV OS,2025-09-24
DEV013556,USR009124,Mobile,Android,2025-08-07
DEV013557,USR009125,Laptop,iOS,2025-02-27
DEV013558,USR009126,Mobile,Smart TV OS,2025-03-12
DEV013559,USR009127,Laptop,iOS,2025-03-19
DEV013560,USR009127,Mobile,iOS,2025-01-14
DEV013561,USR009128,Gaming Console,Windows,2025-01-26
DEV013562,USR009128,Tablet,Android,2025-09-23
DEV013563,USR009129,Laptop,Windows,2025-05-18
DEV013564,USR009130,Gaming Console,iOS,2025-05-10
DEV013565,USR009131,Mobile,iOS,2025-10-06
DEV013566,USR009131,Streaming Stick,Android,2025-04-15
DEV013567,USR009132,Mobile,Smart TV OS,2025-04-19
DEV013568,USR009133,Smart TV,Android,2025-08-20
DEV013569,USR009134,Mobile,iOS,2025-07-15
DEV013570,USR009134,Mobile,iOS,2025-01-12
DEV013571,USR009135,Mobile,macOS,2025-09-18
DEV013572,USR009135,Mobile,Android,2025-03-27
DEV013573,USR009135,Gaming Console,Smart TV OS,2025-10-04
DEV013574,USR009136,Smart TV,Android,2025-09-13
DEV013575,USR009136,Mobile,macOS,2025-11-23
DEV013576,USR009137,Streaming Stick,Android,2025-04-16
DEV013577,USR009138,Gaming Console,Android,2025-06-21
DEV013578,USR009139,Streaming Stick,Windows,2025-05-10
DEV013579,USR009139,Smart TV,macOS,2025-11-07
DEV013580,USR009140,Laptop,Smart TV OS,2025-08-11
DEV013581,USR009140,Mobile,Android,2025-11-03
DEV013582,USR009141,Gaming Console,Smart TV OS,2025-10-15
DEV013583,USR009142,Tablet,iOS,2025-08-03
DEV013584,USR009142,Laptop,Android,2025-05-24
DEV013585,USR009142,Smart TV,iOS,2025-10-18
DEV013586,USR009143,Streaming Stick,iOS,2025-01-27
DEV013587,USR009143,Smart TV,Android,2025-02-28
DEV013588,USR009144,Laptop,macOS,2025-03-16
DEV013589,USR009144,Mobile,Smart TV OS,2025-05-14
DEV013590,USR009145,Laptop,iOS,2025-02-17
DEV013591,USR009145,Gaming Console,Android,2025-10-16
DEV013592,USR009146,Mobile,macOS,2025-07-11
DEV013593,USR009146,Streaming Stick,Android,2025-01-26
DEV013594,USR009146,Streaming Stick,Android,2025-01-01
DEV013595,USR009147,Tablet,iOS,2025-06-19
DEV013596,USR009148,Laptop,Windows,2025-02-26
DEV013597,USR009149,Mobile,iOS,2025-09-29
DEV013598,USR009150,Laptop,macOS,2025-11-25
DEV013599,USR009150,Streaming Stick,iOS,2025-01-31
DEV013600,USR009151,Smart TV,Windows,2025-01-25
DEV013601,USR009152,Smart TV,macOS,2025-09-26
DEV013602,USR009153,Tablet,iOS,2025-10-23
DEV013603,USR009153,Smart TV,Windows,2025-11-24
DEV013604,USR009154,Streaming Stick,Android,2025-01-19
DEV013605,USR009154,Laptop,Smart TV OS,2025-05-27
DEV013606,USR009155,Tablet,Windows,2025-02-04
DEV013607,USR009156,Tablet,Android,2025-02-01
DEV013608,USR009157,Streaming Stick,Smart TV OS,2025-02-02
DEV013609,USR009158,Streaming Stick,Android,2025-07-17
DEV013610,USR009159,Smart TV,Smart TV OS,2025-06-24
DEV013611,USR009159,Laptop,Android,2025-02-08
DEV013612,USR009160,Tablet,Android,2025-06-19
DEV013613,USR009160,Smart TV,Windows,2025-04-08
DEV013614,USR009161,Smart TV,iOS,2025-02-22
DEV013615,USR009162,Smart TV,iOS,2025-11-27
DEV013616,USR009163,Streaming Stick,iOS,2025-06-08
DEV013617,USR009164,Smart TV,Android,2025-06-30
DEV013618,USR009165,Tablet,Android,2025-04-11
DEV013619,USR009166,Mobile,iOS,2025-11-24
DEV013620,USR009167,Smart TV,Smart TV OS,2025-07-26
DEV013621,USR009168,Smart TV,Windows,2025-06-12
DEV013622,USR009169,Mobile,Android,2025-08-18
DEV013623,USR009170,Tablet,iOS,2025-08-19
DEV013624,USR009171,Tablet,Android,2025-01-19
DEV013625,USR009172,Mobile,Windows,2025-11-08
DEV013626,USR009173,Tablet,Android,2025-08-25
DEV013627,USR009174,Smart TV,iOS,2025-02-22
DEV013628,USR009174,Smart TV,Smart TV OS,2025-07-27
DEV013629,USR009175,Smart TV,Windows,2025-09-27
DEV013630,USR009175,Mobile,Windows,2025-10-14
DEV013631,USR009176,Gaming Console,macOS,2025-04-15
DEV013632,USR009176,Laptop,Windows,2025-09-05
DEV013633,USR009177,Mobile,Android,2025-08-12
DEV013634,USR009177,Smart TV,iOS,2025-02-17
DEV013635,USR009178,Mobile,iOS,2025-09-22
DEV013636,USR009179,Smart TV,macOS,2025-08-06
DEV013637,USR009179,Smart TV,macOS,2025-09-22
DEV013638,USR009179,Mobile,iOS,2025-08-05
DEV013639,USR009180,Mobile,Android,2025-10-19
DEV013640,USR009181,Tablet,iOS,2025-07-17
DEV013641,USR009182,Smart TV,Smart TV OS,2025-10-24
DEV013642,USR009183,Smart TV,iOS,2025-09-24
DEV013643,USR009183,Mobile,Android,2025-04-14
DEV013644,USR009184,Laptop,Android,2025-03-23
DEV013645,USR009184,Tablet,Windows,2025-07-31
DEV013646,USR009185,Smart TV,macOS,2025-01-22
DEV013647,USR009186,Streaming Stick,macOS,2025-01-15
DEV013648,USR009186,Smart TV,iOS,2025-06-20
DEV013649,USR009187,Smart TV,Android,2025-10-02
DEV013650,USR009187,Smart TV,Smart TV OS,2025-04-17
DEV013651,USR009187,Mobile,macOS,2025-07-11
DEV013652,USR009188,Streaming Stick,iOS,2025-07-02
DEV013653,USR009189,Streaming Stick,Windows,2025-02-04
DEV013654,USR009189,Smart TV,macOS,2025-10-29
DEV013655,USR009190,Mobile,Windows,2025-06-17
DEV013656,USR009191,Mobile,Smart TV OS,2025-03-18
DEV013657,USR009192,Laptop,Android,2025-05-07
DEV013658,USR009193,Tablet,Windows,2025-05-03
DEV013659,USR009194,Mobile,Smart TV OS,2025-10-24
DEV013660,USR009194,Mobile,Windows,2025-10-31
DEV013661,USR009194,Tablet,macOS,2025-09-18
DEV013662,USR009195,Laptop,macOS,2025-03-23
DEV013663,USR009196,Tablet,Smart TV OS,2025-03-14
DEV013664,USR009197,Laptop,Windows,2025-09-04
DEV013665,USR009198,Mobile,Android,2025-01-23
DEV013666,USR009199,Smart TV,Android,2025-06-19
DEV013667,USR009200,Tablet,Windows,2025-05-18
DEV013668,USR009201,Mobile,iOS,2025-08-08
DEV013669,USR009201,Gaming Console,iOS,2025-10-08
DEV013670,USR009201,Smart TV,iOS,2025-09-06
DEV013671,USR009202,Laptop,iOS,2025-04-17
DEV013672,USR009202,Tablet,iOS,2025-01-03
DEV013673,USR009203,Gaming Console,Android,2025-04-14
DEV013674,USR009203,Smart TV,iOS,2025-01-04
DEV013675,USR009204,Smart TV,iOS,2025-09-21
DEV013676,USR009205,Smart TV,Windows,2025-03-22
DEV013677,USR009206,Streaming Stick,Windows,2025-08-25
DEV013678,USR009206,Mobile,macOS,2025-04-02
DEV013679,USR009207,Smart TV,macOS,2025-07-16
DEV013680,USR009208,Mobile,Windows,2025-10-14
DEV013681,USR009209,Streaming Stick,macOS,2025-04-24
DEV013682,USR009209,Streaming Stick,Windows,2025-05-11
DEV013683,USR009210,Mobile,Android,2025-11-23
DEV013684,USR009211,Laptop,Android,2025-02-01
DEV013685,USR009212,Smart TV,Windows,2025-03-06
DEV013686,USR009213,Mobile,iOS,2025-07-09
DEV013687,USR009213,Mobile,Android,2025-06-03
DEV013688,USR009214,Mobile,Windows,2025-05-03
DEV013689,USR009215,Mobile,Android,2025-10-06
DEV013690,USR009216,Laptop,Smart TV OS,2025-04-08
DEV013691,USR009217,Mobile,Smart TV OS,2025-01-04
DEV013692,USR009217,Smart TV,Smart TV OS,2025-10-02
DEV013693,USR009217,Laptop,Smart TV OS,2025-10-16
DEV013694,USR009218,Smart TV,iOS,2025-03-06
DEV013695,USR009218,Gaming Console,iOS,2025-01-05
DEV013696,USR009218,Laptop,Android,2025-11-24
DEV013697,USR009219,Tablet,Android,2025-04-25
DEV013698,USR009220,Smart TV,Windows,2025-03-27
DEV013699,USR009221,Smart TV,macOS,2025-09-01
DEV013700,USR009221,Tablet,iOS,2025-08-29
DEV013701,USR009221,Smart TV,iOS,2025-08-22
DEV013702,USR009222,Smart TV,Smart TV OS,2025-03-01
DEV013703,USR009222,Smart TV,Smart TV OS,2025-03-03
DEV013704,USR009223,Mobile,iOS,2025-09-14
DEV013705,USR009223,Smart TV,Smart TV OS,2025-05-30
DEV013706,USR009224,Mobile,Android,2025-03-07
DEV013707,USR009225,Tablet,Android,2025-09-04
DEV013708,USR009225,Smart TV,Windows,2025-09-16
DEV013709,USR009226,Smart TV,Smart TV OS,2025-04-12
DEV013710,USR009226,Smart TV,Android,2025-01-01
DEV013711,USR009226,Mobile,Smart TV OS,2025-11-05
DEV013712,USR009227,Mobile,iOS,2025-08-15
DEV013713,USR009228,Smart TV,Android,2025-03-16
DEV013714,USR009228,Tablet,Android,2025-02-07
DEV013715,USR009229,Laptop,Android,2025-03-14
DEV013716,USR009230,Mobile,Windows,2025-05-23
DEV013717,USR009230,Smart TV,iOS,2025-03-14
DEV013718,USR009231,Mobile,Android,2025-05-29
DEV013719,USR009232,Mobile,Windows,2025-01-27
DEV013720,USR009233,Tablet,iOS,2025-09-05
DEV013721,USR009234,Laptop,Android,2025-08-17
DEV013722,USR009234,Laptop,iOS,2025-08-29
DEV013723,USR009235,Laptop,Windows,2025-11-13
DEV013724,USR009236,Tablet,Android,2025-08-07
DEV013725,USR009236,Smart TV,macOS,2025-03-03
DEV013726,USR009237,Laptop,iOS,2025-10-26
DEV013727,USR009237,Laptop,Windows,2025-11-20
DEV013728,USR009238,Mobile,Windows,2025-07-12
DEV013729,USR009239,Tablet,Android,2025-11-09
DEV013730,USR009240,Gaming Console,iOS,2025-07-24
DEV013731,USR009241,Mobile,Smart TV OS,2025-08-22
DEV013732,USR009242,Mobile,Android,2025-01-21
DEV013733,USR009243,Gaming Console,macOS,2025-07-13
DEV013734,USR009243,Smart TV,Windows,2025-09-26
DEV013735,USR009244,Mobile,Windows,2025-04-10
DEV013736,USR009244,Smart TV,macOS,2025-05-28
DEV013737,USR009245,Laptop,Android,2025-01-09
DEV013738,USR009245,Mobile,iOS,2025-01-09
DEV013739,USR009246,Laptop,iOS,2025-07-07
DEV013740,USR009246,Smart TV,Android,2025-03-19
DEV013741,USR009247,Mobile,iOS,2025-05-25
DEV013742,USR009248,Gaming Console,iOS,2025-07-14
DEV013743,USR009248,Tablet,Android,2025-07-06
DEV013744,USR009248,Mobile,iOS,2025-04-11
DEV013745,USR009249,Streaming Stick,Android,2025-11-16
DEV013746,USR009249,Mobile,Windows,2025-04-13
DEV013747,USR009250,Laptop,Smart TV OS,2025-04-04
DEV013748,USR009250,Gaming Console,Windows,2025-03-07
DEV013749,USR009250,Laptop,Android,2025-02-15
DEV013750,USR009251,Tablet,iOS,2025-05-13
DEV013751,USR009252,Mobile,Smart TV OS,2025-11-16
DEV013752,USR009253,Smart TV,Smart TV OS,2025-08-23
DEV013753,USR009253,Smart TV,iOS,2025-01-11
DEV013754,USR009254,Laptop,macOS,2025-05-26
DEV013755,USR009255,Laptop,Smart TV OS,2025-05-05
DEV013756,USR009256,Mobile,macOS,2025-02-28
DEV013757,USR009257,Gaming Console,Android,2025-11-24
DEV013758,USR009258,Smart TV,Smart TV OS,2025-02-12
DEV013759,USR009259,Smart TV,Smart TV OS,2025-06-18
DEV013760,USR009259,Mobile,Windows,2025-01-20
DEV013761,USR009260,Smart TV,Android,2025-02-19
DEV013762,USR009260,Streaming Stick,macOS,2025-01-23
DEV013763,USR009261,Smart TV,Android,2025-03-19
DEV013764,USR009262,Streaming Stick,macOS,2025-01-16
DEV013765,USR009263,Smart TV,Windows,2025-03-10
DEV013766,USR009264,Gaming Console,Windows,2025-10-14
DEV013767,USR009265,Smart TV,iOS,2025-04-17
DEV013768,USR009266,Mobile,iOS,2025-08-28
DEV013769,USR009266,Laptop,iOS,2025-06-22
DEV013770,USR009267,Smart TV,macOS,2025-10-12
DEV013771,USR009268,Smart TV,Android,2025-04-15
DEV013772,USR009268,Smart TV,Windows,2025-04-23
DEV013773,USR009269,Gaming Console,macOS,2025-09-17
DEV013774,USR009270,Mobile,iOS,2025-04-16
DEV013775,USR009271,Mobile,Android,2025-02-15
DEV013776,USR009272,Streaming Stick,iOS,2025-02-25
DEV013777,USR009272,Mobile,Android,2025-05-26
DEV013778,USR009273,Smart TV,Android,2025-08-30
DEV013779,USR009274,Smart TV,iOS,2025-05-10
DEV013780,USR009275,Mobile,macOS,2025-09-16
DEV013781,USR009276,Smart TV,iOS,2025-11-21
DEV013782,USR009276,Smart TV,macOS,2025-07-18
DEV013783,USR009276,Gaming Console,Windows,2025-05-26
DEV013784,USR009277,Laptop,Android,2025-05-03
DEV013785,USR009277,Mobile,Windows,2025-03-21
DEV013786,USR009278,Gaming Console,Android,2025-04-17
DEV013787,USR009279,Smart TV,iOS,2025-09-11
DEV013788,USR009280,Mobile,Windows,2025-07-28
DEV013789,USR009280,Gaming Console,Windows,2025-08-05
DEV013790,USR009281,Tablet,Windows,2025-09-23
DEV013791,USR009282,Mobile,Smart TV OS,2025-07-21
DEV013792,USR009283,Smart TV,Windows,2025-05-16
DEV013793,USR009284,Tablet,Android,2025-10-31
DEV013794,USR009284,Smart TV,Android,2025-03-27
DEV013795,USR009285,Tablet,Android,2025-09-13
DEV013796,USR009285,Smart TV,iOS,2025-03-07
DEV013797,USR009285,Smart TV,Smart TV OS,2025-05-29
DEV013798,USR009286,Mobile,Android,2025-01-18
DEV013799,USR009287,Smart TV,Android,2025-03-14
DEV013800,USR009287,Mobile,Android,2025-01-11
DEV013801,USR009288,Gaming Console,Smart TV OS,2025-01-26
DEV013802,USR009289,Laptop,Smart TV OS,2025-07-13
DEV013803,USR009290,Laptop,macOS,2025-06-13
DEV013804,USR009290,Tablet,Android,2025-02-14
DEV013805,USR009291,Laptop,Windows,2025-10-14
DEV013806,USR009292,Streaming Stick,Windows,2025-05-24
DEV013807,USR009292,Laptop,Windows,2025-04-17
DEV013808,USR009293,Smart TV,Windows,2025-09-11
DEV013809,USR009293,Gaming Console,Windows,2025-02-28
DEV013810,USR009294,Streaming Stick,iOS,2025-04-14
DEV013811,USR009295,Mobile,Android,2025-11-27
DEV013812,USR009295,Gaming Console,Smart TV OS,2025-04-12
DEV013813,USR009296,Streaming Stick,Smart TV OS,2025-06-13
DEV013814,USR009296,Mobile,Windows,2025-08-04
DEV013815,USR009296,Smart TV,Android,2025-04-22
DEV013816,USR009297,Mobile,Windows,2025-04-13
DEV013817,USR009298,Laptop,iOS,2025-02-15
DEV013818,USR009298,Tablet,Smart TV OS,2025-01-30
DEV013819,USR009299,Mobile,Smart TV OS,2025-01-20
DEV013820,USR009300,Smart TV,Windows,2025-09-27
DEV013821,USR009301,Smart TV,Windows,2025-10-29
DEV013822,USR009301,Smart TV,Windows,2025-05-01
DEV013823,USR009302,Gaming Console,iOS,2025-08-16
DEV013824,USR009303,Tablet,Android,2025-01-02
DEV013825,USR009304,Laptop,Android,2025-06-08
DEV013826,USR009304,Tablet,Android,2025-09-30
DEV013827,USR009305,Tablet,macOS,2025-03-30
DEV013828,USR009305,Streaming Stick,iOS,2025-09-27
DEV013829,USR009305,Streaming Stick,iOS,2025-11-26
DEV013830,USR009306,Mobile,Android,2025-04-29
DEV013831,USR009306,Streaming Stick,Smart TV OS,2025-06-21
DEV013832,USR009306,Smart TV,Android,2025-05-23
DEV013833,USR009307,Mobile,Android,2025-10-06
DEV013834,USR009308,Mobile,Android,2025-11-04
DEV013835,USR009308,Streaming Stick,Smart TV OS,2025-04-03
DEV013836,USR009309,Mobile,Windows,2025-01-26
DEV013837,USR009309,Smart TV,Windows,2025-11-15
DEV013838,USR009310,Laptop,Smart TV OS,2025-01-26
DEV013839,USR009310,Smart TV,iOS,2025-05-15
DEV013840,USR009311,Laptop,Windows,2025-11-21
DEV013841,USR009311,Tablet,Windows,2025-08-16
DEV013842,USR009312,Smart TV,Smart TV OS,2025-02-15
DEV013843,USR009313,Tablet,Android,2025-08-02
DEV013844,USR009314,Gaming Console,Windows,2025-10-01
DEV013845,USR009315,Mobile,Android,2025-01-13
DEV013846,USR009315,Tablet,Android,2025-09-20
DEV013847,USR009316,Laptop,Windows,2025-02-12
DEV013848,USR009316,Streaming Stick,iOS,2025-03-13
DEV013849,USR009317,Smart TV,Android,2025-11-22
DEV013850,USR009317,Laptop,iOS,2025-08-08
DEV013851,USR009317,Mobile,macOS,2025-09-24
DEV013852,USR009318,Smart TV,macOS,2025-10-20
DEV013853,USR009319,Laptop,Smart TV OS,2025-08-23
DEV013854,USR009320,Laptop,iOS,2025-05-12
DEV013855,USR009320,Smart TV,Android,2025-08-23
DEV013856,USR009321,Streaming Stick,iOS,2025-06-27
DEV013857,USR009321,Smart TV,Smart TV OS,2025-04-23
DEV013858,USR009322,Gaming Console,Smart TV OS,2025-02-15
DEV013859,USR009323,Smart TV,Android,2025-06-28
DEV013860,USR009324,Smart TV,Android,2025-04-19
DEV013861,USR009324,Laptop,iOS,2025-05-06
DEV013862,USR009325,Smart TV,macOS,2025-11-10
DEV013863,USR009326,Tablet,Smart TV OS,2025-04-14
DEV013864,USR009327,Tablet,Windows,2025-11-13
DEV013865,USR009327,Smart TV,iOS,2025-09-15
DEV013866,USR009328,Tablet,Android,2025-03-13
DEV013867,USR009329,Streaming Stick,Smart TV OS,2025-10-27
DEV013868,USR009330,Laptop,Smart TV OS,2025-06-07
DEV013869,USR009330,Mobile,Android,2025-03-13
DEV013870,USR009330,Streaming Stick,Android,2025-08-05
DEV013871,USR009331,Tablet,Smart TV OS,2025-08-31
DEV013872,USR009331,Mobile,iOS,2025-07-28
DEV013873,USR009332,Laptop,Android,2025-07-02
DEV013874,USR009332,Smart TV,Android,2025-01-15
DEV013875,USR009333,Smart TV,Windows,2025-02-23
DEV013876,USR009333,Mobile,Windows,2025-07-27
DEV013877,USR009334,Smart TV,Windows,2025-08-07
DEV013878,USR009334,Mobile,Smart TV OS,2025-09-03
DEV013879,USR009335,Mobile,Windows,2025-02-20
DEV013880,USR009335,Tablet,iOS,2025-09-18
DEV013881,USR009336,Smart TV,macOS,2025-07-23
DEV013882,USR009337,Mobile,Smart TV OS,2025-03-06
DEV013883,USR009337,Streaming Stick,Android,2025-09-29
DEV013884,USR009338,Tablet,Android,2025-04-21
DEV013885,USR009339,Mobile,Smart TV OS,2025-05-01
DEV013886,USR009340,Mobile,Android,2025-09-27
DEV013887,USR009341,Smart TV,Windows,2025-07-03
DEV013888,USR009341,Mobile,Smart TV OS,2025-01-13
DEV013889,USR009342,Smart TV,Smart TV OS,2025-07-23
DEV013890,USR009343,Gaming Console,Windows,2025-11-24
DEV013891,USR009343,Mobile,Android,2025-03-24
DEV013892,USR009344,Tablet,Smart TV OS,2025-07-25
DEV013893,USR009345,Gaming Console,Smart TV OS,2025-03-23
DEV013894,USR009346,Streaming Stick,macOS,2025-08-10
DEV013895,USR009347,Laptop,Android,2025-09-21
DEV013896,USR009348,Smart TV,Android,2025-09-21
DEV013897,USR009348,Smart TV,iOS,2025-01-06
DEV013898,USR009349,Mobile,Windows,2025-04-10
DEV013899,USR009350,Smart TV,Windows,2025-07-23
DEV013900,USR009351,Laptop,Android,2025-07-22
DEV013901,USR009352,Mobile,Android,2025-06-16
DEV013902,USR009352,Gaming Console,Android,2025-03-28
DEV013903,USR009352,Tablet,Windows,2025-04-06
DEV013904,USR009353,Smart TV,iOS,2025-11-25
DEV013905,USR009354,Mobile,iOS,2025-10-03
DEV013906,USR009354,Laptop,macOS,2025-11-08
DEV013907,USR009355,Mobile,Windows,2025-05-30
DEV013908,USR009356,Smart TV,Windows,2025-05-04
DEV013909,USR009357,Smart TV,Smart TV OS,2025-10-17
DEV013910,USR009357,Laptop,iOS,2025-10-02
DEV013911,USR009358,Smart TV,Windows,2025-06-15
DEV013912,USR009359,Mobile,Windows,2025-09-02
DEV013913,USR009360,Laptop,Smart TV OS,2025-03-19
DEV013914,USR009361,Streaming Stick,iOS,2025-11-05
DEV013915,USR009362,Smart TV,Android,2025-07-14
DEV013916,USR009362,Smart TV,macOS,2025-06-01
DEV013917,USR009363,Streaming Stick,Smart TV OS,2025-04-07
DEV013918,USR009364,Mobile,macOS,2025-07-09
DEV013919,USR009364,Smart TV,macOS,2025-09-30
DEV013920,USR009365,Mobile,iOS,2025-01-16
DEV013921,USR009366,Tablet,Windows,2025-05-29
DEV013922,USR009366,Laptop,Windows,2025-03-05
DEV013923,USR009366,Mobile,Android,2025-08-14
DEV013924,USR009367,Smart TV,Windows,2025-07-18
DEV013925,USR009368,Tablet,Windows,2025-10-10
DEV013926,USR009369,Mobile,Windows,2025-10-20
DEV013927,USR009370,Mobile,Windows,2025-03-13
DEV013928,USR009371,Tablet,Android,2025-06-30
DEV013929,USR009372,Smart TV,iOS,2025-06-29
DEV013930,USR009372,Laptop,Android,2025-02-17
DEV013931,USR009373,Gaming Console,macOS,2025-08-14
DEV013932,USR009374,Laptop,iOS,2025-02-28
DEV013933,USR009375,Tablet,iOS,2025-06-07
DEV013934,USR009375,Mobile,Android,2025-09-27
DEV013935,USR009376,Gaming Console,Windows,2025-01-29
DEV013936,USR009377,Smart TV,Windows,2025-07-04
DEV013937,USR009377,Tablet,macOS,2025-01-23
DEV013938,USR009378,Smart TV,macOS,2025-11-05
DEV013939,USR009379,Mobile,macOS,2025-05-19
DEV013940,USR009380,Smart TV,Android,2025-11-23
DEV013941,USR009381,Smart TV,iOS,2025-08-17
DEV013942,USR009382,Mobile,Android,2025-09-09
DEV013943,USR009383,Laptop,Smart TV OS,2025-08-26
DEV013944,USR009384,Smart TV,iOS,2025-11-17
DEV013945,USR009384,Smart TV,Android,2025-04-30
DEV013946,USR009384,Smart TV,iOS,2025-11-25
DEV013947,USR009385,Laptop,Android,2025-03-14
DEV013948,USR009386,Streaming Stick,Android,2025-01-10
DEV013949,USR009387,Laptop,Windows,2025-03-18
DEV013950,USR009388,Tablet,iOS,2025-01-07
DEV013951,USR009389,Laptop,Smart TV OS,2025-09-17
DEV013952,USR009390,Smart TV,Windows,2025-11-17
DEV013953,USR009391,Mobile,iOS,2025-05-21
DEV013954,USR009392,Streaming Stick,Smart TV OS,2025-01-12
DEV013955,USR009393,Mobile,iOS,2025-11-26
DEV013956,USR009394,Laptop,Windows,2025-03-18
DEV013957,USR009394,Laptop,Android,2025-04-03
DEV013958,USR009395,Laptop,Windows,2025-04-07
DEV013959,USR009396,Streaming Stick,Windows,2025-04-18
DEV013960,USR009397,Smart TV,iOS,2025-11-21
DEV013961,USR009397,Mobile,Windows,2025-10-15
DEV013962,USR009398,Mobile,iOS,2025-03-28
DEV013963,USR009399,Tablet,Smart TV OS,2025-01-07
DEV013964,USR009399,Mobile,Windows,2025-09-13
DEV013965,USR009400,Laptop,Windows,2025-01-11
DEV013966,USR009400,Smart TV,Android,2025-03-11
DEV013967,USR009401,Tablet,Android,2025-03-30
DEV013968,USR009401,Laptop,Windows,2025-07-17
DEV013969,USR009402,Mobile,Android,2025-08-05
DEV013970,USR009402,Smart TV,Android,2025-03-13
DEV013971,USR009403,Laptop,Windows,2025-10-21
DEV013972,USR009404,Laptop,iOS,2025-05-03
DEV013973,USR009405,Tablet,Windows,2025-11-22
DEV013974,USR009406,Smart TV,Android,2025-01-13
DEV013975,USR009407,Smart TV,iOS,2025-06-17
DEV013976,USR009407,Gaming Console,Smart TV OS,2025-09-11
DEV013977,USR009408,Mobile,Android,2025-02-17
DEV013978,USR009408,Gaming Console,Windows,2025-11-25
DEV013979,USR009409,Laptop,iOS,2025-06-06
DEV013980,USR009409,Mobile,macOS,2025-07-20
DEV013981,USR009410,Smart TV,iOS,2025-11-02
DEV013982,USR009410,Smart TV,Android,2025-07-08
DEV013983,USR009410,Mobile,Android,2025-07-28
DEV013984,USR009411,Gaming Console,Android,2025-09-11
DEV013985,USR009411,Gaming Console,Smart TV OS,2025-05-11
DEV013986,USR009412,Tablet,Windows,2025-07-14
DEV013987,USR009413,Mobile,macOS,2025-09-10
DEV013988,USR009414,Smart TV,Windows,2025-07-05
DEV013989,USR009414,Streaming Stick,Windows,2025-11-27
DEV013990,USR009415,Mobile,iOS,2025-07-10
DEV013991,USR009416,Laptop,Android,2025-06-19
DEV013992,USR009417,Laptop,iOS,2025-05-24
DEV013993,USR009417,Mobile,Android,2025-07-14
DEV013994,USR009418,Streaming Stick,macOS,2025-10-09
DEV013995,USR009418,Tablet,iOS,2025-10-02
DEV013996,USR009419,Smart TV,Windows,2025-08-03
DEV013997,USR009419,Laptop,iOS,2025-07-01
DEV013998,USR009420,Smart TV,Android,2025-09-21
DEV013999,USR009420,Smart TV,Windows,2025-04-12
DEV014000,USR009420,Streaming Stick,Smart TV OS,2025-05-18
DEV014001,USR009421,Smart TV,Android,2025-06-01
DEV014002,USR009422,Mobile,Android,2025-04-28
DEV014003,USR009423,Smart TV,Android,2025-06-30
DEV014004,USR009423,Mobile,iOS,2025-10-08
DEV014005,USR009424,Laptop,Smart TV OS,2025-11-19
DEV014006,USR009424,Streaming Stick,iOS,2025-03-23
DEV014007,USR009424,Smart TV,Smart TV OS,2025-08-02
DEV014008,USR009425,Laptop,Windows,2025-04-21
DEV014009,USR009425,Mobile,iOS,2025-08-11
DEV014010,USR009426,Laptop,iOS,2025-06-03
DEV014011,USR009426,Mobile,iOS,2025-09-23
DEV014012,USR009426,Smart TV,iOS,2025-06-10
DEV014013,USR009427,Smart TV,Smart TV OS,2025-01-16
DEV014014,USR009428,Mobile,iOS,2025-08-24
DEV014015,USR009428,Laptop,Android,2025-08-31
DEV014016,USR009429,Mobile,Android,2025-08-30
DEV014017,USR009430,Laptop,iOS,2025-09-18
DEV014018,USR009431,Mobile,Smart TV OS,2025-05-29
DEV014019,USR009431,Smart TV,Android,2025-05-05
DEV014020,USR009432,Mobile,iOS,2025-07-29
DEV014021,USR009433,Mobile,iOS,2025-11-09
DEV014022,USR009433,Laptop,macOS,2025-10-15
DEV014023,USR009434,Mobile,iOS,2025-05-09
DEV014024,USR009435,Laptop,iOS,2025-08-09
DEV014025,USR009436,Smart TV,Android,2025-06-22
DEV014026,USR009436,Smart TV,Windows,2025-10-02
DEV014027,USR009436,Smart TV,Windows,2025-01-17
DEV014028,USR009437,Laptop,Windows,2025-06-06
DEV014029,USR009438,Smart TV,Android,2025-01-31
DEV014030,USR009439,Mobile,iOS,2025-01-17
DEV014031,USR009440,Mobile,Android,2025-09-30
DEV014032,USR009441,Smart TV,macOS,2025-08-26
DEV014033,USR009442,Mobile,Android,2025-01-05
DEV014034,USR009443,Mobile,macOS,2025-04-11
DEV014035,USR009444,Mobile,Android,2025-11-05
DEV014036,USR009445,Tablet,Android,2025-10-18
DEV014037,USR009445,Mobile,Windows,2025-01-24
DEV014038,USR009446,Mobile,Android,2025-08-17
DEV014039,USR009446,Tablet,Windows,2025-04-27
DEV014040,USR009447,Smart TV,iOS,2025-09-08
DEV014041,USR009447,Mobile,Smart TV OS,2025-03-14
DEV014042,USR009448,Mobile,Android,2025-10-30
DEV014043,USR009448,Smart TV,Windows,2025-06-11
DEV014044,USR009449,Mobile,iOS,2025-06-26
DEV014045,USR009450,Tablet,Android,2025-01-03
DEV014046,USR009450,Mobile,iOS,2025-05-04
DEV014047,USR009451,Mobile,Windows,2025-01-15
DEV014048,USR009452,Laptop,Android,2025-03-12
DEV014049,USR009453,Smart TV,iOS,2025-06-29
DEV014050,USR009454,Mobile,Android,2025-01-20
DEV014051,USR009455,Gaming Console,iOS,2025-11-22
DEV014052,USR009455,Smart TV,Windows,2025-01-03
DEV014053,USR009456,Smart TV,iOS,2025-06-25
DEV014054,USR009457,Laptop,iOS,2025-04-05
DEV014055,USR009458,Laptop,Smart TV OS,2025-02-18
DEV014056,USR009458,Smart TV,Android,2025-06-09
DEV014057,USR009458,Mobile,Android,2025-04-18
DEV014058,USR009459,Laptop,Smart TV OS,2025-02-03
DEV014059,USR009460,Laptop,Windows,2025-08-26
DEV014060,USR009461,Smart TV,Windows,2025-04-30
DEV014061,USR009462,Laptop,Smart TV OS,2025-09-09
DEV014062,USR009462,Laptop,Windows,2025-11-14
DEV014063,USR009463,Smart TV,Windows,2025-06-19
DEV014064,USR009463,Streaming Stick,Android,2025-04-07
DEV014065,USR009464,Smart TV,iOS,2025-02-21
DEV014066,USR009465,Mobile,Android,2025-05-03
DEV014067,USR009466,Mobile,macOS,2025-10-22
DEV014068,USR009466,Streaming Stick,macOS,2025-01-15
DEV014069,USR009467,Gaming Console,Smart TV OS,2025-03-27
DEV014070,USR009468,Smart TV,Android,2025-04-05
DEV014071,USR009469,Smart TV,iOS,2025-05-16
DEV014072,USR009469,Tablet,iOS,2025-03-18
DEV014073,USR009470,Streaming Stick,Android,2025-07-14
DEV014074,USR009471,Streaming Stick,Smart TV OS,2025-06-26
DEV014075,USR009471,Laptop,Android,2025-02-26
DEV014076,USR009472,Streaming Stick,Android,2025-09-26
DEV014077,USR009472,Gaming Console,Smart TV OS,2025-07-06
DEV014078,USR009473,Tablet,Smart TV OS,2025-09-28
DEV014079,USR009474,Mobile,Windows,2025-06-29
DEV014080,USR009475,Smart TV,Android,2025-06-25
DEV014081,USR009476,Streaming Stick,Android,2025-05-13
DEV014082,USR009476,Tablet,iOS,2025-11-20
DEV014083,USR009476,Tablet,Android,2025-08-09
DEV014084,USR009477,Smart TV,Windows,2025-11-06
DEV014085,USR009477,Smart TV,iOS,2025-11-17
DEV014086,USR009477,Smart TV,Android,2025-02-11
DEV014087,USR009478,Tablet,Smart TV OS,2025-06-15
DEV014088,USR009479,Mobile,macOS,2025-09-02
DEV014089,USR009480,Smart TV,macOS,2025-06-05
DEV014090,USR009480,Gaming Console,Windows,2025-06-26
DEV014091,USR009481,Laptop,macOS,2025-06-10
DEV014092,USR009481,Mobile,Android,2025-04-23
DEV014093,USR009482,Mobile,Android,2025-01-17
DEV014094,USR009482,Laptop,Smart TV OS,2025-08-02
DEV014095,USR009483,Streaming Stick,Smart TV OS,2025-04-06
DEV014096,USR009484,Mobile,Windows,2025-02-25
DEV014097,USR009485,Mobile,Android,2025-04-13
DEV014098,USR009486,Mobile,Smart TV OS,2025-05-09
DEV014099,USR009487,Mobile,Windows,2025-03-13
DEV014100,USR009488,Tablet,Android,2025-06-12
DEV014101,USR009488,Mobile,Smart TV OS,2025-09-01
DEV014102,USR009489,Smart TV,Smart TV OS,2025-08-05
DEV014103,USR009490,Tablet,Android,2025-03-27
DEV014104,USR009490,Mobile,Smart TV OS,2025-08-06
DEV014105,USR009491,Tablet,macOS,2025-02-21
DEV014106,USR009492,Laptop,Android,2025-08-06
DEV014107,USR009493,Laptop,iOS,2025-05-12
DEV014108,USR009494,Smart TV,iOS,2025-09-19
DEV014109,USR009495,Tablet,Android,2025-08-15
DEV014110,USR009495,Mobile,iOS,2025-07-20
DEV014111,USR009495,Smart TV,Android,2025-03-23
DEV014112,USR009496,Smart TV,Windows,2025-11-15
DEV014113,USR009497,Mobile,Smart TV OS,2025-08-06
DEV014114,USR009497,Smart TV,Android,2025-10-20
DEV014115,USR009497,Gaming Console,Windows,2025-04-30
DEV014116,USR009498,Smart TV,macOS,2025-08-09
DEV014117,USR009499,Mobile,macOS,2025-05-01
DEV014118,USR009500,Mobile,Windows,2025-11-03
DEV014119,USR009500,Laptop,Android,2025-06-22
DEV014120,USR009500,Smart TV,Windows,2025-02-07
DEV014121,USR009501,Smart TV,Android,2025-09-10
DEV014122,USR009502,Streaming Stick,macOS,2025-06-09
DEV014123,USR009502,Tablet,Android,2025-06-21
DEV014124,USR009502,Mobile,Smart TV OS,2025-01-17
DEV014125,USR009503,Smart TV,Smart TV OS,2025-11-12
DEV014126,USR009503,Smart TV,macOS,2025-10-30
DEV014127,USR009504,Smart TV,iOS,2025-03-06
DEV014128,USR009505,Gaming Console,Windows,2025-08-03
DEV014129,USR009505,Tablet,iOS,2025-08-14
DEV014130,USR009506,Streaming Stick,iOS,2025-02-21
DEV014131,USR009507,Mobile,macOS,2025-04-21
DEV014132,USR009507,Laptop,Smart TV OS,2025-05-24
DEV014133,USR009507,Mobile,Smart TV OS,2025-04-28
DEV014134,USR009508,Smart TV,Windows,2025-09-29
DEV014135,USR009508,Mobile,Android,2025-10-12
DEV014136,USR009509,Smart TV,iOS,2025-01-20
DEV014137,USR009510,Mobile,iOS,2025-06-26
DEV014138,USR009511,Tablet,iOS,2025-02-16
DEV014139,USR009511,Mobile,macOS,2025-05-30
DEV014140,USR009512,Mobile,macOS,2025-01-30
DEV014141,USR009512,Laptop,iOS,2025-03-16
DEV014142,USR009513,Gaming Console,Smart TV OS,2025-05-05
DEV014143,USR009514,Smart TV,iOS,2025-07-07
DEV014144,USR009515,Smart TV,Windows,2025-03-16
DEV014145,USR009516,Smart TV,Android,2025-05-02
DEV014146,USR009517,Mobile,Android,2025-05-11
DEV014147,USR009518,Gaming Console,macOS,2025-07-05
DEV014148,USR009519,Streaming Stick,Windows,2025-08-15
DEV014149,USR009519,Tablet,Smart TV OS,2025-07-13
DEV014150,USR009520,Smart TV,Android,2025-11-07
DEV014151,USR009521,Mobile,Android,2025-02-26
DEV014152,USR009521,Streaming Stick,Android,2025-06-19
DEV014153,USR009522,Mobile,Smart TV OS,2025-01-13
DEV014154,USR009523,Streaming Stick,Android,2025-11-18
DEV014155,USR009523,Streaming Stick,Android,2025-05-13
DEV014156,USR009524,Laptop,Smart TV OS,2025-02-13
DEV014157,USR009525,Smart TV,Windows,2025-04-14
DEV014158,USR009526,Tablet,macOS,2025-05-08
DEV014159,USR009526,Smart TV,macOS,2025-08-12
DEV014160,USR009527,Mobile,Android,2025-07-10
DEV014161,USR009527,Mobile,Android,2025-04-26
DEV014162,USR009528,Mobile,macOS,2025-02-13
DEV014163,USR009528,Smart TV,Android,2025-01-20
DEV014164,USR009529,Laptop,iOS,2025-03-22
DEV014165,USR009529,Tablet,iOS,2025-10-27
DEV014166,USR009530,Gaming Console,Android,2025-03-02
DEV014167,USR009531,Mobile,Android,2025-02-24
DEV014168,USR009531,Smart TV,macOS,2025-06-14
DEV014169,USR009532,Streaming Stick,Smart TV OS,2025-03-17
DEV014170,USR009533,Mobile,iOS,2025-02-28
DEV014171,USR009533,Smart TV,Windows,2025-08-28
DEV014172,USR009534,Laptop,Smart TV OS,2025-07-19
DEV014173,USR009534,Tablet,Smart TV OS,2025-06-23
DEV014174,USR009535,Tablet,iOS,2025-08-20
DEV014175,USR009535,Mobile,Android,2025-04-20
DEV014176,USR009536,Laptop,iOS,2025-09-18
DEV014177,USR009536,Smart TV,iOS,2025-02-27
DEV014178,USR009537,Laptop,Windows,2025-03-14
DEV014179,USR009537,Mobile,Windows,2025-11-11
DEV014180,USR009538,Smart TV,Smart TV OS,2025-01-28
DEV014181,USR009539,Smart TV,Smart TV OS,2025-09-08
DEV014182,USR009539,Mobile,iOS,2025-04-28
DEV014183,USR009540,Gaming Console,iOS,2025-03-21
DEV014184,USR009540,Smart TV,Android,2025-03-22
DEV014185,USR009541,Mobile,iOS,2025-10-09
DEV014186,USR009542,Mobile,Android,2025-10-18
DEV014187,USR009543,Tablet,Windows,2025-06-14
DEV014188,USR009543,Gaming Console,Windows,2025-08-15
DEV014189,USR009544,Mobile,Android,2025-08-24
DEV014190,USR009545,Mobile,Android,2025-09-05
DEV014191,USR009546,Mobile,Android,2025-01-14
DEV014192,USR009547,Mobile,iOS,2025-10-17
DEV014193,USR009548,Streaming Stick,Android,2025-08-20
DEV014194,USR009549,Smart TV,Android,2025-08-15
DEV014195,USR009550,Laptop,Smart TV OS,2025-06-27
DEV014196,USR009550,Mobile,Android,2025-11-01
DEV014197,USR009551,Smart TV,Android,2025-02-11
DEV014198,USR009551,Mobile,Windows,2025-07-11
DEV014199,USR009552,Streaming Stick,Smart TV OS,2025-01-29
DEV014200,USR009552,Smart TV,iOS,2025-05-11
DEV014201,USR009553,Smart TV,iOS,2025-01-27
DEV014202,USR009554,Smart TV,macOS,2025-04-01
DEV014203,USR009555,Tablet,Smart TV OS,2025-11-27
DEV014204,USR009556,Smart TV,Android,2025-09-24
DEV014205,USR009557,Streaming Stick,Windows,2025-09-11
DEV014206,USR009558,Mobile,Windows,2025-01-18
DEV014207,USR009559,Smart TV,macOS,2025-06-08
DEV014208,USR009559,Mobile,Windows,2025-11-23
DEV014209,USR009560,Mobile,Windows,2025-01-29
DEV014210,USR009561,Smart TV,Android,2025-06-11
DEV014211,USR009562,Smart TV,iOS,2025-08-20
DEV014212,USR009563,Smart TV,iOS,2025-01-25
DEV014213,USR009563,Smart TV,Android,2025-05-02
DEV014214,USR009564,Mobile,iOS,2025-01-25
DEV014215,USR009564,Smart TV,iOS,2025-05-20
DEV014216,USR009565,Smart TV,Windows,2025-04-16
DEV014217,USR009566,Mobile,Android,2025-08-24
DEV014218,USR009567,Tablet,Android,2025-06-02
DEV014219,USR009567,Tablet,Android,2025-11-17
DEV014220,USR009568,Laptop,Windows,2025-03-16
DEV014221,USR009569,Smart TV,macOS,2025-08-06
DEV014222,USR009570,Mobile,Android,2025-02-19
DEV014223,USR009571,Laptop,iOS,2025-05-05
DEV014224,USR009572,Mobile,Android,2025-03-09
DEV014225,USR009572,Mobile,Windows,2025-08-17
DEV014226,USR009573,Tablet,Smart TV OS,2025-01-25
DEV014227,USR009574,Smart TV,macOS,2025-06-10
DEV014228,USR009574,Smart TV,Windows,2025-02-21
DEV014229,USR009575,Laptop,Android,2025-05-24
DEV014230,USR009576,Mobile,Windows,2025-02-21
DEV014231,USR009577,Tablet,Smart TV OS,2025-03-23
DEV014232,USR009578,Smart TV,Windows,2025-02-20
DEV014233,USR009579,Tablet,macOS,2025-10-08
DEV014234,USR009580,Mobile,iOS,2025-05-01
DEV014235,USR009581,Laptop,Android,2025-10-09
DEV014236,USR009582,Mobile,Windows,2025-02-09
DEV014237,USR009582,Smart TV,Windows,2025-07-18
DEV014238,USR009583,Streaming Stick,iOS,2025-11-23
DEV014239,USR009584,Laptop,Windows,2025-08-01
DEV014240,USR009585,Tablet,iOS,2025-05-02
DEV014241,USR009585,Laptop,Android,2025-10-03
DEV014242,USR009586,Mobile,Smart TV OS,2025-02-14
DEV014243,USR009587,Tablet,iOS,2025-09-03
DEV014244,USR009587,Streaming Stick,Android,2025-05-06
DEV014245,USR009588,Tablet,Android,2025-11-04
DEV014246,USR009588,Smart TV,Android,2025-01-07
DEV014247,USR009589,Laptop,macOS,2025-09-19
DEV014248,USR009590,Laptop,Smart TV OS,2025-06-06
DEV014249,USR009591,Streaming Stick,Android,2025-08-08
DEV014250,USR009591,Mobile,Smart TV OS,2025-09-04
DEV014251,USR009592,Laptop,iOS,2025-01-22
DEV014252,USR009593,Gaming Console,iOS,2025-03-08
DEV014253,USR009594,Smart TV,iOS,2025-02-21
DEV014254,USR009595,Mobile,Windows,2025-08-31
DEV014255,USR009595,Smart TV,Windows,2025-01-05
DEV014256,USR009596,Mobile,macOS,2025-08-11
DEV014257,USR009597,Smart TV,Smart TV OS,2025-10-15
DEV014258,USR009598,Smart TV,macOS,2025-01-15
DEV014259,USR009599,Tablet,macOS,2025-09-30
DEV014260,USR009599,Smart TV,macOS,2025-11-07
DEV014261,USR009600,Smart TV,iOS,2025-04-03
DEV014262,USR009601,Streaming Stick,Smart TV OS,2025-01-04
DEV014263,USR009602,Mobile,Windows,2025-02-11
DEV014264,USR009603,Mobile,iOS,2025-10-27
DEV014265,USR009603,Mobile,Android,2025-02-11
DEV014266,USR009604,Laptop,macOS,2025-11-26
DEV014267,USR009604,Smart TV,Android,2025-06-05
DEV014268,USR009605,Mobile,Windows,2025-07-06
DEV014269,USR009606,Mobile,Android,2025-08-30
DEV014270,USR009607,Laptop,Android,2025-07-22
DEV014271,USR009608,Streaming Stick,Windows,2025-07-19
DEV014272,USR009609,Smart TV,macOS,2025-11-04
DEV014273,USR009609,Mobile,Smart TV OS,2025-04-06
DEV014274,USR009610,Smart TV,Windows,2025-09-13
DEV014275,USR009611,Mobile,Android,2025-08-13
DEV014276,USR009612,Smart TV,Android,2025-03-01
DEV014277,USR009613,Laptop,Windows,2025-09-14
DEV014278,USR009613,Mobile,Windows,2025-09-14
DEV014279,USR009614,Gaming Console,Windows,2025-03-14
DEV014280,USR009615,Mobile,macOS,2025-05-04
DEV014281,USR009615,Smart TV,Smart TV OS,2025-10-27
DEV014282,USR009616,Mobile,iOS,2025-02-24
DEV014283,USR009617,Mobile,macOS,2025-07-25
DEV014284,USR009618,Smart TV,Smart TV OS,2025-07-15
DEV014285,USR009618,Mobile,macOS,2025-08-14
DEV014286,USR009619,Laptop,Android,2025-01-13
DEV014287,USR009620,Laptop,iOS,2025-09-11
DEV014288,USR009621,Tablet,iOS,2025-02-20
DEV014289,USR009622,Laptop,iOS,2025-09-26
DEV014290,USR009623,Laptop,Windows,2025-05-27
DEV014291,USR009624,Smart TV,Smart TV OS,2025-01-24
DEV014292,USR009624,Tablet,Android,2025-03-26
DEV014293,USR009625,Streaming Stick,Android,2025-04-22
DEV014294,USR009625,Streaming Stick,Smart TV OS,2025-05-28
DEV014295,USR009626,Mobile,Smart TV OS,2025-02-05
DEV014296,USR009626,Mobile,Smart TV OS,2025-06-04
DEV014297,USR009627,Smart TV,Smart TV OS,2025-07-20
DEV014298,USR009628,Smart TV,Android,2025-04-01
DEV014299,USR009628,Gaming Console,Smart TV OS,2025-09-11
DEV014300,USR009629,Gaming Console,Windows,2025-04-22
DEV014301,USR009630,Mobile,Android,2025-02-26
DEV014302,USR009631,Laptop,Android,2025-08-23
DEV014303,USR009632,Smart TV,Windows,2025-02-19
DEV014304,USR009633,Laptop,Smart TV OS,2025-03-31
DEV014305,USR009633,Streaming Stick,Android,2025-11-17
DEV014306,USR009634,Gaming Console,macOS,2025-07-11
DEV014307,USR009634,Mobile,Android,2025-04-06
DEV014308,USR009635,Laptop,Android,2025-04-27
DEV014309,USR009636,Smart TV,macOS,2025-07-23
DEV014310,USR009637,Tablet,Android,2025-08-04
DEV014311,USR009637,Laptop,Android,2025-04-17
DEV014312,USR009637,Mobile,Smart TV OS,2025-08-01
DEV014313,USR009638,Smart TV,iOS,2025-01-14
DEV014314,USR009639,Laptop,iOS,2025-07-18
DEV014315,USR009639,Smart TV,Android,2025-06-10
DEV014316,USR009640,Smart TV,iOS,2025-10-17
DEV014317,USR009641,Smart TV,Smart TV OS,2025-09-19
DEV014318,USR009642,Laptop,Android,2025-01-12
DEV014319,USR009642,Smart TV,Windows,2025-04-21
DEV014320,USR009643,Smart TV,Android,2025-10-14
DEV014321,USR009644,Mobile,Windows,2025-04-29
DEV014322,USR009644,Smart TV,Windows,2025-01-02
DEV014323,USR009645,Smart TV,iOS,2025-10-05
DEV014324,USR009646,Smart TV,iOS,2025-11-05
DEV014325,USR009647,Gaming Console,macOS,2025-04-27
DEV014326,USR009647,Laptop,Windows,2025-07-25
DEV014327,USR009647,Mobile,Windows,2025-04-27
DEV014328,USR009648,Streaming Stick,macOS,2025-02-10
DEV014329,USR009648,Streaming Stick,Smart TV OS,2025-06-26
DEV014330,USR009649,Tablet,Android,2025-04-03
DEV014331,USR009650,Mobile,Windows,2025-03-16
DEV014332,USR009650,Mobile,Android,2025-11-01
DEV014333,USR009651,Laptop,iOS,2025-11-26
DEV014334,USR009652,Mobile,Windows,2025-01-30
DEV014335,USR009653,Smart TV,macOS,2025-11-03
DEV014336,USR009654,Laptop,Windows,2025-02-02
DEV014337,USR009655,Mobile,Android,2025-05-16
DEV014338,USR009656,Smart TV,Windows,2025-03-16
DEV014339,USR009657,Tablet,Android,2025-02-11
DEV014340,USR009658,Smart TV,Android,2025-03-29
DEV014341,USR009659,Gaming Console,macOS,2025-03-22
DEV014342,USR009660,Tablet,Smart TV OS,2025-03-05
DEV014343,USR009661,Mobile,macOS,2025-01-11
DEV014344,USR009662,Smart TV,Windows,2025-02-28
DEV014345,USR009663,Smart TV,macOS,2025-10-26
DEV014346,USR009664,Streaming Stick,Windows,2025-07-25
DEV014347,USR009664,Laptop,iOS,2025-01-28
DEV014348,USR009665,Smart TV,Windows,2025-09-03
DEV014349,USR009665,Laptop,Android,2025-06-21
DEV014350,USR009666,Streaming Stick,iOS,2025-09-27
DEV014351,USR009666,Mobile,macOS,2025-11-10
DEV014352,USR009667,Smart TV,macOS,2025-09-24
DEV014353,USR009667,Smart TV,Android,2025-05-10
DEV014354,USR009668,Gaming Console,Android,2025-09-02
DEV014355,USR009668,Laptop,Smart TV OS,2025-05-26
DEV014356,USR009669,Laptop,Android,2025-08-18
DEV014357,USR009670,Smart TV,Windows,2025-01-30
DEV014358,USR009670,Smart TV,Windows,2025-06-11
DEV014359,USR009671,Mobile,iOS,2025-03-11
DEV014360,USR009672,Mobile,iOS,2025-03-05
DEV014361,USR009673,Mobile,macOS,2025-10-07
DEV014362,USR009674,Laptop,Android,2025-06-21
DEV014363,USR009674,Laptop,Android,2025-08-02
DEV014364,USR009675,Mobile,Android,2025-02-18
DEV014365,USR009676,Tablet,Android,2025-10-01
DEV014366,USR009677,Streaming Stick,iOS,2025-01-05
DEV014367,USR009677,Smart TV,Windows,2025-08-10
DEV014368,USR009678,Laptop,Windows,2025-04-19
DEV014369,USR009679,Tablet,Windows,2025-06-10
DEV014370,USR009679,Smart TV,iOS,2025-07-28
DEV014371,USR009680,Tablet,iOS,2025-02-18
DEV014372,USR009680,Smart TV,Smart TV OS,2025-07-28
DEV014373,USR009681,Gaming Console,Smart TV OS,2025-02-18
DEV014374,USR009682,Smart TV,Smart TV OS,2025-08-25
DEV014375,USR009683,Mobile,iOS,2025-07-07
DEV014376,USR009683,Smart TV,Windows,2025-06-30
DEV014377,USR009683,Mobile,Smart TV OS,2025-08-18
DEV014378,USR009684,Mobile,Android,2025-08-01
DEV014379,USR009684,Smart TV,Windows,2025-02-22
DEV014380,USR009685,Laptop,Android,2025-06-06
DEV014381,USR009686,Streaming Stick,Android,2025-04-22
DEV014382,USR009686,Mobile,Android,2025-09-07
DEV014383,USR009687,Gaming Console,iOS,2025-09-17
DEV014384,USR009687,Streaming Stick,Smart TV OS,2025-02-06
DEV014385,USR009688,Mobile,Windows,2025-04-19
DEV014386,USR009689,Mobile,iOS,2025-10-30
DEV014387,USR009690,Laptop,iOS,2025-10-27
DEV014388,USR009690,Mobile,iOS,2025-01-28
DEV014389,USR009691,Smart TV,Smart TV OS,2025-03-27
DEV014390,USR009692,Smart TV,Android,2025-02-28
DEV014391,USR009692,Smart TV,iOS,2025-04-17
DEV014392,USR009693,Laptop,Android,2025-01-07
DEV014393,USR009693,Smart TV,iOS,2025-09-13
DEV014394,USR009694,Gaming Console,macOS,2025-09-10
DEV014395,USR009695,Mobile,Android,2025-03-29
DEV014396,USR009696,Smart TV,iOS,2025-04-24
DEV014397,USR009697,Mobile,Android,2025-04-10
DEV014398,USR009697,Gaming Console,iOS,2025-08-04
DEV014399,USR009698,Mobile,Android,2025-05-04
DEV014400,USR009698,Mobile,Android,2025-02-09
DEV014401,USR009698,Tablet,iOS,2025-08-29
DEV014402,USR009699,Smart TV,Windows,2025-09-27
DEV014403,USR009699,Mobile,iOS,2025-06-18
DEV014404,USR009700,Mobile,iOS,2025-01-19
DEV014405,USR009701,Mobile,macOS,2025-01-24
DEV014406,USR009701,Laptop,Android,2025-06-08
DEV014407,USR009702,Laptop,Android,2025-01-29
DEV014408,USR009702,Smart TV,iOS,2025-05-05
DEV014409,USR009703,Laptop,iOS,2025-03-25
DEV014410,USR009704,Mobile,Windows,2025-06-01
DEV014411,USR009704,Streaming Stick,macOS,2025-07-10
DEV014412,USR009705,Mobile,Windows,2025-06-20
DEV014413,USR009706,Smart TV,Android,2025-06-24
DEV014414,USR009707,Streaming Stick,Smart TV OS,2025-05-01
DEV014415,USR009707,Laptop,Smart TV OS,2025-11-03
DEV014416,USR009708,Laptop,macOS,2025-10-08
DEV014417,USR009708,Smart TV,Smart TV OS,2025-03-05
DEV014418,USR009709,Mobile,Smart TV OS,2025-05-23
DEV014419,USR009710,Laptop,iOS,2025-04-22
DEV014420,USR009710,Smart TV,iOS,2025-11-06
DEV014421,USR009710,Smart TV,macOS,2025-11-20
DEV014422,USR009711,Smart TV,Android,2025-06-14
DEV014423,USR009712,Mobile,Windows,2025-06-25
DEV014424,USR009712,Laptop,Android,2025-02-24
DEV014425,USR009713,Smart TV,Smart TV OS,2025-05-20
DEV014426,USR009714,Tablet,iOS,2025-11-04
DEV014427,USR009715,Mobile,Windows,2025-04-05
DEV014428,USR009715,Smart TV,Android,2025-06-15
DEV014429,USR009716,Mobile,iOS,2025-02-04
DEV014430,USR009717,Mobile,Android,2025-05-11
DEV014431,USR009717,Smart TV,Smart TV OS,2025-09-10
DEV014432,USR009718,Smart TV,Smart TV OS,2025-04-02
DEV014433,USR009718,Mobile,iOS,2025-02-24
DEV014434,USR009719,Mobile,Android,2025-04-04
DEV014435,USR009719,Smart TV,Android,2025-04-07
DEV014436,USR009720,Laptop,Android,2025-01-20
DEV014437,USR009721,Laptop,iOS,2025-10-05
DEV014438,USR009722,Laptop,Smart TV OS,2025-10-20
DEV014439,USR009723,Mobile,Android,2025-07-03
DEV014440,USR009724,Laptop,iOS,2025-04-17
DEV014441,USR009725,Tablet,Smart TV OS,2025-10-12
DEV014442,USR009725,Streaming Stick,Smart TV OS,2025-05-09
DEV014443,USR009726,Smart TV,macOS,2025-02-18
DEV014444,USR009727,Laptop,Android,2025-04-22
DEV014445,USR009728,Smart TV,Smart TV OS,2025-11-05
DEV014446,USR009728,Gaming Console,macOS,2025-05-05
DEV014447,USR009729,Smart TV,Windows,2025-08-29
DEV014448,USR009730,Smart TV,Android,2025-09-24
DEV014449,USR009731,Smart TV,Android,2025-06-22
DEV014450,USR009731,Mobile,Android,2025-11-15
DEV014451,USR009732,Smart TV,Android,2025-10-28
DEV014452,USR009733,Mobile,Smart TV OS,2025-06-06
DEV014453,USR009734,Smart TV,Android,2025-10-24
DEV014454,USR009735,Streaming Stick,Android,2025-03-11
DEV014455,USR009736,Tablet,Android,2025-01-17
DEV014456,USR009736,Smart TV,Smart TV OS,2025-10-15
DEV014457,USR009737,Smart TV,iOS,2025-11-09
DEV014458,USR009737,Laptop,iOS,2025-11-06
DEV014459,USR009737,Smart TV,Android,2025-04-01
DEV014460,USR009738,Streaming Stick,macOS,2025-08-24
DEV014461,USR009738,Laptop,macOS,2025-09-05
DEV014462,USR009739,Mobile,Smart TV OS,2025-04-07
DEV014463,USR009739,Mobile,iOS,2025-06-18
DEV014464,USR009740,Mobile,Smart TV OS,2025-02-17
DEV014465,USR009740,Laptop,Android,2025-08-03
DEV014466,USR009741,Mobile,Windows,2025-02-02
DEV014467,USR009742,Mobile,Windows,2025-04-16
DEV014468,USR009743,Smart TV,iOS,2025-11-15
DEV014469,USR009744,Mobile,Windows,2025-08-08
DEV014470,USR009745,Smart TV,iOS,2025-09-02
DEV014471,USR009746,Laptop,Android,2025-03-03
DEV014472,USR009746,Mobile,macOS,2025-09-03
DEV014473,USR009747,Mobile,Android,2025-05-31
DEV014474,USR009747,Mobile,Android,2025-01-06
DEV014475,USR009748,Streaming Stick,Windows,2025-04-03
DEV014476,USR009748,Smart TV,Windows,2025-06-06
DEV014477,USR009749,Laptop,Android,2025-03-29
DEV014478,USR009750,Mobile,macOS,2025-05-19
DEV014479,USR009750,Mobile,iOS,2025-02-18
DEV014480,USR009751,Smart TV,Android,2025-09-26
DEV014481,USR009751,Gaming Console,macOS,2025-04-28
DEV014482,USR009752,Smart TV,iOS,2025-02-01
DEV014483,USR009752,Mobile,Android,2025-07-30
DEV014484,USR009753,Laptop,Windows,2025-05-06
DEV014485,USR009753,Mobile,Windows,2025-04-05
DEV014486,USR009754,Smart TV,Android,2025-08-11
DEV014487,USR009754,Mobile,Smart TV OS,2025-06-10
DEV014488,USR009755,Streaming Stick,Smart TV OS,2025-01-08
DEV014489,USR009756,Mobile,Smart TV OS,2025-10-06
DEV014490,USR009757,Smart TV,iOS,2025-06-08
DEV014491,USR009758,Mobile,Windows,2025-03-28
DEV014492,USR009759,Laptop,macOS,2025-10-11
DEV014493,USR009760,Streaming Stick,Windows,2025-05-19
DEV014494,USR009760,Laptop,Android,2025-03-21
DEV014495,USR009761,Smart TV,iOS,2025-01-16
DEV014496,USR009761,Mobile,Android,2025-03-22
DEV014497,USR009762,Smart TV,iOS,2025-05-06
DEV014498,USR009762,Mobile,macOS,2025-07-08
DEV014499,USR009763,Mobile,Windows,2025-11-04
DEV014500,USR009764,Tablet,iOS,2025-07-30
DEV014501,USR009765,Laptop,iOS,2025-02-16
DEV014502,USR009766,Mobile,iOS,2025-09-21
DEV014503,USR009767,Laptop,iOS,2025-02-03
DEV014504,USR009768,Mobile,Windows,2025-08-02
DEV014505,USR009768,Laptop,Android,2025-05-21
DEV014506,USR009768,Laptop,iOS,2025-01-05
DEV014507,USR009769,Tablet,Android,2025-10-22
DEV014508,USR009769,Tablet,macOS,2025-05-26
DEV014509,USR009770,Tablet,Android,2025-09-11
DEV014510,USR009771,Streaming Stick,iOS,2025-11-14
DEV014511,USR009772,Mobile,Android,2025-02-03
DEV014512,USR009773,Tablet,Android,2025-08-28
DEV014513,USR009773,Mobile,Android,2025-01-20
DEV014514,USR009774,Mobile,Smart TV OS,2025-11-22
DEV014515,USR009775,Smart TV,Windows,2025-06-16
DEV014516,USR009776,Tablet,iOS,2025-11-21
DEV014517,USR009776,Laptop,Android,2025-11-16
DEV014518,USR009776,Streaming Stick,Android,2025-01-29
DEV014519,USR009777,Laptop,Android,2025-04-02
DEV014520,USR009778,Smart TV,Smart TV OS,2025-02-08
DEV014521,USR009779,Smart TV,Android,2025-02-06
DEV014522,USR009779,Tablet,iOS,2025-01-14
DEV014523,USR009780,Laptop,iOS,2025-06-12
DEV014524,USR009780,Mobile,iOS,2025-07-16
DEV014525,USR009781,Laptop,Android,2025-05-17
DEV014526,USR009782,Mobile,Windows,2025-10-23
DEV014527,USR009783,Streaming Stick,Android,2025-03-31
DEV014528,USR009784,Smart TV,macOS,2025-03-31
DEV014529,USR009785,Smart TV,Windows,2025-07-15
DEV014530,USR009786,Smart TV,Android,2025-08-10
DEV014531,USR009786,Laptop,Windows,2025-10-26
DEV014532,USR009787,Tablet,Smart TV OS,2025-08-05
DEV014533,USR009787,Smart TV,Android,2025-11-04
DEV014534,USR009788,Smart TV,macOS,2025-03-27
DEV014535,USR009789,Gaming Console,macOS,2025-04-30
DEV014536,USR009790,Smart TV,macOS,2025-07-16
DEV014537,USR009791,Laptop,macOS,2025-05-09
DEV014538,USR009792,Smart TV,macOS,2025-02-03
DEV014539,USR009793,Mobile,iOS,2025-10-05
DEV014540,USR009793,Smart TV,Smart TV OS,2025-04-09
DEV014541,USR009794,Laptop,Smart TV OS,2025-01-09
DEV014542,USR009794,Mobile,iOS,2025-11-15
DEV014543,USR009795,Mobile,iOS,2025-06-06
DEV014544,USR009795,Mobile,iOS,2025-03-06
DEV014545,USR009796,Smart TV,Windows,2025-11-20
DEV014546,USR009797,Streaming Stick,Android,2025-05-31
DEV014547,USR009797,Mobile,Windows,2025-01-02
DEV014548,USR009798,Mobile,Windows,2025-04-01
DEV014549,USR009799,Smart TV,Smart TV OS,2025-04-07
DEV014550,USR009800,Mobile,Android,2025-04-08
DEV014551,USR009801,Mobile,Android,2025-06-03
DEV014552,USR009802,Gaming Console,iOS,2025-10-03
DEV014553,USR009802,Mobile,Smart TV OS,2025-11-06
DEV014554,USR009803,Mobile,macOS,2025-05-02
DEV014555,USR009804,Smart TV,Android,2025-08-30
DEV014556,USR009805,Mobile,Smart TV OS,2025-09-27
DEV014557,USR009806,Laptop,Android,2025-11-10
DEV014558,USR009807,Gaming Console,iOS,2025-01-20
DEV014559,USR009808,Laptop,Smart TV OS,2025-07-05
DEV014560,USR009809,Laptop,iOS,2025-03-31
DEV014561,USR009809,Tablet,Smart TV OS,2025-05-26
DEV014562,USR009810,Gaming Console,Smart TV OS,2025-10-15
DEV014563,USR009811,Mobile,macOS,2025-11-14
DEV014564,USR009812,Laptop,Android,2025-10-11
DEV014565,USR009812,Mobile,Windows,2025-06-18
DEV014566,USR009812,Smart TV,Smart TV OS,2025-06-25
DEV014567,USR009813,Smart TV,Android,2025-05-18
DEV014568,USR009814,Mobile,Smart TV OS,2025-01-12
DEV014569,USR009815,Smart TV,Android,2025-06-27
DEV014570,USR009816,Mobile,Smart TV OS,2025-10-14
DEV014571,USR009817,Tablet,Android,2025-09-25
DEV014572,USR009817,Laptop,Smart TV OS,2025-11-15
DEV014573,USR009818,Smart TV,iOS,2025-11-08
DEV014574,USR009818,Mobile,Smart TV OS,2025-05-20
DEV014575,USR009818,Smart TV,iOS,2025-09-03
DEV014576,USR009819,Streaming Stick,Windows,2025-01-05
DEV014577,USR009819,Gaming Console,Smart TV OS,2025-05-08
DEV014578,USR009820,Laptop,Android,2025-11-06
DEV014579,USR009821,Mobile,iOS,2025-08-05
DEV014580,USR009821,Smart TV,Android,2025-05-26
DEV014581,USR009822,Mobile,macOS,2025-06-15
DEV014582,USR009823,Mobile,Android,2025-08-29
DEV014583,USR009823,Tablet,Smart TV OS,2025-07-27
DEV014584,USR009824,Smart TV,iOS,2025-05-13
DEV014585,USR009825,Smart TV,Smart TV OS,2025-10-09
DEV014586,USR009826,Smart TV,Smart TV OS,2025-01-03
DEV014587,USR009827,Smart TV,Android,2025-10-31
DEV014588,USR009828,Smart TV,Windows,2025-06-24
DEV014589,USR009828,Tablet,iOS,2025-05-21
DEV014590,USR009829,Tablet,Android,2025-09-18
DEV014591,USR009830,Mobile,macOS,2025-04-19
DEV014592,USR009830,Smart TV,iOS,2025-05-21
DEV014593,USR009830,Smart TV,Android,2025-05-26
DEV014594,USR009831,Laptop,Windows,2025-11-09
DEV014595,USR009831,Smart TV,Windows,2025-11-27
DEV014596,USR009832,Gaming Console,Android,2025-07-13
DEV014597,USR009833,Smart TV,iOS,2025-08-11
DEV014598,USR009834,Mobile,Android,2025-10-29
DEV014599,USR009835,Mobile,Android,2025-10-24
DEV014600,USR009836,Mobile,Windows,2025-01-09
DEV014601,USR009837,Streaming Stick,Windows,2025-02-24
DEV014602,USR009838,Laptop,Smart TV OS,2025-11-25
DEV014603,USR009839,Gaming Console,iOS,2025-08-10
DEV014604,USR009840,Laptop,iOS,2025-02-13
DEV014605,USR009841,Laptop,iOS,2025-11-15
DEV014606,USR009841,Smart TV,Windows,2025-08-14
DEV014607,USR009842,Mobile,Windows,2025-02-11
DEV014608,USR009842,Streaming Stick,macOS,2025-01-14
DEV014609,USR009843,Smart TV,Windows,2025-04-21
DEV014610,USR009843,Mobile,Android,2025-09-26
DEV014611,USR009843,Streaming Stick,Smart TV OS,2025-05-14
DEV014612,USR009844,Smart TV,Android,2025-08-18
DEV014613,USR009844,Tablet,macOS,2025-02-22
DEV014614,USR009845,Smart TV,iOS,2025-09-03
DEV014615,USR009846,Laptop,Smart TV OS,2025-08-03
DEV014616,USR009846,Smart TV,macOS,2025-08-10
DEV014617,USR009847,Smart TV,Windows,2025-01-01
DEV014618,USR009847,Laptop,Smart TV OS,2025-06-23
DEV014619,USR009848,Smart TV,Android,2025-09-16
DEV014620,USR009849,Laptop,Smart TV OS,2025-01-11
DEV014621,USR009850,Laptop,Windows,2025-07-16
DEV014622,USR009850,Tablet,Windows,2025-09-09
DEV014623,USR009851,Smart TV,iOS,2025-05-14
DEV014624,USR009851,Laptop,macOS,2025-10-16
DEV014625,USR009852,Streaming Stick,iOS,2025-04-03
DEV014626,USR009852,Mobile,iOS,2025-04-15
DEV014627,USR009853,Mobile,Smart TV OS,2025-04-17
DEV014628,USR009854,Smart TV,Android,2025-07-08
DEV014629,USR009854,Tablet,Android,2025-11-09
DEV014630,USR009854,Smart TV,Android,2025-11-24
DEV014631,USR009855,Smart TV,Windows,2025-10-22
DEV014632,USR009855,Smart TV,Android,2025-09-22
DEV014633,USR009855,Mobile,Android,2025-06-17
DEV014634,USR009856,Laptop,Android,2025-05-23
DEV014635,USR009857,Mobile,Windows,2025-01-09
DEV014636,USR009858,Laptop,macOS,2025-07-29
DEV014637,USR009858,Mobile,Android,2025-07-29
DEV014638,USR009859,Mobile,macOS,2025-10-23
DEV014639,USR009859,Smart TV,macOS,2025-04-28
DEV014640,USR009860,Smart TV,Smart TV OS,2025-06-09
DEV014641,USR009861,Smart TV,iOS,2025-05-16
DEV014642,USR009862,Smart TV,iOS,2025-10-15
DEV014643,USR009862,Laptop,Windows,2025-08-11
DEV014644,USR009863,Laptop,Smart TV OS,2025-10-02
DEV014645,USR009864,Smart TV,Android,2025-06-19
DEV014646,USR009865,Tablet,Smart TV OS,2025-03-05
DEV014647,USR009865,Mobile,Smart TV OS,2025-06-03
DEV014648,USR009866,Tablet,Smart TV OS,2025-03-08
DEV014649,USR009866,Streaming Stick,Windows,2025-06-19
DEV014650,USR009866,Smart TV,Android,2025-01-29
DEV014651,USR009867,Mobile,Smart TV OS,2025-05-04
DEV014652,USR009867,Mobile,Windows,2025-10-03
DEV014653,USR009867,Smart TV,Android,2025-06-15
DEV014654,USR009868,Smart TV,macOS,2025-09-09
DEV014655,USR009868,Gaming Console,Android,2025-08-08
DEV014656,USR009869,Mobile,Android,2025-07-12
DEV014657,USR009869,Tablet,iOS,2025-06-04
DEV014658,USR009870,Tablet,macOS,2025-02-06
DEV014659,USR009871,Mobile,Android,2025-05-08
DEV014660,USR009871,Smart TV,Smart TV OS,2025-09-22
DEV014661,USR009872,Smart TV,Android,2025-10-21
DEV014662,USR009872,Laptop,Windows,2025-05-06
DEV014663,USR009873,Laptop,Smart TV OS,2025-07-28
DEV014664,USR009873,Streaming Stick,macOS,2025-10-14
DEV014665,USR009874,Mobile,Android,2025-07-17
DEV014666,USR009874,Tablet,iOS,2025-04-11
DEV014667,USR009875,Laptop,iOS,2025-06-29
DEV014668,USR009876,Smart TV,iOS,2025-02-13
DEV014669,USR009877,Smart TV,Windows,2025-02-10
DEV014670,USR009878,Mobile,macOS,2025-03-14
DEV014671,USR009878,Mobile,macOS,2025-08-13
DEV014672,USR009879,Mobile,iOS,2025-07-13
DEV014673,USR009880,Mobile,Android,2025-02-13
DEV014674,USR009880,Mobile,Windows,2025-11-09
DEV014675,USR009881,Smart TV,Windows,2025-01-01
DEV014676,USR009881,Smart TV,iOS,2025-05-31
DEV014677,USR009882,Smart TV,Windows,2025-09-15
DEV014678,USR009882,Mobile,macOS,2025-07-08
DEV014679,USR009883,Mobile,Windows,2025-09-08
DEV014680,USR009884,Laptop,Android,2025-09-26
DEV014681,USR009885,Streaming Stick,Windows,2025-09-01
DEV014682,USR009886,Gaming Console,Android,2025-04-21
DEV014683,USR009887,Mobile,Android,2025-08-01
DEV014684,USR009888,Mobile,Android,2025-04-10
DEV014685,USR009889,Smart TV,Android,2025-04-21
DEV014686,USR009889,Laptop,Windows,2025-05-10
DEV014687,USR009890,Laptop,Windows,2025-05-25
DEV014688,USR009891,Laptop,Smart TV OS,2025-11-01
DEV014689,USR009892,Smart TV,Smart TV OS,2025-09-18
DEV014690,USR009893,Streaming Stick,iOS,2025-07-13
DEV014691,USR009893,Smart TV,Android,2025-05-06
DEV014692,USR009894,Laptop,iOS,2025-10-03
DEV014693,USR009895,Tablet,macOS,2025-03-19
DEV014694,USR009896,Smart TV,iOS,2025-07-09
DEV014695,USR009897,Mobile,iOS,2025-08-04
DEV014696,USR009898,Smart TV,iOS,2025-01-25
DEV014697,USR009899,Mobile,Android,2025-04-23
DEV014698,USR009900,Smart TV,Windows,2025-08-17
DEV014699,USR009900,Mobile,macOS,2025-06-04
DEV014700,USR009901,Smart TV,iOS,2025-07-02
DEV014701,USR009902,Tablet,iOS,2025-08-08
DEV014702,USR009903,Gaming Console,Windows,2025-07-31
DEV014703,USR009904,Smart TV,macOS,2025-07-18
DEV014704,USR009904,Laptop,Windows,2025-05-06
DEV014705,USR009905,Mobile,Android,2025-08-16
DEV014706,USR009905,Smart TV,Android,2025-10-03
DEV014707,USR009905,Mobile,Android,2025-06-10
DEV014708,USR009906,Mobile,Android,2025-09-18
DEV014709,USR009906,Laptop,iOS,2025-11-11
DEV014710,USR009907,Mobile,macOS,2025-10-11
DEV014711,USR009907,Mobile,Android,2025-11-06
DEV014712,USR009908,Smart TV,Android,2025-09-11
DEV014713,USR009909,Mobile,Windows,2025-09-11
DEV014714,USR009910,Mobile,iOS,2025-07-11
DEV014715,USR009910,Gaming Console,Android,2025-11-10
DEV014716,USR009910,Smart TV,macOS,2025-05-20
DEV014717,USR009911,Smart TV,Windows,2025-05-03
DEV014718,USR009911,Streaming Stick,macOS,2025-05-27
DEV014719,USR009912,Tablet,macOS,2025-06-21
DEV014720,USR009912,Mobile,Android,2025-03-12
DEV014721,USR009913,Smart TV,Smart TV OS,2025-04-08
DEV014722,USR009914,Smart TV,iOS,2025-08-24
DEV014723,USR009915,Laptop,Android,2025-01-15
DEV014724,USR009915,Smart TV,Windows,2025-05-03
DEV014725,USR009916,Streaming Stick,Smart TV OS,2025-08-27
DEV014726,USR009917,Laptop,Windows,2025-09-01
DEV014727,USR009918,Streaming Stick,iOS,2025-05-16
DEV014728,USR009919,Gaming Console,iOS,2025-01-12
DEV014729,USR009919,Mobile,macOS,2025-09-03
DEV014730,USR009920,Laptop,iOS,2025-07-01
DEV014731,USR009921,Smart TV,Windows,2025-11-02
DEV014732,USR009922,Laptop,Smart TV OS,2025-04-13
DEV014733,USR009923,Mobile,Smart TV OS,2025-02-08
DEV014734,USR009924,Mobile,Android,2025-08-30
DEV014735,USR009925,Mobile,Android,2025-04-17
DEV014736,USR009925,Mobile,iOS,2025-01-31
DEV014737,USR009926,Tablet,macOS,2025-01-30
DEV014738,USR009926,Laptop,Windows,2025-01-17
DEV014739,USR009927,Laptop,Android,2025-01-24
DEV014740,USR009927,Laptop,Smart TV OS,2025-10-20
DEV014741,USR009928,Mobile,Android,2025-01-18
DEV014742,USR009928,Smart TV,Android,2025-07-29
DEV014743,USR009929,Laptop,Smart TV OS,2025-07-02
DEV014744,USR009930,Smart TV,Windows,2025-03-18
DEV014745,USR009930,Mobile,iOS,2025-05-04
DEV014746,USR009931,Streaming Stick,Windows,2025-05-15
DEV014747,USR009931,Mobile,iOS,2025-06-25
DEV014748,USR009932,Mobile,Android,2025-06-20
DEV014749,USR009933,Laptop,Android,2025-08-05
DEV014750,USR009933,Tablet,Android,2025-07-07
DEV014751,USR009934,Smart TV,macOS,2025-04-03
DEV014752,USR009935,Tablet,macOS,2025-03-08
DEV014753,USR009935,Mobile,Android,2025-07-30
DEV014754,USR009936,Smart TV,Android,2025-01-17
DEV014755,USR009937,Mobile,Android,2025-01-07
DEV014756,USR009937,Streaming Stick,Android,2025-01-19
DEV014757,USR009938,Mobile,Smart TV OS,2025-01-15
DEV014758,USR009939,Mobile,Smart TV OS,2025-10-20
DEV014759,USR009939,Tablet,iOS,2025-02-10
DEV014760,USR009940,Laptop,Android,2025-05-06
DEV014761,USR009941,Mobile,Windows,2025-10-27
DEV014762,USR009941,Mobile,Android,2025-07-05
DEV014763,USR009942,Tablet,Android,2025-02-09
DEV014764,USR009942,Laptop,Windows,2025-02-10
DEV014765,USR009943,Smart TV,Android,2025-11-03
DEV014766,USR009943,Laptop,Smart TV OS,2025-09-14
DEV014767,USR009944,Mobile,Smart TV OS,2025-07-24
DEV014768,USR009945,Tablet,iOS,2025-02-11
DEV014769,USR009945,Mobile,Windows,2025-02-14
DEV014770,USR009946,Tablet,Android,2025-06-12
DEV014771,USR009947,Mobile,Windows,2025-08-18
DEV014772,USR009948,Mobile,Windows,2025-05-22
DEV014773,USR009948,Laptop,Android,2025-07-25
DEV014774,USR009949,Gaming Console,macOS,2025-06-09
DEV014775,USR009950,Mobile,Smart TV OS,2025-08-29
DEV014776,USR009950,Mobile,Smart TV OS,2025-08-18
DEV014777,USR009951,Mobile,iOS,2025-02-17
DEV014778,USR009952,Mobile,Smart TV OS,2025-07-29
DEV014779,USR009953,Gaming Console,Android,2025-01-01
DEV014780,USR009954,Smart TV,iOS,2025-08-25
DEV014781,USR009955,Tablet,Windows,2025-07-30
DEV014782,USR009955,Smart TV,Windows,2025-07-24
DEV014783,USR009956,Tablet,Android,2025-07-16
DEV014784,USR009956,Mobile,Android,2025-10-08
DEV014785,USR009957,Mobile,Android,2025-11-11
DEV014786,USR009957,Mobile,Smart TV OS,2025-01-09
DEV014787,USR009958,Mobile,iOS,2025-03-10
DEV014788,USR009958,Tablet,Android,2025-07-08
DEV014789,USR009959,Mobile,Smart TV OS,2025-11-04
DEV014790,USR009960,Laptop,Windows,2025-01-09
DEV014791,USR009961,Mobile,Android,2025-11-13
DEV014792,USR009962,Laptop,macOS,2025-03-26
DEV014793,USR009963,Laptop,Android,2025-04-29
DEV014794,USR009963,Mobile,Android,2025-01-02
DEV014795,USR009964,Laptop,Smart TV OS,2025-10-22
DEV014796,USR009964,Mobile,Android,2025-04-06
DEV014797,USR009965,Mobile,iOS,2025-05-27
DEV014798,USR009966,Mobile,iOS,2025-06-11
DEV014799,USR009966,Smart TV,iOS,2025-05-23
DEV014800,USR009967,Gaming Console,Smart TV OS,2025-05-04
DEV014801,USR009967,Tablet,Smart TV OS,2025-11-16
DEV014802,USR009968,Mobile,Android,2025-03-31
DEV014803,USR009969,Smart TV,Android,2025-02-04
DEV014804,USR009969,Mobile,macOS,2025-05-10
DEV014805,USR009970,Laptop,Smart TV OS,2025-02-04
DEV014806,USR009971,Smart TV,Smart TV OS,2025-02-15
DEV014807,USR009972,Laptop,iOS,2025-07-12
DEV014808,USR009973,Laptop,Windows,2025-09-06
DEV014809,USR009974,Tablet,Android,2025-05-05
DEV014810,USR009975,Mobile,macOS,2025-10-30
DEV014811,USR009976,Laptop,Android,2025-05-10
DEV014812,USR009976,Mobile,Android,2025-08-21
DEV014813,USR009977,Laptop,Smart TV OS,2025-09-14
DEV014814,USR009977,Mobile,Windows,2025-06-23
DEV014815,USR009978,Laptop,Smart TV OS,2025-08-22
DEV014816,USR009979,Streaming Stick,Windows,2025-06-04
DEV014817,USR009980,Mobile,Windows,2025-01-02
DEV014818,USR009980,Smart TV,macOS,2025-04-07
DEV014819,USR009981,Smart TV,Windows,2025-05-15
DEV014820,USR009982,Smart TV,Smart TV OS,2025-01-09
DEV014821,USR009983,Laptop,Smart TV OS,2025-03-27
DEV014822,USR009983,Streaming Stick,Windows,2025-04-26
DEV014823,USR009983,Laptop,Smart TV OS,2025-09-16
DEV014824,USR009984,Mobile,macOS,2025-04-26
DEV014825,USR009985,Smart TV,iOS,2025-02-12
DEV014826,USR009985,Mobile,iOS,2025-10-03
DEV014827,USR009986,Smart TV,Android,2025-07-28
DEV014828,USR009986,Streaming Stick,Windows,2025-07-31
DEV014829,USR009987,Gaming Console,Android,2025-09-12
DEV014830,USR009988,Tablet,Android,2025-02-18
DEV014831,USR009989,Smart TV,iOS,2025-04-15
DEV014832,USR009990,Streaming Stick,Smart TV OS,2025-02-09
DEV014833,USR009990,Smart TV,Windows,2025-09-16
DEV014834,USR009991,Smart TV,Smart TV OS,2025-01-05
DEV014835,USR009991,Smart TV,Android,2025-03-14
DEV014836,USR009992,Smart TV,Android,2025-07-11
DEV014837,USR009993,Mobile,Android,2025-08-03
DEV014838,USR009994,Mobile,macOS,2025-10-01
DEV014839,USR009994,Mobile,Smart TV OS,2025-02-10
DEV014840,USR009995,Mobile,iOS,2025-11-15
DEV014841,USR009996,Mobile,Windows,2025-10-03
DEV014842,USR009996,Gaming Console,Android,2025-07-06
DEV014843,USR009996,Gaming Console,Android,2025-11-23
DEV014844,USR009997,Smart TV,Windows,2025-03-02
DEV014845,USR009998,Tablet,iOS,2025-11-05
DEV014846,USR009999,Laptop,iOS,2025-11-15
DEV014847,USR010000,Laptop,macOS,2025-01-30
DEV014848,USR010000,Laptop,iOS,2025-10-23
