subscription_id,user_id,plan_name,monthly_price_inr,start_date,end_date,status,auto_renew
SUB000001,USR000001,Standard,499,2025-05-17,2025-09-22,Cancelled,False
SUB000002,USR000002,Basic,299,2025-04-09,2026-01-01,Active,False
SUB000003,USR000003,Premium,799,2025-06-03,2025-10-27,Expired,True
SUB000004,USR000003,Standard,499,2025-10-28,2026-01-01,Active,True
SUB000005,USR000004,Premium,799,2025-03-04,2026-01-01,Active,True
SUB000006,USR000005,Premium,799,2025-08-02,2025-12-16,Cancelled,False
SUB000007,USR000006,Premium,799,2025-02-14,2025-06-17,Expired,False
SUB000008,USR000006,Mobile,149,2025-06-18,2025-09-18,Cancelled,True
SUB000009,USR000007,Standard,499,2025-07-09,2026-01-01,Active,True
SUB000010,USR000008,Basic,299,2025-03-12,2025-07-06,Cancelled,True
SUB000011,USR000008,Basic,299,2025-07-07,2025-10-14,Expired,False
SUB000012,USR000009,Premium,799,2025-03-22,2025-11-18,Expired,True
SUB000013,USR000010,Basic,299,2025-05-30,2026-01-01,Active,True
SUB000014,USR000011,Mobile,149,2025-07-25,2025-11-24,Expired,True
SUB000015,USR000012,Standard,499,2025-02-04,2025-10-03,Cancelled,True
SUB000016,USR000013,Standard,499,2025-05-17,2025-10-05,Cancelled,True
SUB000017,USR000014,Basic,299,2025-04-19,2026-01-01,Active,True
SUB000018,USR000015,Basic,299,2025-02-22,2026-01-01,Active,True
SUB000019,USR000016,Basic,299,2025-05-18,2026-01-01,Active,True
SUB000020,USR000017,Mobile,149,2025-02-22,2026-01-01,Active,False
SUB000021,USR000018,Standard,499,2025-05-03,2025-10-12,Expired,False
SUB000022,USR000019,Standard,499,2025-03-09,2025-11-28,Cancelled,True
SUB000023,USR000019,Basic,299,2025-11-29,2026-01-01,Active,False
SUB000024,USR000020,Standard,499,2025-03-25,2025-07-04,Expired,False
SUB000025,USR000020,Premium,799,2025-07-05,2025-12-09,Expired,True
SUB000026,USR000021,Mobile,149,2025-04-09,2026-01-01,Active,True
SUB000027,USR000022,Basic,299,2025-06-01,2025-11-01,Expired,True
SUB000028,USR000023,Basic,299,2025-02-28,2025-08-01,Cancelled,True
SUB000029,USR000024,Basic,299,2025-04-30,2026-01-01,Active,True
SUB000030,USR000025,Basic,299,2025-03-21,2026-01-01,Active,True
SUB000031,USR000026,Mobile,149,2025-03-17,2026-01-01,Active,True
SUB000032,USR000027,Standard,499,2025-05-19,2025-09-30,Cancelled,True
SUB000033,USR000028,Mobile,149,2025-03-19,2026-01-01,Active,True
SUB000034,USR000029,Standard,499,2025-03-17,2026-01-01,Active,True
SUB000035,USR000030,Standard,499,2025-04-20,2025-08-13,Cancelled,True
SUB000036,USR000031,Premium,799,2025-02-12,2026-01-01,Active,False
SUB000037,USR000032,Basic,299,2025-03-23,2026-01-01,Active,False
SUB000038,USR000033,Mobile,149,2025-05-01,2026-01-01,Active,False
SUB000039,USR000034,Basic,299,2025-01-19,2025-09-17,Expired,True
SUB000040,USR000035,Mobile,149,2025-02-16,2026-01-01,Active,False
SUB000041,USR000036,Mobile,149,2025-03-24,2025-09-05,Expired,True
SUB000042,USR000036,Basic,299,2025-09-06,2026-01-01,Active,True
SUB000043,USR000037,Premium,799,2025-05-14,2025-11-13,Expired,True
SUB000044,USR000038,Premium,799,2025-08-28,2026-01-01,Active,True
SUB000045,USR000039,Basic,299,2025-03-09,2026-01-01,Active,False
SUB000046,USR000040,Standard,499,2025-01-29,2025-09-07,Cancelled,True
SUB000047,USR000041,Standard,499,2025-01-30,2025-10-16,Expired,True
SUB000048,USR000041,Standard,499,2025-10-17,2026-01-01,Active,True
SUB000049,USR000042,Basic,299,2025-03-13,2025-12-09,Expired,False
SUB000050,USR000042,Basic,299,2025-12-10,2026-01-01,Active,True
SUB000051,USR000043,Basic,299,2025-07-25,2026-01-01,Active,True
SUB000052,USR000044,Premium,799,2025-01-26,2026-01-01,Active,True
SUB000053,USR000045,Mobile,149,2025-04-01,2025-07-26,Expired,True
SUB000054,USR000046,Mobile,149,2025-04-30,2026-01-01,Active,True
SUB000055,USR000047,Mobile,149,2025-03-02,2025-09-07,Expired,True
SUB000056,USR000048,Premium,799,2025-05-31,2026-01-01,Active,True
SUB000057,USR000049,Premium,799,2025-06-27,2026-01-01,Active,True
SUB000058,USR000050,Mobile,149,2025-02-07,2025-10-23,Cancelled,False
SUB000059,USR000051,Premium,799,2025-05-19,2026-01-01,Active,True
SUB000060,USR000052,Basic,299,2025-04-30,2025-12-01,Cancelled,False
SUB000061,USR000052,Standard,499,2025-12-02,2026-01-01,Active,True
SUB000062,USR000053,Mobile,149,2025-03-29,2026-01-01,Active,False
SUB000063,USR000054,Premium,799,2025-03-04,2025-09-29,Expired,True
SUB000064,USR000054,Standard,499,2025-09-30,2026-01-01,Active,True
SUB000065,USR000055,Standard,499,2025-06-26,2026-01-01,Active,True
SUB000066,USR000056,Standard,499,2025-02-09,2025-08-31,Cancelled,True
SUB000067,USR000057,Mobile,149,2025-03-11,2026-01-01,Active,True
SUB000068,USR000058,Basic,299,2025-05-13,2026-01-01,Active,True
SUB000069,USR000059,Premium,799,2025-04-27,2026-01-01,Active,True
SUB000070,USR000060,Standard,499,2025-06-23,2025-12-15,Expired,False
SUB000071,USR000061,Standard,499,2025-02-23,2025-08-27,Cancelled,True
SUB000072,USR000061,Mobile,149,2025-08-28,2026-01-01,Active,False
SUB000073,USR000062,Mobile,149,2025-06-08,2025-12-26,Cancelled,True
SUB000074,USR000062,Mobile,149,2025-12-27,2026-01-01,Active,False
SUB000075,USR000063,Basic,299,2025-05-01,2025-12-29,Expired,True
SUB000076,USR000064,Basic,299,2025-04-22,2025-07-30,Expired,True
SUB000077,USR000065,Mobile,149,2025-02-10,2025-09-25,Expired,True
SUB000078,USR000065,Premium,799,2025-09-26,2026-01-01,Active,True
SUB000079,USR000066,Basic,299,2025-05-09,2025-11-17,Cancelled,False
SUB000080,USR000067,Basic,299,2025-03-11,2025-11-24,Cancelled,False
SUB000081,USR000068,Basic,299,2025-10-11,2026-01-01,Active,True
SUB000082,USR000069,Mobile,149,2025-02-21,2025-06-23,Expired,False
SUB000083,USR000069,Basic,299,2025-06-24,2025-10-02,Expired,True
SUB000084,USR000070,Premium,799,2025-02-19,2025-07-19,Expired,True
SUB000085,USR000070,Basic,299,2025-07-20,2025-11-25,Expired,True
SUB000086,USR000071,Standard,499,2025-05-14,2026-01-01,Active,True
SUB000087,USR000072,Standard,499,2025-01-15,2025-11-26,Expired,True
SUB000088,USR000072,Standard,499,2025-11-27,2026-01-01,Active,True
SUB000089,USR000073,Standard,499,2025-03-06,2025-09-06,Cancelled,False
SUB000090,USR000074,Mobile,149,2025-04-10,2025-07-28,Cancelled,False
SUB000091,USR000075,Basic,299,2025-04-11,2026-01-01,Active,True
SUB000092,USR000076,Mobile,149,2025-01-28,2026-01-01,Active,True
SUB000093,USR000077,Standard,499,2025-06-17,2026-01-01,Active,False
SUB000094,USR000078,Basic,299,2025-07-21,2026-01-01,Active,True
SUB000095,USR000079,Basic,299,2025-04-10,2025-11-16,Expired,True
SUB000096,USR000080,Mobile,149,2025-01-26,2026-01-01,Active,False
SUB000097,USR000081,Basic,299,2025-01-19,2025-08-01,Cancelled,False
SUB000098,USR000081,Standard,499,2025-08-02,2025-10-19,Expired,False
SUB000099,USR000082,Basic,299,2025-02-24,2026-01-01,Active,True
SUB000100,USR000083,Basic,299,2025-05-06,2026-01-01,Active,True
SUB000101,USR000084,Premium,799,2025-02-15,2025-11-08,Cancelled,True
SUB000102,USR000085,Mobile,149,2025-02-14,2025-12-24,Expired,False
SUB000103,USR000085,Premium,799,2025-12-25,2026-01-01,Active,True
SUB000104,USR000086,Mobile,149,2025-05-05,2026-01-01,Active,True
SUB000105,USR000087,Premium,799,2025-03-31,2025-11-29,Cancelled,True
SUB000106,USR000088,Standard,499,2025-04-25,2026-01-01,Active,True
SUB000107,USR000089,Premium,799,2025-06-07,2025-11-22,Expired,False
SUB000108,USR000089,Mobile,149,2025-11-23,2026-01-01,Active,False
SUB000109,USR000090,Premium,799,2025-03-15,2025-10-02,Cancelled,False
SUB000110,USR000090,Standard,499,2025-10-03,2026-01-01,Active,True
SUB000111,USR000091,Mobile,149,2025-04-01,2025-09-19,Expired,True
SUB000112,USR000092,Premium,799,2025-03-09,2025-12-13,Expired,True
SUB000113,USR000093,Basic,299,2025-04-11,2026-01-01,Active,True
SUB000114,USR000094,Standard,499,2025-04-03,2025-07-13,Expired,False
SUB000115,USR000095,Standard,499,2025-05-11,2026-01-01,Active,True
SUB000116,USR000096,Standard,499,2025-06-11,2025-10-12,Expired,True
SUB000117,USR000096,Basic,299,2025-10-13,2026-01-01,Active,True
SUB000118,USR000097,Basic,299,2025-05-27,2026-01-01,Active,True
SUB000119,USR000098,Mobile,149,2025-02-07,2025-06-28,Expired,False
SUB000120,USR000099,Mobile,149,2025-03-23,2025-10-24,Expired,True
SUB000121,USR000100,Basic,299,2025-03-08,2026-01-01,Active,True
SUB000122,USR000101,Standard,499,2025-04-02,2025-07-19,Expired,True
SUB000123,USR000101,Basic,299,2025-07-20,2026-01-01,Active,True
SUB000124,USR000102,Mobile,149,2025-07-06,2026-01-01,Active,True
SUB000125,USR000103,Standard,499,2025-02-19,2026-01-01,Active,True
SUB000126,USR000104,Standard,499,2025-03-08,2025-09-03,Cancelled,False
SUB000127,USR000104,Premium,799,2025-09-04,2026-01-01,Active,False
SUB000128,USR000105,Mobile,149,2025-04-06,2026-01-01,Active,False
SUB000129,USR000106,Basic,299,2025-03-19,2025-08-13,Expired,True
SUB000130,USR000107,Basic,299,2025-03-04,2025-06-28,Cancelled,True
SUB000131,USR000108,Standard,499,2025-04-27,2026-01-01,Active,True
SUB000132,USR000109,Basic,299,2025-04-13,2025-11-23,Cancelled,True
SUB000133,USR000110,Standard,499,2025-03-08,2026-01-01,Active,True
SUB000134,USR000111,Premium,799,2025-01-27,2025-12-22,Expired,True
SUB000135,USR000112,Basic,299,2025-06-06,2026-01-01,Active,True
SUB000136,USR000113,Standard,499,2025-03-07,2025-12-13,Expired,True
SUB000137,USR000114,Mobile,149,2025-08-24,2026-01-01,Active,True
SUB000138,USR000115,Basic,299,2025-07-13,2025-10-20,Expired,True
SUB000139,USR000115,Standard,499,2025-10-21,2026-01-01,Active,True
SUB000140,USR000116,Standard,499,2025-05-30,2026-01-01,Active,True
SUB000141,USR000117,Premium,799,2025-06-05,2026-01-01,Active,True
SUB000142,USR000118,Mobile,149,2025-06-29,2025-12-21,Cancelled,True
SUB000143,USR000119,Standard,499,2025-06-18,2026-01-01,Active,True
SUB000144,USR000120,Mobile,149,2025-05-05,2025-09-24,Expired,True
SUB000145,USR000121,Premium,799,2025-05-13,2026-01-01,Active,True
SUB000146,USR000122,Premium,799,2025-07-26,2026-01-01,Active,True
SUB000147,USR000123,Standard,499,2025-04-24,2025-11-25,Expired,True
SUB000148,USR000123,Basic,299,2025-11-26,2026-01-01,Active,True
SUB000149,USR000124,Basic,299,2025-02-24,2025-09-12,Expired,False
SUB000150,USR000124,Basic,299,2025-09-13,2026-01-01,Active,True
SUB000151,USR000125,Mobile,149,2025-06-16,2026-01-01,Active,True
SUB000152,USR000126,Basic,299,2025-05-14,2025-08-27,Cancelled,False
SUB000153,USR000127,Mobile,149,2025-01-26,2025-11-08,Expired,True
SUB000154,USR000128,Standard,499,2025-03-28,2026-01-01,Active,True
SUB000155,USR000129,Mobile,149,2025-03-27,2026-01-01,Active,True
SUB000156,USR000130,Basic,299,2025-07-25,2026-01-01,Active,True
SUB000157,USR000131,Standard,499,2025-03-27,2025-10-24,Expired,True
SUB000158,USR000131,Standard,499,2025-10-25,2026-01-01,Active,False
SUB000159,USR000132,Basic,299,2025-02-25,2025-09-25,Expired,False
SUB000160,USR000132,Standard,499,2025-09-26,2026-01-01,Active,True
SUB000161,USR000133,Basic,299,2025-06-28,2026-01-01,Active,True
SUB000162,USR000134,Mobile,149,2025-03-06,2025-07-17,Cancelled,True
SUB000163,USR000135,Mobile,149,2025-01-23,2025-07-31,Cancelled,True
SUB000164,USR000136,Standard,499,2025-05-15,2026-01-01,Active,True
SUB000165,USR000137,Premium,799,2025-04-30,2025-11-22,Expired,True
SUB000166,USR000138,Basic,299,2025-04-22,2026-01-01,Active,True
SUB000167,USR000139,Basic,299,2025-05-17,2025-09-16,Expired,True
SUB000168,USR000139,Mobile,149,2025-09-17,2026-01-01,Active,False
SUB000169,USR000140,Standard,499,2025-06-01,2025-09-25,Expired,True
SUB000170,USR000140,Basic,299,2025-09-26,2026-01-01,Active,False
SUB000171,USR000141,Basic,299,2025-05-06,2025-10-21,Expired,False
SUB000172,USR000142,Premium,799,2025-03-17,2025-12-07,Cancelled,False
SUB000173,USR000143,Basic,299,2025-02-16,2026-01-01,Active,False
SUB000174,USR000144,Standard,499,2025-01-25,2025-05-29,Cancelled,False
SUB000175,USR000144,Premium,799,2025-05-30,2025-12-09,Expired,True
SUB000176,USR000145,Mobile,149,2025-05-28,2025-10-29,Cancelled,False
SUB000177,USR000146,Mobile,149,2025-04-03,2025-11-14,Cancelled,True
SUB000178,USR000146,Mobile,149,2025-11-15,2026-01-01,Active,True
SUB000179,USR000147,Basic,299,2025-03-07,2026-01-01,Active,True
SUB000180,USR000148,Mobile,149,2025-01-28,2025-10-15,Expired,True
SUB000181,USR000148,Standard,499,2025-10-16,2026-01-01,Active,True
SUB000182,USR000149,Standard,499,2025-03-26,2026-01-01,Active,False
SUB000183,USR000150,Mobile,149,2025-05-22,2026-01-01,Active,True
SUB000184,USR000151,Mobile,149,2025-05-08,2025-09-24,Expired,True
SUB000185,USR000151,Basic,299,2025-09-25,2026-01-01,Active,True
SUB000186,USR000152,Standard,499,2025-02-23,2025-08-05,Cancelled,True
SUB000187,USR000152,Standard,499,2025-08-06,2026-01-01,Active,True
SUB000188,USR000153,Mobile,149,2025-03-25,2026-01-01,Active,True
SUB000189,USR000154,Standard,499,2025-02-23,2025-10-14,Expired,False
SUB000190,USR000154,Basic,299,2025-10-15,2026-01-01,Active,True
SUB000191,USR000155,Mobile,149,2025-01-27,2026-01-01,Active,True
SUB000192,USR000156,Basic,299,2025-08-09,2025-12-07,Cancelled,True
SUB000193,USR000157,Standard,499,2025-03-09,2025-12-23,Cancelled,True
SUB000194,USR000158,Premium,799,2025-07-03,2026-01-01,Active,False
SUB000195,USR000159,Basic,299,2025-03-25,2026-01-01,Active,True
SUB000196,USR000160,Standard,499,2025-05-24,2026-01-01,Active,True
SUB000197,USR000161,Standard,499,2025-05-31,2026-01-01,Active,True
SUB000198,USR000162,Mobile,149,2025-04-24,2026-01-01,Active,True
SUB000199,USR000163,Mobile,149,2025-05-20,2026-01-01,Active,True
SUB000200,USR000164,Mobile,149,2025-05-23,2026-01-01,Active,True
SUB000201,USR000165,Basic,299,2025-06-14,2025-10-07,Expired,True
SUB000202,USR000165,Basic,299,2025-10-08,2026-01-01,Active,True
SUB000203,USR000166,Standard,499,2025-01-27,2025-07-18,Expired,False
SUB000204,USR000167,Standard,499,2025-02-28,2025-10-07,Expired,True
SUB000205,USR000168,Standard,499,2025-09-14,2026-01-01,Active,True
SUB000206,USR000169,Standard,499,2025-01-20,2025-08-16,Cancelled,True
SUB000207,USR000170,Standard,499,2025-03-10,2026-01-01,Active,True
SUB000208,USR000171,Standard,499,2025-04-21,2026-01-01,Active,True
SUB000209,USR000172,Mobile,149,2025-05-07,2025-10-02,Expired,True
SUB000210,USR000173,Mobile,149,2025-07-01,2026-01-01,Active,True
SUB000211,USR000174,Basic,299,2025-05-09,2026-01-01,Active,True
SUB000212,USR000175,Premium,799,2025-07-07,2026-01-01,Active,True
SUB000213,USR000176,Basic,299,2025-03-10,2025-10-12,Cancelled,True
SUB000214,USR000177,Basic,299,2025-01-12,2025-06-21,Expired,False
SUB000215,USR000178,Mobile,149,2025-06-21,2025-12-17,Cancelled,True
SUB000216,USR000179,Standard,499,2025-03-26,2026-01-01,Active,True
SUB000217,USR000180,Standard,499,2025-02-20,2026-01-01,Active,True
SUB000218,USR000181,Premium,799,2025-07-27,2026-01-01,Active,True
SUB000219,USR000182,Standard,499,2025-02-25,2026-01-01,Active,False
SUB000220,USR000183,Premium,799,2025-03-14,2026-01-01,Active,True
SUB000221,USR000184,Basic,299,2025-04-21,2026-01-01,Active,False
SUB000222,USR000185,Basic,299,2025-04-22,2025-11-27,Expired,True
SUB000223,USR000186,Standard,499,2025-03-16,2025-08-15,Cancelled,False
SUB000224,USR000186,Standard,499,2025-08-16,2025-12-31,Cancelled,False
SUB000225,USR000187,Mobile,149,2025-06-07,2026-01-01,Active,True
SUB000226,USR000188,Basic,299,2025-02-22,2026-01-01,Active,False
SUB000227,USR000189,Basic,299,2025-06-24,2026-01-01,Active,True
SUB000228,USR000190,Standard,499,2025-08-10,2026-01-01,Active,True
SUB000229,USR000191,Basic,299,2025-04-30,2026-01-01,Active,True
SUB000230,USR000192,Basic,299,2025-05-04,2026-01-01,Active,True
SUB000231,USR000193,Standard,499,2025-02-21,2025-06-28,Cancelled,True
SUB000232,USR000194,Basic,299,2025-09-22,2026-01-01,Active,True
SUB000233,USR000195,Standard,499,2025-02-20,2025-09-16,Expired,True
SUB000234,USR000196,Standard,499,2025-04-17,2025-09-13,Expired,False
SUB000235,USR000197,Basic,299,2025-07-16,2026-01-01,Active,False
SUB000236,USR000198,Basic,299,2025-03-03,2025-11-06,Expired,False
SUB000237,USR000199,Standard,499,2025-04-14,2026-01-01,Active,False
SUB000238,USR000200,Standard,499,2025-02-23,2025-09-20,Cancelled,True
SUB000239,USR000201,Basic,299,2025-05-29,2025-12-21,Cancelled,True
SUB000240,USR000202,Basic,299,2025-06-30,2026-01-01,Active,True
SUB000241,USR000203,Basic,299,2025-02-19,2025-10-02,Expired,True
SUB000242,USR000203,Mobile,149,2025-10-03,2026-01-01,Active,True
SUB000243,USR000204,Mobile,149,2025-01-23,2025-09-25,Expired,False
SUB000244,USR000205,Mobile,149,2025-01-07,2025-05-24,Expired,True
SUB000245,USR000206,Premium,799,2025-03-04,2025-08-24,Expired,True
SUB000246,USR000206,Standard,499,2025-08-25,2026-01-01,Active,False
SUB000247,USR000207,Standard,499,2025-04-14,2025-12-13,Expired,True
SUB000248,USR000208,Mobile,149,2025-07-25,2026-01-01,Active,False
SUB000249,USR000209,Basic,299,2025-04-30,2026-01-01,Active,True
SUB000250,USR000210,Basic,299,2025-04-13,2026-01-01,Active,True
SUB000251,USR000211,Standard,499,2025-06-08,2025-11-22,Cancelled,True
SUB000252,USR000212,Basic,299,2025-05-19,2026-01-01,Active,True
SUB000253,USR000213,Mobile,149,2025-03-26,2025-10-06,Cancelled,True
SUB000254,USR000213,Basic,299,2025-10-07,2026-01-01,Active,True
SUB000255,USR000214,Standard,499,2025-02-10,2025-05-16,Expired,True
SUB000256,USR000214,Standard,499,2025-05-17,2025-12-15,Cancelled,False
SUB000257,USR000215,Standard,499,2025-06-14,2026-01-01,Active,True
SUB000258,USR000216,Premium,799,2025-05-08,2026-01-01,Active,True
SUB000259,USR000217,Premium,799,2025-02-03,2025-12-15,Expired,True
SUB000260,USR000218,Mobile,149,2025-05-03,2025-11-14,Expired,True
SUB000261,USR000219,Basic,299,2025-03-10,2025-09-10,Expired,True
SUB000262,USR000220,Mobile,149,2025-07-16,2026-01-01,Active,False
SUB000263,USR000221,Mobile,149,2025-02-24,2026-01-01,Active,True
SUB000264,USR000222,Standard,499,2025-06-16,2025-09-30,Expired,True
SUB000265,USR000223,Premium,799,2025-08-03,2026-01-01,Active,True
SUB000266,USR000224,Standard,499,2025-03-21,2025-10-20,Cancelled,False
SUB000267,USR000225,Standard,499,2025-04-12,2025-11-05,Expired,True
SUB000268,USR000226,Basic,299,2025-05-10,2025-08-22,Expired,True
SUB000269,USR000227,Standard,499,2025-04-29,2025-07-29,Expired,True
SUB000270,USR000227,Standard,499,2025-07-30,2025-11-15,Expired,True
SUB000271,USR000228,Basic,299,2025-01-31,2025-07-11,Expired,True
SUB000272,USR000228,Basic,299,2025-07-12,2025-11-11,Expired,True
SUB000273,USR000229,Standard,499,2025-03-21,2025-11-01,Expired,True
SUB000274,USR000230,Basic,299,2025-06-26,2026-01-01,Active,True
SUB000275,USR000231,Basic,299,2025-04-01,2025-08-28,Cancelled,True
SUB000276,USR000231,Basic,299,2025-08-29,2026-01-01,Active,False
SUB000277,USR000232,Mobile,149,2025-07-30,2026-01-01,Active,False
SUB000278,USR000233,Premium,799,2025-06-20,2025-11-24,Expired,True
SUB000279,USR000234,Standard,499,2025-03-29,2026-01-01,Active,True
SUB000280,USR000235,Basic,299,2025-03-16,2026-01-01,Active,True
SUB000281,USR000236,Basic,299,2025-02-13,2026-01-01,Active,False
SUB000282,USR000237,Basic,299,2025-02-15,2025-06-23,Expired,True
SUB000283,USR000238,Standard,499,2025-03-31,2025-12-12,Expired,False
SUB000284,USR000238,Premium,799,2025-12-13,2026-01-01,Active,False
SUB000285,USR000239,Standard,499,2025-03-15,2026-01-01,Active,True
SUB000286,USR000240,Mobile,149,2025-04-04,2026-01-01,Active,True
SUB000287,USR000241,Standard,499,2025-06-15,2026-01-01,Active,False
SUB000288,USR000242,Standard,499,2025-04-28,2026-01-01,Active,True
SUB000289,USR000243,Basic,299,2025-06-08,2026-01-01,Active,True
SUB000290,USR000244,Basic,299,2025-04-07,2025-11-03,Cancelled,False
SUB000291,USR000245,Basic,299,2025-04-24,2026-01-01,Active,True
SUB000292,USR000246,Standard,499,2025-04-02,2025-09-30,Expired,True
SUB000293,USR000247,Mobile,149,2025-03-27,2025-07-05,Cancelled,True
SUB000294,USR000248,Standard,499,2025-08-08,2025-11-07,Cancelled,False
SUB000295,USR000248,Basic,299,2025-11-08,2026-01-01,Active,True
SUB000296,USR000249,Basic,299,2025-03-15,2026-01-01,Active,True
SUB000297,USR000250,Premium,799,2025-05-09,2025-09-10,Cancelled,False
SUB000298,USR000251,Basic,299,2025-03-04,2026-01-01,Active,True
SUB000299,USR000252,Standard,499,2025-08-04,2026-01-01,Active,True
SUB000300,USR000253,Standard,499,2025-02-20,2025-09-27,Expired,True
SUB000301,USR000254,Premium,799,2025-02-26,2025-12-16,Cancelled,True
SUB000302,USR000255,Basic,299,2025-06-22,2026-01-01,Active,False
SUB000303,USR000256,Mobile,149,2025-05-10,2026-01-01,Active,False
SUB000304,USR000257,Basic,299,2025-03-26,2025-10-23,Cancelled,True
SUB000305,USR000258,Mobile,149,2025-05-26,2025-09-18,Cancelled,False
SUB000306,USR000259,Premium,799,2025-04-08,2025-09-23,Cancelled,True
SUB000307,USR000260,Basic,299,2025-03-17,2026-01-01,Active,True
SUB000308,USR000261,Standard,499,2025-03-26,2026-01-01,Active,True
SUB000309,USR000262,Standard,499,2025-07-18,2026-01-01,Active,True
SUB000310,USR000263,Premium,799,2025-06-09,2026-01-01,Active,True
SUB000311,USR000264,Mobile,149,2025-05-13,2025-09-17,Cancelled,True
SUB000312,USR000265,Mobile,149,2025-04-19,2026-01-01,Active,True
SUB000313,USR000266,Mobile,149,2025-03-25,2026-01-01,Active,True
SUB000314,USR000267,Basic,299,2025-03-16,2025-09-23,Expired,True
SUB000315,USR000268,Standard,499,2025-06-17,2025-11-06,Expired,True
SUB000316,USR000269,Premium,799,2025-02-07,2025-10-20,Cancelled,True
SUB000317,USR000269,Premium,799,2025-10-21,2026-01-01,Active,True
SUB000318,USR000270,Standard,499,2025-01-28,2025-05-07,Expired,True
SUB000319,USR000271,Basic,299,2025-05-23,2025-10-16,Expired,False
SUB000320,USR000271,Basic,299,2025-10-17,2026-01-01,Active,False
SUB000321,USR000272,Mobile,149,2025-03-15,2025-08-18,Expired,True
SUB000322,USR000273,Standard,499,2025-07-02,2025-11-04,Cancelled,True
SUB000323,USR000274,Premium,799,2025-06-14,2026-01-01,Active,False
SUB000324,USR000275,Premium,799,2025-04-15,2026-01-01,Active,True
SUB000325,USR000276,Mobile,149,2025-06-14,2026-01-01,Active,True
SUB000326,USR000277,Mobile,149,2025-06-22,2026-01-01,Active,False
SUB000327,USR000278,Basic,299,2025-07-08,2026-01-01,Active,True
SUB000328,USR000279,Basic,299,2025-03-22,2026-01-01,Active,True
SUB000329,USR000280,Standard,499,2025-01-24,2025-09-28,Cancelled,False
SUB000330,USR000280,Premium,799,2025-09-29,2026-01-01,Active,True
SUB000331,USR000281,Premium,799,2025-01-06,2025-04-30,Cancelled,True
SUB000332,USR000282,Mobile,149,2025-06-21,2026-01-01,Active,True
SUB000333,USR000283,Premium,799,2025-04-11,2025-08-04,Cancelled,False
SUB000334,USR000284,Mobile,149,2025-02-19,2025-06-22,Expired,True
SUB000335,USR000285,Basic,299,2025-04-25,2025-09-27,Expired,False
SUB000336,USR000286,Standard,499,2025-04-13,2025-09-20,Cancelled,True
SUB000337,USR000287,Premium,799,2025-04-20,2025-11-09,Expired,False
SUB000338,USR000288,Standard,499,2025-03-28,2025-08-08,Expired,False
SUB000339,USR000289,Mobile,149,2025-05-31,2025-10-19,Expired,True
SUB000340,USR000290,Premium,799,2025-02-17,2025-07-15,Expired,True
SUB000341,USR000291,Basic,299,2025-04-02,2025-08-03,Expired,True
SUB000342,USR000292,Basic,299,2025-03-05,2025-06-09,Cancelled,True
SUB000343,USR000292,Standard,499,2025-06-10,2025-09-10,Cancelled,True
SUB000344,USR000293,Standard,499,2025-05-23,2026-01-01,Active,True
SUB000345,USR000294,Mobile,149,2025-03-04,2026-01-01,Active,True
SUB000346,USR000295,Premium,799,2025-02-07,2025-10-20,Expired,True
SUB000347,USR000295,Premium,799,2025-10-21,2026-01-01,Active,False
SUB000348,USR000296,Mobile,149,2025-05-06,2026-01-01,Active,True
SUB000349,USR000297,Standard,499,2025-05-01,2025-10-23,Expired,False
SUB000350,USR000298,Basic,299,2025-02-02,2025-08-31,Expired,True
SUB000351,USR000299,Mobile,149,2025-06-24,2026-01-01,Active,True
SUB000352,USR000300,Standard,499,2025-04-28,2026-01-01,Active,True
SUB000353,USR000301,Basic,299,2025-03-21,2025-07-23,Expired,True
SUB000354,USR000302,Basic,299,2025-01-16,2025-09-29,Expired,True
SUB000355,USR000303,Standard,499,2025-06-04,2026-01-01,Active,True
SUB000356,USR000304,Basic,299,2025-04-29,2026-01-01,Active,True
SUB000357,USR000305,Standard,499,2025-05-15,2026-01-01,Active,True
SUB000358,USR000306,Premium,799,2025-05-10,2026-01-01,Active,True
SUB000359,USR000307,Premium,799,2025-01-24,2026-01-01,Active,True
SUB000360,USR000308,Basic,299,2025-03-26,2025-10-10,Cancelled,False
SUB000361,USR000309,Mobile,149,2025-06-17,2026-01-01,Active,True
SUB000362,USR000310,Basic,299,2025-02-06,2025-09-11,Cancelled,False
SUB000363,USR000311,Premium,799,2025-04-07,2025-11-02,Expired,True
SUB000364,USR000312,Premium,799,2025-02-10,2025-08-25,Cancelled,True
SUB000365,USR000313,Basic,299,2025-05-29,2025-11-26,Cancelled,True
SUB000366,USR000314,Basic,299,2025-04-11,2026-01-01,Active,True
SUB000367,USR000315,Standard,499,2025-05-27,2026-01-01,Active,True
SUB000368,USR000316,Basic,299,2025-05-19,2026-01-01,Active,False
SUB000369,USR000317,Mobile,149,2025-07-31,2026-01-01,Active,True
SUB000370,USR000318,Basic,299,2025-07-30,2025-12-12,Expired,False
SUB000371,USR000318,Basic,299,2025-12-13,2026-01-01,Active,True
SUB000372,USR000319,Premium,799,2025-02-03,2026-01-01,Active,False
SUB000373,USR000320,Mobile,149,2025-05-11,2026-01-01,Active,False
SUB000374,USR000321,Mobile,149,2025-08-08,2026-01-01,Active,True
SUB000375,USR000322,Basic,299,2025-04-28,2025-09-09,Cancelled,True
SUB000376,USR000323,Standard,499,2025-08-25,2026-01-01,Active,False
SUB000377,USR000324,Mobile,149,2025-03-30,2025-11-02,Expired,False
SUB000378,USR000325,Standard,499,2025-06-17,2026-01-01,Active,True
SUB000379,USR000326,Standard,499,2025-08-12,2025-12-15,Expired,True
SUB000380,USR000327,Premium,799,2025-02-22,2025-10-30,Expired,True
SUB000381,USR000328,Premium,799,2025-04-04,2026-01-01,Active,False
SUB000382,USR000329,Basic,299,2025-08-11,2026-01-01,Active,False
SUB000383,USR000330,Mobile,149,2025-05-02,2026-01-01,Active,True
SUB000384,USR000331,Premium,799,2025-05-28,2025-10-03,Expired,False
SUB000385,USR000332,Basic,299,2025-06-20,2025-11-24,Cancelled,False
SUB000386,USR000333,Basic,299,2025-03-23,2025-07-28,Expired,True
SUB000387,USR000334,Basic,299,2025-06-02,2026-01-01,Active,True
SUB000388,USR000335,Basic,299,2025-05-13,2026-01-01,Active,True
SUB000389,USR000336,Mobile,149,2025-03-13,2025-09-16,Cancelled,True
SUB000390,USR000337,Premium,799,2025-03-28,2026-01-01,Active,True
SUB000391,USR000338,Mobile,149,2025-08-17,2025-12-07,Cancelled,False
SUB000392,USR000338,Standard,499,2025-12-08,2026-01-01,Active,False
SUB000393,USR000339,Standard,499,2025-02-27,2026-01-01,Active,True
SUB000394,USR000340,Standard,499,2025-06-21,2026-01-01,Active,True
SUB000395,USR000341,Mobile,149,2025-04-29,2026-01-01,Active,True
SUB000396,USR000342,Basic,299,2025-06-19,2026-01-01,Active,True
SUB000397,USR000343,Basic,299,2025-06-14,2026-01-01,Active,False
SUB000398,USR000344,Standard,499,2025-04-26,2026-01-01,Active,False
SUB000399,USR000345,Mobile,149,2025-03-17,2025-12-11,Cancelled,True
SUB000400,USR000345,Basic,299,2025-12-12,2026-01-01,Active,False
SUB000401,USR000346,Mobile,149,2025-07-27,2026-01-01,Active,True
SUB000402,USR000347,Basic,299,2025-07-03,2025-12-19,Expired,True
SUB000403,USR000348,Standard,499,2025-05-05,2026-01-01,Active,True
SUB000404,USR000349,Premium,799,2025-04-28,2026-01-01,Active,True
SUB000405,USR000350,Mobile,149,2025-02-23,2025-12-25,Expired,True
SUB000406,USR000351,Standard,499,2025-06-13,2025-09-25,Cancelled,True
SUB000407,USR000352,Basic,299,2025-07-31,2026-01-01,Active,False
SUB000408,USR000353,Premium,799,2025-02-20,2025-11-27,Cancelled,True
SUB000409,USR000354,Basic,299,2025-02-26,2026-01-01,Active,True
SUB000410,USR000355,Mobile,149,2025-03-27,2026-01-01,Active,True
SUB000411,USR000356,Premium,799,2025-03-13,2025-12-22,Expired,True
SUB000412,USR000357,Standard,499,2025-04-16,2026-01-01,Active,False
SUB000413,USR000358,Basic,299,2025-04-12,2026-01-01,Active,True
SUB000414,USR000359,Standard,499,2025-02-19,2025-12-11,Cancelled,False
SUB000415,USR000360,Standard,499,2025-08-07,2026-01-01,Active,True
SUB000416,USR000361,Basic,299,2025-02-24,2026-01-01,Active,False
SUB000417,USR000362,Mobile,149,2025-04-14,2026-01-01,Active,True
SUB000418,USR000363,Basic,299,2025-03-07,2025-09-22,Cancelled,False
SUB000419,USR000363,Standard,499,2025-09-23,2026-01-01,Active,False
SUB000420,USR000364,Mobile,149,2025-07-10,2026-01-01,Active,True
SUB000421,USR000365,Mobile,149,2025-04-06,2025-09-25,Expired,True
SUB000422,USR000366,Basic,299,2025-04-26,2025-10-11,Cancelled,False
SUB000423,USR000367,Standard,499,2025-08-06,2026-01-01,Active,False
SUB000424,USR000368,Basic,299,2025-03-30,2025-12-09,Cancelled,True
SUB000425,USR000368,Premium,799,2025-12-10,2026-01-01,Active,True
SUB000426,USR000369,Premium,799,2025-05-08,2025-08-24,Cancelled,True
SUB000427,USR000370,Standard,499,2025-03-04,2025-10-01,Expired,True
SUB000428,USR000371,Basic,299,2025-04-14,2025-07-19,Cancelled,False
SUB000429,USR000372,Basic,299,2025-05-27,2025-12-15,Cancelled,True
SUB000430,USR000372,Standard,499,2025-12-16,2026-01-01,Active,True
SUB000431,USR000373,Basic,299,2025-02-21,2025-09-14,Cancelled,True
SUB000432,USR000374,Basic,299,2025-04-01,2026-01-01,Active,False
SUB000433,USR000375,Standard,499,2025-05-10,2026-01-01,Active,False
SUB000434,USR000376,Basic,299,2025-02-02,2026-01-01,Active,True
SUB000435,USR000377,Basic,299,2025-05-26,2026-01-01,Active,True
SUB000436,USR000378,Mobile,149,2025-05-06,2025-10-22,Expired,False
SUB000437,USR000379,Mobile,149,2025-03-21,2025-09-11,Cancelled,True
SUB000438,USR000380,Premium,799,2025-04-22,2025-12-14,Cancelled,True
SUB000439,USR000381,Basic,299,2025-08-14,2026-01-01,Active,True
SUB000440,USR000382,Basic,299,2025-02-10,2026-01-01,Active,False
SUB000441,USR000383,Mobile,149,2025-04-15,2026-01-01,Active,False
SUB000442,USR000384,Premium,799,2025-07-27,2025-10-31,Expired,True
SUB000443,USR000385,Mobile,149,2025-03-05,2026-01-01,Active,False
SUB000444,USR000386,Mobile,149,2025-03-25,2025-08-27,Expired,True
SUB000445,USR000386,Basic,299,2025-08-28,2026-01-01,Active,True
SUB000446,USR000387,Standard,499,2025-06-23,2026-01-01,Active,False
SUB000447,USR000388,Basic,299,2025-04-24,2026-01-01,Active,True
SUB000448,USR000389,Standard,499,2025-03-23,2025-11-12,Expired,True
SUB000449,USR000390,Mobile,149,2025-02-14,2025-09-24,Cancelled,True
SUB000450,USR000391,Basic,299,2025-06-11,2025-10-15,Cancelled,False
SUB000451,USR000392,Mobile,149,2025-08-21,2026-01-01,Active,True
SUB000452,USR000393,Premium,799,2025-04-24,2025-09-17,Cancelled,True
SUB000453,USR000393,Basic,299,2025-09-18,2026-01-01,Active,True
SUB000454,USR000394,Premium,799,2025-06-08,2025-11-07,Cancelled,True
SUB000455,USR000394,Basic,299,2025-11-08,2026-01-01,Active,True
SUB000456,USR000395,Premium,799,2025-03-19,2025-08-03,Cancelled,False
SUB000457,USR000396,Standard,499,2025-03-01,2026-01-01,Active,True
SUB000458,USR000397,Premium,799,2025-02-09,2026-01-01,Active,True
SUB000459,USR000398,Basic,299,2025-05-18,2026-01-01,Active,True
SUB000460,USR000399,Basic,299,2025-07-11,2025-11-01,Cancelled,True
SUB000461,USR000399,Basic,299,2025-11-02,2026-01-01,Active,False
SUB000462,USR000400,Mobile,149,2025-04-05,2026-01-01,Active,True
SUB000463,USR000401,Premium,799,2025-06-06,2026-01-01,Active,False
SUB000464,USR000402,Basic,299,2025-04-09,2025-12-16,Cancelled,True
SUB000465,USR000403,Mobile,149,2025-05-27,2026-01-01,Active,True
SUB000466,USR000404,Basic,299,2025-04-05,2026-01-01,Active,False
SUB000467,USR000405,Standard,499,2025-01-19,2025-11-02,Expired,True
SUB000468,USR000405,Standard,499,2025-11-03,2026-01-01,Active,True
SUB000469,USR000406,Mobile,149,2025-03-05,2025-07-26,Expired,False
SUB000470,USR000407,Premium,799,2025-03-19,2025-11-03,Expired,True
SUB000471,USR000408,Mobile,149,2025-04-11,2025-12-24,Expired,True
SUB000472,USR000408,Standard,499,2025-12-25,2026-01-01,Active,False
SUB000473,USR000409,Mobile,149,2025-05-16,2026-01-01,Active,True
SUB000474,USR000410,Standard,499,2025-02-02,2026-01-01,Active,True
SUB000475,USR000411,Basic,299,2025-02-11,2026-01-01,Active,True
SUB000476,USR000412,Standard,499,2025-04-06,2026-01-01,Active,True
SUB000477,USR000413,Standard,499,2025-07-16,2026-01-01,Active,True
SUB000478,USR000414,Mobile,149,2025-05-10,2025-11-01,Expired,False
SUB000479,USR000414,Basic,299,2025-11-02,2026-01-01,Active,False
SUB000480,USR000415,Standard,499,2025-02-16,2025-11-11,Expired,False
SUB000481,USR000416,Mobile,149,2025-01-31,2025-05-19,Cancelled,True
SUB000482,USR000417,Basic,299,2025-03-26,2025-12-11,Expired,True
SUB000483,USR000418,Basic,299,2025-04-09,2026-01-01,Active,True
SUB000484,USR000419,Mobile,149,2025-06-29,2026-01-01,Active,True
SUB000485,USR000420,Basic,299,2025-02-11,2026-01-01,Active,True
SUB000486,USR000421,Standard,499,2025-05-24,2026-01-01,Active,True
SUB000487,USR000422,Basic,299,2025-02-21,2025-09-28,Cancelled,True
SUB000488,USR000423,Basic,299,2025-07-14,2025-12-05,Cancelled,False
SUB000489,USR000423,Premium,799,2025-12-06,2026-01-01,Active,False
SUB000490,USR000424,Mobile,149,2025-06-16,2026-01-01,Active,False
SUB000491,USR000425,Basic,299,2025-06-12,2026-01-01,Active,True
SUB000492,USR000426,Standard,499,2025-06-23,2026-01-01,Active,False
SUB000493,USR000427,Basic,299,2025-03-22,2025-08-11,Cancelled,False
SUB000494,USR000427,Mobile,149,2025-08-12,2025-11-07,Expired,False
SUB000495,USR000428,Basic,299,2025-07-28,2025-11-07,Cancelled,False
SUB000496,USR000428,Basic,299,2025-11-08,2026-01-01,Active,True
SUB000497,USR000429,Basic,299,2025-04-06,2026-01-01,Active,True
SUB000498,USR000430,Basic,299,2025-05-21,2026-01-01,Active,True
SUB000499,USR000431,Basic,299,2025-07-25,2026-01-01,Active,True
SUB000500,USR000432,Standard,499,2025-01-26,2025-06-20,Expired,False
SUB000501,USR000433,Mobile,149,2025-06-26,2026-01-01,Active,True
SUB000502,USR000434,Premium,799,2025-05-29,2025-09-24,Expired,True
SUB000503,USR000434,Standard,499,2025-09-25,2026-01-01,Active,True
SUB000504,USR000435,Premium,799,2025-06-04,2025-12-20,Expired,True
SUB000505,USR000436,Standard,499,2025-02-24,2026-01-01,Active,True
SUB000506,USR000437,Mobile,149,2025-02-28,2026-01-01,Active,False
SUB000507,USR000438,Standard,499,2025-04-11,2025-09-27,Expired,True
SUB000508,USR000438,Standard,499,2025-09-28,2026-01-01,Active,False
SUB000509,USR000439,Standard,499,2025-04-16,2026-01-01,Active,False
SUB000510,USR000440,Basic,299,2025-03-21,2025-12-04,Cancelled,False
SUB000511,USR000440,Mobile,149,2025-12-05,2026-01-01,Active,True
SUB000512,USR000441,Basic,299,2025-07-12,2025-11-26,Expired,True
SUB000513,USR000442,Premium,799,2025-01-06,2025-08-24,Cancelled,False
SUB000514,USR000442,Premium,799,2025-08-25,2026-01-01,Active,False
SUB000515,USR000443,Premium,799,2025-03-31,2026-01-01,Active,True
SUB000516,USR000444,Standard,499,2025-02-07,2026-01-01,Active,False
SUB000517,USR000445,Basic,299,2025-07-26,2025-12-27,Cancelled,False
SUB000518,USR000445,Mobile,149,2025-12-28,2026-01-01,Active,True
SUB000519,USR000446,Standard,499,2025-05-11,2026-01-01,Active,True
SUB000520,USR000447,Basic,299,2025-04-02,2025-11-12,Expired,True
SUB000521,USR000447,Mobile,149,2025-11-13,2026-01-01,Active,True
SUB000522,USR000448,Mobile,149,2025-02-19,2025-10-18,Expired,True
SUB000523,USR000449,Premium,799,2025-05-08,2026-01-01,Active,True
SUB000524,USR000450,Mobile,149,2025-02-10,2025-06-30,Expired,True
SUB000525,USR000451,Premium,799,2025-05-08,2026-01-01,Active,True
SUB000526,USR000452,Premium,799,2025-08-01,2025-11-27,Expired,True
SUB000527,USR000453,Basic,299,2025-07-23,2025-11-17,Cancelled,True
SUB000528,USR000453,Mobile,149,2025-11-18,2026-01-01,Active,True
SUB000529,USR000454,Mobile,149,2025-02-28,2025-11-12,Expired,True
SUB000530,USR000454,Mobile,149,2025-11-13,2026-01-01,Active,True
SUB000531,USR000455,Standard,499,2025-07-19,2026-01-01,Active,True
SUB000532,USR000456,Premium,799,2025-01-20,2025-08-16,Cancelled,True
SUB000533,USR000457,Basic,299,2025-03-30,2025-10-04,Expired,True
SUB000534,USR000457,Basic,299,2025-10-05,2026-01-01,Active,True
SUB000535,USR000458,Standard,499,2025-03-02,2026-01-01,Active,False
SUB000536,USR000459,Mobile,149,2025-01-16,2025-08-05,Cancelled,True
SUB000537,USR000460,Standard,499,2025-06-07,2026-01-01,Active,True
SUB000538,USR000461,Basic,299,2025-06-28,2026-01-01,Active,True
SUB000539,USR000462,Premium,799,2025-06-23,2026-01-01,Active,False
SUB000540,USR000463,Mobile,149,2025-04-29,2025-10-06,Cancelled,False
SUB000541,USR000463,Standard,499,2025-10-07,2026-01-01,Active,True
SUB000542,USR000464,Mobile,149,2025-05-06,2025-11-21,Cancelled,True
SUB000543,USR000464,Premium,799,2025-11-22,2026-01-01,Active,True
SUB000544,USR000465,Standard,499,2025-08-13,2026-01-01,Active,False
SUB000545,USR000466,Mobile,149,2025-03-28,2025-10-01,Expired,True
SUB000546,USR000467,Standard,499,2025-05-09,2026-01-01,Active,True
SUB000547,USR000468,Basic,299,2025-03-13,2026-01-01,Active,True
SUB000548,USR000469,Premium,799,2025-06-27,2026-01-01,Active,True
SUB000549,USR000470,Mobile,149,2025-06-22,2026-01-01,Active,True
SUB000550,USR000471,Standard,499,2025-05-07,2025-11-04,Expired,True
SUB000551,USR000472,Mobile,149,2025-04-29,2026-01-01,Active,False
SUB000552,USR000473,Premium,799,2025-04-22,2025-10-18,Expired,False
SUB000553,USR000473,Basic,299,2025-10-19,2026-01-01,Active,True
SUB000554,USR000474,Standard,499,2025-05-07,2025-10-28,Cancelled,True
SUB000555,USR000474,Premium,799,2025-10-29,2026-01-01,Active,False
SUB000556,USR000475,Standard,499,2025-01-27,2025-09-16,Cancelled,False
SUB000557,USR000476,Basic,299,2025-05-10,2026-01-01,Active,True
SUB000558,USR000477,Premium,799,2025-08-03,2025-12-30,Cancelled,True
SUB000559,USR000478,Basic,299,2025-03-12,2026-01-01,Active,True
SUB000560,USR000479,Basic,299,2025-05-05,2026-01-01,Active,True
SUB000561,USR000480,Premium,799,2025-04-08,2025-12-16,Expired,True
SUB000562,USR000481,Standard,499,2025-03-20,2026-01-01,Active,False
SUB000563,USR000482,Mobile,149,2025-06-17,2026-01-01,Active,True
SUB000564,USR000483,Mobile,149,2025-03-19,2025-12-16,Cancelled,True
SUB000565,USR000483,Mobile,149,2025-12-17,2026-01-01,Active,False
SUB000566,USR000484,Basic,299,2025-06-11,2025-11-07,Expired,True
SUB000567,USR000484,Standard,499,2025-11-08,2026-01-01,Active,True
SUB000568,USR000485,Mobile,149,2025-04-30,2026-01-01,Active,True
SUB000569,USR000486,Standard,499,2025-02-04,2025-08-02,Expired,True
SUB000570,USR000487,Standard,499,2025-03-09,2026-01-01,Active,True
SUB000571,USR000488,Basic,299,2025-04-24,2026-01-01,Active,True
SUB000572,USR000489,Premium,799,2025-03-22,2026-01-01,Active,True
SUB000573,USR000490,Standard,499,2025-04-05,2026-01-01,Active,False
SUB000574,USR000491,Basic,299,2025-04-14,2025-08-25,Cancelled,True
SUB000575,USR000492,Premium,799,2025-03-13,2026-01-01,Active,True
SUB000576,USR000493,Basic,299,2025-02-19,2025-11-17,Expired,False
SUB000577,USR000494,Basic,299,2025-05-16,2025-10-05,Cancelled,True
SUB000578,USR000495,Standard,499,2025-01-03,2025-06-24,Cancelled,True
SUB000579,USR000496,Standard,499,2025-03-26,2025-12-26,Expired,False
SUB000580,USR000496,Mobile,149,2025-12-27,2026-01-01,Active,True
SUB000581,USR000497,Mobile,149,2025-05-16,2025-12-21,Cancelled,True
SUB000582,USR000498,Premium,799,2025-07-05,2025-12-29,Cancelled,True
SUB000583,USR000499,Standard,499,2025-04-02,2026-01-01,Active,True
SUB000584,USR000500,Basic,299,2025-08-10,2026-01-01,Active,False
SUB000585,USR000501,Basic,299,2025-02-16,2025-11-11,Cancelled,True
SUB000586,USR000501,Basic,299,2025-11-12,2026-01-01,Active,True
SUB000587,USR000502,Mobile,149,2025-05-02,2025-12-29,Cancelled,True
SUB000588,USR000503,Standard,499,2025-04-06,2026-01-01,Active,True
SUB000589,USR000504,Standard,499,2025-02-08,2025-12-15,Cancelled,True
SUB000590,USR000505,Mobile,149,2025-05-25,2026-01-01,Active,True
SUB000591,USR000506,Standard,499,2025-04-12,2025-07-20,Expired,False
SUB000592,USR000507,Mobile,149,2025-02-11,2025-10-14,Expired,True
SUB000593,USR000508,Premium,799,2025-05-15,2025-11-27,Cancelled,True
SUB000594,USR000509,Premium,799,2025-01-28,2025-07-05,Cancelled,True
SUB000595,USR000510,Standard,499,2025-06-02,2026-01-01,Active,True
SUB000596,USR000511,Mobile,149,2025-03-06,2025-10-21,Cancelled,False
SUB000597,USR000512,Mobile,149,2025-09-14,2026-01-01,Active,True
SUB000598,USR000513,Mobile,149,2025-03-10,2026-01-01,Active,False
SUB000599,USR000514,Premium,799,2025-04-12,2025-07-26,Cancelled,False
SUB000600,USR000515,Basic,299,2025-05-12,2026-01-01,Active,False
SUB000601,USR000516,Standard,499,2025-03-16,2026-01-01,Active,True
SUB000602,USR000517,Mobile,149,2025-06-22,2026-01-01,Active,False
SUB000603,USR000518,Basic,299,2025-04-25,2025-11-30,Cancelled,False
SUB000604,USR000519,Basic,299,2025-01-18,2025-08-31,Expired,True
SUB000605,USR000520,Basic,299,2025-02-03,2025-10-20,Cancelled,True
SUB000606,USR000521,Mobile,149,2025-07-03,2026-01-01,Active,True
SUB000607,USR000522,Basic,299,2025-04-13,2025-10-07,Cancelled,True
SUB000608,USR000523,Mobile,149,2025-04-05,2025-07-07,Expired,False
SUB000609,USR000524,Premium,799,2025-04-11,2026-01-01,Active,True
SUB000610,USR000525,Basic,299,2025-02-15,2025-08-23,Cancelled,True
SUB000611,USR000525,Mobile,149,2025-08-24,2026-01-01,Active,True
SUB000612,USR000526,Standard,499,2025-04-02,2025-09-07,Cancelled,True
SUB000613,USR000527,Mobile,149,2025-04-09,2026-01-01,Active,True
SUB000614,USR000528,Basic,299,2025-09-10,2026-01-01,Active,False
SUB000615,USR000529,Premium,799,2025-04-15,2025-12-17,Expired,False
SUB000616,USR000529,Mobile,149,2025-12-18,2026-01-01,Active,False
SUB000617,USR000530,Standard,499,2025-04-11,2025-08-02,Cancelled,True
SUB000618,USR000531,Standard,499,2025-04-16,2025-12-28,Expired,True
SUB000619,USR000531,Basic,299,2025-12-29,2026-01-01,Active,True
SUB000620,USR000532,Standard,499,2025-04-17,2025-10-14,Expired,True
SUB000621,USR000533,Basic,299,2025-04-02,2026-01-01,Active,True
SUB000622,USR000534,Mobile,149,2025-06-07,2026-01-01,Active,False
SUB000623,USR000535,Standard,499,2025-03-30,2025-07-01,Expired,True
SUB000624,USR000536,Mobile,149,2025-07-04,2026-01-01,Active,False
SUB000625,USR000537,Standard,499,2025-03-31,2025-10-19,Expired,False
SUB000626,USR000538,Standard,499,2025-06-16,2026-01-01,Active,True
SUB000627,USR000539,Premium,799,2025-06-11,2025-10-02,Expired,False
SUB000628,USR000540,Basic,299,2025-03-19,2025-11-28,Expired,True
SUB000629,USR000541,Premium,799,2025-02-05,2025-06-29,Cancelled,False
SUB000630,USR000542,Standard,499,2025-08-08,2026-01-01,Active,True
SUB000631,USR000543,Basic,299,2025-03-30,2026-01-01,Active,False
SUB000632,USR000544,Basic,299,2025-04-27,2025-09-17,Cancelled,False
SUB000633,USR000545,Standard,499,2025-03-06,2025-12-03,Expired,False
SUB000634,USR000546,Standard,499,2025-03-13,2025-12-06,Cancelled,True
SUB000635,USR000547,Mobile,149,2025-07-09,2026-01-01,Active,True
SUB000636,USR000548,Mobile,149,2025-07-16,2026-01-01,Active,True
SUB000637,USR000549,Standard,499,2025-05-14,2025-09-17,Cancelled,True
SUB000638,USR000550,Premium,799,2025-04-07,2026-01-01,Active,True
SUB000639,USR000551,Standard,499,2025-05-27,2026-01-01,Active,True
SUB000640,USR000552,Standard,499,2025-03-18,2025-10-20,Expired,True
SUB000641,USR000552,Premium,799,2025-10-21,2026-01-01,Active,True
SUB000642,USR000553,Premium,799,2025-04-28,2026-01-01,Active,True
SUB000643,USR000554,Premium,799,2025-02-22,2025-09-12,Cancelled,True
SUB000644,USR000554,Basic,299,2025-09-13,2026-01-01,Active,False
SUB000645,USR000555,Premium,799,2025-02-19,2025-08-02,Expired,False
SUB000646,USR000556,Standard,499,2025-05-14,2026-01-01,Active,True
SUB000647,USR000557,Mobile,149,2025-05-03,2025-12-11,Cancelled,False
SUB000648,USR000558,Standard,499,2025-04-28,2025-08-22,Cancelled,True
SUB000649,USR000559,Basic,299,2025-03-28,2025-11-18,Expired,False
SUB000650,USR000560,Standard,499,2025-05-05,2026-01-01,Active,True
SUB000651,USR000561,Basic,299,2025-03-12,2025-08-05,Cancelled,True
SUB000652,USR000561,Standard,499,2025-08-06,2025-11-17,Expired,True
SUB000653,USR000562,Premium,799,2025-01-18,2025-09-10,Cancelled,True
SUB000654,USR000563,Basic,299,2025-04-15,2026-01-01,Active,True
SUB000655,USR000564,Premium,799,2025-02-10,2025-09-20,Cancelled,True
SUB000656,USR000565,Basic,299,2025-06-06,2026-01-01,Active,True
SUB000657,USR000566,Standard,499,2025-07-17,2026-01-01,Active,False
SUB000658,USR000567,Standard,499,2025-08-22,2026-01-01,Active,False
SUB000659,USR000568,Premium,799,2025-04-16,2026-01-01,Active,True
SUB000660,USR000569,Standard,499,2025-03-05,2025-11-18,Expired,True
SUB000661,USR000570,Mobile,149,2025-04-26,2026-01-01,Active,True
SUB000662,USR000571,Mobile,149,2025-04-11,2025-12-13,Cancelled,True
SUB000663,USR000571,Premium,799,2025-12-14,2026-01-01,Active,True
SUB000664,USR000572,Standard,499,2025-04-23,2026-01-01,Active,True
SUB000665,USR000573,Premium,799,2025-06-27,2026-01-01,Active,False
SUB000666,USR000574,Mobile,149,2025-03-26,2026-01-01,Active,True
SUB000667,USR000575,Mobile,149,2025-04-17,2026-01-01,Active,True
SUB000668,USR000576,Standard,499,2025-02-23,2026-01-01,Active,True
SUB000669,USR000577,Premium,799,2025-04-10,2026-01-01,Active,True
SUB000670,USR000578,Mobile,149,2025-08-15,2026-01-01,Active,True
SUB000671,USR000579,Standard,499,2025-03-09,2025-09-29,Cancelled,False
SUB000672,USR000579,Premium,799,2025-09-30,2026-01-01,Active,False
SUB000673,USR000580,Mobile,149,2025-06-14,2026-01-01,Active,True
SUB000674,USR000581,Basic,299,2025-04-03,2025-08-31,Expired,True
SUB000675,USR000582,Standard,499,2025-06-16,2025-10-11,Cancelled,True
SUB000676,USR000583,Basic,299,2025-06-10,2026-01-01,Active,True
SUB000677,USR000584,Standard,499,2025-02-21,2025-06-08,Cancelled,True
SUB000678,USR000585,Basic,299,2025-06-03,2026-01-01,Active,False
SUB000679,USR000586,Premium,799,2025-02-03,2025-05-22,Cancelled,True
SUB000680,USR000587,Mobile,149,2025-02-11,2025-12-12,Expired,True
SUB000681,USR000588,Basic,299,2025-04-07,2025-11-23,Expired,False
SUB000682,USR000588,Mobile,149,2025-11-24,2026-01-01,Active,True
SUB000683,USR000589,Premium,799,2025-07-21,2026-01-01,Active,True
SUB000684,USR000590,Basic,299,2025-05-15,2025-08-20,Expired,True
SUB000685,USR000591,Basic,299,2025-02-27,2025-08-14,Cancelled,False
SUB000686,USR000592,Standard,499,2025-01-21,2025-08-20,Cancelled,True
SUB000687,USR000592,Basic,299,2025-08-21,2026-01-01,Active,True
SUB000688,USR000593,Standard,499,2025-05-25,2026-01-01,Active,True
SUB000689,USR000594,Premium,799,2025-04-17,2026-01-01,Active,True
SUB000690,USR000595,Basic,299,2025-04-27,2026-01-01,Active,True
SUB000691,USR000596,Basic,299,2025-05-12,2026-01-01,Active,True
SUB000692,USR000597,Premium,799,2025-06-26,2026-01-01,Active,True
SUB000693,USR000598,Basic,299,2025-04-10,2025-10-15,Cancelled,True
SUB000694,USR000599,Mobile,149,2025-07-15,2026-01-01,Active,True
SUB000695,USR000600,Basic,299,2025-03-04,2026-01-01,Active,True
SUB000696,USR000601,Standard,499,2025-01-27,2025-07-08,Expired,False
SUB000697,USR000602,Mobile,149,2025-06-25,2025-12-26,Cancelled,True
SUB000698,USR000603,Premium,799,2025-02-12,2025-05-24,Expired,True
SUB000699,USR000604,Mobile,149,2025-04-25,2026-01-01,Active,False
SUB000700,USR000605,Premium,799,2025-07-20,2025-11-21,Expired,True
SUB000701,USR000606,Mobile,149,2025-01-27,2026-01-01,Active,False
SUB000702,USR000607,Standard,499,2025-05-15,2026-01-01,Active,True
SUB000703,USR000608,Mobile,149,2025-01-26,2025-06-23,Expired,True
SUB000704,USR000609,Standard,499,2025-04-17,2025-11-14,Cancelled,True
SUB000705,USR000610,Premium,799,2025-01-06,2026-01-01,Active,True
SUB000706,USR000611,Standard,499,2025-02-08,2026-01-01,Active,True
SUB000707,USR000612,Basic,299,2025-03-05,2025-06-15,Expired,True
SUB000708,USR000613,Basic,299,2025-01-23,2025-05-21,Cancelled,False
SUB000709,USR000614,Standard,499,2025-05-23,2026-01-01,Active,False
SUB000710,USR000615,Standard,499,2025-05-06,2026-01-01,Active,True
SUB000711,USR000616,Basic,299,2025-07-22,2026-01-01,Active,True
SUB000712,USR000617,Mobile,149,2025-02-13,2026-01-01,Active,False
SUB000713,USR000618,Mobile,149,2025-03-28,2025-09-15,Cancelled,False
SUB000714,USR000619,Mobile,149,2025-02-01,2026-01-01,Active,True
SUB000715,USR000620,Basic,299,2025-03-11,2026-01-01,Active,True
SUB000716,USR000621,Mobile,149,2025-08-05,2026-01-01,Active,True
SUB000717,USR000622,Standard,499,2025-06-01,2025-09-08,Expired,False
SUB000718,USR000623,Basic,299,2025-02-10,2026-01-01,Active,True
SUB000719,USR000624,Basic,299,2025-01-13,2025-10-15,Expired,True
SUB000720,USR000624,Standard,499,2025-10-16,2026-01-01,Active,True
SUB000721,USR000625,Premium,799,2025-01-12,2025-08-23,Cancelled,True
SUB000722,USR000626,Standard,499,2025-05-26,2026-01-01,Active,True
SUB000723,USR000627,Basic,299,2025-03-04,2025-06-29,Expired,True
SUB000724,USR000628,Basic,299,2025-09-22,2026-01-01,Active,True
SUB000725,USR000629,Standard,499,2025-04-13,2025-09-29,Expired,True
SUB000726,USR000629,Standard,499,2025-09-30,2026-01-01,Active,True
SUB000727,USR000630,Premium,799,2025-03-08,2025-07-12,Expired,True
SUB000728,USR000630,Basic,299,2025-07-13,2025-09-11,Expired,True
SUB000729,USR000631,Standard,499,2025-02-03,2025-12-07,Cancelled,True
SUB000730,USR000632,Basic,299,2025-06-19,2026-01-01,Active,True
SUB000731,USR000633,Standard,499,2025-03-17,2026-01-01,Active,True
SUB000732,USR000634,Basic,299,2025-04-24,2026-01-01,Active,False
SUB000733,USR000635,Mobile,149,2025-04-18,2026-01-01,Active,True
SUB000734,USR000636,Premium,799,2025-04-12,2025-11-22,Cancelled,True
SUB000735,USR000636,Basic,299,2025-11-23,2026-01-01,Active,True
SUB000736,USR000637,Premium,799,2025-06-04,2025-09-11,Cancelled,True
SUB000737,USR000638,Standard,499,2025-02-05,2025-09-16,Cancelled,True
SUB000738,USR000639,Standard,499,2025-04-15,2026-01-01,Active,True
SUB000739,USR000640,Standard,499,2025-03-23,2026-01-01,Active,True
SUB000740,USR000641,Basic,299,2025-06-05,2025-09-23,Expired,True
SUB000741,USR000641,Mobile,149,2025-09-24,2025-12-07,Expired,False
SUB000742,USR000642,Basic,299,2025-06-23,2026-01-01,Active,False
SUB000743,USR000643,Standard,499,2025-02-20,2026-01-01,Active,True
SUB000744,USR000644,Standard,499,2025-05-30,2026-01-01,Active,True
SUB000745,USR000645,Basic,299,2025-02-07,2025-06-11,Cancelled,True
SUB000746,USR000646,Premium,799,2025-04-06,2025-07-31,Expired,True
SUB000747,USR000646,Mobile,149,2025-08-01,2026-01-01,Active,False
SUB000748,USR000647,Mobile,149,2025-04-16,2026-01-01,Active,True
SUB000749,USR000648,Basic,299,2025-06-17,2026-01-01,Active,True
SUB000750,USR000649,Standard,499,2025-05-31,2026-01-01,Active,True
SUB000751,USR000650,Premium,799,2025-02-08,2025-08-05,Expired,True
SUB000752,USR000651,Standard,499,2025-05-26,2026-01-01,Active,True
SUB000753,USR000652,Standard,499,2025-04-23,2026-01-01,Active,True
SUB000754,USR000653,Basic,299,2025-08-11,2026-01-01,Active,False
SUB000755,USR000654,Standard,499,2025-03-11,2025-10-17,Cancelled,True
SUB000756,USR000654,Basic,299,2025-10-18,2026-01-01,Active,True
SUB000757,USR000655,Basic,299,2025-03-24,2025-09-14,Cancelled,True
SUB000758,USR000655,Basic,299,2025-09-15,2025-12-12,Expired,False
SUB000759,USR000656,Basic,299,2025-08-25,2026-01-01,Active,True
SUB000760,USR000657,Mobile,149,2025-07-03,2026-01-01,Active,False
SUB000761,USR000658,Standard,499,2025-02-07,2025-12-21,Expired,False
SUB000762,USR000658,Basic,299,2025-12-22,2026-01-01,Active,False
SUB000763,USR000659,Basic,299,2025-04-05,2026-01-01,Active,True
SUB000764,USR000660,Basic,299,2025-05-13,2025-08-13,Expired,True
SUB000765,USR000661,Standard,499,2025-06-07,2026-01-01,Active,True
SUB000766,USR000662,Standard,499,2025-02-19,2026-01-01,Active,True
SUB000767,USR000663,Basic,299,2025-07-25,2025-12-02,Expired,True
SUB000768,USR000663,Standard,499,2025-12-03,2026-01-01,Active,True
SUB000769,USR000664,Standard,499,2025-01-27,2026-01-01,Active,True
SUB000770,USR000665,Mobile,149,2025-02-17,2025-11-16,Expired,True
SUB000771,USR000666,Standard,499,2025-07-16,2026-01-01,Active,True
SUB000772,USR000667,Basic,299,2025-04-15,2025-11-15,Expired,True
SUB000773,USR000668,Standard,499,2025-04-20,2025-09-06,Cancelled,True
SUB000774,USR000669,Premium,799,2025-05-10,2026-01-01,Active,True
SUB000775,USR000670,Mobile,149,2025-02-26,2026-01-01,Active,True
SUB000776,USR000671,Premium,799,2025-01-31,2026-01-01,Active,True
SUB000777,USR000672,Basic,299,2025-05-10,2025-11-29,Cancelled,True
SUB000778,USR000672,Basic,299,2025-11-30,2026-01-01,Active,True
SUB000779,USR000673,Mobile,149,2025-05-26,2026-01-01,Active,False
SUB000780,USR000674,Basic,299,2025-04-27,2026-01-01,Active,True
SUB000781,USR000675,Premium,799,2025-03-18,2025-08-30,Expired,True
SUB000782,USR000675,Basic,299,2025-08-31,2026-01-01,Active,True
SUB000783,USR000676,Basic,299,2025-02-13,2025-10-30,Expired,True
SUB000784,USR000677,Standard,499,2025-03-28,2026-01-01,Active,False
SUB000785,USR000678,Mobile,149,2025-08-25,2026-01-01,Active,True
SUB000786,USR000679,Standard,499,2025-04-02,2025-11-22,Expired,False
SUB000787,USR000680,Standard,499,2025-03-27,2025-11-15,Expired,True
SUB000788,USR000681,Mobile,149,2025-04-09,2025-11-11,Expired,False
SUB000789,USR000682,Standard,499,2025-03-30,2025-11-04,Expired,False
SUB000790,USR000683,Mobile,149,2025-07-17,2026-01-01,Active,True
SUB000791,USR000684,Basic,299,2025-06-02,2025-09-24,Expired,True
SUB000792,USR000685,Premium,799,2025-03-10,2025-09-08,Expired,True
SUB000793,USR000686,Basic,299,2025-03-25,2026-01-01,Active,True
SUB000794,USR000687,Standard,499,2025-04-09,2026-01-01,Active,True
SUB000795,USR000688,Basic,299,2025-04-21,2025-12-09,Expired,True
SUB000796,USR000688,Premium,799,2025-12-10,2026-01-01,Active,False
SUB000797,USR000689,Mobile,149,2025-03-01,2026-01-01,Active,False
SUB000798,USR000690,Premium,799,2025-03-14,2025-09-29,Expired,False
SUB000799,USR000691,Standard,499,2025-07-24,2026-01-01,Active,True
SUB000800,USR000692,Basic,299,2025-07-26,2025-11-25,Cancelled,True
SUB000801,USR000693,Basic,299,2025-03-19,2025-06-30,Cancelled,True
SUB000802,USR000693,Basic,299,2025-07-01,2026-01-01,Active,True
SUB000803,USR000694,Standard,499,2025-03-21,2026-01-01,Active,True
SUB000804,USR000695,Basic,299,2025-05-29,2025-10-01,Expired,True
SUB000805,USR000696,Mobile,149,2025-01-24,2025-06-30,Cancelled,False
SUB000806,USR000696,Mobile,149,2025-07-01,2025-12-27,Cancelled,True
SUB000807,USR000697,Basic,299,2025-07-10,2025-10-23,Expired,False
SUB000808,USR000698,Mobile,149,2025-03-07,2025-08-10,Expired,True
SUB000809,USR000699,Basic,299,2025-05-16,2025-12-01,Expired,False
SUB000810,USR000700,Premium,799,2025-01-24,2025-12-31,Cancelled,True
SUB000811,USR000701,Mobile,149,2025-05-30,2026-01-01,Active,True
SUB000812,USR000702,Basic,299,2025-05-19,2025-09-18,Cancelled,True
SUB000813,USR000702,Mobile,149,2025-09-19,2026-01-01,Active,True
SUB000814,USR000703,Premium,799,2025-05-11,2026-01-01,Active,False
SUB000815,USR000704,Standard,499,2025-02-20,2025-12-09,Expired,True
SUB000816,USR000705,Basic,299,2025-03-15,2026-01-01,Active,False
SUB000817,USR000706,Basic,299,2025-04-28,2025-11-22,Expired,True
SUB000818,USR000707,Basic,299,2025-03-08,2026-01-01,Active,False
SUB000819,USR000708,Premium,799,2025-03-02,2026-01-01,Active,True
SUB000820,USR000709,Premium,799,2025-07-05,2026-01-01,Active,True
SUB000821,USR000710,Standard,499,2025-01-16,2025-09-24,Expired,True
SUB000822,USR000711,Standard,499,2025-07-13,2026-01-01,Active,True
SUB000823,USR000712,Mobile,149,2025-02-18,2026-01-01,Active,False
SUB000824,USR000713,Mobile,149,2025-05-18,2025-11-02,Cancelled,True
SUB000825,USR000714,Premium,799,2025-05-05,2025-10-27,Expired,True
SUB000826,USR000715,Premium,799,2025-02-19,2025-09-04,Cancelled,False
SUB000827,USR000715,Mobile,149,2025-09-05,2026-01-01,Active,False
SUB000828,USR000716,Premium,799,2025-03-09,2025-08-10,Expired,False
SUB000829,USR000717,Standard,499,2025-06-09,2025-11-15,Expired,False
SUB000830,USR000717,Standard,499,2025-11-16,2026-01-01,Active,True
SUB000831,USR000718,Basic,299,2025-03-30,2026-01-01,Active,False
SUB000832,USR000719,Mobile,149,2025-09-23,2026-01-01,Active,False
SUB000833,USR000720,Standard,499,2025-03-08,2025-10-21,Expired,False
SUB000834,USR000721,Mobile,149,2025-03-06,2025-09-05,Cancelled,False
SUB000835,USR000721,Basic,299,2025-09-06,2026-01-01,Active,True
SUB000836,USR000722,Standard,499,2025-02-11,2026-01-01,Active,True
SUB000837,USR000723,Basic,299,2025-03-04,2026-01-01,Active,True
SUB000838,USR000724,Mobile,149,2025-04-09,2026-01-01,Active,True
SUB000839,USR000725,Mobile,149,2025-09-17,2026-01-01,Active,True
SUB000840,USR000726,Basic,299,2025-03-06,2026-01-01,Active,True
SUB000841,USR000727,Mobile,149,2025-01-15,2025-12-07,Cancelled,False
SUB000842,USR000728,Mobile,149,2025-03-17,2026-01-01,Active,True
SUB000843,USR000729,Basic,299,2025-04-15,2025-07-25,Expired,True
SUB000844,USR000729,Standard,499,2025-07-26,2025-10-04,Cancelled,True
SUB000845,USR000730,Premium,799,2025-07-12,2026-01-01,Active,True
SUB000846,USR000731,Standard,499,2025-04-21,2026-01-01,Active,False
SUB000847,USR000732,Premium,799,2025-03-22,2025-07-09,Expired,True
SUB000848,USR000732,Basic,299,2025-07-10,2026-01-01,Active,True
SUB000849,USR000733,Basic,299,2025-03-08,2026-01-01,Active,True
SUB000850,USR000734,Basic,299,2025-05-29,2026-01-01,Active,True
SUB000851,USR000735,Premium,799,2025-04-13,2026-01-01,Active,True
SUB000852,USR000736,Premium,799,2025-05-28,2026-01-01,Active,True
SUB000853,USR000737,Basic,299,2025-02-12,2025-12-19,Expired,False
SUB000854,USR000737,Mobile,149,2025-12-20,2026-01-01,Active,True
SUB000855,USR000738,Standard,499,2025-03-20,2025-11-10,Expired,True
SUB000856,USR000739,Standard,499,2025-05-25,2025-09-06,Cancelled,True
SUB000857,USR000740,Mobile,149,2025-01-31,2026-01-01,Active,True
SUB000858,USR000741,Premium,799,2025-02-18,2025-10-08,Cancelled,True
SUB000859,USR000742,Basic,299,2025-04-04,2026-01-01,Active,True
SUB000860,USR000743,Mobile,149,2025-06-30,2025-12-02,Cancelled,True
SUB000861,USR000744,Standard,499,2025-07-27,2025-11-08,Cancelled,True
SUB000862,USR000744,Premium,799,2025-11-09,2026-01-01,Active,True
SUB000863,USR000745,Mobile,149,2025-02-22,2025-09-14,Cancelled,True
SUB000864,USR000745,Standard,499,2025-09-15,2025-11-27,Expired,False
SUB000865,USR000746,Premium,799,2025-05-10,2025-08-27,Cancelled,False
SUB000866,USR000747,Mobile,149,2025-07-19,2026-01-01,Active,True
SUB000867,USR000748,Basic,299,2025-06-03,2026-01-01,Active,True
SUB000868,USR000749,Basic,299,2025-04-20,2025-10-11,Expired,True
SUB000869,USR000750,Basic,299,2025-05-01,2026-01-01,Active,True
SUB000870,USR000751,Basic,299,2025-02-26,2026-01-01,Active,True
SUB000871,USR000752,Premium,799,2025-03-17,2025-12-06,Expired,True
SUB000872,USR000753,Basic,299,2025-04-01,2025-12-22,Expired,False
SUB000873,USR000754,Standard,499,2025-03-29,2025-09-03,Cancelled,True
SUB000874,USR000755,Basic,299,2025-03-24,2025-11-15,Cancelled,True
SUB000875,USR000756,Premium,799,2025-02-16,2025-10-24,Cancelled,False
SUB000876,USR000757,Basic,299,2025-07-18,2025-11-16,Expired,False
SUB000877,USR000758,Standard,499,2025-04-11,2026-01-01,Active,True
SUB000878,USR000759,Basic,299,2025-03-27,2025-12-02,Cancelled,False
SUB000879,USR000759,Standard,499,2025-12-03,2026-01-01,Active,True
SUB000880,USR000760,Basic,299,2025-02-06,2025-10-05,Expired,True
SUB000881,USR000760,Mobile,149,2025-10-06,2026-01-01,Active,True
SUB000882,USR000761,Mobile,149,2025-05-15,2026-01-01,Active,True
SUB000883,USR000762,Basic,299,2025-03-03,2025-09-12,Cancelled,True
SUB000884,USR000763,Mobile,149,2025-03-08,2025-07-05,Cancelled,False
SUB000885,USR000763,Basic,299,2025-07-06,2025-11-04,Cancelled,False
SUB000886,USR000764,Mobile,149,2025-03-15,2025-11-05,Expired,True
SUB000887,USR000765,Standard,499,2025-05-28,2026-01-01,Active,True
SUB000888,USR000766,Standard,499,2025-05-04,2025-08-13,Expired,True
SUB000889,USR000767,Mobile,149,2025-01-22,2026-01-01,Active,False
SUB000890,USR000768,Premium,799,2025-07-07,2025-12-28,Expired,True
SUB000891,USR000769,Standard,499,2025-05-05,2025-08-16,Expired,False
SUB000892,USR000770,Premium,799,2025-04-23,2025-09-05,Cancelled,False
SUB000893,USR000771,Premium,799,2025-02-24,2025-11-07,Expired,True
SUB000894,USR000772,Premium,799,2025-06-20,2025-11-01,Cancelled,True
SUB000895,USR000773,Premium,799,2025-04-10,2025-11-05,Expired,False
SUB000896,USR000774,Basic,299,2025-03-10,2025-09-19,Cancelled,True
SUB000897,USR000775,Basic,299,2025-02-03,2025-08-02,Expired,True
SUB000898,USR000776,Mobile,149,2025-04-03,2025-11-01,Expired,False
SUB000899,USR000777,Mobile,149,2025-07-06,2025-10-17,Cancelled,True
SUB000900,USR000778,Standard,499,2025-03-12,2026-01-01,Active,True
SUB000901,USR000779,Mobile,149,2025-01-30,2026-01-01,Active,False
SUB000902,USR000780,Mobile,149,2025-03-16,2026-01-01,Active,False
SUB000903,USR000781,Standard,499,2025-03-10,2026-01-01,Active,True
SUB000904,USR000782,Standard,499,2025-04-17,2025-12-17,Expired,True
SUB000905,USR000783,Standard,499,2025-02-23,2026-01-01,Active,False
SUB000906,USR000784,Mobile,149,2025-03-04,2025-09-21,Cancelled,True
SUB000907,USR000785,Standard,499,2025-02-04,2025-08-18,Cancelled,True
SUB000908,USR000785,Mobile,149,2025-08-19,2026-01-01,Active,False
SUB000909,USR000786,Basic,299,2025-05-12,2026-01-01,Active,False
SUB000910,USR000787,Standard,499,2025-03-06,2025-07-09,Expired,True
SUB000911,USR000788,Mobile,149,2025-02-25,2026-01-01,Active,False
SUB000912,USR000789,Mobile,149,2025-06-20,2026-01-01,Active,False
SUB000913,USR000790,Mobile,149,2025-07-15,2025-10-28,Cancelled,True
SUB000914,USR000791,Mobile,149,2025-05-18,2025-12-21,Expired,False
SUB000915,USR000792,Basic,299,2025-07-13,2025-10-25,Expired,True
SUB000916,USR000793,Basic,299,2025-06-15,2026-01-01,Active,True
SUB000917,USR000794,Basic,299,2025-03-30,2025-12-22,Cancelled,True
SUB000918,USR000794,Premium,799,2025-12-23,2026-01-01,Active,True
SUB000919,USR000795,Basic,299,2025-02-12,2025-08-27,Cancelled,True
SUB000920,USR000796,Standard,499,2025-03-13,2026-01-01,Active,True
SUB000921,USR000797,Standard,499,2025-03-03,2025-06-29,Expired,False
SUB000922,USR000798,Basic,299,2025-05-19,2025-09-01,Cancelled,False
SUB000923,USR000799,Basic,299,2025-03-31,2025-10-12,Cancelled,True
SUB000924,USR000800,Mobile,149,2025-01-20,2025-10-13,Expired,True
SUB000925,USR000800,Standard,499,2025-10-14,2026-01-01,Active,True
SUB000926,USR000801,Premium,799,2025-03-15,2025-08-22,Cancelled,True
SUB000927,USR000802,Mobile,149,2025-02-09,2025-07-04,Expired,True
SUB000928,USR000803,Mobile,149,2025-04-05,2026-01-01,Active,False
SUB000929,USR000804,Standard,499,2025-06-19,2026-01-01,Active,True
SUB000930,USR000805,Mobile,149,2025-02-09,2025-08-28,Cancelled,False
SUB000931,USR000806,Premium,799,2025-07-12,2026-01-01,Active,True
SUB000932,USR000807,Standard,499,2025-04-11,2026-01-01,Active,True
SUB000933,USR000808,Standard,499,2025-05-19,2025-12-19,Expired,True
SUB000934,USR000809,Premium,799,2025-02-28,2026-01-01,Active,True
SUB000935,USR000810,Premium,799,2025-04-09,2026-01-01,Active,False
SUB000936,USR000811,Basic,299,2025-07-12,2026-01-01,Active,False
SUB000937,USR000812,Premium,799,2025-06-29,2025-11-23,Cancelled,True
SUB000938,USR000813,Standard,499,2025-04-14,2026-01-01,Active,False
SUB000939,USR000814,Premium,799,2025-03-27,2026-01-01,Active,False
SUB000940,USR000815,Basic,299,2025-04-23,2026-01-01,Active,True
SUB000941,USR000816,Standard,499,2025-05-01,2026-01-01,Active,True
SUB000942,USR000817,Premium,799,2025-07-26,2026-01-01,Active,True
SUB000943,USR000818,Mobile,149,2025-03-04,2025-10-12,Cancelled,True
SUB000944,USR000819,Basic,299,2025-03-02,2025-12-28,Expired,False
SUB000945,USR000820,Basic,299,2025-03-24,2026-01-01,Active,False
SUB000946,USR000821,Basic,299,2025-02-13,2026-01-01,Active,False
SUB000947,USR000822,Basic,299,2025-05-16,2025-10-07,Expired,True
SUB000948,USR000823,Standard,499,2025-01-27,2025-12-29,Expired,True
SUB000949,USR000823,Basic,299,2025-12-30,2026-01-01,Active,True
SUB000950,USR000824,Mobile,149,2025-08-03,2026-01-01,Active,True
SUB000951,USR000825,Basic,299,2025-04-26,2026-01-01,Active,True
SUB000952,USR000826,Mobile,149,2025-05-28,2026-01-01,Active,False
SUB000953,USR000827,Standard,499,2025-01-20,2025-06-19,Cancelled,True
SUB000954,USR000828,Premium,799,2025-05-28,2026-01-01,Active,True
SUB000955,USR000829,Mobile,149,2025-05-05,2025-08-14,Expired,True
SUB000956,USR000830,Basic,299,2025-05-12,2026-01-01,Active,False
SUB000957,USR000831,Basic,299,2025-04-04,2025-11-06,Expired,True
SUB000958,USR000832,Premium,799,2025-06-07,2026-01-01,Active,True
SUB000959,USR000833,Basic,299,2025-02-22,2025-06-05,Cancelled,True
SUB000960,USR000834,Basic,299,2025-05-08,2026-01-01,Active,True
SUB000961,USR000835,Standard,499,2025-01-30,2025-11-26,Expired,True
SUB000962,USR000836,Mobile,149,2025-02-10,2025-06-24,Cancelled,True
SUB000963,USR000837,Premium,799,2025-07-26,2026-01-01,Active,True
SUB000964,USR000838,Basic,299,2025-03-02,2026-01-01,Active,True
SUB000965,USR000839,Premium,799,2025-02-17,2025-07-21,Cancelled,True
SUB000966,USR000840,Standard,499,2025-05-25,2025-12-07,Expired,False
SUB000967,USR000840,Basic,299,2025-12-08,2026-01-01,Active,True
SUB000968,USR000841,Premium,799,2025-07-07,2026-01-01,Active,False
SUB000969,USR000842,Mobile,149,2025-03-18,2026-01-01,Active,True
SUB000970,USR000843,Standard,499,2025-09-14,2026-01-01,Active,True
SUB000971,USR000844,Premium,799,2025-03-08,2025-06-22,Cancelled,True
SUB000972,USR000845,Standard,499,2025-06-22,2026-01-01,Active,False
SUB000973,USR000846,Premium,799,2025-04-25,2025-11-24,Expired,False
SUB000974,USR000846,Standard,499,2025-11-25,2026-01-01,Active,True
SUB000975,USR000847,Premium,799,2025-03-20,2026-01-01,Active,True
SUB000976,USR000848,Mobile,149,2025-05-26,2026-01-01,Active,False
SUB000977,USR000849,Standard,499,2025-02-03,2025-10-22,Cancelled,True
SUB000978,USR000850,Premium,799,2025-04-10,2025-11-16,Expired,True
SUB000979,USR000851,Standard,499,2025-03-26,2025-11-21,Cancelled,False
SUB000980,USR000852,Standard,499,2025-05-20,2026-01-01,Active,False
SUB000981,USR000853,Basic,299,2025-04-23,2026-01-01,Active,True
SUB000982,USR000854,Basic,299,2025-05-13,2025-08-17,Cancelled,True
SUB000983,USR000855,Premium,799,2025-06-05,2025-10-07,Expired,True
SUB000984,USR000855,Basic,299,2025-10-08,2026-01-01,Active,True
SUB000985,USR000856,Standard,499,2025-04-02,2026-01-01,Active,True
SUB000986,USR000857,Mobile,149,2025-04-29,2026-01-01,Active,True
SUB000987,USR000858,Standard,499,2025-08-08,2026-01-01,Active,True
SUB000988,USR000859,Standard,499,2025-04-25,2025-09-08,Cancelled,True
SUB000989,USR000859,Basic,299,2025-09-09,2026-01-01,Active,True
SUB000990,USR000860,Mobile,149,2025-04-01,2026-01-01,Active,True
SUB000991,USR000861,Basic,299,2025-06-17,2025-10-23,Cancelled,True
SUB000992,USR000862,Premium,799,2025-04-03,2026-01-01,Active,True
SUB000993,USR000863,Standard,499,2025-08-10,2026-01-01,Active,True
SUB000994,USR000864,Standard,499,2025-07-09,2026-01-01,Active,True
SUB000995,USR000865,Mobile,149,2025-03-17,2026-01-01,Active,True
SUB000996,USR000866,Mobile,149,2025-03-24,2026-01-01,Active,False
SUB000997,USR000867,Premium,799,2025-06-17,2026-01-01,Active,True
SUB000998,USR000868,Standard,499,2025-06-25,2025-10-17,Cancelled,True
SUB000999,USR000869,Basic,299,2025-06-26,2026-01-01,Active,False
SUB001000,USR000870,Standard,499,2025-04-10,2025-12-30,Cancelled,False
SUB001001,USR000871,Mobile,149,2025-04-20,2026-01-01,Active,False
SUB001002,USR000872,Premium,799,2025-04-02,2026-01-01,Active,False
SUB001003,USR000873,Premium,799,2025-04-06,2025-07-06,Expired,False
SUB001004,USR000874,Premium,799,2025-03-10,2025-08-08,Cancelled,True
SUB001005,USR000875,Basic,299,2025-07-28,2025-12-06,Cancelled,False
SUB001006,USR000876,Basic,299,2025-05-16,2026-01-01,Active,True
SUB001007,USR000877,Mobile,149,2025-05-15,2026-01-01,Active,False
SUB001008,USR000878,Premium,799,2025-07-02,2026-01-01,Active,False
SUB001009,USR000879,Standard,499,2025-01-25,2025-07-28,Cancelled,True
SUB001010,USR000879,Standard,499,2025-07-29,2026-01-01,Active,False
SUB001011,USR000880,Premium,799,2025-05-17,2026-01-01,Active,True
SUB001012,USR000881,Standard,499,2025-07-12,2025-12-10,Cancelled,True
SUB001013,USR000882,Premium,799,2025-02-12,2025-08-01,Cancelled,False
SUB001014,USR000883,Standard,499,2025-07-03,2025-10-16,Cancelled,False
SUB001015,USR000883,Basic,299,2025-10-17,2026-01-01,Active,False
SUB001016,USR000884,Basic,299,2025-05-16,2026-01-01,Active,True
SUB001017,USR000885,Standard,499,2025-04-28,2026-01-01,Active,False
SUB001018,USR000886,Standard,499,2025-04-25,2025-11-11,Expired,True
SUB001019,USR000886,Basic,299,2025-11-12,2026-01-01,Active,False
SUB001020,USR000887,Mobile,149,2025-02-22,2025-07-17,Cancelled,False
SUB001021,USR000888,Premium,799,2025-01-18,2025-12-15,Cancelled,False
SUB001022,USR000889,Premium,799,2025-06-20,2025-09-28,Expired,True
SUB001023,USR000889,Basic,299,2025-09-29,2026-01-01,Active,False
SUB001024,USR000890,Basic,299,2025-02-16,2025-12-16,Expired,False
SUB001025,USR000891,Basic,299,2025-03-17,2025-07-03,Expired,False
SUB001026,USR000891,Standard,499,2025-07-04,2026-01-01,Active,True
SUB001027,USR000892,Premium,799,2025-09-13,2026-01-01,Active,True
SUB001028,USR000893,Mobile,149,2025-04-26,2026-01-01,Active,True
SUB001029,USR000894,Basic,299,2025-05-13,2026-01-01,Active,False
SUB001030,USR000895,Basic,299,2025-03-18,2025-07-16,Expired,False
SUB001031,USR000896,Basic,299,2025-07-07,2026-01-01,Active,True
SUB001032,USR000897,Basic,299,2025-01-28,2025-11-16,Expired,True
SUB001033,USR000898,Standard,499,2025-06-09,2025-11-28,Cancelled,True
SUB001034,USR000899,Basic,299,2025-02-07,2026-01-01,Active,True
SUB001035,USR000900,Standard,499,2025-08-23,2026-01-01,Active,True
SUB001036,USR000901,Standard,499,2025-05-22,2025-09-20,Cancelled,True
SUB001037,USR000901,Mobile,149,2025-09-21,2026-01-01,Active,False
SUB001038,USR000902,Mobile,149,2025-02-20,2025-12-06,Expired,True
SUB001039,USR000903,Basic,299,2025-04-16,2026-01-01,Active,True
SUB001040,USR000904,Premium,799,2025-05-31,2025-09-14,Expired,False
SUB001041,USR000905,Standard,499,2025-03-14,2025-07-02,Expired,True
SUB001042,USR000905,Mobile,149,2025-07-03,2026-01-01,Active,True
SUB001043,USR000906,Basic,299,2025-03-25,2026-01-01,Active,False
SUB001044,USR000907,Mobile,149,2025-07-10,2026-01-01,Active,True
SUB001045,USR000908,Standard,499,2025-04-16,2025-07-27,Cancelled,False
SUB001046,USR000908,Basic,299,2025-07-28,2025-11-18,Expired,False
SUB001047,USR000909,Standard,499,2025-07-05,2026-01-01,Active,True
SUB001048,USR000910,Basic,299,2025-05-09,2025-12-17,Cancelled,True
SUB001049,USR000911,Standard,499,2025-05-29,2025-11-16,Cancelled,True
SUB001050,USR000911,Premium,799,2025-11-17,2026-01-01,Active,True
SUB001051,USR000912,Basic,299,2025-06-30,2026-01-01,Active,True
SUB001052,USR000913,Standard,499,2025-07-28,2026-01-01,Active,False
SUB001053,USR000914,Standard,499,2025-02-21,2025-06-18,Cancelled,True
SUB001054,USR000914,Standard,499,2025-06-19,2025-09-23,Cancelled,True
SUB001055,USR000915,Mobile,149,2025-06-06,2026-01-01,Active,True
SUB001056,USR000916,Basic,299,2025-08-18,2026-01-01,Active,True
SUB001057,USR000917,Standard,499,2025-06-14,2026-01-01,Active,True
SUB001058,USR000918,Basic,299,2025-05-01,2025-09-10,Cancelled,True
SUB001059,USR000919,Standard,499,2025-07-12,2025-10-16,Expired,True
SUB001060,USR000920,Standard,499,2025-09-04,2026-01-01,Active,True
SUB001061,USR000921,Standard,499,2025-05-24,2025-10-19,Expired,False
SUB001062,USR000921,Standard,499,2025-10-20,2026-01-01,Active,True
SUB001063,USR000922,Standard,499,2025-06-04,2026-01-01,Active,True
SUB001064,USR000923,Basic,299,2025-05-23,2026-01-01,Active,False
SUB001065,USR000924,Mobile,149,2025-02-03,2026-01-01,Active,True
SUB001066,USR000925,Basic,299,2025-06-11,2026-01-01,Active,True
SUB001067,USR000926,Mobile,149,2025-02-08,2025-08-22,Cancelled,True
SUB001068,USR000927,Standard,499,2025-06-02,2026-01-01,Active,True
SUB001069,USR000928,Standard,499,2025-01-31,2025-09-12,Cancelled,True
SUB001070,USR000929,Standard,499,2025-02-18,2026-01-01,Active,True
SUB001071,USR000930,Standard,499,2025-03-28,2026-01-01,Active,True
SUB001072,USR000931,Standard,499,2025-03-18,2025-10-05,Cancelled,True
SUB001073,USR000931,Basic,299,2025-10-06,2026-01-01,Active,True
SUB001074,USR000932,Basic,299,2025-06-23,2026-01-01,Active,False
SUB001075,USR000933,Basic,299,2025-04-12,2026-01-01,Active,False
SUB001076,USR000934,Standard,499,2025-02-14,2025-07-19,Expired,True
SUB001077,USR000935,Premium,799,2025-03-11,2026-01-01,Active,True
SUB001078,USR000936,Mobile,149,2025-04-30,2026-01-01,Active,True
SUB001079,USR000937,Basic,299,2025-04-23,2026-01-01,Active,True
SUB001080,USR000938,Standard,499,2025-05-08,2026-01-01,Active,True
SUB001081,USR000939,Standard,499,2025-06-13,2026-01-01,Active,True
SUB001082,USR000940,Basic,299,2025-07-07,2026-01-01,Active,True
SUB001083,USR000941,Basic,299,2025-05-24,2025-11-16,Cancelled,True
SUB001084,USR000942,Standard,499,2025-04-12,2025-11-11,Expired,True
SUB001085,USR000943,Premium,799,2025-03-23,2025-10-15,Expired,True
SUB001086,USR000944,Basic,299,2025-08-17,2026-01-01,Active,True
SUB001087,USR000945,Standard,499,2025-04-28,2025-12-20,Expired,True
SUB001088,USR000946,Standard,499,2025-05-17,2025-11-24,Cancelled,True
SUB001089,USR000946,Basic,299,2025-11-25,2026-01-01,Active,True
SUB001090,USR000947,Premium,799,2025-03-21,2025-06-27,Cancelled,False
SUB001091,USR000948,Premium,799,2025-03-20,2025-12-29,Expired,True
SUB001092,USR000948,Standard,499,2025-12-30,2026-01-01,Active,True
SUB001093,USR000949,Standard,499,2025-02-20,2025-09-02,Cancelled,True
SUB001094,USR000950,Basic,299,2025-04-21,2026-01-01,Active,True
SUB001095,USR000951,Standard,499,2025-03-15,2025-07-16,Expired,True
SUB001096,USR000952,Mobile,149,2025-03-25,2025-08-25,Cancelled,True
SUB001097,USR000953,Basic,299,2025-06-28,2026-01-01,Active,True
SUB001098,USR000954,Standard,499,2025-02-04,2025-08-19,Cancelled,True
SUB001099,USR000954,Basic,299,2025-08-20,2026-01-01,Active,False
SUB001100,USR000955,Standard,499,2025-03-06,2025-09-13,Expired,True
SUB001101,USR000956,Standard,499,2025-05-11,2025-12-30,Cancelled,True
SUB001102,USR000957,Mobile,149,2025-05-09,2026-01-01,Active,True
SUB001103,USR000958,Basic,299,2025-07-23,2026-01-01,Active,True
SUB001104,USR000959,Standard,499,2025-01-22,2025-10-26,Cancelled,True
SUB001105,USR000959,Basic,299,2025-10-27,2026-01-01,Active,False
SUB001106,USR000960,Basic,299,2025-07-10,2026-01-01,Active,False
SUB001107,USR000961,Basic,299,2025-02-16,2025-09-03,Cancelled,True
SUB001108,USR000962,Premium,799,2025-03-31,2025-12-12,Cancelled,True
SUB001109,USR000962,Standard,499,2025-12-13,2026-01-01,Active,True
SUB001110,USR000963,Premium,799,2025-02-02,2025-06-16,Cancelled,True
SUB001111,USR000964,Basic,299,2025-01-09,2025-11-25,Expired,True
SUB001112,USR000964,Standard,499,2025-11-26,2026-01-01,Active,True
SUB001113,USR000965,Basic,299,2025-07-11,2026-01-01,Active,True
SUB001114,USR000966,Basic,299,2025-02-27,2025-11-07,Cancelled,True
SUB001115,USR000967,Standard,499,2025-06-03,2025-09-30,Cancelled,True
SUB001116,USR000968,Standard,499,2025-03-17,2026-01-01,Active,False
SUB001117,USR000969,Basic,299,2025-07-27,2026-01-01,Active,False
SUB001118,USR000970,Premium,799,2025-03-24,2025-11-21,Cancelled,True
SUB001119,USR000971,Standard,499,2025-04-05,2025-10-02,Cancelled,True
SUB001120,USR000972,Basic,299,2025-03-06,2025-06-20,Cancelled,True
SUB001121,USR000973,Standard,499,2025-02-17,2025-06-10,Cancelled,True
SUB001122,USR000974,Standard,499,2025-06-15,2026-01-01,Active,True
SUB001123,USR000975,Standard,499,2025-04-18,2025-08-16,Cancelled,True
SUB001124,USR000975,Basic,299,2025-08-17,2025-12-25,Expired,True
SUB001125,USR000976,Mobile,149,2025-01-12,2025-05-23,Expired,True
SUB001126,USR000976,Mobile,149,2025-05-24,2025-10-17,Cancelled,False
SUB001127,USR000977,Standard,499,2025-07-31,2026-01-01,Active,True
SUB001128,USR000978,Standard,499,2025-04-19,2026-01-01,Active,True
SUB001129,USR000979,Standard,499,2025-02-21,2026-01-01,Active,True
SUB001130,USR000980,Mobile,149,2025-01-31,2025-10-02,Cancelled,True
SUB001131,USR000981,Mobile,149,2025-02-22,2025-11-29,Cancelled,False
SUB001132,USR000982,Standard,499,2025-05-07,2026-01-01,Active,True
SUB001133,USR000983,Basic,299,2025-06-22,2026-01-01,Active,False
SUB001134,USR000984,Mobile,149,2025-03-31,2026-01-01,Active,True
SUB001135,USR000985,Mobile,149,2025-10-13,2026-01-01,Active,True
SUB001136,USR000986,Premium,799,2025-03-22,2025-07-25,Cancelled,False
SUB001137,USR000986,Standard,499,2025-07-26,2026-01-01,Active,True
SUB001138,USR000987,Premium,799,2025-04-12,2026-01-01,Active,True
SUB001139,USR000988,Standard,499,2025-02-12,2025-06-28,Expired,True
SUB001140,USR000988,Standard,499,2025-06-29,2025-09-26,Cancelled,False
SUB001141,USR000989,Standard,499,2025-04-08,2025-07-25,Expired,True
SUB001142,USR000990,Standard,499,2025-06-23,2026-01-01,Active,True
SUB001143,USR000991,Basic,299,2025-08-19,2026-01-01,Active,True
SUB001144,USR000992,Standard,499,2025-06-05,2025-10-12,Expired,True
SUB001145,USR000993,Basic,299,2025-01-23,2025-07-07,Cancelled,True
SUB001146,USR000994,Premium,799,2025-02-10,2026-01-01,Active,False
SUB001147,USR000995,Premium,799,2025-01-23,2025-10-27,Cancelled,True
SUB001148,USR000995,Premium,799,2025-10-28,2026-01-01,Active,True
SUB001149,USR000996,Premium,799,2025-02-24,2025-09-14,Cancelled,False
SUB001150,USR000997,Mobile,149,2025-03-09,2026-01-01,Active,True
SUB001151,USR000998,Mobile,149,2025-02-22,2025-10-05,Cancelled,True
SUB001152,USR000998,Premium,799,2025-10-06,2026-01-01,Active,True
SUB001153,USR000999,Premium,799,2025-05-24,2026-01-01,Active,True
SUB001154,USR001000,Basic,299,2025-02-13,2025-08-01,Expired,True
SUB001155,USR001001,Basic,299,2025-05-17,2025-09-18,Cancelled,False
SUB001156,USR001002,Standard,499,2025-06-09,2025-09-23,Cancelled,False
SUB001157,USR001002,Premium,799,2025-09-24,2026-01-01,Active,False
SUB001158,USR001003,Mobile,149,2025-03-27,2025-12-04,Expired,True
SUB001159,USR001004,Mobile,149,2025-07-09,2026-01-01,Active,True
SUB001160,USR001005,Standard,499,2025-05-29,2025-10-28,Cancelled,False
SUB001161,USR001006,Standard,499,2025-03-08,2026-01-01,Active,False
SUB001162,USR001007,Mobile,149,2025-04-21,2025-10-21,Expired,True
SUB001163,USR001007,Premium,799,2025-10-22,2026-01-01,Active,False
SUB001164,USR001008,Premium,799,2025-03-18,2025-07-16,Expired,False
SUB001165,USR001009,Standard,499,2025-06-08,2026-01-01,Active,True
SUB001166,USR001010,Standard,499,2025-05-26,2026-01-01,Active,False
SUB001167,USR001011,Premium,799,2025-05-07,2026-01-01,Active,True
SUB001168,USR001012,Standard,499,2025-02-03,2025-11-27,Cancelled,False
SUB001169,USR001013,Basic,299,2025-03-09,2025-07-22,Cancelled,True
SUB001170,USR001014,Mobile,149,2025-03-01,2026-01-01,Active,True
SUB001171,USR001015,Standard,499,2025-01-17,2025-06-08,Cancelled,True
SUB001172,USR001016,Standard,499,2025-02-10,2025-06-01,Cancelled,True
SUB001173,USR001016,Basic,299,2025-06-02,2025-08-27,Expired,True
SUB001174,USR001017,Premium,799,2025-02-13,2025-09-30,Expired,True
SUB001175,USR001017,Basic,299,2025-10-01,2026-01-01,Active,False
SUB001176,USR001018,Basic,299,2025-03-28,2026-01-01,Active,True
SUB001177,USR001019,Basic,299,2025-06-03,2026-01-01,Active,True
SUB001178,USR001020,Standard,499,2025-03-12,2026-01-01,Active,True
SUB001179,USR001021,Standard,499,2025-04-03,2025-10-22,Expired,True
SUB001180,USR001022,Basic,299,2025-03-28,2026-01-01,Active,False
SUB001181,USR001023,Mobile,149,2025-04-09,2026-01-01,Active,True
SUB001182,USR001024,Basic,299,2025-04-14,2026-01-01,Active,False
SUB001183,USR001025,Premium,799,2025-07-05,2026-01-01,Active,True
SUB001184,USR001026,Standard,499,2025-03-27,2026-01-01,Active,True
SUB001185,USR001027,Basic,299,2025-07-04,2025-10-24,Cancelled,True
SUB001186,USR001028,Basic,299,2025-04-15,2025-09-23,Expired,True
SUB001187,USR001028,Premium,799,2025-09-24,2026-01-01,Active,True
SUB001188,USR001029,Basic,299,2025-04-06,2025-07-12,Cancelled,False
SUB001189,USR001029,Premium,799,2025-07-13,2025-12-19,Cancelled,True
SUB001190,USR001030,Basic,299,2025-09-07,2026-01-01,Active,False
SUB001191,USR001031,Standard,499,2025-06-26,2026-01-01,Active,True
SUB001192,USR001032,Mobile,149,2025-01-18,2026-01-01,Active,True
SUB001193,USR001033,Premium,799,2025-05-07,2026-01-01,Active,True
SUB001194,USR001034,Standard,499,2025-02-13,2025-12-11,Expired,True
SUB001195,USR001035,Basic,299,2025-04-21,2025-10-08,Expired,False
SUB001196,USR001036,Basic,299,2025-02-22,2025-08-11,Cancelled,False
SUB001197,USR001036,Standard,499,2025-08-12,2026-01-01,Active,False
SUB001198,USR001037,Standard,499,2025-04-29,2025-10-11,Expired,True
SUB001199,USR001038,Mobile,149,2025-08-14,2026-01-01,Active,True
SUB001200,USR001039,Premium,799,2025-05-18,2025-08-16,Expired,False
SUB001201,USR001039,Standard,499,2025-08-17,2026-01-01,Active,True
SUB001202,USR001040,Mobile,149,2025-03-22,2025-09-20,Cancelled,True
SUB001203,USR001041,Basic,299,2025-03-17,2025-08-30,Cancelled,True
SUB001204,USR001041,Premium,799,2025-08-31,2025-12-27,Expired,True
SUB001205,USR001042,Standard,499,2025-07-12,2026-01-01,Active,True
SUB001206,USR001043,Mobile,149,2025-05-17,2026-01-01,Active,False
SUB001207,USR001044,Basic,299,2025-07-13,2025-12-26,Cancelled,True
SUB001208,USR001045,Standard,499,2025-05-25,2025-08-26,Cancelled,False
SUB001209,USR001045,Premium,799,2025-08-27,2026-01-01,Active,True
SUB001210,USR001046,Standard,499,2025-04-12,2025-09-04,Expired,False
SUB001211,USR001047,Mobile,149,2025-05-18,2025-08-31,Expired,True
SUB001212,USR001048,Premium,799,2025-08-23,2026-01-01,Active,True
SUB001213,USR001049,Premium,799,2025-04-14,2026-01-01,Active,True
SUB001214,USR001050,Standard,499,2025-03-13,2025-11-13,Cancelled,False
SUB001215,USR001051,Mobile,149,2025-03-10,2026-01-01,Active,True
SUB001216,USR001052,Basic,299,2025-05-28,2026-01-01,Active,False
SUB001217,USR001053,Basic,299,2025-03-22,2026-01-01,Active,True
SUB001218,USR001054,Mobile,149,2025-04-02,2026-01-01,Active,True
SUB001219,USR001055,Mobile,149,2025-07-01,2026-01-01,Active,True
SUB001220,USR001056,Standard,499,2025-02-13,2025-12-22,Cancelled,True
SUB001221,USR001057,Basic,299,2025-04-17,2025-12-07,Expired,False
SUB001222,USR001058,Standard,499,2025-07-06,2026-01-01,Active,True
SUB001223,USR001059,Mobile,149,2025-05-05,2026-01-01,Active,False
SUB001224,USR001060,Basic,299,2025-04-22,2025-10-24,Cancelled,True
SUB001225,USR001061,Mobile,149,2025-05-28,2026-01-01,Active,False
SUB001226,USR001062,Standard,499,2025-05-01,2026-01-01,Active,True
SUB001227,USR001063,Basic,299,2025-04-04,2025-12-22,Expired,True
SUB001228,USR001064,Mobile,149,2025-01-20,2025-12-17,Cancelled,True
SUB001229,USR001064,Basic,299,2025-12-18,2026-01-01,Active,True
SUB001230,USR001065,Basic,299,2025-06-01,2025-09-21,Cancelled,True
SUB001231,USR001066,Basic,299,2025-02-04,2026-01-01,Active,True
SUB001232,USR001067,Mobile,149,2025-06-04,2026-01-01,Active,True
SUB001233,USR001068,Standard,499,2025-01-20,2025-08-08,Expired,True
SUB001234,USR001069,Mobile,149,2025-02-25,2025-08-03,Expired,True
SUB001235,USR001070,Mobile,149,2025-05-05,2026-01-01,Active,True
SUB001236,USR001071,Basic,299,2025-04-03,2025-11-13,Cancelled,True
SUB001237,USR001071,Standard,499,2025-11-14,2026-01-01,Active,False
SUB001238,USR001072,Premium,799,2025-03-23,2025-12-20,Cancelled,True
SUB001239,USR001073,Basic,299,2025-09-06,2026-01-01,Active,True
SUB001240,USR001074,Basic,299,2025-06-12,2025-12-23,Cancelled,True
SUB001241,USR001075,Premium,799,2025-01-22,2025-06-10,Cancelled,True
SUB001242,USR001075,Basic,299,2025-06-11,2025-10-07,Cancelled,False
SUB001243,USR001076,Premium,799,2025-07-11,2026-01-01,Active,True
SUB001244,USR001077,Basic,299,2025-05-10,2025-09-24,Cancelled,False
SUB001245,USR001077,Standard,499,2025-09-25,2026-01-01,Active,True
SUB001246,USR001078,Standard,499,2025-03-15,2026-01-01,Active,True
SUB001247,USR001079,Standard,499,2025-06-02,2026-01-01,Active,True
SUB001248,USR001080,Standard,499,2025-04-16,2026-01-01,Active,True
SUB001249,USR001081,Basic,299,2025-06-16,2026-01-01,Active,True
SUB001250,USR001082,Premium,799,2025-02-23,2025-07-29,Cancelled,True
SUB001251,USR001083,Basic,299,2025-03-10,2025-10-16,Cancelled,True
SUB001252,USR001084,Mobile,149,2025-02-12,2025-07-17,Expired,False
SUB001253,USR001084,Standard,499,2025-07-18,2025-09-27,Cancelled,True
SUB001254,USR001085,Mobile,149,2025-03-03,2026-01-01,Active,True
SUB001255,USR001086,Premium,799,2025-03-16,2026-01-01,Active,True
SUB001256,USR001087,Standard,499,2025-05-07,2026-01-01,Active,False
SUB001257,USR001088,Premium,799,2025-02-28,2026-01-01,Active,True
SUB001258,USR001089,Basic,299,2025-04-14,2026-01-01,Active,True
SUB001259,USR001090,Basic,299,2025-06-29,2026-01-01,Active,True
SUB001260,USR001091,Basic,299,2025-05-20,2026-01-01,Active,True
SUB001261,USR001092,Premium,799,2025-03-22,2025-12-30,Cancelled,True
SUB001262,USR001093,Premium,799,2025-01-07,2025-06-07,Cancelled,False
SUB001263,USR001093,Standard,499,2025-06-08,2025-09-08,Cancelled,True
SUB001264,USR001094,Premium,799,2025-04-18,2026-01-01,Active,True
SUB001265,USR001095,Mobile,149,2025-03-18,2026-01-01,Active,False
SUB001266,USR001096,Mobile,149,2025-02-15,2025-09-26,Cancelled,True
SUB001267,USR001096,Mobile,149,2025-09-27,2025-11-28,Expired,False
SUB001268,USR001097,Standard,499,2025-04-22,2026-01-01,Active,True
SUB001269,USR001098,Mobile,149,2025-06-22,2026-01-01,Active,True
SUB001270,USR001099,Mobile,149,2025-03-06,2025-10-21,Expired,False
SUB001271,USR001099,Mobile,149,2025-10-22,2026-01-01,Active,True
SUB001272,USR001100,Mobile,149,2025-06-06,2026-01-01,Active,True
SUB001273,USR001101,Standard,499,2025-04-01,2026-01-01,Active,True
SUB001274,USR001102,Standard,499,2025-05-07,2026-01-01,Active,True
SUB001275,USR001103,Basic,299,2025-06-27,2025-11-24,Cancelled,False
SUB001276,USR001104,Basic,299,2025-01-07,2025-05-22,Expired,False
SUB001277,USR001104,Mobile,149,2025-05-23,2025-12-12,Cancelled,False
SUB001278,USR001105,Premium,799,2025-05-30,2025-10-15,Cancelled,True
SUB001279,USR001106,Standard,499,2025-09-04,2026-01-01,Active,False
SUB001280,USR001107,Standard,499,2025-07-31,2026-01-01,Active,True
SUB001281,USR001108,Mobile,149,2025-02-16,2025-09-20,Expired,True
SUB001282,USR001109,Mobile,149,2025-05-03,2026-01-01,Active,True
SUB001283,USR001110,Basic,299,2025-09-26,2026-01-01,Active,True
SUB001284,USR001111,Basic,299,2025-03-27,2026-01-01,Active,True
SUB001285,USR001112,Mobile,149,2025-07-03,2026-01-01,Active,True
SUB001286,USR001113,Standard,499,2025-04-28,2025-09-10,Expired,True
SUB001287,USR001114,Standard,499,2025-03-31,2025-10-19,Cancelled,False
SUB001288,USR001115,Standard,499,2025-07-10,2026-01-01,Active,True
SUB001289,USR001116,Mobile,149,2025-07-01,2026-01-01,Active,True
SUB001290,USR001117,Standard,499,2025-02-19,2025-12-13,Cancelled,True
SUB001291,USR001118,Mobile,149,2025-07-21,2025-11-29,Cancelled,True
SUB001292,USR001119,Standard,499,2025-01-03,2025-04-03,Expired,True
SUB001293,USR001120,Basic,299,2025-03-26,2025-10-30,Expired,True
SUB001294,USR001120,Standard,499,2025-10-31,2026-01-01,Active,False
SUB001295,USR001121,Mobile,149,2025-04-20,2026-01-01,Active,False
SUB001296,USR001122,Premium,799,2025-03-26,2025-10-30,Expired,True
SUB001297,USR001123,Premium,799,2025-04-18,2026-01-01,Active,True
SUB001298,USR001124,Premium,799,2025-03-11,2026-01-01,Active,True
SUB001299,USR001125,Mobile,149,2025-04-11,2026-01-01,Active,True
SUB001300,USR001126,Basic,299,2025-06-14,2026-01-01,Active,True
SUB001301,USR001127,Mobile,149,2025-04-25,2026-01-01,Active,True
SUB001302,USR001128,Standard,499,2025-08-21,2026-01-01,Active,True
SUB001303,USR001129,Standard,499,2025-04-19,2025-08-16,Expired,True
SUB001304,USR001130,Standard,499,2025-04-03,2025-09-21,Expired,False
SUB001305,USR001131,Basic,299,2025-09-28,2026-01-01,Active,True
SUB001306,USR001132,Basic,299,2025-07-01,2026-01-01,Active,True
SUB001307,USR001133,Basic,299,2025-05-27,2025-10-24,Cancelled,True
SUB001308,USR001133,Basic,299,2025-10-25,2026-01-01,Active,True
SUB001309,USR001134,Standard,499,2025-01-27,2025-08-10,Cancelled,False
SUB001310,USR001134,Premium,799,2025-08-11,2025-10-11,Expired,True
SUB001311,USR001135,Standard,499,2025-08-04,2026-01-01,Active,False
SUB001312,USR001136,Basic,299,2025-06-12,2025-10-12,Cancelled,False
SUB001313,USR001137,Standard,499,2025-02-15,2026-01-01,Active,True
SUB001314,USR001138,Basic,299,2025-05-19,2026-01-01,Active,False
SUB001315,USR001139,Premium,799,2025-02-22,2025-10-20,Cancelled,False
SUB001316,USR001139,Premium,799,2025-10-21,2026-01-01,Active,True
SUB001317,USR001140,Mobile,149,2025-07-19,2026-01-01,Active,True
SUB001318,USR001141,Premium,799,2025-07-22,2026-01-01,Active,False
SUB001319,USR001142,Basic,299,2025-07-02,2026-01-01,Active,False
SUB001320,USR001143,Standard,499,2025-03-16,2026-01-01,Active,True
SUB001321,USR001144,Basic,299,2025-06-21,2026-01-01,Active,False
SUB001322,USR001145,Premium,799,2025-02-03,2025-06-13,Expired,True
SUB001323,USR001146,Standard,499,2025-04-23,2025-12-09,Expired,False
SUB001324,USR001147,Standard,499,2025-03-30,2026-01-01,Active,True
SUB001325,USR001148,Basic,299,2025-03-24,2026-01-01,Active,True
SUB001326,USR001149,Mobile,149,2025-02-09,2025-09-26,Expired,True
SUB001327,USR001150,Standard,499,2025-04-24,2026-01-01,Active,False
SUB001328,USR001151,Standard,499,2025-02-21,2025-11-16,Expired,True
SUB001329,USR001152,Standard,499,2025-03-18,2026-01-01,Active,True
SUB001330,USR001153,Standard,499,2025-05-29,2025-12-06,Expired,False
SUB001331,USR001154,Mobile,149,2025-04-20,2026-01-01,Active,True
SUB001332,USR001155,Basic,299,2025-03-22,2026-01-01,Active,True
SUB001333,USR001156,Standard,499,2025-02-23,2025-06-07,Expired,True
SUB001334,USR001156,Mobile,149,2025-06-08,2025-10-16,Cancelled,True
SUB001335,USR001157,Basic,299,2025-05-15,2025-11-11,Expired,False
SUB001336,USR001157,Basic,299,2025-11-12,2026-01-01,Active,False
SUB001337,USR001158,Basic,299,2025-05-21,2026-01-01,Active,True
SUB001338,USR001159,Standard,499,2025-03-09,2026-01-01,Active,True
SUB001339,USR001160,Premium,799,2025-03-24,2026-01-01,Active,True
SUB001340,USR001161,Standard,499,2025-04-25,2026-01-01,Active,False
SUB001341,USR001162,Basic,299,2025-02-19,2025-07-28,Expired,True
SUB001342,USR001162,Standard,499,2025-07-29,2026-01-01,Active,True
SUB001343,USR001163,Standard,499,2025-05-05,2025-08-30,Expired,False
SUB001344,USR001164,Premium,799,2025-02-15,2025-05-26,Cancelled,True
SUB001345,USR001165,Basic,299,2025-02-27,2026-01-01,Active,True
SUB001346,USR001166,Basic,299,2025-01-04,2025-10-21,Expired,False
SUB001347,USR001166,Basic,299,2025-10-22,2026-01-01,Active,True
SUB001348,USR001167,Mobile,149,2025-02-24,2025-09-02,Cancelled,False
SUB001349,USR001168,Mobile,149,2025-01-20,2025-08-26,Cancelled,False
SUB001350,USR001169,Standard,499,2025-03-16,2025-10-30,Expired,True
SUB001351,USR001170,Basic,299,2025-03-09,2025-11-30,Cancelled,True
SUB001352,USR001171,Basic,299,2025-01-22,2025-11-14,Expired,True
SUB001353,USR001172,Mobile,149,2025-04-10,2025-08-21,Cancelled,False
SUB001354,USR001172,Standard,499,2025-08-22,2025-12-21,Expired,False
SUB001355,USR001173,Standard,499,2025-07-23,2025-12-25,Cancelled,True
SUB001356,USR001173,Basic,299,2025-12-26,2026-01-01,Active,True
SUB001357,USR001174,Basic,299,2025-09-03,2026-01-01,Active,True
SUB001358,USR001175,Premium,799,2025-01-24,2025-08-29,Expired,True
SUB001359,USR001175,Basic,299,2025-08-30,2025-10-31,Expired,False
SUB001360,USR001176,Premium,799,2025-05-03,2026-01-01,Active,True
SUB001361,USR001177,Standard,499,2025-05-15,2026-01-01,Active,False
SUB001362,USR001178,Premium,799,2025-06-01,2026-01-01,Active,True
SUB001363,USR001179,Premium,799,2025-03-23,2026-01-01,Active,True
SUB001364,USR001180,Standard,499,2025-05-16,2026-01-01,Active,True
SUB001365,USR001181,Premium,799,2025-06-07,2025-09-10,Cancelled,True
SUB001366,USR001182,Basic,299,2025-08-10,2026-01-01,Active,True
SUB001367,USR001183,Standard,499,2025-04-27,2025-07-29,Expired,False
SUB001368,USR001183,Standard,499,2025-07-30,2026-01-01,Active,True
SUB001369,USR001184,Mobile,149,2025-01-17,2025-06-16,Expired,True
SUB001370,USR001185,Basic,299,2025-03-29,2026-01-01,Active,False
SUB001371,USR001186,Standard,499,2025-05-07,2025-09-16,Expired,True
SUB001372,USR001187,Standard,499,2025-03-14,2026-01-01,Active,False
SUB001373,USR001188,Premium,799,2025-05-30,2025-09-18,Expired,False
SUB001374,USR001188,Standard,499,2025-09-19,2025-11-24,Cancelled,False
SUB001375,USR001189,Mobile,149,2025-02-05,2026-01-01,Active,False
SUB001376,USR001190,Premium,799,2025-08-27,2026-01-01,Active,True
SUB001377,USR001191,Standard,499,2025-03-17,2025-08-17,Expired,True
SUB001378,USR001192,Standard,499,2025-02-09,2025-07-15,Expired,True
SUB001379,USR001192,Mobile,149,2025-07-16,2026-01-01,Active,False
SUB001380,USR001193,Basic,299,2025-02-21,2025-12-12,Expired,True
SUB001381,USR001194,Basic,299,2025-07-12,2026-01-01,Active,True
SUB001382,USR001195,Standard,499,2025-02-25,2025-10-13,Cancelled,False
SUB001383,USR001196,Mobile,149,2025-05-06,2025-10-26,Cancelled,True
SUB001384,USR001197,Standard,499,2025-08-06,2026-01-01,Active,True
SUB001385,USR001198,Premium,799,2025-02-19,2025-05-22,Cancelled,True
SUB001386,USR001199,Standard,499,2025-07-15,2026-01-01,Active,True
SUB001387,USR001200,Premium,799,2025-06-07,2026-01-01,Active,False
SUB001388,USR001201,Premium,799,2025-01-18,2025-09-19,Cancelled,False
SUB001389,USR001202,Basic,299,2025-06-10,2025-10-06,Expired,True
SUB001390,USR001203,Basic,299,2025-06-26,2026-01-01,Active,True
SUB001391,USR001204,Basic,299,2025-01-15,2025-11-29,Cancelled,True
SUB001392,USR001204,Standard,499,2025-11-30,2026-01-01,Active,True
SUB001393,USR001205,Standard,499,2025-04-10,2025-12-23,Cancelled,True
SUB001394,USR001206,Premium,799,2025-04-20,2026-01-01,Active,True
SUB001395,USR001207,Standard,499,2025-03-21,2026-01-01,Active,False
SUB001396,USR001208,Basic,299,2025-03-15,2025-08-19,Expired,False
SUB001397,USR001209,Basic,299,2025-01-31,2025-11-02,Expired,True
SUB001398,USR001210,Standard,499,2025-05-11,2026-01-01,Active,True
SUB001399,USR001211,Premium,799,2025-01-04,2026-01-01,Active,True
SUB001400,USR001212,Basic,299,2025-04-16,2026-01-01,Active,True
SUB001401,USR001213,Premium,799,2025-03-25,2025-12-08,Expired,True
SUB001402,USR001213,Basic,299,2025-12-09,2026-01-01,Active,True
SUB001403,USR001214,Mobile,149,2025-04-01,2025-11-27,Expired,True
SUB001404,USR001214,Mobile,149,2025-11-28,2026-01-01,Active,False
SUB001405,USR001215,Mobile,149,2025-05-25,2025-12-31,Expired,True
SUB001406,USR001216,Basic,299,2025-03-28,2025-12-13,Cancelled,True
SUB001407,USR001217,Standard,499,2025-05-05,2026-01-01,Active,True
SUB001408,USR001218,Standard,499,2025-04-03,2025-10-17,Expired,False
SUB001409,USR001219,Mobile,149,2025-03-12,2025-07-11,Cancelled,True
SUB001410,USR001220,Standard,499,2025-04-11,2025-12-10,Expired,False
SUB001411,USR001221,Basic,299,2025-06-12,2026-01-01,Active,True
SUB001412,USR001222,Mobile,149,2025-05-13,2026-01-01,Active,False
SUB001413,USR001223,Mobile,149,2025-01-07,2025-11-22,Cancelled,False
SUB001414,USR001224,Standard,499,2025-05-20,2025-12-23,Expired,True
SUB001415,USR001224,Standard,499,2025-12-24,2026-01-01,Active,True
SUB001416,USR001225,Premium,799,2025-05-12,2026-01-01,Active,True
SUB001417,USR001226,Premium,799,2025-01-15,2026-01-01,Active,True
SUB001418,USR001227,Premium,799,2025-06-05,2025-10-27,Expired,True
SUB001419,USR001228,Standard,499,2025-04-20,2026-01-01,Active,True
SUB001420,USR001229,Mobile,149,2025-08-25,2026-01-01,Active,True
SUB001421,USR001230,Mobile,149,2025-02-21,2025-08-16,Expired,True
SUB001422,USR001231,Standard,499,2025-05-16,2025-08-24,Expired,True
SUB001423,USR001232,Premium,799,2025-03-20,2025-09-04,Expired,True
SUB001424,USR001232,Basic,299,2025-09-05,2026-01-01,Active,True
SUB001425,USR001233,Basic,299,2025-07-15,2026-01-01,Active,False
SUB001426,USR001234,Mobile,149,2025-04-07,2025-08-27,Expired,False
SUB001427,USR001235,Mobile,149,2025-08-09,2026-01-01,Active,True
SUB001428,USR001236,Standard,499,2025-02-01,2025-09-27,Expired,True
SUB001429,USR001237,Premium,799,2025-04-24,2026-01-01,Active,False
SUB001430,USR001238,Premium,799,2025-05-18,2026-01-01,Active,False
SUB001431,USR001239,Standard,499,2025-06-01,2025-12-12,Expired,False
SUB001432,USR001239,Premium,799,2025-12-13,2026-01-01,Active,True
SUB001433,USR001240,Basic,299,2025-07-21,2026-01-01,Active,True
SUB001434,USR001241,Standard,499,2025-05-01,2025-08-02,Expired,False
SUB001435,USR001241,Standard,499,2025-08-03,2025-10-25,Cancelled,True
SUB001436,USR001242,Mobile,149,2025-01-23,2025-08-03,Cancelled,True
SUB001437,USR001242,Basic,299,2025-08-04,2025-12-26,Expired,True
SUB001438,USR001243,Mobile,149,2025-03-03,2026-01-01,Active,True
SUB001439,USR001244,Basic,299,2025-02-07,2025-11-20,Cancelled,False
SUB001440,USR001245,Premium,799,2025-08-29,2026-01-01,Active,True
SUB001441,USR001246,Standard,499,2025-04-10,2026-01-01,Active,False
SUB001442,USR001247,Standard,499,2025-03-21,2025-07-01,Cancelled,True
SUB001443,USR001248,Standard,499,2025-05-10,2025-11-16,Cancelled,True
SUB001444,USR001249,Mobile,149,2025-05-22,2025-09-11,Cancelled,True
SUB001445,USR001250,Standard,499,2025-04-16,2025-10-20,Cancelled,True
SUB001446,USR001251,Basic,299,2025-05-12,2026-01-01,Active,True
SUB001447,USR001252,Mobile,149,2025-06-13,2026-01-01,Active,True
SUB001448,USR001253,Basic,299,2025-02-20,2025-06-22,Cancelled,True
SUB001449,USR001254,Premium,799,2025-05-02,2026-01-01,Active,True
SUB001450,USR001255,Standard,499,2025-05-03,2026-01-01,Active,True
SUB001451,USR001256,Basic,299,2025-06-21,2025-11-27,Cancelled,True
SUB001452,USR001256,Basic,299,2025-11-28,2026-01-01,Active,True
SUB001453,USR001257,Standard,499,2025-06-22,2026-01-01,Active,True
SUB001454,USR001258,Mobile,149,2025-03-10,2026-01-01,Active,True
SUB001455,USR001259,Basic,299,2025-01-29,2026-01-01,Active,True
SUB001456,USR001260,Mobile,149,2025-04-12,2026-01-01,Active,True
SUB001457,USR001261,Basic,299,2025-05-16,2026-01-01,Active,False
SUB001458,USR001262,Mobile,149,2025-07-15,2026-01-01,Active,True
SUB001459,USR001263,Basic,299,2025-02-13,2026-01-01,Active,True
SUB001460,USR001264,Standard,499,2025-01-25,2025-06-09,Expired,False
SUB001461,USR001265,Standard,499,2025-02-21,2025-09-10,Expired,True
SUB001462,USR001266,Basic,299,2025-01-23,2025-12-02,Expired,True
SUB001463,USR001266,Mobile,149,2025-12-03,2026-01-01,Active,True
SUB001464,USR001267,Standard,499,2025-05-09,2026-01-01,Active,False
SUB001465,USR001268,Premium,799,2025-04-27,2026-01-01,Active,True
SUB001466,USR001269,Basic,299,2025-05-23,2026-01-01,Active,True
SUB001467,USR001270,Mobile,149,2025-02-22,2025-07-24,Cancelled,False
SUB001468,USR001270,Standard,499,2025-07-25,2025-10-30,Cancelled,True
SUB001469,USR001271,Premium,799,2025-06-09,2026-01-01,Active,True
SUB001470,USR001272,Basic,299,2025-03-01,2025-09-02,Cancelled,True
SUB001471,USR001273,Basic,299,2025-05-02,2026-01-01,Active,False
SUB001472,USR001274,Basic,299,2025-09-01,2026-01-01,Active,True
SUB001473,USR001275,Premium,799,2025-02-24,2026-01-01,Active,False
SUB001474,USR001276,Basic,299,2025-03-06,2025-10-17,Expired,True
SUB001475,USR001277,Standard,499,2025-02-23,2025-11-06,Expired,True
SUB001476,USR001278,Standard,499,2025-03-11,2025-12-16,Expired,True
SUB001477,USR001279,Mobile,149,2025-03-06,2025-12-01,Expired,True
SUB001478,USR001280,Premium,799,2025-03-15,2026-01-01,Active,False
SUB001479,USR001281,Basic,299,2025-03-28,2025-11-03,Expired,True
SUB001480,USR001282,Basic,299,2025-05-15,2026-01-01,Active,True
SUB001481,USR001283,Basic,299,2025-06-25,2026-01-01,Active,True
SUB001482,USR001284,Standard,499,2025-05-07,2025-11-03,Cancelled,True
SUB001483,USR001284,Mobile,149,2025-11-04,2026-01-01,Active,True
SUB001484,USR001285,Basic,299,2025-04-09,2025-08-28,Expired,True
SUB001485,USR001286,Mobile,149,2025-01-18,2026-01-01,Active,True
SUB001486,USR001287,Basic,299,2025-08-27,2025-12-06,Expired,True
SUB001487,USR001287,Standard,499,2025-12-07,2026-01-01,Active,True
SUB001488,USR001288,Standard,499,2025-04-21,2025-08-14,Cancelled,True
SUB001489,USR001288,Premium,799,2025-08-15,2025-11-30,Cancelled,True
SUB001490,USR001289,Premium,799,2025-04-21,2026-01-01,Active,True
SUB001491,USR001290,Mobile,149,2025-07-18,2026-01-01,Active,True
SUB001492,USR001291,Mobile,149,2025-03-19,2025-11-06,Cancelled,True
SUB001493,USR001292,Mobile,149,2025-04-11,2025-07-30,Cancelled,False
SUB001494,USR001293,Mobile,149,2025-06-11,2025-11-25,Cancelled,True
SUB001495,USR001294,Basic,299,2025-06-29,2026-01-01,Active,True
SUB001496,USR001295,Basic,299,2025-04-11,2026-01-01,Active,True
SUB001497,USR001296,Basic,299,2025-04-23,2025-10-22,Expired,True
SUB001498,USR001296,Basic,299,2025-10-23,2026-01-01,Active,False
SUB001499,USR001297,Premium,799,2025-07-30,2026-01-01,Active,False
SUB001500,USR001298,Premium,799,2025-04-03,2025-07-05,Expired,True
SUB001501,USR001299,Standard,499,2025-04-01,2025-09-01,Cancelled,True
SUB001502,USR001299,Mobile,149,2025-09-02,2026-01-01,Active,False
SUB001503,USR001300,Premium,799,2025-05-14,2025-10-06,Expired,True
SUB001504,USR001300,Basic,299,2025-10-07,2026-01-01,Active,False
SUB001505,USR001301,Basic,299,2025-03-29,2025-11-18,Expired,True
SUB001506,USR001302,Mobile,149,2025-04-12,2025-11-13,Cancelled,True
SUB001507,USR001302,Basic,299,2025-11-14,2026-01-01,Active,False
SUB001508,USR001303,Basic,299,2025-05-21,2026-01-01,Active,True
SUB001509,USR001304,Basic,299,2025-06-06,2026-01-01,Active,True
SUB001510,USR001305,Basic,299,2025-02-25,2026-01-01,Active,True
SUB001511,USR001306,Basic,299,2025-04-20,2026-01-01,Active,True
SUB001512,USR001307,Basic,299,2025-06-22,2025-11-30,Cancelled,True
SUB001513,USR001308,Premium,799,2025-05-18,2025-09-14,Cancelled,True
SUB001514,USR001309,Mobile,149,2025-04-27,2026-01-01,Active,False
SUB001515,USR001310,Premium,799,2025-05-16,2026-01-01,Active,True
SUB001516,USR001311,Standard,499,2025-02-14,2025-10-25,Expired,False
SUB001517,USR001312,Premium,799,2025-03-28,2025-08-07,Cancelled,False
SUB001518,USR001312,Basic,299,2025-08-08,2026-01-01,Active,True
SUB001519,USR001313,Premium,799,2025-03-02,2025-12-03,Cancelled,True
SUB001520,USR001313,Basic,299,2025-12-04,2026-01-01,Active,False
SUB001521,USR001314,Premium,799,2025-04-23,2025-12-08,Expired,False
SUB001522,USR001315,Premium,799,2025-07-17,2026-01-01,Active,True
SUB001523,USR001316,Premium,799,2025-02-25,2026-01-01,Active,True
SUB001524,USR001317,Mobile,149,2025-04-16,2026-01-01,Active,True
SUB001525,USR001318,Mobile,149,2025-03-08,2025-10-19,Expired,False
SUB001526,USR001319,Standard,499,2025-02-20,2025-11-06,Cancelled,True
SUB001527,USR001319,Mobile,149,2025-11-07,2026-01-01,Active,True
SUB001528,USR001320,Standard,499,2025-05-05,2025-09-05,Expired,True
SUB001529,USR001320,Standard,499,2025-09-06,2025-11-13,Expired,True
SUB001530,USR001321,Mobile,149,2025-02-16,2025-12-03,Expired,False
SUB001531,USR001322,Basic,299,2025-05-07,2025-12-04,Cancelled,True
SUB001532,USR001323,Basic,299,2025-05-18,2026-01-01,Active,True
SUB001533,USR001324,Mobile,149,2025-03-08,2026-01-01,Active,False
SUB001534,USR001325,Mobile,149,2025-04-18,2025-11-28,Cancelled,True
SUB001535,USR001325,Basic,299,2025-11-29,2026-01-01,Active,True
SUB001536,USR001326,Basic,299,2025-08-29,2026-01-01,Active,True
SUB001537,USR001327,Mobile,149,2025-01-16,2026-01-01,Active,True
SUB001538,USR001328,Premium,799,2025-03-29,2025-10-19,Cancelled,False
SUB001539,USR001328,Standard,499,2025-10-20,2026-01-01,Active,False
SUB001540,USR001329,Standard,499,2025-08-17,2026-01-01,Active,True
SUB001541,USR001330,Basic,299,2025-05-14,2026-01-01,Active,True
SUB001542,USR001331,Standard,499,2025-06-13,2026-01-01,Active,False
SUB001543,USR001332,Standard,499,2025-07-15,2026-01-01,Active,True
SUB001544,USR001333,Mobile,149,2025-06-26,2025-10-23,Expired,False
SUB001545,USR001333,Premium,799,2025-10-24,2026-01-01,Active,True
SUB001546,USR001334,Standard,499,2025-05-11,2025-11-13,Cancelled,True
SUB001547,USR001335,Standard,499,2025-05-30,2026-01-01,Active,True
SUB001548,USR001336,Basic,299,2025-03-01,2025-10-08,Expired,True
SUB001549,USR001337,Standard,499,2025-04-02,2026-01-01,Active,True
SUB001550,USR001338,Basic,299,2025-07-22,2026-01-01,Active,False
SUB001551,USR001339,Mobile,149,2025-07-26,2026-01-01,Active,True
SUB001552,USR001340,Premium,799,2025-04-22,2026-01-01,Active,False
SUB001553,USR001341,Basic,299,2025-04-16,2025-10-15,Cancelled,True
SUB001554,USR001342,Basic,299,2025-02-28,2025-08-12,Cancelled,True
SUB001555,USR001342,Standard,499,2025-08-13,2025-11-21,Expired,True
SUB001556,USR001343,Premium,799,2025-05-27,2026-01-01,Active,True
SUB001557,USR001344,Standard,499,2025-01-16,2025-05-19,Cancelled,True
SUB001558,USR001344,Basic,299,2025-05-20,2025-07-24,Cancelled,True
SUB001559,USR001345,Premium,799,2025-03-02,2025-09-20,Expired,False
SUB001560,USR001346,Mobile,149,2025-05-07,2025-12-25,Cancelled,False
SUB001561,USR001347,Basic,299,2025-04-25,2025-08-18,Cancelled,False
SUB001562,USR001348,Basic,299,2025-04-19,2025-10-12,Cancelled,True
SUB001563,USR001349,Standard,499,2025-04-04,2026-01-01,Active,True
SUB001564,USR001350,Premium,799,2025-01-25,2025-05-20,Cancelled,True
SUB001565,USR001350,Standard,499,2025-05-21,2025-08-23,Expired,True
SUB001566,USR001351,Mobile,149,2025-07-21,2026-01-01,Active,True
SUB001567,USR001352,Standard,499,2025-03-11,2026-01-01,Active,False
SUB001568,USR001353,Mobile,149,2025-04-28,2026-01-01,Active,True
SUB001569,USR001354,Premium,799,2025-08-02,2026-01-01,Active,True
SUB001570,USR001355,Standard,499,2025-06-14,2026-01-01,Active,False
SUB001571,USR001356,Basic,299,2025-08-10,2026-01-01,Active,False
SUB001572,USR001357,Basic,299,2025-03-12,2026-01-01,Active,False
SUB001573,USR001358,Standard,499,2025-03-22,2026-01-01,Active,False
SUB001574,USR001359,Basic,299,2025-07-04,2025-10-26,Expired,True
SUB001575,USR001360,Standard,499,2025-04-11,2026-01-01,Active,True
SUB001576,USR001361,Basic,299,2025-02-27,2025-07-28,Cancelled,False
SUB001577,USR001362,Basic,299,2025-08-19,2026-01-01,Active,True
SUB001578,USR001363,Basic,299,2025-03-14,2026-01-01,Active,True
SUB001579,USR001364,Standard,499,2025-04-21,2026-01-01,Active,True
SUB001580,USR001365,Standard,499,2025-04-14,2025-12-17,Cancelled,True
SUB001581,USR001365,Basic,299,2025-12-18,2026-01-01,Active,True
SUB001582,USR001366,Mobile,149,2025-05-10,2026-01-01,Active,True
SUB001583,USR001367,Mobile,149,2025-03-05,2025-09-13,Cancelled,True
SUB001584,USR001368,Basic,299,2025-01-16,2026-01-01,Active,True
SUB001585,USR001369,Basic,299,2025-05-13,2026-01-01,Active,True
SUB001586,USR001370,Standard,499,2025-05-10,2025-11-12,Cancelled,True
SUB001587,USR001371,Mobile,149,2025-02-03,2025-06-12,Cancelled,False
SUB001588,USR001372,Mobile,149,2025-03-30,2025-12-09,Expired,True
SUB001589,USR001373,Standard,499,2025-02-03,2026-01-01,Active,True
SUB001590,USR001374,Premium,799,2025-06-05,2025-12-03,Expired,True
SUB001591,USR001375,Standard,499,2025-02-06,2025-09-25,Expired,True
SUB001592,USR001376,Mobile,149,2025-05-16,2026-01-01,Active,True
SUB001593,USR001377,Standard,499,2025-05-29,2025-12-05,Expired,False
SUB001594,USR001378,Basic,299,2025-04-11,2025-10-02,Cancelled,True
SUB001595,USR001379,Basic,299,2025-08-12,2026-01-01,Active,True
SUB001596,USR001380,Premium,799,2025-01-08,2025-08-11,Expired,True
SUB001597,USR001381,Basic,299,2025-06-15,2026-01-01,Active,True
SUB001598,USR001382,Premium,799,2025-05-09,2026-01-01,Active,False
SUB001599,USR001383,Standard,499,2025-06-28,2026-01-01,Active,True
SUB001600,USR001384,Mobile,149,2025-08-10,2026-01-01,Active,True
SUB001601,USR001385,Mobile,149,2025-04-18,2025-11-20,Cancelled,True
SUB001602,USR001386,Basic,299,2025-04-07,2026-01-01,Active,True
SUB001603,USR001387,Mobile,149,2025-07-24,2026-01-01,Active,True
SUB001604,USR001388,Standard,499,2025-03-10,2025-12-19,Expired,True
SUB001605,USR001389,Basic,299,2025-06-05,2026-01-01,Active,True
SUB001606,USR001390,Mobile,149,2025-05-09,2026-01-01,Active,True
SUB001607,USR001391,Basic,299,2025-07-26,2025-10-26,Expired,True
SUB001608,USR001391,Basic,299,2025-10-27,2026-01-01,Active,True
SUB001609,USR001392,Standard,499,2025-01-27,2025-09-13,Expired,False
SUB001610,USR001392,Mobile,149,2025-09-14,2025-11-30,Cancelled,True
SUB001611,USR001393,Standard,499,2025-01-24,2026-01-01,Active,True
SUB001612,USR001394,Basic,299,2025-03-22,2026-01-01,Active,True
SUB001613,USR001395,Mobile,149,2025-04-16,2026-01-01,Active,False
SUB001614,USR001396,Premium,799,2025-05-20,2026-01-01,Active,True
SUB001615,USR001397,Standard,499,2025-02-24,2025-07-22,Cancelled,False
SUB001616,USR001397,Standard,499,2025-07-23,2026-01-01,Active,True
SUB001617,USR001398,Premium,799,2025-01-17,2025-09-28,Cancelled,True
SUB001618,USR001399,Premium,799,2025-09-16,2026-01-01,Active,True
SUB001619,USR001400,Basic,299,2025-03-20,2025-09-22,Expired,True
SUB001620,USR001401,Standard,499,2025-06-30,2026-01-01,Active,True
SUB001621,USR001402,Standard,499,2025-02-19,2025-12-02,Cancelled,True
SUB001622,USR001402,Premium,799,2025-12-03,2026-01-01,Active,True
SUB001623,USR001403,Mobile,149,2025-04-02,2025-09-30,Cancelled,False
SUB001624,USR001403,Basic,299,2025-10-01,2026-01-01,Active,False
SUB001625,USR001404,Standard,499,2025-02-06,2025-07-19,Cancelled,True
SUB001626,USR001405,Premium,799,2025-08-26,2026-01-01,Active,False
SUB001627,USR001406,Basic,299,2025-03-14,2025-10-31,Expired,True
SUB001628,USR001407,Premium,799,2025-01-29,2026-01-01,Active,False
SUB001629,USR001408,Basic,299,2025-07-24,2025-11-16,Cancelled,True
SUB001630,USR001408,Standard,499,2025-11-17,2026-01-01,Active,False
SUB001631,USR001409,Premium,799,2025-03-21,2025-07-15,Expired,True
SUB001632,USR001410,Mobile,149,2025-07-31,2026-01-01,Active,True
SUB001633,USR001411,Standard,499,2025-05-25,2025-10-05,Cancelled,True
SUB001634,USR001412,Basic,299,2025-05-01,2025-09-22,Expired,True
SUB001635,USR001413,Basic,299,2025-06-04,2026-01-01,Active,True
SUB001636,USR001414,Premium,799,2025-03-08,2026-01-01,Active,False
SUB001637,USR001415,Basic,299,2025-03-16,2025-09-20,Cancelled,True
SUB001638,USR001415,Basic,299,2025-09-21,2026-01-01,Active,False
SUB001639,USR001416,Basic,299,2025-04-26,2026-01-01,Active,False
SUB001640,USR001417,Premium,799,2025-06-13,2026-01-01,Active,True
SUB001641,USR001418,Standard,499,2025-04-20,2026-01-01,Active,False
SUB001642,USR001419,Standard,499,2025-01-18,2025-10-03,Cancelled,False
SUB001643,USR001420,Mobile,149,2025-05-08,2025-09-18,Cancelled,True
SUB001644,USR001421,Basic,299,2025-03-30,2026-01-01,Active,True
SUB001645,USR001422,Basic,299,2025-04-20,2025-12-14,Cancelled,True
SUB001646,USR001423,Mobile,149,2025-04-07,2026-01-01,Active,False
SUB001647,USR001424,Basic,299,2025-04-05,2026-01-01,Active,True
SUB001648,USR001425,Basic,299,2025-04-20,2025-10-13,Expired,True
SUB001649,USR001426,Mobile,149,2025-06-24,2025-12-14,Cancelled,True
SUB001650,USR001427,Mobile,149,2025-02-15,2025-06-11,Expired,True
SUB001651,USR001428,Premium,799,2025-03-27,2026-01-01,Active,False
SUB001652,USR001429,Basic,299,2025-02-10,2025-10-10,Cancelled,True
SUB001653,USR001430,Mobile,149,2025-03-28,2026-01-01,Active,True
SUB001654,USR001431,Basic,299,2025-04-20,2026-01-01,Active,False
SUB001655,USR001432,Premium,799,2025-02-17,2025-10-24,Expired,True
SUB001656,USR001432,Standard,499,2025-10-25,2026-01-01,Active,True
SUB001657,USR001433,Mobile,149,2025-05-05,2025-08-16,Cancelled,True
SUB001658,USR001434,Basic,299,2025-05-07,2025-10-14,Cancelled,True
SUB001659,USR001435,Premium,799,2025-02-25,2025-08-21,Cancelled,True
SUB001660,USR001436,Premium,799,2025-04-05,2025-07-10,Cancelled,True
SUB001661,USR001437,Standard,499,2025-01-18,2025-08-24,Expired,True
SUB001662,USR001437,Basic,299,2025-08-25,2025-11-13,Cancelled,False
SUB001663,USR001438,Premium,799,2025-02-22,2025-10-30,Cancelled,False
SUB001664,USR001439,Premium,799,2025-03-18,2025-09-05,Cancelled,True
SUB001665,USR001439,Basic,299,2025-09-06,2025-11-15,Expired,True
SUB001666,USR001440,Standard,499,2025-03-12,2026-01-01,Active,False
SUB001667,USR001441,Premium,799,2025-01-26,2026-01-01,Active,False
SUB001668,USR001442,Standard,499,2025-02-10,2025-12-15,Expired,False
SUB001669,USR001443,Premium,799,2025-03-27,2026-01-01,Active,True
SUB001670,USR001444,Mobile,149,2025-07-07,2026-01-01,Active,True
SUB001671,USR001445,Standard,499,2025-06-08,2025-09-16,Cancelled,False
SUB001672,USR001446,Premium,799,2025-04-15,2026-01-01,Active,False
SUB001673,USR001447,Standard,499,2025-05-21,2026-01-01,Active,True
SUB001674,USR001448,Premium,799,2025-07-12,2026-01-01,Active,False
SUB001675,USR001449,Mobile,149,2025-02-07,2025-09-26,Cancelled,True
SUB001676,USR001449,Basic,299,2025-09-27,2025-12-12,Expired,False
SUB001677,USR001450,Standard,499,2025-07-24,2026-01-01,Active,True
SUB001678,USR001451,Premium,799,2025-06-01,2025-12-27,Expired,True
SUB001679,USR001452,Standard,499,2025-06-21,2026-01-01,Active,True
SUB001680,USR001453,Standard,499,2025-02-09,2025-11-21,Cancelled,False
SUB001681,USR001453,Standard,499,2025-11-22,2026-01-01,Active,True
SUB001682,USR001454,Mobile,149,2025-03-18,2025-07-06,Expired,True
SUB001683,USR001455,Basic,299,2025-06-21,2026-01-01,Active,False
SUB001684,USR001456,Standard,499,2025-04-14,2026-01-01,Active,True
SUB001685,USR001457,Standard,499,2025-04-11,2026-01-01,Active,True
SUB001686,USR001458,Standard,499,2025-07-12,2026-01-01,Active,True
SUB001687,USR001459,Basic,299,2025-03-30,2025-07-27,Expired,True
SUB001688,USR001460,Premium,799,2025-05-09,2025-08-08,Expired,True
SUB001689,USR001461,Standard,499,2025-07-19,2026-01-01,Active,True
SUB001690,USR001462,Standard,499,2025-08-01,2026-01-01,Active,True
SUB001691,USR001463,Basic,299,2025-02-24,2025-12-24,Expired,True
SUB001692,USR001464,Standard,499,2025-03-26,2025-06-29,Expired,False
SUB001693,USR001465,Standard,499,2025-06-02,2026-01-01,Active,True
SUB001694,USR001466,Basic,299,2025-08-13,2026-01-01,Active,True
SUB001695,USR001467,Basic,299,2025-02-23,2025-07-14,Cancelled,False
SUB001696,USR001468,Standard,499,2025-06-03,2026-01-01,Active,True
SUB001697,USR001469,Mobile,149,2025-04-06,2026-01-01,Active,True
SUB001698,USR001470,Mobile,149,2025-07-15,2025-12-02,Cancelled,True
SUB001699,USR001471,Basic,299,2025-03-01,2025-09-24,Expired,True
SUB001700,USR001472,Standard,499,2025-07-17,2025-10-20,Expired,False
SUB001701,USR001472,Basic,299,2025-10-21,2026-01-01,Active,True
SUB001702,USR001473,Premium,799,2025-06-08,2025-11-17,Cancelled,True
SUB001703,USR001473,Basic,299,2025-11-18,2026-01-01,Active,True
SUB001704,USR001474,Standard,499,2025-03-25,2025-07-13,Cancelled,False
SUB001705,USR001475,Mobile,149,2025-01-28,2026-01-01,Active,False
SUB001706,USR001476,Basic,299,2025-05-17,2026-01-01,Active,True
SUB001707,USR001477,Standard,499,2025-04-08,2026-01-01,Active,True
SUB001708,USR001478,Basic,299,2025-01-21,2025-09-25,Expired,False
SUB001709,USR001479,Basic,299,2025-07-21,2025-12-29,Cancelled,True
SUB001710,USR001479,Mobile,149,2025-12-30,2026-01-01,Active,False
SUB001711,USR001480,Standard,499,2025-03-29,2026-01-01,Active,False
SUB001712,USR001481,Mobile,149,2025-07-14,2026-01-01,Active,False
SUB001713,USR001482,Premium,799,2025-05-21,2025-10-11,Cancelled,False
SUB001714,USR001483,Mobile,149,2025-07-20,2026-01-01,Active,True
SUB001715,USR001484,Standard,499,2025-01-09,2026-01-01,Active,False
SUB001716,USR001485,Mobile,149,2025-04-28,2025-11-24,Cancelled,True
SUB001717,USR001486,Standard,499,2025-08-30,2026-01-01,Active,True
SUB001718,USR001487,Mobile,149,2025-02-27,2025-06-16,Cancelled,True
SUB001719,USR001488,Basic,299,2025-04-27,2025-12-02,Cancelled,True
SUB001720,USR001489,Mobile,149,2025-02-09,2025-09-21,Expired,True
SUB001721,USR001490,Basic,299,2025-08-22,2026-01-01,Active,True
SUB001722,USR001491,Mobile,149,2025-03-26,2025-07-26,Expired,True
SUB001723,USR001492,Premium,799,2025-04-30,2025-08-03,Cancelled,True
SUB001724,USR001493,Basic,299,2025-04-17,2026-01-01,Active,True
SUB001725,USR001494,Mobile,149,2025-06-05,2025-12-16,Expired,True
SUB001726,USR001495,Basic,299,2025-03-07,2025-07-08,Cancelled,False
SUB001727,USR001496,Basic,299,2025-04-26,2025-08-27,Cancelled,True
SUB001728,USR001497,Mobile,149,2025-04-14,2026-01-01,Active,True
SUB001729,USR001498,Basic,299,2025-01-25,2025-09-27,Cancelled,True
SUB001730,USR001498,Basic,299,2025-09-28,2026-01-01,Active,True
SUB001731,USR001499,Basic,299,2025-01-17,2025-10-16,Expired,False
SUB001732,USR001500,Basic,299,2025-05-09,2025-09-19,Expired,True
SUB001733,USR001500,Standard,499,2025-09-20,2026-01-01,Active,False
SUB001734,USR001501,Standard,499,2025-01-19,2026-01-01,Active,True
SUB001735,USR001502,Premium,799,2025-04-03,2026-01-01,Active,True
SUB001736,USR001503,Basic,299,2025-02-20,2025-11-26,Cancelled,True
SUB001737,USR001504,Standard,499,2025-04-29,2025-10-01,Cancelled,True
SUB001738,USR001505,Premium,799,2025-06-06,2025-12-27,Expired,True
SUB001739,USR001506,Mobile,149,2025-06-05,2026-01-01,Active,True
SUB001740,USR001507,Basic,299,2025-05-17,2026-01-01,Active,True
SUB001741,USR001508,Basic,299,2025-05-03,2026-01-01,Active,False
SUB001742,USR001509,Standard,499,2025-06-18,2026-01-01,Active,False
SUB001743,USR001510,Mobile,149,2025-05-05,2026-01-01,Active,False
SUB001744,USR001511,Premium,799,2025-03-16,2026-01-01,Active,True
SUB001745,USR001512,Standard,499,2025-01-18,2025-05-08,Cancelled,True
SUB001746,USR001512,Standard,499,2025-05-09,2025-10-05,Expired,False
SUB001747,USR001513,Standard,499,2025-07-08,2026-01-01,Active,True
SUB001748,USR001514,Standard,499,2025-08-26,2026-01-01,Active,True
SUB001749,USR001515,Mobile,149,2025-03-20,2025-11-07,Expired,True
SUB001750,USR001515,Standard,499,2025-11-08,2026-01-01,Active,True
SUB001751,USR001516,Standard,499,2025-03-21,2025-10-25,Cancelled,False
SUB001752,USR001517,Basic,299,2025-01-18,2025-11-19,Expired,True
SUB001753,USR001518,Standard,499,2025-03-23,2026-01-01,Active,True
SUB001754,USR001519,Basic,299,2025-04-11,2025-11-29,Cancelled,True
SUB001755,USR001520,Basic,299,2025-02-22,2025-11-17,Expired,False
SUB001756,USR001520,Standard,499,2025-11-18,2026-01-01,Active,True
SUB001757,USR001521,Mobile,149,2025-02-20,2026-01-01,Active,True
SUB001758,USR001522,Basic,299,2025-04-17,2026-01-01,Active,False
SUB001759,USR001523,Standard,499,2025-04-06,2025-09-27,Cancelled,False
SUB001760,USR001524,Standard,499,2025-02-24,2025-06-10,Cancelled,True
SUB001761,USR001524,Mobile,149,2025-06-11,2026-01-01,Active,True
SUB001762,USR001525,Standard,499,2025-07-08,2026-01-01,Active,True
SUB001763,USR001526,Mobile,149,2025-01-06,2025-06-08,Cancelled,True
SUB001764,USR001526,Mobile,149,2025-06-09,2025-11-29,Expired,True
SUB001765,USR001527,Mobile,149,2025-06-28,2026-01-01,Active,True
SUB001766,USR001528,Premium,799,2025-02-25,2025-11-01,Expired,True
SUB001767,USR001528,Mobile,149,2025-11-02,2026-01-01,Active,True
SUB001768,USR001529,Premium,799,2025-04-06,2025-09-07,Expired,True
SUB001769,USR001530,Basic,299,2025-05-08,2025-12-16,Expired,True
SUB001770,USR001530,Mobile,149,2025-12-17,2026-01-01,Active,False
SUB001771,USR001531,Basic,299,2025-04-18,2025-07-24,Cancelled,True
SUB001772,USR001532,Standard,499,2025-03-26,2025-11-17,Expired,True
SUB001773,USR001533,Basic,299,2025-03-18,2025-08-23,Expired,False
SUB001774,USR001533,Standard,499,2025-08-24,2026-01-01,Active,True
SUB001775,USR001534,Basic,299,2025-04-08,2025-11-15,Cancelled,False
SUB001776,USR001535,Mobile,149,2025-06-13,2026-01-01,Active,True
SUB001777,USR001536,Basic,299,2025-05-20,2026-01-01,Active,True
SUB001778,USR001537,Premium,799,2025-02-14,2026-01-01,Active,True
SUB001779,USR001538,Standard,499,2025-07-24,2026-01-01,Active,True
SUB001780,USR001539,Standard,499,2025-02-02,2025-06-25,Cancelled,True
SUB001781,USR001540,Standard,499,2025-06-30,2026-01-01,Active,True
SUB001782,USR001541,Standard,499,2025-05-21,2026-01-01,Active,True
SUB001783,USR001542,Mobile,149,2025-02-03,2025-07-06,Cancelled,True
SUB001784,USR001542,Standard,499,2025-07-07,2026-01-01,Active,True
SUB001785,USR001543,Basic,299,2025-06-23,2026-01-01,Active,True
SUB001786,USR001544,Mobile,149,2025-05-23,2026-01-01,Active,False
SUB001787,USR001545,Mobile,149,2025-05-10,2026-01-01,Active,True
SUB001788,USR001546,Mobile,149,2025-03-02,2025-08-18,Cancelled,True
SUB001789,USR001547,Basic,299,2025-04-18,2026-01-01,Active,True
SUB001790,USR001548,Premium,799,2025-03-02,2025-06-13,Cancelled,True
SUB001791,USR001549,Mobile,149,2025-04-24,2026-01-01,Active,True
SUB001792,USR001550,Standard,499,2025-02-10,2025-11-11,Cancelled,True
SUB001793,USR001551,Basic,299,2025-08-04,2026-01-01,Active,True
SUB001794,USR001552,Premium,799,2025-04-19,2025-11-20,Expired,False
SUB001795,USR001553,Standard,499,2025-03-26,2025-12-02,Expired,True
SUB001796,USR001554,Mobile,149,2025-05-18,2026-01-01,Active,True
SUB001797,USR001555,Standard,499,2025-08-04,2026-01-01,Active,True
SUB001798,USR001556,Standard,499,2025-03-06,2025-07-17,Expired,False
SUB001799,USR001557,Mobile,149,2025-06-01,2026-01-01,Active,True
SUB001800,USR001558,Standard,499,2025-04-25,2026-01-01,Active,True
SUB001801,USR001559,Mobile,149,2025-04-07,2026-01-01,Active,True
SUB001802,USR001560,Basic,299,2025-01-11,2025-04-27,Cancelled,False
SUB001803,USR001560,Mobile,149,2025-04-28,2025-09-23,Expired,True
SUB001804,USR001561,Basic,299,2025-05-12,2025-11-23,Expired,False
SUB001805,USR001561,Mobile,149,2025-11-24,2026-01-01,Active,True
SUB001806,USR001562,Standard,499,2025-06-06,2026-01-01,Active,True
SUB001807,USR001563,Standard,499,2025-07-05,2025-11-17,Expired,False
SUB001808,USR001564,Standard,499,2025-06-06,2026-01-01,Active,False
SUB001809,USR001565,Basic,299,2025-03-30,2026-01-01,Active,True
SUB001810,USR001566,Basic,299,2025-02-24,2025-10-12,Expired,True
SUB001811,USR001567,Mobile,149,2025-01-13,2025-11-17,Expired,False
SUB001812,USR001568,Mobile,149,2025-06-09,2026-01-01,Active,True
SUB001813,USR001569,Mobile,149,2025-05-05,2026-01-01,Active,True
SUB001814,USR001570,Standard,499,2025-04-13,2026-01-01,Active,True
SUB001815,USR001571,Mobile,149,2025-02-25,2026-01-01,Active,True
SUB001816,USR001572,Standard,499,2025-01-24,2026-01-01,Active,True
SUB001817,USR001573,Basic,299,2025-08-16,2026-01-01,Active,True
SUB001818,USR001574,Mobile,149,2025-07-21,2026-01-01,Active,True
SUB001819,USR001575,Basic,299,2025-08-14,2026-01-01,Active,False
SUB001820,USR001576,Mobile,149,2025-08-05,2026-01-01,Active,True
SUB001821,USR001577,Standard,499,2025-04-16,2025-11-05,Cancelled,False
SUB001822,USR001577,Standard,499,2025-11-06,2026-01-01,Active,True
SUB001823,USR001578,Basic,299,2025-03-02,2025-08-08,Expired,True
SUB001824,USR001579,Mobile,149,2025-03-25,2026-01-01,Active,True
SUB001825,USR001580,Basic,299,2025-03-01,2025-06-28,Cancelled,True
SUB001826,USR001581,Standard,499,2025-03-08,2026-01-01,Active,True
SUB001827,USR001582,Standard,499,2025-05-15,2026-01-01,Active,True
SUB001828,USR001583,Mobile,149,2025-02-18,2026-01-01,Active,True
SUB001829,USR001584,Premium,799,2025-04-27,2026-01-01,Active,True
SUB001830,USR001585,Standard,499,2025-02-04,2025-09-17,Expired,False
SUB001831,USR001585,Basic,299,2025-09-18,2026-01-01,Active,True
SUB001832,USR001586,Basic,299,2025-04-18,2026-01-01,Active,True
SUB001833,USR001587,Basic,299,2025-04-15,2025-09-11,Cancelled,True
SUB001834,USR001588,Mobile,149,2025-07-29,2026-01-01,Active,True
SUB001835,USR001589,Standard,499,2025-02-09,2025-12-20,Cancelled,True
SUB001836,USR001589,Mobile,149,2025-12-21,2026-01-01,Active,False
SUB001837,USR001590,Mobile,149,2025-03-11,2025-09-26,Cancelled,True
SUB001838,USR001591,Mobile,149,2025-03-16,2025-12-29,Cancelled,True
SUB001839,USR001592,Basic,299,2025-06-12,2025-09-25,Expired,False
SUB001840,USR001592,Basic,299,2025-09-26,2026-01-01,Active,True
SUB001841,USR001593,Mobile,149,2025-04-30,2026-01-01,Active,True
SUB001842,USR001594,Premium,799,2025-05-20,2025-08-26,Expired,True
SUB001843,USR001595,Premium,799,2025-04-27,2025-10-01,Cancelled,True
SUB001844,USR001596,Basic,299,2025-02-15,2026-01-01,Active,True
SUB001845,USR001597,Standard,499,2025-03-04,2026-01-01,Active,False
SUB001846,USR001598,Basic,299,2025-05-29,2026-01-01,Active,True
SUB001847,USR001599,Mobile,149,2025-05-08,2026-01-01,Active,True
SUB001848,USR001600,Mobile,149,2025-03-21,2025-10-14,Expired,True
SUB001849,USR001601,Standard,499,2025-01-20,2026-01-01,Active,False
SUB001850,USR001602,Standard,499,2025-02-19,2026-01-01,Active,True
SUB001851,USR001603,Basic,299,2025-05-17,2025-09-05,Cancelled,True
SUB001852,USR001603,Mobile,149,2025-09-06,2026-01-01,Active,False
SUB001853,USR001604,Mobile,149,2025-02-25,2026-01-01,Active,True
SUB001854,USR001605,Standard,499,2025-07-30,2026-01-01,Active,False
SUB001855,USR001606,Standard,499,2025-09-24,2026-01-01,Active,True
SUB001856,USR001607,Basic,299,2025-04-02,2025-12-30,Expired,True
SUB001857,USR001608,Basic,299,2025-06-10,2025-09-10,Cancelled,True
SUB001858,USR001608,Basic,299,2025-09-11,2025-11-17,Expired,True
SUB001859,USR001609,Premium,799,2025-05-10,2026-01-01,Active,True
SUB001860,USR001610,Basic,299,2025-06-09,2025-11-12,Expired,False
SUB001861,USR001610,Premium,799,2025-11-13,2026-01-01,Active,False
SUB001862,USR001611,Basic,299,2025-08-25,2025-12-19,Cancelled,True
SUB001863,USR001611,Basic,299,2025-12-20,2026-01-01,Active,True
SUB001864,USR001612,Standard,499,2025-04-19,2026-01-01,Active,True
SUB001865,USR001613,Mobile,149,2025-01-06,2026-01-01,Active,True
SUB001866,USR001614,Mobile,149,2025-05-17,2026-01-01,Active,True
SUB001867,USR001615,Premium,799,2025-07-13,2025-12-12,Expired,True
SUB001868,USR001615,Basic,299,2025-12-13,2026-01-01,Active,True
SUB001869,USR001616,Standard,499,2025-01-24,2025-06-30,Cancelled,True
SUB001870,USR001617,Standard,499,2025-08-13,2026-01-01,Active,True
SUB001871,USR001618,Basic,299,2025-08-30,2026-01-01,Active,True
SUB001872,USR001619,Mobile,149,2025-06-13,2025-12-05,Cancelled,True
SUB001873,USR001619,Premium,799,2025-12-06,2026-01-01,Active,True
SUB001874,USR001620,Premium,799,2025-02-01,2026-01-01,Active,True
SUB001875,USR001621,Basic,299,2025-04-19,2025-10-12,Expired,True
SUB001876,USR001622,Mobile,149,2025-02-27,2026-01-01,Active,True
SUB001877,USR001623,Basic,299,2025-05-30,2026-01-01,Active,True
SUB001878,USR001624,Basic,299,2025-02-16,2026-01-01,Active,True
SUB001879,USR001625,Standard,499,2025-07-13,2026-01-01,Active,False
SUB001880,USR001626,Mobile,149,2025-04-04,2026-01-01,Active,False
SUB001881,USR001627,Premium,799,2025-03-28,2026-01-01,Active,True
SUB001882,USR001628,Basic,299,2025-03-16,2026-01-01,Active,True
SUB001883,USR001629,Basic,299,2025-03-18,2026-01-01,Active,False
SUB001884,USR001630,Standard,499,2025-04-07,2025-07-26,Expired,False
SUB001885,USR001631,Standard,499,2025-01-16,2025-09-01,Expired,False
SUB001886,USR001631,Standard,499,2025-09-02,2026-01-01,Active,True
SUB001887,USR001632,Mobile,149,2025-05-26,2026-01-01,Active,True
SUB001888,USR001633,Basic,299,2025-03-11,2025-09-20,Expired,True
SUB001889,USR001634,Premium,799,2025-06-09,2026-01-01,Active,True
SUB001890,USR001635,Basic,299,2025-06-18,2026-01-01,Active,True
SUB001891,USR001636,Standard,499,2025-06-17,2026-01-01,Active,True
SUB001892,USR001637,Standard,499,2025-05-15,2025-09-26,Cancelled,True
SUB001893,USR001638,Basic,299,2025-05-08,2026-01-01,Active,True
SUB001894,USR001639,Premium,799,2025-07-10,2026-01-01,Active,True
SUB001895,USR001640,Standard,499,2025-05-15,2026-01-01,Active,True
SUB001896,USR001641,Basic,299,2025-05-13,2025-09-06,Cancelled,False
SUB001897,USR001642,Mobile,149,2025-05-30,2025-10-23,Expired,False
SUB001898,USR001643,Standard,499,2025-08-19,2026-01-01,Active,False
SUB001899,USR001644,Basic,299,2025-08-30,2026-01-01,Active,False
SUB001900,USR001645,Mobile,149,2025-01-28,2025-12-09,Cancelled,True
SUB001901,USR001646,Standard,499,2025-06-27,2026-01-01,Active,True
SUB001902,USR001647,Premium,799,2025-02-14,2025-11-22,Expired,False
SUB001903,USR001647,Mobile,149,2025-11-23,2026-01-01,Active,False
SUB001904,USR001648,Mobile,149,2025-04-20,2025-08-13,Cancelled,True
SUB001905,USR001648,Premium,799,2025-08-14,2025-11-22,Expired,False
SUB001906,USR001649,Standard,499,2025-02-16,2025-07-16,Cancelled,True
SUB001907,USR001649,Premium,799,2025-07-17,2025-11-01,Cancelled,True
SUB001908,USR001650,Mobile,149,2025-03-19,2025-12-08,Expired,True
SUB001909,USR001651,Basic,299,2025-01-27,2026-01-01,Active,True
SUB001910,USR001652,Standard,499,2025-06-19,2025-12-18,Expired,False
SUB001911,USR001653,Mobile,149,2025-05-28,2026-01-01,Active,False
SUB001912,USR001654,Premium,799,2025-09-06,2026-01-01,Active,False
SUB001913,USR001655,Mobile,149,2025-06-12,2026-01-01,Active,True
SUB001914,USR001656,Mobile,149,2025-01-27,2025-09-11,Cancelled,False
SUB001915,USR001656,Premium,799,2025-09-12,2026-01-01,Active,True
SUB001916,USR001657,Mobile,149,2025-07-06,2026-01-01,Active,True
SUB001917,USR001658,Standard,499,2025-03-02,2026-01-01,Active,False
SUB001918,USR001659,Premium,799,2025-05-01,2026-01-01,Active,False
SUB001919,USR001660,Basic,299,2025-02-11,2025-06-03,Expired,True
SUB001920,USR001661,Premium,799,2025-08-10,2025-12-28,Expired,False
SUB001921,USR001662,Basic,299,2025-03-04,2025-06-28,Expired,False
SUB001922,USR001663,Premium,799,2025-03-09,2026-01-01,Active,False
SUB001923,USR001664,Basic,299,2025-07-22,2026-01-01,Active,True
SUB001924,USR001665,Standard,499,2025-03-20,2025-12-30,Cancelled,True
SUB001925,USR001666,Basic,299,2025-07-21,2025-11-28,Expired,False
SUB001926,USR001667,Standard,499,2025-04-13,2025-07-15,Expired,True
SUB001927,USR001668,Basic,299,2025-03-24,2026-01-01,Active,True
SUB001928,USR001669,Standard,499,2025-01-24,2026-01-01,Active,True
SUB001929,USR001670,Basic,299,2025-06-21,2026-01-01,Active,False
SUB001930,USR001671,Basic,299,2025-08-21,2026-01-01,Active,True
SUB001931,USR001672,Basic,299,2025-04-27,2025-12-05,Cancelled,True
SUB001932,USR001673,Mobile,149,2025-08-13,2026-01-01,Active,True
SUB001933,USR001674,Standard,499,2025-03-02,2025-08-20,Cancelled,True
SUB001934,USR001675,Mobile,149,2025-05-16,2025-10-15,Cancelled,False
SUB001935,USR001675,Mobile,149,2025-10-16,2026-01-01,Active,True
SUB001936,USR001676,Premium,799,2025-03-16,2025-10-24,Expired,True
SUB001937,USR001677,Basic,299,2025-07-23,2026-01-01,Active,False
SUB001938,USR001678,Mobile,149,2025-03-24,2026-01-01,Active,True
SUB001939,USR001679,Mobile,149,2025-05-05,2026-01-01,Active,True
SUB001940,USR001680,Basic,299,2025-06-22,2025-11-02,Cancelled,True
SUB001941,USR001681,Basic,299,2025-07-28,2026-01-01,Active,True
SUB001942,USR001682,Standard,499,2025-08-12,2026-01-01,Active,False
SUB001943,USR001683,Basic,299,2025-01-22,2025-12-20,Expired,True
SUB001944,USR001684,Basic,299,2025-06-19,2026-01-01,Active,True
SUB001945,USR001685,Mobile,149,2025-04-21,2026-01-01,Active,False
SUB001946,USR001686,Basic,299,2025-04-30,2026-01-01,Active,False
SUB001947,USR001687,Mobile,149,2025-05-11,2026-01-01,Active,True
SUB001948,USR001688,Standard,499,2025-02-13,2026-01-01,Active,True
SUB001949,USR001689,Basic,299,2025-05-28,2025-11-07,Expired,True
SUB001950,USR001690,Mobile,149,2025-03-07,2025-06-07,Expired,True
SUB001951,USR001690,Standard,499,2025-06-08,2025-11-07,Cancelled,True
SUB001952,USR001691,Standard,499,2025-02-06,2026-01-01,Active,True
SUB001953,USR001692,Standard,499,2025-06-15,2026-01-01,Active,False
SUB001954,USR001693,Mobile,149,2025-06-19,2026-01-01,Active,True
SUB001955,USR001694,Premium,799,2025-07-06,2026-01-01,Active,True
SUB001956,USR001695,Standard,499,2025-04-02,2025-08-14,Expired,True
SUB001957,USR001696,Standard,499,2025-08-05,2026-01-01,Active,False
SUB001958,USR001697,Basic,299,2025-04-26,2025-08-04,Cancelled,True
SUB001959,USR001697,Mobile,149,2025-08-05,2026-01-01,Active,True
SUB001960,USR001698,Basic,299,2025-07-15,2026-01-01,Active,True
SUB001961,USR001699,Basic,299,2025-07-07,2026-01-01,Active,True
SUB001962,USR001700,Mobile,149,2025-03-20,2026-01-01,Active,True
SUB001963,USR001701,Mobile,149,2025-03-22,2026-01-01,Active,True
SUB001964,USR001702,Basic,299,2025-05-02,2026-01-01,Active,True
SUB001965,USR001703,Basic,299,2025-08-24,2026-01-01,Active,False
SUB001966,USR001704,Basic,299,2025-04-02,2025-08-15,Cancelled,True
SUB001967,USR001705,Premium,799,2025-05-05,2026-01-01,Active,True
SUB001968,USR001706,Standard,499,2025-05-14,2025-11-24,Expired,True
SUB001969,USR001706,Standard,499,2025-11-25,2026-01-01,Active,True
SUB001970,USR001707,Standard,499,2025-03-24,2025-09-02,Expired,False
SUB001971,USR001708,Mobile,149,2025-07-31,2025-12-30,Cancelled,False
SUB001972,USR001709,Basic,299,2025-03-22,2025-11-02,Expired,False
SUB001973,USR001709,Basic,299,2025-11-03,2026-01-01,Active,True
SUB001974,USR001710,Standard,499,2025-05-20,2026-01-01,Active,False
SUB001975,USR001711,Standard,499,2025-05-29,2025-11-05,Expired,True
SUB001976,USR001712,Mobile,149,2025-06-18,2026-01-01,Active,True
SUB001977,USR001713,Standard,499,2025-05-12,2026-01-01,Active,False
SUB001978,USR001714,Standard,499,2025-03-06,2025-06-06,Cancelled,True
SUB001979,USR001715,Premium,799,2025-07-31,2025-12-07,Cancelled,True
SUB001980,USR001715,Premium,799,2025-12-08,2026-01-01,Active,False
SUB001981,USR001716,Premium,799,2025-01-05,2025-04-09,Cancelled,True
SUB001982,USR001716,Standard,499,2025-04-10,2025-07-19,Cancelled,False
SUB001983,USR001717,Premium,799,2025-04-10,2026-01-01,Active,True
SUB001984,USR001718,Standard,499,2025-04-26,2026-01-01,Active,False
SUB001985,USR001719,Standard,499,2025-05-26,2026-01-01,Active,True
SUB001986,USR001720,Mobile,149,2025-03-19,2026-01-01,Active,True
SUB001987,USR001721,Standard,499,2025-05-31,2025-12-27,Cancelled,False
SUB001988,USR001722,Standard,499,2025-05-12,2026-01-01,Active,True
SUB001989,USR001723,Mobile,149,2025-06-08,2026-01-01,Active,True
SUB001990,USR001724,Basic,299,2025-06-18,2026-01-01,Active,True
SUB001991,USR001725,Basic,299,2025-05-26,2026-01-01,Active,False
SUB001992,USR001726,Mobile,149,2025-06-26,2026-01-01,Active,False
SUB001993,USR001727,Premium,799,2025-05-15,2026-01-01,Active,True
SUB001994,USR001728,Basic,299,2025-03-05,2026-01-01,Active,True
SUB001995,USR001729,Premium,799,2025-02-24,2026-01-01,Active,True
SUB001996,USR001730,Premium,799,2025-05-17,2026-01-01,Active,True
SUB001997,USR001731,Premium,799,2025-02-27,2026-01-01,Active,True
SUB001998,USR001732,Mobile,149,2025-01-16,2025-09-01,Cancelled,True
SUB001999,USR001733,Mobile,149,2025-08-03,2026-01-01,Active,True
SUB002000,USR001734,Standard,499,2025-08-25,2026-01-01,Active,True
SUB002001,USR001735,Standard,499,2025-03-01,2025-08-04,Expired,True
SUB002002,USR001736,Basic,299,2025-03-26,2025-12-22,Expired,True
SUB002003,USR001737,Basic,299,2025-03-09,2026-01-01,Active,True
SUB002004,USR001738,Basic,299,2025-05-16,2026-01-01,Active,True
SUB002005,USR001739,Basic,299,2025-03-04,2025-07-21,Cancelled,False
SUB002006,USR001740,Mobile,149,2025-03-20,2025-10-22,Cancelled,False
SUB002007,USR001741,Premium,799,2025-06-10,2026-01-01,Active,True
SUB002008,USR001742,Mobile,149,2025-02-11,2025-07-22,Cancelled,True
SUB002009,USR001743,Mobile,149,2025-04-25,2025-12-01,Cancelled,True
SUB002010,USR001743,Standard,499,2025-12-02,2026-01-01,Active,True
SUB002011,USR001744,Standard,499,2025-02-06,2026-01-01,Active,True
SUB002012,USR001745,Mobile,149,2025-02-22,2025-10-17,Expired,True
SUB002013,USR001746,Premium,799,2025-02-02,2026-01-01,Active,True
SUB002014,USR001747,Premium,799,2025-04-17,2025-08-07,Cancelled,True
SUB002015,USR001748,Standard,499,2025-04-23,2025-10-05,Expired,True
SUB002016,USR001749,Standard,499,2025-01-12,2025-10-14,Expired,True
SUB002017,USR001750,Premium,799,2025-04-09,2025-10-08,Cancelled,False
SUB002018,USR001750,Mobile,149,2025-10-09,2026-01-01,Active,True
SUB002019,USR001751,Premium,799,2025-02-01,2025-11-18,Expired,True
SUB002020,USR001752,Standard,499,2025-08-24,2026-01-01,Active,True
SUB002021,USR001753,Mobile,149,2025-06-18,2026-01-01,Active,True
SUB002022,USR001754,Mobile,149,2025-05-17,2026-01-01,Active,False
SUB002023,USR001755,Mobile,149,2025-06-21,2025-12-03,Cancelled,True
SUB002024,USR001756,Standard,499,2025-03-30,2026-01-01,Active,True
SUB002025,USR001757,Mobile,149,2025-06-10,2026-01-01,Active,True
SUB002026,USR001758,Basic,299,2025-02-27,2026-01-01,Active,True
SUB002027,USR001759,Basic,299,2025-04-12,2026-01-01,Active,False
SUB002028,USR001760,Basic,299,2025-02-19,2025-06-17,Cancelled,True
SUB002029,USR001761,Mobile,149,2025-09-24,2025-12-30,Cancelled,True
SUB002030,USR001761,Premium,799,2025-12-31,2026-01-01,Active,True
SUB002031,USR001762,Mobile,149,2025-01-17,2026-01-01,Active,False
SUB002032,USR001763,Premium,799,2025-02-08,2025-12-23,Expired,True
SUB002033,USR001764,Basic,299,2025-02-27,2026-01-01,Active,True
SUB002034,USR001765,Premium,799,2025-07-29,2025-11-10,Cancelled,True
SUB002035,USR001766,Standard,499,2025-04-06,2025-10-25,Cancelled,True
SUB002036,USR001766,Standard,499,2025-10-26,2026-01-01,Active,True
SUB002037,USR001767,Standard,499,2025-03-04,2026-01-01,Active,True
SUB002038,USR001768,Mobile,149,2025-05-29,2026-01-01,Active,False
SUB002039,USR001769,Basic,299,2025-08-14,2026-01-01,Active,True
SUB002040,USR001770,Premium,799,2025-04-08,2025-08-10,Expired,True
SUB002041,USR001771,Premium,799,2025-02-04,2025-11-23,Expired,True
SUB002042,USR001771,Standard,499,2025-11-24,2026-01-01,Active,False
SUB002043,USR001772,Standard,499,2025-02-09,2025-05-16,Cancelled,False
SUB002044,USR001773,Standard,499,2025-06-20,2026-01-01,Active,True
SUB002045,USR001774,Basic,299,2025-06-08,2025-12-08,Expired,False
SUB002046,USR001775,Standard,499,2025-03-10,2025-07-23,Cancelled,True
SUB002047,USR001776,Premium,799,2025-03-30,2025-12-11,Cancelled,False
SUB002048,USR001777,Basic,299,2025-05-12,2026-01-01,Active,True
SUB002049,USR001778,Mobile,149,2025-06-03,2026-01-01,Active,True
SUB002050,USR001779,Basic,299,2025-05-20,2026-01-01,Active,True
SUB002051,USR001780,Basic,299,2025-06-15,2025-12-31,Cancelled,True
SUB002052,USR001781,Mobile,149,2025-03-02,2025-07-09,Cancelled,False
SUB002053,USR001781,Mobile,149,2025-07-10,2026-01-01,Active,True
SUB002054,USR001782,Standard,499,2025-07-14,2026-01-01,Active,True
SUB002055,USR001783,Basic,299,2025-07-25,2026-01-01,Active,True
SUB002056,USR001784,Standard,499,2025-05-04,2025-08-18,Cancelled,True
SUB002057,USR001785,Premium,799,2025-04-21,2025-12-23,Expired,False
SUB002058,USR001786,Mobile,149,2025-01-24,2025-12-01,Expired,True
SUB002059,USR001787,Standard,499,2025-03-18,2026-01-01,Active,False
SUB002060,USR001788,Standard,499,2025-06-23,2026-01-01,Active,True
SUB002061,USR001789,Mobile,149,2025-04-26,2026-01-01,Active,True
SUB002062,USR001790,Basic,299,2025-06-23,2026-01-01,Active,True
SUB002063,USR001791,Standard,499,2025-03-14,2026-01-01,Active,False
SUB002064,USR001792,Standard,499,2025-07-06,2026-01-01,Active,True
SUB002065,USR001793,Basic,299,2025-03-17,2025-09-04,Expired,False
SUB002066,USR001794,Basic,299,2025-06-23,2026-01-01,Active,True
SUB002067,USR001795,Basic,299,2025-05-28,2026-01-01,Active,True
SUB002068,USR001796,Basic,299,2025-04-05,2025-09-16,Cancelled,False
SUB002069,USR001797,Basic,299,2025-01-12,2025-07-02,Expired,True
SUB002070,USR001797,Premium,799,2025-07-03,2025-12-15,Cancelled,True
SUB002071,USR001798,Standard,499,2025-07-25,2026-01-01,Active,True
SUB002072,USR001799,Standard,499,2025-05-15,2025-12-20,Expired,False
SUB002073,USR001799,Premium,799,2025-12-21,2026-01-01,Active,True
SUB002074,USR001800,Mobile,149,2025-04-13,2025-12-11,Expired,True
SUB002075,USR001801,Basic,299,2025-04-30,2026-01-01,Active,True
SUB002076,USR001802,Standard,499,2025-01-27,2026-01-01,Active,True
SUB002077,USR001803,Premium,799,2025-02-25,2026-01-01,Active,False
SUB002078,USR001804,Basic,299,2025-07-08,2026-01-01,Active,False
SUB002079,USR001805,Standard,499,2025-07-31,2026-01-01,Active,True
SUB002080,USR001806,Basic,299,2025-02-16,2025-10-29,Expired,False
SUB002081,USR001807,Basic,299,2025-05-06,2025-08-28,Cancelled,True
SUB002082,USR001808,Mobile,149,2025-04-24,2025-11-26,Cancelled,True
SUB002083,USR001809,Mobile,149,2025-06-11,2026-01-01,Active,True
SUB002084,USR001810,Mobile,149,2025-03-23,2025-10-03,Expired,False
SUB002085,USR001811,Standard,499,2025-06-09,2026-01-01,Active,False
SUB002086,USR001812,Mobile,149,2025-06-20,2025-12-07,Cancelled,False
SUB002087,USR001813,Basic,299,2025-04-26,2025-09-12,Expired,True
SUB002088,USR001814,Mobile,149,2025-06-17,2026-01-01,Active,True
SUB002089,USR001815,Mobile,149,2025-03-02,2025-09-07,Cancelled,False
SUB002090,USR001816,Standard,499,2025-06-27,2026-01-01,Active,True
SUB002091,USR001817,Mobile,149,2025-02-06,2026-01-01,Active,True
SUB002092,USR001818,Mobile,149,2025-06-25,2026-01-01,Active,True
SUB002093,USR001819,Basic,299,2025-06-24,2025-12-26,Cancelled,False
SUB002094,USR001820,Basic,299,2025-05-13,2025-08-20,Cancelled,True
SUB002095,USR001821,Basic,299,2025-04-07,2025-12-16,Expired,False
SUB002096,USR001821,Standard,499,2025-12-17,2026-01-01,Active,True
SUB002097,USR001822,Mobile,149,2025-03-15,2026-01-01,Active,True
SUB002098,USR001823,Mobile,149,2025-06-03,2026-01-01,Active,True
SUB002099,USR001824,Premium,799,2025-01-26,2025-08-12,Cancelled,False
SUB002100,USR001825,Standard,499,2025-03-10,2025-10-17,Cancelled,False
SUB002101,USR001825,Basic,299,2025-10-18,2026-01-01,Active,True
SUB002102,USR001826,Basic,299,2025-05-28,2026-01-01,Active,True
SUB002103,USR001827,Mobile,149,2025-03-14,2026-01-01,Active,True
SUB002104,USR001828,Standard,499,2025-03-28,2025-07-01,Cancelled,True
SUB002105,USR001829,Mobile,149,2025-05-02,2025-08-16,Expired,True
SUB002106,USR001830,Standard,499,2025-04-19,2026-01-01,Active,True
SUB002107,USR001831,Premium,799,2025-02-07,2025-08-19,Expired,True
SUB002108,USR001831,Standard,499,2025-08-20,2025-11-17,Cancelled,False
SUB002109,USR001832,Basic,299,2025-03-31,2025-07-05,Cancelled,True
SUB002110,USR001833,Standard,499,2025-05-05,2025-11-02,Expired,True
SUB002111,USR001834,Mobile,149,2025-06-21,2026-01-01,Active,True
SUB002112,USR001835,Mobile,149,2025-08-04,2026-01-01,Active,True
SUB002113,USR001836,Mobile,149,2025-05-23,2025-12-11,Cancelled,True
SUB002114,USR001837,Basic,299,2025-01-13,2025-09-08,Cancelled,True
SUB002115,USR001838,Mobile,149,2025-09-07,2026-01-01,Active,True
SUB002116,USR001839,Standard,499,2025-05-26,2025-10-05,Expired,True
SUB002117,USR001840,Standard,499,2025-03-29,2026-01-01,Active,False
SUB002118,USR001841,Basic,299,2025-04-06,2025-09-12,Cancelled,True
SUB002119,USR001841,Mobile,149,2025-09-13,2025-12-30,Expired,False
SUB002120,USR001842,Basic,299,2025-05-18,2025-12-13,Cancelled,True
SUB002121,USR001842,Mobile,149,2025-12-14,2026-01-01,Active,True
SUB002122,USR001843,Standard,499,2025-02-23,2025-11-13,Cancelled,True
SUB002123,USR001844,Premium,799,2025-02-18,2025-05-25,Expired,False
SUB002124,USR001845,Standard,499,2025-04-15,2025-08-21,Cancelled,True
SUB002125,USR001846,Basic,299,2025-09-06,2026-01-01,Active,True
SUB002126,USR001847,Basic,299,2025-05-30,2026-01-01,Active,True
SUB002127,USR001848,Basic,299,2025-02-19,2025-09-16,Expired,True
SUB002128,USR001848,Basic,299,2025-09-17,2026-01-01,Active,True
SUB002129,USR001849,Standard,499,2025-01-06,2025-07-31,Cancelled,True
SUB002130,USR001849,Basic,299,2025-08-01,2026-01-01,Active,True
SUB002131,USR001850,Premium,799,2025-02-16,2025-09-12,Expired,True
SUB002132,USR001851,Mobile,149,2025-05-07,2025-10-27,Expired,True
SUB002133,USR001851,Standard,499,2025-10-28,2026-01-01,Active,True
SUB002134,USR001852,Standard,499,2025-03-21,2026-01-01,Active,True
SUB002135,USR001853,Standard,499,2025-06-25,2026-01-01,Active,True
SUB002136,USR001854,Mobile,149,2025-02-25,2025-08-14,Cancelled,False
SUB002137,USR001855,Basic,299,2025-04-10,2025-10-17,Expired,True
SUB002138,USR001856,Standard,499,2025-07-18,2025-11-05,Expired,True
SUB002139,USR001857,Basic,299,2025-02-24,2025-06-26,Cancelled,True
SUB002140,USR001858,Premium,799,2025-03-14,2026-01-01,Active,False
SUB002141,USR001859,Basic,299,2025-04-04,2026-01-01,Active,True
SUB002142,USR001860,Standard,499,2025-04-28,2026-01-01,Active,True
SUB002143,USR001861,Standard,499,2025-04-15,2025-10-21,Cancelled,True
SUB002144,USR001861,Premium,799,2025-10-22,2026-01-01,Active,False
SUB002145,USR001862,Standard,499,2025-01-25,2025-05-07,Expired,True
SUB002146,USR001863,Mobile,149,2025-02-21,2025-09-25,Cancelled,True
SUB002147,USR001864,Mobile,149,2025-03-25,2025-11-10,Expired,True
SUB002148,USR001864,Basic,299,2025-11-11,2026-01-01,Active,True
SUB002149,USR001865,Premium,799,2025-03-22,2026-01-01,Active,False
SUB002150,USR001866,Standard,499,2025-07-03,2025-10-15,Cancelled,True
SUB002151,USR001867,Standard,499,2025-08-03,2026-01-01,Active,True
SUB002152,USR001868,Premium,799,2025-07-07,2026-01-01,Active,False
SUB002153,USR001869,Standard,499,2025-02-18,2025-07-24,Cancelled,True
SUB002154,USR001870,Basic,299,2025-07-26,2026-01-01,Active,False
SUB002155,USR001871,Basic,299,2025-05-02,2025-10-22,Expired,True
SUB002156,USR001872,Premium,799,2025-03-26,2025-09-08,Cancelled,True
SUB002157,USR001873,Standard,499,2025-04-10,2025-10-10,Expired,True
SUB002158,USR001874,Standard,499,2025-05-28,2026-01-01,Active,True
SUB002159,USR001875,Premium,799,2025-07-18,2026-01-01,Active,True
SUB002160,USR001876,Mobile,149,2025-06-06,2026-01-01,Active,False
SUB002161,USR001877,Premium,799,2025-01-11,2026-01-01,Active,True
SUB002162,USR001878,Basic,299,2025-08-03,2026-01-01,Active,True
SUB002163,USR001879,Standard,499,2025-01-22,2025-07-31,Expired,False
SUB002164,USR001880,Basic,299,2025-05-17,2025-10-23,Expired,True
SUB002165,USR001881,Basic,299,2025-06-16,2026-01-01,Active,False
SUB002166,USR001882,Standard,499,2025-06-09,2026-01-01,Active,True
SUB002167,USR001883,Basic,299,2025-02-05,2025-12-24,Expired,True
SUB002168,USR001883,Premium,799,2025-12-25,2026-01-01,Active,True
SUB002169,USR001884,Premium,799,2025-06-28,2026-01-01,Active,False
SUB002170,USR001885,Premium,799,2025-05-04,2026-01-01,Active,True
SUB002171,USR001886,Basic,299,2025-03-23,2025-09-28,Cancelled,True
SUB002172,USR001886,Mobile,149,2025-09-29,2026-01-01,Active,True
SUB002173,USR001887,Basic,299,2025-03-03,2025-09-09,Expired,False
SUB002174,USR001888,Mobile,149,2025-05-19,2026-01-01,Active,True
SUB002175,USR001889,Premium,799,2025-06-02,2026-01-01,Active,True
SUB002176,USR001890,Mobile,149,2025-02-08,2025-12-30,Cancelled,True
SUB002177,USR001890,Basic,299,2025-12-31,2026-01-01,Active,False
SUB002178,USR001891,Premium,799,2025-05-15,2026-01-01,Active,True
SUB002179,USR001892,Premium,799,2025-06-20,2025-10-31,Cancelled,True
SUB002180,USR001892,Basic,299,2025-11-01,2026-01-01,Active,True
SUB002181,USR001893,Basic,299,2025-02-01,2026-01-01,Active,True
SUB002182,USR001894,Mobile,149,2025-06-11,2026-01-01,Active,True
SUB002183,USR001895,Premium,799,2025-06-30,2026-01-01,Active,True
SUB002184,USR001896,Premium,799,2025-03-22,2025-07-28,Cancelled,True
SUB002185,USR001897,Premium,799,2025-08-21,2026-01-01,Active,False
SUB002186,USR001898,Mobile,149,2025-06-23,2026-01-01,Active,True
SUB002187,USR001899,Standard,499,2025-03-07,2026-01-01,Active,False
SUB002188,USR001900,Basic,299,2025-02-27,2025-09-09,Expired,True
SUB002189,USR001901,Standard,499,2025-02-19,2026-01-01,Active,True
SUB002190,USR001902,Standard,499,2025-07-09,2026-01-01,Active,True
SUB002191,USR001903,Basic,299,2025-07-18,2025-12-16,Expired,True
SUB002192,USR001904,Mobile,149,2025-04-12,2026-01-01,Active,True
SUB002193,USR001905,Premium,799,2025-02-27,2025-08-26,Cancelled,True
SUB002194,USR001906,Standard,499,2025-04-26,2026-01-01,Active,True
SUB002195,USR001907,Mobile,149,2025-06-11,2025-10-18,Cancelled,False
SUB002196,USR001908,Basic,299,2025-06-04,2026-01-01,Active,False
SUB002197,USR001909,Basic,299,2025-10-14,2026-01-01,Active,True
SUB002198,USR001910,Premium,799,2025-06-10,2026-01-01,Active,True
SUB002199,USR001911,Standard,499,2025-01-31,2025-06-06,Expired,True
SUB002200,USR001912,Basic,299,2025-05-01,2026-01-01,Active,True
SUB002201,USR001913,Basic,299,2025-06-07,2026-01-01,Active,True
SUB002202,USR001914,Basic,299,2025-03-18,2025-11-21,Cancelled,False
SUB002203,USR001915,Premium,799,2025-05-04,2025-09-03,Expired,True
SUB002204,USR001916,Mobile,149,2025-01-19,2025-10-09,Cancelled,True
SUB002205,USR001917,Basic,299,2025-03-28,2025-08-07,Expired,True
SUB002206,USR001917,Mobile,149,2025-08-08,2025-11-18,Expired,True
SUB002207,USR001918,Mobile,149,2025-03-06,2026-01-01,Active,True
SUB002208,USR001919,Standard,499,2025-03-08,2025-09-09,Expired,True
SUB002209,USR001919,Premium,799,2025-09-10,2026-01-01,Active,True
SUB002210,USR001920,Premium,799,2025-04-26,2026-01-01,Active,False
SUB002211,USR001921,Mobile,149,2025-05-29,2025-11-23,Cancelled,True
SUB002212,USR001922,Basic,299,2025-01-23,2026-01-01,Active,True
SUB002213,USR001923,Mobile,149,2025-09-01,2026-01-01,Active,True
SUB002214,USR001924,Standard,499,2025-06-17,2026-01-01,Active,False
SUB002215,USR001925,Premium,799,2025-08-01,2026-01-01,Active,True
SUB002216,USR001926,Mobile,149,2025-03-06,2025-07-17,Expired,False
SUB002217,USR001927,Basic,299,2025-07-10,2026-01-01,Active,True
SUB002218,USR001928,Mobile,149,2025-06-02,2026-01-01,Active,False
SUB002219,USR001929,Premium,799,2025-04-05,2026-01-01,Active,True
SUB002220,USR001930,Premium,799,2025-03-16,2025-11-25,Expired,True
SUB002221,USR001931,Basic,299,2025-02-19,2025-12-29,Cancelled,False
SUB002222,USR001932,Standard,499,2025-06-03,2026-01-01,Active,True
SUB002223,USR001933,Mobile,149,2025-03-28,2025-12-03,Expired,True
SUB002224,USR001934,Standard,499,2025-09-26,2026-01-01,Active,True
SUB002225,USR001935,Basic,299,2025-04-25,2026-01-01,Active,True
SUB002226,USR001936,Standard,499,2025-01-15,2025-05-05,Expired,True
SUB002227,USR001937,Standard,499,2025-04-11,2026-01-01,Active,True
SUB002228,USR001938,Basic,299,2025-03-20,2025-10-13,Cancelled,False
SUB002229,USR001939,Standard,499,2025-03-31,2025-07-12,Cancelled,True
SUB002230,USR001940,Standard,499,2025-08-21,2026-01-01,Active,True
SUB002231,USR001941,Standard,499,2025-06-02,2026-01-01,Active,True
SUB002232,USR001942,Standard,499,2025-05-14,2026-01-01,Active,True
SUB002233,USR001943,Premium,799,2025-04-28,2025-10-22,Cancelled,True
SUB002234,USR001944,Mobile,149,2025-03-15,2025-09-05,Cancelled,True
SUB002235,USR001945,Basic,299,2025-06-18,2025-11-08,Cancelled,False
SUB002236,USR001945,Mobile,149,2025-11-09,2026-01-01,Active,True
SUB002237,USR001946,Basic,299,2025-03-14,2026-01-01,Active,True
SUB002238,USR001947,Basic,299,2025-06-23,2026-01-01,Active,True
SUB002239,USR001948,Basic,299,2025-02-16,2026-01-01,Active,False
SUB002240,USR001949,Basic,299,2025-05-19,2026-01-01,Active,False
SUB002241,USR001950,Standard,499,2025-02-16,2025-11-18,Expired,True
SUB002242,USR001951,Premium,799,2025-06-13,2026-01-01,Active,True
SUB002243,USR001952,Standard,499,2025-07-23,2026-01-01,Active,True
SUB002244,USR001953,Premium,799,2025-04-18,2026-01-01,Active,False
SUB002245,USR001954,Standard,499,2025-05-19,2026-01-01,Active,True
SUB002246,USR001955,Standard,499,2025-07-16,2026-01-01,Active,False
SUB002247,USR001956,Standard,499,2025-06-23,2026-01-01,Active,False
SUB002248,USR001957,Standard,499,2025-03-04,2026-01-01,Active,True
SUB002249,USR001958,Standard,499,2025-03-31,2026-01-01,Active,True
SUB002250,USR001959,Standard,499,2025-07-29,2026-01-01,Active,True
SUB002251,USR001960,Standard,499,2025-04-09,2026-01-01,Active,True
SUB002252,USR001961,Mobile,149,2025-05-21,2026-01-01,Active,True
SUB002253,USR001962,Standard,499,2025-03-24,2025-08-03,Cancelled,True
SUB002254,USR001963,Standard,499,2025-04-19,2026-01-01,Active,False
SUB002255,USR001964,Standard,499,2025-08-09,2026-01-01,Active,True
SUB002256,USR001965,Standard,499,2025-03-21,2026-01-01,Active,False
SUB002257,USR001966,Basic,299,2025-04-18,2025-10-07,Expired,True
SUB002258,USR001967,Standard,499,2025-04-03,2025-09-25,Cancelled,True
SUB002259,USR001968,Mobile,149,2025-07-01,2026-01-01,Active,False
SUB002260,USR001969,Premium,799,2025-05-17,2025-09-23,Cancelled,True
SUB002261,USR001970,Basic,299,2025-03-13,2026-01-01,Active,True
SUB002262,USR001971,Basic,299,2025-01-27,2025-10-22,Cancelled,True
SUB002263,USR001972,Mobile,149,2025-04-27,2025-09-16,Cancelled,True
SUB002264,USR001973,Standard,499,2025-06-11,2025-10-03,Cancelled,True
SUB002265,USR001973,Standard,499,2025-10-04,2026-01-01,Active,True
SUB002266,USR001974,Basic,299,2025-04-10,2025-11-30,Cancelled,True
SUB002267,USR001975,Basic,299,2025-05-21,2026-01-01,Active,True
SUB002268,USR001976,Mobile,149,2025-04-18,2026-01-01,Active,False
SUB002269,USR001977,Basic,299,2025-06-04,2026-01-01,Active,True
SUB002270,USR001978,Standard,499,2025-06-22,2025-10-24,Cancelled,True
SUB002271,USR001978,Premium,799,2025-10-25,2026-01-01,Active,False
SUB002272,USR001979,Basic,299,2025-01-22,2025-12-12,Expired,True
SUB002273,USR001979,Premium,799,2025-12-13,2026-01-01,Active,False
SUB002274,USR001980,Basic,299,2025-03-25,2025-12-18,Expired,True
SUB002275,USR001981,Mobile,149,2025-04-04,2026-01-01,Active,True
SUB002276,USR001982,Premium,799,2025-04-08,2025-11-12,Cancelled,True
SUB002277,USR001983,Mobile,149,2025-02-25,2025-06-20,Cancelled,True
SUB002278,USR001983,Mobile,149,2025-06-21,2025-11-08,Expired,True
SUB002279,USR001984,Standard,499,2025-05-12,2025-10-18,Cancelled,True
SUB002280,USR001984,Mobile,149,2025-10-19,2026-01-01,Active,True
SUB002281,USR001985,Premium,799,2025-03-07,2025-11-11,Expired,True
SUB002282,USR001986,Basic,299,2025-04-22,2025-10-02,Expired,True
SUB002283,USR001986,Basic,299,2025-10-03,2026-01-01,Active,True
SUB002284,USR001987,Standard,499,2025-04-05,2025-12-14,Cancelled,False
SUB002285,USR001988,Standard,499,2025-02-16,2026-01-01,Active,True
SUB002286,USR001989,Premium,799,2025-03-24,2026-01-01,Active,False
SUB002287,USR001990,Basic,299,2025-06-02,2026-01-01,Active,True
SUB002288,USR001991,Premium,799,2025-03-11,2026-01-01,Active,True
SUB002289,USR001992,Standard,499,2025-05-13,2025-09-07,Expired,True
SUB002290,USR001993,Premium,799,2025-04-19,2026-01-01,Active,True
SUB002291,USR001994,Basic,299,2025-01-22,2025-10-23,Cancelled,True
SUB002292,USR001995,Mobile,149,2025-01-25,2026-01-01,Active,True
SUB002293,USR001996,Premium,799,2025-02-17,2026-01-01,Active,True
SUB002294,USR001997,Standard,499,2025-02-09,2026-01-01,Active,False
SUB002295,USR001998,Standard,499,2025-09-26,2026-01-01,Active,True
SUB002296,USR001999,Standard,499,2025-06-02,2025-10-04,Expired,True
SUB002297,USR001999,Standard,499,2025-10-05,2026-01-01,Active,False
SUB002298,USR002000,Basic,299,2025-03-31,2025-12-10,Cancelled,True
SUB002299,USR002000,Standard,499,2025-12-11,2026-01-01,Active,True
SUB002300,USR002001,Mobile,149,2025-04-02,2025-09-18,Expired,True
SUB002301,USR002001,Basic,299,2025-09-19,2026-01-01,Active,True
SUB002302,USR002002,Mobile,149,2025-03-22,2026-01-01,Active,True
SUB002303,USR002003,Standard,499,2025-06-10,2025-10-01,Cancelled,False
SUB002304,USR002004,Basic,299,2025-03-19,2025-07-09,Cancelled,True
SUB002305,USR002005,Standard,499,2025-04-07,2025-12-28,Cancelled,False
SUB002306,USR002006,Standard,499,2025-06-04,2025-10-01,Expired,True
SUB002307,USR002006,Basic,299,2025-10-02,2025-12-09,Expired,True
SUB002308,USR002007,Basic,299,2025-03-24,2025-10-27,Cancelled,True
SUB002309,USR002008,Basic,299,2025-01-29,2026-01-01,Active,True
SUB002310,USR002009,Standard,499,2025-07-21,2025-12-02,Expired,False
SUB002311,USR002010,Basic,299,2025-05-02,2025-10-29,Expired,True
SUB002312,USR002011,Standard,499,2025-05-28,2025-12-07,Cancelled,False
SUB002313,USR002012,Basic,299,2025-05-31,2026-01-01,Active,True
SUB002314,USR002013,Basic,299,2025-06-11,2025-10-05,Expired,False
SUB002315,USR002014,Premium,799,2025-02-20,2025-06-25,Expired,True
SUB002316,USR002015,Standard,499,2025-02-06,2025-11-09,Expired,True
SUB002317,USR002016,Basic,299,2025-07-22,2026-01-01,Active,False
SUB002318,USR002017,Premium,799,2025-05-01,2026-01-01,Active,True
SUB002319,USR002018,Basic,299,2025-01-03,2025-08-09,Expired,True
SUB002320,USR002018,Basic,299,2025-08-10,2026-01-01,Active,True
SUB002321,USR002019,Mobile,149,2025-05-08,2025-09-11,Cancelled,True
SUB002322,USR002020,Premium,799,2025-02-11,2025-08-15,Cancelled,True
SUB002323,USR002021,Mobile,149,2025-03-10,2025-08-23,Expired,True
SUB002324,USR002022,Standard,499,2025-04-16,2025-08-25,Cancelled,True
SUB002325,USR002023,Standard,499,2025-03-19,2025-11-23,Expired,True
SUB002326,USR002024,Standard,499,2025-08-03,2026-01-01,Active,False
SUB002327,USR002025,Standard,499,2025-02-02,2025-11-28,Cancelled,True
SUB002328,USR002026,Basic,299,2025-05-23,2026-01-01,Active,True
SUB002329,USR002027,Basic,299,2025-04-14,2025-10-25,Expired,True
SUB002330,USR002028,Mobile,149,2025-02-14,2025-11-08,Cancelled,True
SUB002331,USR002028,Mobile,149,2025-11-09,2026-01-01,Active,False
SUB002332,USR002029,Basic,299,2025-06-15,2026-01-01,Active,False
SUB002333,USR002030,Mobile,149,2025-05-02,2026-01-01,Active,True
SUB002334,USR002031,Standard,499,2025-02-01,2026-01-01,Active,False
SUB002335,USR002032,Basic,299,2025-05-26,2025-09-01,Expired,True
SUB002336,USR002032,Basic,299,2025-09-02,2026-01-01,Active,True
SUB002337,USR002033,Mobile,149,2025-03-18,2025-06-22,Expired,True
SUB002338,USR002033,Basic,299,2025-06-23,2025-10-13,Expired,True
SUB002339,USR002034,Standard,499,2025-07-19,2026-01-01,Active,True
SUB002340,USR002035,Basic,299,2025-06-02,2025-10-03,Cancelled,False
SUB002341,USR002036,Premium,799,2025-05-01,2025-08-17,Cancelled,False
SUB002342,USR002036,Mobile,149,2025-08-18,2025-12-08,Cancelled,True
SUB002343,USR002037,Standard,499,2025-04-12,2025-10-08,Expired,True
SUB002344,USR002038,Basic,299,2025-07-26,2026-01-01,Active,True
SUB002345,USR002039,Standard,499,2025-03-31,2026-01-01,Active,True
SUB002346,USR002040,Standard,499,2025-01-15,2025-07-01,Cancelled,False
SUB002347,USR002041,Standard,499,2025-04-25,2026-01-01,Active,False
SUB002348,USR002042,Standard,499,2025-05-19,2026-01-01,Active,True
SUB002349,USR002043,Premium,799,2025-03-12,2025-07-14,Expired,True
SUB002350,USR002043,Standard,499,2025-07-15,2026-01-01,Active,False
SUB002351,USR002044,Mobile,149,2025-03-20,2025-09-09,Cancelled,True
SUB002352,USR002045,Mobile,149,2025-04-16,2025-10-30,Expired,True
SUB002353,USR002045,Basic,299,2025-10-31,2026-01-01,Active,True
SUB002354,USR002046,Basic,299,2025-01-18,2025-07-16,Cancelled,True
SUB002355,USR002046,Mobile,149,2025-07-17,2025-12-07,Expired,True
SUB002356,USR002047,Premium,799,2025-06-29,2026-01-01,Active,True
SUB002357,USR002048,Standard,499,2025-04-18,2026-01-01,Active,True
SUB002358,USR002049,Premium,799,2025-08-23,2026-01-01,Active,True
SUB002359,USR002050,Standard,499,2025-06-25,2025-11-17,Cancelled,True
SUB002360,USR002051,Basic,299,2025-04-07,2026-01-01,Active,False
SUB002361,USR002052,Basic,299,2025-02-26,2025-07-16,Expired,True
SUB002362,USR002053,Standard,499,2025-05-19,2025-12-22,Cancelled,True
SUB002363,USR002053,Basic,299,2025-12-23,2026-01-01,Active,True
SUB002364,USR002054,Mobile,149,2025-06-22,2026-01-01,Active,True
SUB002365,USR002055,Premium,799,2025-02-13,2025-10-10,Cancelled,True
SUB002366,USR002056,Standard,499,2025-02-12,2026-01-01,Active,True
SUB002367,USR002057,Mobile,149,2025-07-13,2025-10-13,Cancelled,True
SUB002368,USR002058,Basic,299,2025-05-14,2026-01-01,Active,True
SUB002369,USR002059,Basic,299,2025-04-26,2025-09-06,Expired,False
SUB002370,USR002060,Premium,799,2025-04-03,2025-09-10,Cancelled,False
SUB002371,USR002061,Standard,499,2025-06-28,2026-01-01,Active,True
SUB002372,USR002062,Basic,299,2025-03-07,2025-10-20,Cancelled,False
SUB002373,USR002063,Standard,499,2025-03-08,2026-01-01,Active,False
SUB002374,USR002064,Basic,299,2025-02-22,2025-10-01,Expired,True
SUB002375,USR002065,Premium,799,2025-02-27,2025-12-16,Cancelled,False
SUB002376,USR002065,Basic,299,2025-12-17,2026-01-01,Active,True
SUB002377,USR002066,Standard,499,2025-03-31,2025-07-07,Cancelled,True
SUB002378,USR002067,Mobile,149,2025-10-11,2026-01-01,Active,True
SUB002379,USR002068,Standard,499,2025-05-03,2026-01-01,Active,True
SUB002380,USR002069,Standard,499,2025-05-24,2026-01-01,Active,False
SUB002381,USR002070,Standard,499,2025-02-24,2025-12-07,Cancelled,False
SUB002382,USR002070,Standard,499,2025-12-08,2026-01-01,Active,True
SUB002383,USR002071,Mobile,149,2025-05-20,2026-01-01,Active,True
SUB002384,USR002072,Standard,499,2025-04-10,2026-01-01,Active,True
SUB002385,USR002073,Standard,499,2025-03-23,2026-01-01,Active,True
SUB002386,USR002074,Mobile,149,2025-07-05,2026-01-01,Active,False
SUB002387,USR002075,Standard,499,2025-06-25,2026-01-01,Active,True
SUB002388,USR002076,Mobile,149,2025-03-17,2026-01-01,Active,True
SUB002389,USR002077,Basic,299,2025-05-15,2025-12-03,Expired,True
SUB002390,USR002078,Standard,499,2025-07-23,2026-01-01,Active,True
SUB002391,USR002079,Basic,299,2025-08-20,2026-01-01,Active,True
SUB002392,USR002080,Basic,299,2025-05-13,2025-10-01,Cancelled,True
SUB002393,USR002081,Basic,299,2025-06-25,2026-01-01,Active,False
SUB002394,USR002082,Standard,499,2025-05-25,2026-01-01,Active,True
SUB002395,USR002083,Basic,299,2025-04-27,2026-01-01,Active,True
SUB002396,USR002084,Basic,299,2025-03-15,2026-01-01,Active,True
SUB002397,USR002085,Premium,799,2025-05-19,2026-01-01,Active,False
SUB002398,USR002086,Standard,499,2025-04-09,2026-01-01,Active,False
SUB002399,USR002087,Standard,499,2025-05-28,2026-01-01,Active,True
SUB002400,USR002088,Standard,499,2025-03-07,2025-07-04,Cancelled,True
SUB002401,USR002089,Mobile,149,2025-05-19,2026-01-01,Active,False
SUB002402,USR002090,Premium,799,2025-03-05,2025-08-07,Expired,True
SUB002403,USR002091,Basic,299,2025-02-23,2025-06-17,Cancelled,True
SUB002404,USR002092,Basic,299,2025-07-29,2025-12-12,Expired,True
SUB002405,USR002093,Standard,499,2025-05-16,2026-01-01,Active,False
SUB002406,USR002094,Mobile,149,2025-02-17,2026-01-01,Active,True
SUB002407,USR002095,Premium,799,2025-04-29,2026-01-01,Active,True
SUB002408,USR002096,Basic,299,2025-05-13,2026-01-01,Active,True
SUB002409,USR002097,Basic,299,2025-05-20,2026-01-01,Active,False
SUB002410,USR002098,Premium,799,2025-06-27,2026-01-01,Active,True
SUB002411,USR002099,Premium,799,2025-04-29,2026-01-01,Active,True
SUB002412,USR002100,Mobile,149,2025-03-08,2026-01-01,Active,True
SUB002413,USR002101,Basic,299,2025-02-19,2026-01-01,Active,True
SUB002414,USR002102,Premium,799,2025-04-27,2026-01-01,Active,True
SUB002415,USR002103,Standard,499,2025-06-02,2026-01-01,Active,True
SUB002416,USR002104,Basic,299,2025-03-26,2025-07-28,Cancelled,True
SUB002417,USR002105,Standard,499,2025-03-13,2025-09-19,Expired,True
SUB002418,USR002105,Premium,799,2025-09-20,2025-11-22,Expired,True
SUB002419,USR002106,Mobile,149,2025-03-09,2025-09-07,Expired,True
SUB002420,USR002107,Standard,499,2025-03-17,2026-01-01,Active,True
SUB002421,USR002108,Standard,499,2025-04-18,2025-09-26,Cancelled,True
SUB002422,USR002109,Standard,499,2025-04-03,2026-01-01,Active,True
SUB002423,USR002110,Premium,799,2025-02-09,2025-11-24,Cancelled,False
SUB002424,USR002111,Premium,799,2025-07-13,2025-11-16,Cancelled,False
SUB002425,USR002112,Mobile,149,2025-07-06,2026-01-01,Active,True
SUB002426,USR002113,Basic,299,2025-03-19,2025-10-06,Expired,True
SUB002427,USR002113,Standard,499,2025-10-07,2026-01-01,Active,True
SUB002428,USR002114,Basic,299,2025-04-22,2026-01-01,Active,True
SUB002429,USR002115,Standard,499,2025-02-20,2025-09-02,Expired,True
SUB002430,USR002116,Standard,499,2025-03-21,2025-10-21,Cancelled,False
SUB002431,USR002117,Basic,299,2025-01-07,2025-09-12,Cancelled,True
SUB002432,USR002118,Basic,299,2025-03-23,2025-08-13,Cancelled,False
SUB002433,USR002119,Mobile,149,2025-05-19,2026-01-01,Active,False
SUB002434,USR002120,Basic,299,2025-03-31,2025-08-04,Cancelled,False
SUB002435,USR002121,Standard,499,2025-04-05,2026-01-01,Active,True
SUB002436,USR002122,Mobile,149,2025-06-19,2026-01-01,Active,True
SUB002437,USR002123,Premium,799,2025-05-02,2026-01-01,Active,True
SUB002438,USR002124,Mobile,149,2025-03-03,2026-01-01,Active,True
SUB002439,USR002125,Basic,299,2025-06-02,2025-09-06,Cancelled,True
SUB002440,USR002125,Basic,299,2025-09-07,2026-01-01,Active,True
SUB002441,USR002126,Premium,799,2025-03-29,2025-09-21,Expired,False
SUB002442,USR002127,Premium,799,2025-08-14,2026-01-01,Active,True
SUB002443,USR002128,Basic,299,2025-04-07,2025-10-10,Expired,True
SUB002444,USR002128,Premium,799,2025-10-11,2026-01-01,Active,False
SUB002445,USR002129,Mobile,149,2025-02-15,2025-10-21,Expired,True
SUB002446,USR002130,Mobile,149,2025-03-13,2026-01-01,Active,True
SUB002447,USR002131,Basic,299,2025-04-05,2026-01-01,Active,True
SUB002448,USR002132,Basic,299,2025-07-05,2026-01-01,Active,True
SUB002449,USR002133,Standard,499,2025-03-21,2025-07-13,Cancelled,False
SUB002450,USR002133,Basic,299,2025-07-14,2025-10-08,Cancelled,False
SUB002451,USR002134,Basic,299,2025-02-10,2025-09-15,Cancelled,True
SUB002452,USR002135,Basic,299,2025-02-21,2025-12-27,Expired,False
SUB002453,USR002136,Mobile,149,2025-01-29,2025-11-03,Cancelled,True
SUB002454,USR002137,Premium,799,2025-05-10,2026-01-01,Active,True
SUB002455,USR002138,Mobile,149,2025-03-27,2025-10-10,Cancelled,False
SUB002456,USR002139,Basic,299,2025-05-28,2025-09-25,Cancelled,False
SUB002457,USR002140,Premium,799,2025-06-11,2025-10-05,Cancelled,False
SUB002458,USR002141,Standard,499,2025-04-04,2025-12-26,Expired,True
SUB002459,USR002142,Mobile,149,2025-06-30,2026-01-01,Active,True
SUB002460,USR002143,Standard,499,2025-01-22,2025-10-23,Cancelled,True
SUB002461,USR002144,Mobile,149,2025-05-24,2025-09-30,Expired,False
SUB002462,USR002145,Standard,499,2025-06-30,2026-01-01,Active,False
SUB002463,USR002146,Basic,299,2025-04-09,2026-01-01,Active,True
SUB002464,USR002147,Mobile,149,2025-03-15,2025-09-06,Expired,False
SUB002465,USR002147,Standard,499,2025-09-07,2025-12-13,Expired,True
SUB002466,USR002148,Standard,499,2025-07-26,2026-01-01,Active,False
SUB002467,USR002149,Standard,499,2025-02-25,2026-01-01,Active,True
SUB002468,USR002150,Premium,799,2025-04-22,2025-11-26,Expired,True
SUB002469,USR002150,Standard,499,2025-11-27,2026-01-01,Active,True
SUB002470,USR002151,Standard,499,2025-03-08,2025-11-29,Expired,True
SUB002471,USR002152,Standard,499,2025-03-09,2025-09-09,Expired,True
SUB002472,USR002152,Standard,499,2025-09-10,2025-12-27,Cancelled,False
SUB002473,USR002153,Standard,499,2025-02-13,2025-10-04,Cancelled,False
SUB002474,USR002154,Mobile,149,2025-07-23,2026-01-01,Active,True
SUB002475,USR002155,Mobile,149,2025-02-26,2025-12-13,Cancelled,True
SUB002476,USR002155,Standard,499,2025-12-14,2026-01-01,Active,False
SUB002477,USR002156,Basic,299,2025-03-14,2025-10-30,Expired,True
SUB002478,USR002157,Standard,499,2025-05-23,2025-11-13,Expired,True
SUB002479,USR002158,Premium,799,2025-04-14,2025-11-12,Cancelled,True
SUB002480,USR002159,Premium,799,2025-03-13,2025-12-05,Expired,True
SUB002481,USR002160,Premium,799,2025-03-10,2026-01-01,Active,True
SUB002482,USR002161,Basic,299,2025-04-19,2025-12-20,Cancelled,True
SUB002483,USR002162,Standard,499,2025-03-12,2026-01-01,Active,False
SUB002484,USR002163,Mobile,149,2025-05-30,2026-01-01,Active,True
SUB002485,USR002164,Mobile,149,2025-05-25,2025-11-30,Cancelled,False
SUB002486,USR002165,Mobile,149,2025-04-28,2026-01-01,Active,True
SUB002487,USR002166,Premium,799,2025-05-10,2026-01-01,Active,True
SUB002488,USR002167,Mobile,149,2025-03-20,2026-01-01,Active,True
SUB002489,USR002168,Standard,499,2025-04-13,2026-01-01,Active,True
SUB002490,USR002169,Mobile,149,2025-03-18,2025-12-18,Expired,True
SUB002491,USR002170,Standard,499,2025-07-21,2026-01-01,Active,True
SUB002492,USR002171,Standard,499,2025-02-18,2025-12-06,Cancelled,True
SUB002493,USR002171,Mobile,149,2025-12-07,2026-01-01,Active,False
SUB002494,USR002172,Mobile,149,2025-04-04,2026-01-01,Active,True
SUB002495,USR002173,Premium,799,2025-04-14,2026-01-01,Active,False
SUB002496,USR002174,Mobile,149,2025-04-16,2026-01-01,Active,True
SUB002497,USR002175,Standard,499,2025-07-08,2026-01-01,Active,False
SUB002498,USR002176,Basic,299,2025-03-27,2025-08-05,Cancelled,True
SUB002499,USR002177,Basic,299,2025-04-18,2025-11-07,Cancelled,True
SUB002500,USR002177,Mobile,149,2025-11-08,2026-01-01,Active,True
SUB002501,USR002178,Standard,499,2025-05-21,2026-01-01,Active,True
SUB002502,USR002179,Mobile,149,2025-05-08,2025-12-24,Expired,False
SUB002503,USR002179,Basic,299,2025-12-25,2026-01-01,Active,False
SUB002504,USR002180,Basic,299,2025-05-09,2026-01-01,Active,False
SUB002505,USR002181,Basic,299,2025-03-07,2025-08-27,Expired,True
SUB002506,USR002181,Premium,799,2025-08-28,2026-01-01,Active,True
SUB002507,USR002182,Basic,299,2025-02-12,2025-05-31,Expired,False
SUB002508,USR002183,Standard,499,2025-03-19,2025-07-17,Cancelled,False
SUB002509,USR002183,Premium,799,2025-07-18,2025-11-30,Expired,True
SUB002510,USR002184,Basic,299,2025-05-29,2026-01-01,Active,True
SUB002511,USR002185,Standard,499,2025-04-24,2026-01-01,Active,True
SUB002512,USR002186,Basic,299,2025-04-14,2025-09-19,Expired,True
SUB002513,USR002186,Premium,799,2025-09-20,2026-01-01,Active,True
SUB002514,USR002187,Standard,499,2025-03-26,2025-12-04,Expired,False
SUB002515,USR002188,Standard,499,2025-08-12,2025-12-18,Expired,True
SUB002516,USR002189,Premium,799,2025-08-01,2026-01-01,Active,True
SUB002517,USR002190,Standard,499,2025-04-10,2025-10-16,Expired,True
SUB002518,USR002191,Premium,799,2025-02-04,2025-12-26,Cancelled,False
SUB002519,USR002192,Mobile,149,2025-10-01,2026-01-01,Active,False
SUB002520,USR002193,Basic,299,2025-10-16,2026-01-01,Active,True
SUB002521,USR002194,Premium,799,2025-07-09,2026-01-01,Active,False
SUB002522,USR002195,Basic,299,2025-03-30,2026-01-01,Active,True
SUB002523,USR002196,Basic,299,2025-08-04,2026-01-01,Active,True
SUB002524,USR002197,Basic,299,2025-06-17,2025-10-26,Expired,True
SUB002525,USR002197,Standard,499,2025-10-27,2026-01-01,Active,True
SUB002526,USR002198,Mobile,149,2025-04-11,2026-01-01,Active,True
SUB002527,USR002199,Standard,499,2025-05-04,2025-11-01,Cancelled,True
SUB002528,USR002200,Basic,299,2025-02-15,2026-01-01,Active,True
SUB002529,USR002201,Mobile,149,2025-06-25,2026-01-01,Active,True
SUB002530,USR002202,Basic,299,2025-06-09,2025-11-02,Expired,False
SUB002531,USR002202,Standard,499,2025-11-03,2026-01-01,Active,False
SUB002532,USR002203,Standard,499,2025-04-07,2025-09-29,Expired,False
SUB002533,USR002204,Standard,499,2025-02-08,2026-01-01,Active,False
SUB002534,USR002205,Mobile,149,2025-03-10,2026-01-01,Active,True
SUB002535,USR002206,Basic,299,2025-02-21,2025-06-18,Cancelled,False
SUB002536,USR002206,Standard,499,2025-06-19,2025-09-30,Expired,True
SUB002537,USR002207,Basic,299,2025-06-03,2026-01-01,Active,True
SUB002538,USR002208,Premium,799,2025-04-10,2026-01-01,Active,True
SUB002539,USR002209,Basic,299,2025-06-18,2026-01-01,Active,True
SUB002540,USR002210,Basic,299,2025-01-29,2026-01-01,Active,True
SUB002541,USR002211,Premium,799,2025-06-08,2026-01-01,Active,False
SUB002542,USR002212,Mobile,149,2025-05-02,2025-11-23,Cancelled,True
SUB002543,USR002212,Standard,499,2025-11-24,2026-01-01,Active,True
SUB002544,USR002213,Basic,299,2025-05-28,2025-10-30,Cancelled,True
SUB002545,USR002214,Basic,299,2025-02-28,2025-06-27,Expired,False
SUB002546,USR002214,Basic,299,2025-06-28,2025-12-31,Cancelled,True
SUB002547,USR002215,Basic,299,2025-04-09,2026-01-01,Active,True
SUB002548,USR002216,Basic,299,2025-03-30,2025-08-20,Cancelled,True
SUB002549,USR002217,Basic,299,2025-06-19,2026-01-01,Active,True
SUB002550,USR002218,Mobile,149,2025-02-04,2025-06-10,Expired,True
SUB002551,USR002219,Premium,799,2025-02-14,2025-05-20,Cancelled,True
SUB002552,USR002219,Basic,299,2025-05-21,2025-10-28,Expired,False
SUB002553,USR002220,Basic,299,2025-02-15,2026-01-01,Active,False
SUB002554,USR002221,Standard,499,2025-02-11,2026-01-01,Active,True
SUB002555,USR002222,Mobile,149,2025-02-14,2025-07-23,Cancelled,True
SUB002556,USR002223,Standard,499,2025-04-09,2026-01-01,Active,True
SUB002557,USR002224,Standard,499,2025-05-04,2026-01-01,Active,True
SUB002558,USR002225,Standard,499,2025-02-07,2026-01-01,Active,True
SUB002559,USR002226,Premium,799,2025-04-08,2026-01-01,Active,True
SUB002560,USR002227,Basic,299,2025-04-29,2025-12-31,Cancelled,True
SUB002561,USR002228,Mobile,149,2025-06-08,2025-09-15,Cancelled,True
SUB002562,USR002228,Standard,499,2025-09-16,2026-01-01,Active,True
SUB002563,USR002229,Mobile,149,2025-01-20,2025-11-26,Expired,True
SUB002564,USR002230,Premium,799,2025-05-09,2025-11-26,Cancelled,True
SUB002565,USR002230,Basic,299,2025-11-27,2026-01-01,Active,True
SUB002566,USR002231,Basic,299,2025-04-30,2026-01-01,Active,True
SUB002567,USR002232,Basic,299,2025-04-08,2025-11-21,Cancelled,True
SUB002568,USR002233,Basic,299,2025-03-07,2026-01-01,Active,True
SUB002569,USR002234,Standard,499,2025-02-11,2025-11-11,Cancelled,True
SUB002570,USR002235,Standard,499,2025-01-30,2025-11-19,Cancelled,True
SUB002571,USR002236,Basic,299,2025-05-31,2025-11-29,Expired,False
SUB002572,USR002237,Premium,799,2025-02-04,2025-06-21,Cancelled,True
SUB002573,USR002238,Basic,299,2025-02-13,2025-10-16,Expired,False
SUB002574,USR002238,Basic,299,2025-10-17,2026-01-01,Active,True
SUB002575,USR002239,Basic,299,2025-05-01,2026-01-01,Active,True
SUB002576,USR002240,Premium,799,2025-01-12,2025-05-02,Expired,True
SUB002577,USR002240,Mobile,149,2025-05-03,2025-09-19,Expired,False
SUB002578,USR002241,Premium,799,2025-04-29,2026-01-01,Active,True
SUB002579,USR002242,Standard,499,2025-03-17,2025-08-02,Cancelled,True
SUB002580,USR002243,Basic,299,2025-05-12,2026-01-01,Active,True
SUB002581,USR002244,Basic,299,2025-03-02,2026-01-01,Active,True
SUB002582,USR002245,Premium,799,2025-04-01,2025-07-10,Expired,False
SUB002583,USR002246,Basic,299,2025-05-07,2026-01-01,Active,True
SUB002584,USR002247,Premium,799,2025-07-14,2025-10-28,Expired,False
SUB002585,USR002248,Standard,499,2025-03-12,2026-01-01,Active,True
SUB002586,USR002249,Standard,499,2025-03-06,2025-07-08,Expired,False
SUB002587,USR002250,Mobile,149,2025-02-13,2025-10-24,Expired,True
SUB002588,USR002251,Basic,299,2025-04-05,2025-08-08,Cancelled,True
SUB002589,USR002252,Basic,299,2025-06-12,2026-01-01,Active,False
SUB002590,USR002253,Premium,799,2025-05-22,2025-10-15,Cancelled,True
SUB002591,USR002254,Standard,499,2025-05-22,2026-01-01,Active,False
SUB002592,USR002255,Mobile,149,2025-06-10,2026-01-01,Active,False
SUB002593,USR002256,Basic,299,2025-03-11,2026-01-01,Active,True
SUB002594,USR002257,Basic,299,2025-01-07,2025-06-30,Expired,True
SUB002595,USR002257,Standard,499,2025-07-01,2025-09-15,Expired,True
SUB002596,USR002258,Mobile,149,2025-03-08,2025-12-01,Expired,False
SUB002597,USR002259,Standard,499,2025-06-02,2025-10-01,Expired,True
SUB002598,USR002260,Mobile,149,2025-02-20,2026-01-01,Active,True
SUB002599,USR002261,Premium,799,2025-06-05,2025-09-14,Expired,False
SUB002600,USR002262,Standard,499,2025-04-08,2025-11-14,Expired,True
SUB002601,USR002263,Mobile,149,2025-04-20,2025-12-22,Cancelled,True
SUB002602,USR002263,Standard,499,2025-12-23,2026-01-01,Active,True
SUB002603,USR002264,Basic,299,2025-06-04,2025-11-17,Cancelled,False
SUB002604,USR002265,Mobile,149,2025-03-19,2026-01-01,Active,True
SUB002605,USR002266,Basic,299,2025-07-27,2026-01-01,Active,True
SUB002606,USR002267,Standard,499,2025-04-14,2025-10-03,Cancelled,False
SUB002607,USR002268,Premium,799,2025-08-02,2026-01-01,Active,True
SUB002608,USR002269,Standard,499,2025-04-23,2025-12-01,Expired,True
SUB002609,USR002269,Standard,499,2025-12-02,2026-01-01,Active,False
SUB002610,USR002270,Standard,499,2025-03-10,2026-01-01,Active,False
SUB002611,USR002271,Mobile,149,2025-05-31,2026-01-01,Active,True
SUB002612,USR002272,Basic,299,2025-04-26,2025-12-13,Expired,False
SUB002613,USR002272,Basic,299,2025-12-14,2026-01-01,Active,False
SUB002614,USR002273,Premium,799,2025-02-05,2025-09-07,Expired,False
SUB002615,USR002274,Premium,799,2025-07-16,2026-01-01,Active,True
SUB002616,USR002275,Standard,499,2025-05-09,2026-01-01,Active,True
SUB002617,USR002276,Standard,499,2025-07-18,2026-01-01,Active,True
SUB002618,USR002277,Mobile,149,2025-04-26,2026-01-01,Active,True
SUB002619,USR002278,Basic,299,2025-02-27,2025-09-19,Cancelled,True
SUB002620,USR002279,Mobile,149,2025-05-01,2026-01-01,Active,False
SUB002621,USR002280,Basic,299,2025-05-04,2025-11-12,Cancelled,True
SUB002622,USR002281,Basic,299,2025-03-09,2025-12-04,Cancelled,True
SUB002623,USR002282,Basic,299,2025-03-19,2025-09-04,Expired,True
SUB002624,USR002282,Standard,499,2025-09-05,2026-01-01,Active,True
SUB002625,USR002283,Mobile,149,2025-04-06,2025-12-18,Cancelled,True
SUB002626,USR002284,Basic,299,2025-07-18,2026-01-01,Active,True
SUB002627,USR002285,Premium,799,2025-01-21,2025-09-18,Cancelled,True
SUB002628,USR002285,Standard,499,2025-09-19,2026-01-01,Active,False
SUB002629,USR002286,Basic,299,2025-03-29,2025-09-20,Expired,True
SUB002630,USR002287,Basic,299,2025-07-09,2025-11-12,Expired,True
SUB002631,USR002287,Premium,799,2025-11-13,2026-01-01,Active,True
SUB002632,USR002288,Premium,799,2025-02-06,2025-09-23,Expired,True
SUB002633,USR002289,Standard,499,2025-10-16,2026-01-01,Active,False
SUB002634,USR002290,Basic,299,2025-06-08,2025-09-28,Cancelled,True
SUB002635,USR002290,Mobile,149,2025-09-29,2026-01-01,Active,False
SUB002636,USR002291,Standard,499,2025-02-15,2025-11-11,Cancelled,True
SUB002637,USR002292,Premium,799,2025-04-22,2025-11-19,Expired,True
SUB002638,USR002293,Premium,799,2025-03-05,2025-09-26,Cancelled,False
SUB002639,USR002294,Standard,499,2025-03-03,2025-06-29,Expired,True
SUB002640,USR002295,Premium,799,2025-04-28,2025-12-20,Cancelled,True
SUB002641,USR002296,Mobile,149,2025-01-16,2025-07-05,Cancelled,True
SUB002642,USR002296,Basic,299,2025-07-06,2026-01-01,Active,True
SUB002643,USR002297,Standard,499,2025-01-21,2026-01-01,Active,False
SUB002644,USR002298,Basic,299,2025-04-30,2025-08-04,Expired,True
SUB002645,USR002298,Mobile,149,2025-08-05,2026-01-01,Active,True
SUB002646,USR002299,Basic,299,2025-03-16,2025-08-12,Cancelled,True
SUB002647,USR002300,Premium,799,2025-05-13,2026-01-01,Active,True
SUB002648,USR002301,Premium,799,2025-04-14,2025-09-19,Expired,True
SUB002649,USR002302,Basic,299,2025-03-01,2025-11-24,Expired,False
SUB002650,USR002303,Premium,799,2025-05-23,2025-11-09,Expired,True
SUB002651,USR002304,Basic,299,2025-04-29,2025-12-11,Expired,True
SUB002652,USR002305,Basic,299,2025-09-29,2026-01-01,Active,True
SUB002653,USR002306,Standard,499,2025-03-15,2026-01-01,Active,True
SUB002654,USR002307,Premium,799,2025-02-10,2026-01-01,Active,True
SUB002655,USR002308,Basic,299,2025-06-22,2026-01-01,Active,True
SUB002656,USR002309,Standard,499,2025-04-04,2025-12-21,Expired,True
SUB002657,USR002310,Standard,499,2025-02-16,2026-01-01,Active,False
SUB002658,USR002311,Premium,799,2025-04-30,2025-09-05,Cancelled,True
SUB002659,USR002312,Standard,499,2025-04-29,2025-11-16,Cancelled,False
SUB002660,USR002313,Standard,499,2025-04-11,2025-11-23,Expired,False
SUB002661,USR002314,Standard,499,2025-05-18,2025-09-18,Expired,True
SUB002662,USR002315,Mobile,149,2025-03-12,2025-10-25,Expired,False
SUB002663,USR002316,Standard,499,2025-06-21,2025-10-28,Expired,True
SUB002664,USR002317,Premium,799,2025-05-10,2026-01-01,Active,True
SUB002665,USR002318,Mobile,149,2025-02-10,2025-09-21,Expired,True
SUB002666,USR002318,Standard,499,2025-09-22,2025-12-15,Cancelled,True
SUB002667,USR002319,Mobile,149,2025-05-22,2026-01-01,Active,False
SUB002668,USR002320,Standard,499,2025-03-20,2025-11-04,Cancelled,False
SUB002669,USR002321,Premium,799,2025-10-07,2026-01-01,Active,True
SUB002670,USR002322,Premium,799,2025-03-12,2026-01-01,Active,True
SUB002671,USR002323,Standard,499,2025-02-13,2025-07-14,Cancelled,False
SUB002672,USR002323,Basic,299,2025-07-15,2026-01-01,Active,False
SUB002673,USR002324,Mobile,149,2025-03-06,2025-06-11,Cancelled,True
SUB002674,USR002325,Standard,499,2025-04-01,2025-07-06,Expired,False
SUB002675,USR002326,Basic,299,2025-03-28,2026-01-01,Active,True
SUB002676,USR002327,Mobile,149,2025-05-18,2025-08-28,Expired,False
SUB002677,USR002328,Standard,499,2025-01-29,2025-05-23,Expired,True
SUB002678,USR002329,Basic,299,2025-02-21,2026-01-01,Active,True
SUB002679,USR002330,Basic,299,2025-04-15,2026-01-01,Active,True
SUB002680,USR002331,Premium,799,2025-02-04,2025-09-02,Cancelled,True
SUB002681,USR002332,Standard,499,2025-06-01,2026-01-01,Active,True
SUB002682,USR002333,Standard,499,2025-02-23,2025-08-14,Expired,False
SUB002683,USR002334,Standard,499,2025-03-17,2025-10-25,Cancelled,True
SUB002684,USR002334,Mobile,149,2025-10-26,2026-01-01,Active,False
SUB002685,USR002335,Standard,499,2025-02-04,2025-08-10,Expired,False
SUB002686,USR002336,Standard,499,2025-01-31,2025-09-14,Expired,True
SUB002687,USR002337,Basic,299,2025-06-30,2025-11-05,Cancelled,True
SUB002688,USR002338,Mobile,149,2025-03-30,2025-10-31,Cancelled,True
SUB002689,USR002338,Premium,799,2025-11-01,2026-01-01,Active,True
SUB002690,USR002339,Basic,299,2025-02-27,2025-07-28,Expired,True
SUB002691,USR002339,Basic,299,2025-07-29,2026-01-01,Active,True
SUB002692,USR002340,Basic,299,2025-06-04,2026-01-01,Active,True
SUB002693,USR002341,Basic,299,2025-09-21,2026-01-01,Active,True
SUB002694,USR002342,Basic,299,2025-03-28,2025-08-16,Expired,True
SUB002695,USR002342,Mobile,149,2025-08-17,2026-01-01,Active,True
SUB002696,USR002343,Premium,799,2025-06-21,2026-01-01,Active,True
SUB002697,USR002344,Standard,499,2025-06-17,2026-01-01,Active,True
SUB002698,USR002345,Premium,799,2025-04-30,2026-01-01,Active,False
SUB002699,USR002346,Mobile,149,2025-04-01,2025-10-03,Expired,True
SUB002700,USR002347,Premium,799,2025-08-27,2026-01-01,Active,False
SUB002701,USR002348,Basic,299,2025-02-11,2025-09-17,Expired,True
SUB002702,USR002348,Mobile,149,2025-09-18,2025-11-20,Expired,False
SUB002703,USR002349,Basic,299,2025-07-17,2025-11-02,Cancelled,True
SUB002704,USR002350,Premium,799,2025-03-25,2025-09-03,Expired,True
SUB002705,USR002351,Standard,499,2025-03-14,2026-01-01,Active,True
SUB002706,USR002352,Basic,299,2025-02-02,2025-11-15,Expired,True
SUB002707,USR002353,Basic,299,2025-03-25,2026-01-01,Active,True
SUB002708,USR002354,Basic,299,2025-02-10,2025-08-02,Cancelled,True
SUB002709,USR002355,Mobile,149,2025-06-27,2025-12-23,Expired,True
SUB002710,USR002356,Mobile,149,2025-04-20,2025-11-01,Expired,False
SUB002711,USR002356,Standard,499,2025-11-02,2026-01-01,Active,False
SUB002712,USR002357,Standard,499,2025-05-22,2025-09-05,Cancelled,False
SUB002713,USR002357,Standard,499,2025-09-06,2025-12-09,Cancelled,True
SUB002714,USR002358,Mobile,149,2025-03-23,2025-07-04,Expired,True
SUB002715,USR002359,Premium,799,2025-05-26,2025-09-02,Cancelled,False
SUB002716,USR002360,Standard,499,2025-02-25,2025-10-09,Expired,True
SUB002717,USR002361,Mobile,149,2025-03-13,2025-07-29,Expired,True
SUB002718,USR002362,Mobile,149,2025-02-23,2025-09-12,Cancelled,False
SUB002719,USR002363,Mobile,149,2025-05-27,2026-01-01,Active,True
SUB002720,USR002364,Basic,299,2025-03-06,2026-01-01,Active,False
SUB002721,USR002365,Premium,799,2025-05-25,2026-01-01,Active,True
SUB002722,USR002366,Basic,299,2025-01-09,2025-12-11,Cancelled,False
SUB002723,USR002366,Standard,499,2025-12-12,2026-01-01,Active,True
SUB002724,USR002367,Basic,299,2025-08-02,2026-01-01,Active,True
SUB002725,USR002368,Standard,499,2025-03-26,2026-01-01,Active,True
SUB002726,USR002369,Mobile,149,2025-05-28,2026-01-01,Active,True
SUB002727,USR002370,Standard,499,2025-01-09,2025-10-03,Cancelled,True
SUB002728,USR002371,Premium,799,2025-01-21,2025-07-02,Cancelled,True
SUB002729,USR002371,Standard,499,2025-07-03,2026-01-01,Active,True
SUB002730,USR002372,Basic,299,2025-08-15,2026-01-01,Active,True
SUB002731,USR002373,Basic,299,2025-02-15,2025-09-22,Expired,True
SUB002732,USR002373,Basic,299,2025-09-23,2026-01-01,Active,False
SUB002733,USR002374,Standard,499,2025-05-09,2026-01-01,Active,True
SUB002734,USR002375,Premium,799,2025-06-26,2026-01-01,Active,True
SUB002735,USR002376,Basic,299,2025-02-18,2025-11-28,Cancelled,True
SUB002736,USR002376,Standard,499,2025-11-29,2026-01-01,Active,True
SUB002737,USR002377,Standard,499,2025-10-07,2026-01-01,Active,False
SUB002738,USR002378,Standard,499,2025-02-27,2025-10-21,Expired,True
SUB002739,USR002379,Standard,499,2025-04-05,2026-01-01,Active,False
SUB002740,USR002380,Standard,499,2025-02-09,2026-01-01,Active,True
SUB002741,USR002381,Mobile,149,2025-08-08,2026-01-01,Active,True
SUB002742,USR002382,Standard,499,2025-04-14,2026-01-01,Active,True
SUB002743,USR002383,Mobile,149,2025-04-03,2026-01-01,Active,True
SUB002744,USR002384,Premium,799,2025-02-06,2025-10-12,Expired,True
SUB002745,USR002384,Basic,299,2025-10-13,2026-01-01,Active,True
SUB002746,USR002385,Premium,799,2025-04-27,2026-01-01,Active,False
SUB002747,USR002386,Basic,299,2025-02-06,2025-06-10,Expired,True
SUB002748,USR002387,Premium,799,2025-02-07,2025-08-31,Expired,True
SUB002749,USR002388,Standard,499,2025-02-26,2026-01-01,Active,True
SUB002750,USR002389,Mobile,149,2025-01-15,2026-01-01,Active,True
SUB002751,USR002390,Basic,299,2025-02-06,2026-01-01,Active,True
SUB002752,USR002391,Mobile,149,2025-04-20,2025-12-09,Expired,True
SUB002753,USR002392,Basic,299,2025-04-17,2026-01-01,Active,True
SUB002754,USR002393,Standard,499,2025-02-10,2025-11-21,Expired,True
SUB002755,USR002394,Premium,799,2025-05-14,2026-01-01,Active,True
SUB002756,USR002395,Standard,499,2025-05-30,2026-01-01,Active,True
SUB002757,USR002396,Premium,799,2025-06-07,2025-11-13,Cancelled,True
SUB002758,USR002397,Mobile,149,2025-06-30,2025-10-13,Cancelled,False
SUB002759,USR002398,Standard,499,2025-03-22,2026-01-01,Active,True
SUB002760,USR002399,Basic,299,2025-03-04,2025-11-13,Expired,True
SUB002761,USR002400,Basic,299,2025-04-04,2026-01-01,Active,False
SUB002762,USR002401,Standard,499,2025-04-26,2026-01-01,Active,True
SUB002763,USR002402,Standard,499,2025-06-06,2025-09-11,Cancelled,True
SUB002764,USR002403,Premium,799,2025-01-23,2026-01-01,Active,True
SUB002765,USR002404,Basic,299,2025-05-12,2025-11-07,Expired,False
SUB002766,USR002404,Premium,799,2025-11-08,2026-01-01,Active,False
SUB002767,USR002405,Standard,499,2025-03-22,2026-01-01,Active,True
SUB002768,USR002406,Mobile,149,2025-04-01,2025-11-29,Cancelled,False
SUB002769,USR002407,Basic,299,2025-04-08,2026-01-01,Active,True
SUB002770,USR002408,Standard,499,2025-02-26,2025-06-28,Cancelled,True
SUB002771,USR002409,Basic,299,2025-04-20,2025-11-16,Expired,True
SUB002772,USR002409,Basic,299,2025-11-17,2026-01-01,Active,True
SUB002773,USR002410,Basic,299,2025-05-04,2025-11-18,Expired,False
SUB002774,USR002411,Mobile,149,2025-04-30,2026-01-01,Active,True
SUB002775,USR002412,Mobile,149,2025-03-12,2025-07-15,Cancelled,True
SUB002776,USR002413,Basic,299,2025-03-22,2025-08-06,Expired,True
SUB002777,USR002414,Mobile,149,2025-01-18,2026-01-01,Active,True
SUB002778,USR002415,Premium,799,2025-02-22,2025-12-20,Cancelled,False
SUB002779,USR002416,Standard,499,2025-01-30,2026-01-01,Active,False
SUB002780,USR002417,Basic,299,2025-06-05,2026-01-01,Active,True
SUB002781,USR002418,Standard,499,2025-03-05,2026-01-01,Active,True
SUB002782,USR002419,Premium,799,2025-04-20,2025-09-03,Expired,True
SUB002783,USR002419,Premium,799,2025-09-04,2026-01-01,Active,False
SUB002784,USR002420,Basic,299,2025-04-11,2025-11-12,Cancelled,True
SUB002785,USR002421,Mobile,149,2025-03-28,2026-01-01,Active,True
SUB002786,USR002422,Basic,299,2025-02-10,2026-01-01,Active,True
SUB002787,USR002423,Basic,299,2025-03-18,2025-09-29,Expired,False
SUB002788,USR002423,Basic,299,2025-09-30,2026-01-01,Active,False
SUB002789,USR002424,Standard,499,2025-07-01,2025-12-28,Cancelled,True
SUB002790,USR002424,Basic,299,2025-12-29,2026-01-01,Active,False
SUB002791,USR002425,Standard,499,2025-06-03,2025-10-07,Cancelled,True
SUB002792,USR002426,Standard,499,2025-07-17,2026-01-01,Active,False
SUB002793,USR002427,Basic,299,2025-07-31,2026-01-01,Active,True
SUB002794,USR002428,Mobile,149,2025-04-02,2026-01-01,Active,True
SUB002795,USR002429,Basic,299,2025-06-13,2026-01-01,Active,False
SUB002796,USR002430,Basic,299,2025-03-20,2026-01-01,Active,True
SUB002797,USR002431,Premium,799,2025-04-18,2026-01-01,Active,True
SUB002798,USR002432,Standard,499,2025-04-16,2025-10-25,Expired,True
SUB002799,USR002433,Standard,499,2025-05-26,2025-09-20,Expired,True
SUB002800,USR002433,Basic,299,2025-09-21,2025-12-04,Expired,True
SUB002801,USR002434,Premium,799,2025-06-27,2025-10-23,Expired,False
SUB002802,USR002434,Basic,299,2025-10-24,2026-01-01,Active,True
SUB002803,USR002435,Standard,499,2025-04-07,2025-10-14,Expired,False
SUB002804,USR002436,Standard,499,2025-04-20,2026-01-01,Active,True
SUB002805,USR002437,Basic,299,2025-03-31,2026-01-01,Active,False
SUB002806,USR002438,Standard,499,2025-04-18,2026-01-01,Active,False
SUB002807,USR002439,Basic,299,2025-04-19,2025-08-18,Expired,True
SUB002808,USR002440,Standard,499,2025-05-18,2025-09-03,Expired,True
SUB002809,USR002441,Standard,499,2025-02-23,2026-01-01,Active,True
SUB002810,USR002442,Premium,799,2025-03-03,2025-11-14,Expired,True
SUB002811,USR002442,Mobile,149,2025-11-15,2026-01-01,Active,True
SUB002812,USR002443,Standard,499,2025-06-17,2026-01-01,Active,False
SUB002813,USR002444,Mobile,149,2025-05-05,2025-10-07,Expired,True
SUB002814,USR002444,Mobile,149,2025-10-08,2026-01-01,Active,True
SUB002815,USR002445,Basic,299,2025-03-21,2026-01-01,Active,False
SUB002816,USR002446,Basic,299,2025-08-10,2026-01-01,Active,True
SUB002817,USR002447,Standard,499,2025-01-15,2025-05-19,Expired,True
SUB002818,USR002448,Basic,299,2025-04-10,2026-01-01,Active,True
SUB002819,USR002449,Mobile,149,2025-04-04,2026-01-01,Active,True
SUB002820,USR002450,Basic,299,2025-06-18,2026-01-01,Active,True
SUB002821,USR002451,Basic,299,2025-03-31,2025-09-03,Expired,True
SUB002822,USR002452,Premium,799,2025-04-07,2026-01-01,Active,True
SUB002823,USR002453,Mobile,149,2025-05-04,2025-10-16,Cancelled,True
SUB002824,USR002453,Basic,299,2025-10-17,2026-01-01,Active,True
SUB002825,USR002454,Premium,799,2025-02-13,2026-01-01,Active,True
SUB002826,USR002455,Standard,499,2025-04-24,2025-10-30,Expired,False
SUB002827,USR002456,Basic,299,2025-04-18,2026-01-01,Active,False
SUB002828,USR002457,Standard,499,2025-07-05,2026-01-01,Active,True
SUB002829,USR002458,Basic,299,2025-09-05,2025-12-21,Expired,True
SUB002830,USR002459,Basic,299,2025-07-02,2025-10-05,Cancelled,False
SUB002831,USR002459,Premium,799,2025-10-06,2026-01-01,Active,True
SUB002832,USR002460,Premium,799,2025-03-28,2026-01-01,Active,True
SUB002833,USR002461,Standard,499,2025-02-16,2025-11-12,Cancelled,False
SUB002834,USR002461,Basic,299,2025-11-13,2026-01-01,Active,True
SUB002835,USR002462,Mobile,149,2025-03-08,2025-06-06,Expired,True
SUB002836,USR002463,Premium,799,2025-03-08,2025-10-13,Expired,True
SUB002837,USR002464,Basic,299,2025-02-10,2026-01-01,Active,False
SUB002838,USR002465,Premium,799,2025-06-25,2026-01-01,Active,True
SUB002839,USR002466,Basic,299,2025-06-08,2025-12-27,Cancelled,True
SUB002840,USR002466,Basic,299,2025-12-28,2026-01-01,Active,False
SUB002841,USR002467,Basic,299,2025-04-11,2026-01-01,Active,True
SUB002842,USR002468,Mobile,149,2025-04-02,2026-01-01,Active,False
SUB002843,USR002469,Mobile,149,2025-05-24,2025-09-29,Expired,True
SUB002844,USR002470,Basic,299,2025-04-21,2026-01-01,Active,False
SUB002845,USR002471,Basic,299,2025-03-25,2025-11-30,Cancelled,True
SUB002846,USR002472,Standard,499,2025-03-28,2025-06-30,Expired,False
SUB002847,USR002473,Basic,299,2025-06-23,2026-01-01,Active,True
SUB002848,USR002474,Premium,799,2025-03-01,2026-01-01,Active,True
SUB002849,USR002475,Basic,299,2025-06-17,2026-01-01,Active,True
SUB002850,USR002476,Premium,799,2025-05-07,2026-01-01,Active,True
SUB002851,USR002477,Standard,499,2025-08-04,2026-01-01,Active,True
SUB002852,USR002478,Mobile,149,2025-03-24,2025-11-21,Expired,False
SUB002853,USR002479,Basic,299,2025-02-10,2025-08-23,Expired,True
SUB002854,USR002480,Standard,499,2025-05-03,2026-01-01,Active,True
SUB002855,USR002481,Standard,499,2025-02-21,2025-11-23,Expired,True
SUB002856,USR002482,Standard,499,2025-02-19,2026-01-01,Active,True
SUB002857,USR002483,Premium,799,2025-07-21,2026-01-01,Active,False
SUB002858,USR002484,Basic,299,2025-07-03,2026-01-01,Active,True
SUB002859,USR002485,Basic,299,2025-04-09,2026-01-01,Active,True
SUB002860,USR002486,Standard,499,2025-04-18,2025-08-26,Cancelled,True
SUB002861,USR002487,Basic,299,2025-04-16,2026-01-01,Active,True
SUB002862,USR002488,Standard,499,2025-05-26,2026-01-01,Active,True
SUB002863,USR002489,Standard,499,2025-03-23,2026-01-01,Active,True
SUB002864,USR002490,Standard,499,2025-01-06,2026-01-01,Active,False
SUB002865,USR002491,Standard,499,2025-02-05,2026-01-01,Active,True
SUB002866,USR002492,Premium,799,2025-03-08,2025-11-18,Cancelled,True
SUB002867,USR002492,Basic,299,2025-11-19,2026-01-01,Active,True
SUB002868,USR002493,Standard,499,2025-03-24,2025-11-14,Cancelled,True
SUB002869,USR002494,Standard,499,2025-05-30,2026-01-01,Active,True
SUB002870,USR002495,Basic,299,2025-07-06,2026-01-01,Active,True
SUB002871,USR002496,Standard,499,2025-03-07,2025-10-09,Cancelled,False
SUB002872,USR002497,Basic,299,2025-04-15,2025-10-25,Expired,False
SUB002873,USR002497,Mobile,149,2025-10-26,2026-01-01,Active,True
SUB002874,USR002498,Premium,799,2025-06-03,2026-01-01,Active,True
SUB002875,USR002499,Basic,299,2025-03-08,2025-08-25,Cancelled,False
SUB002876,USR002500,Basic,299,2025-06-29,2025-09-27,Expired,True
SUB002877,USR002501,Basic,299,2025-02-02,2025-12-29,Cancelled,False
SUB002878,USR002501,Standard,499,2025-12-30,2026-01-01,Active,True
SUB002879,USR002502,Basic,299,2025-04-08,2026-01-01,Active,False
SUB002880,USR002503,Standard,499,2025-04-07,2026-01-01,Active,False
SUB002881,USR002504,Premium,799,2025-05-24,2026-01-01,Active,True
SUB002882,USR002505,Standard,499,2025-02-14,2026-01-01,Active,True
SUB002883,USR002506,Basic,299,2025-06-26,2025-09-29,Cancelled,True
SUB002884,USR002507,Premium,799,2025-05-27,2025-09-17,Expired,True
SUB002885,USR002508,Mobile,149,2025-04-19,2026-01-01,Active,False
SUB002886,USR002509,Premium,799,2025-03-27,2025-07-08,Cancelled,True
SUB002887,USR002509,Basic,299,2025-07-09,2025-11-05,Cancelled,True
SUB002888,USR002510,Basic,299,2025-05-12,2026-01-01,Active,True
SUB002889,USR002511,Basic,299,2025-06-06,2025-09-12,Expired,True
SUB002890,USR002512,Standard,499,2025-06-10,2026-01-01,Active,True
SUB002891,USR002513,Basic,299,2025-03-15,2025-09-25,Expired,True
SUB002892,USR002514,Basic,299,2025-02-27,2025-07-13,Expired,True
SUB002893,USR002514,Premium,799,2025-07-14,2026-01-01,Active,True
SUB002894,USR002515,Basic,299,2025-03-02,2025-11-08,Cancelled,True
SUB002895,USR002516,Basic,299,2025-06-14,2026-01-01,Active,True
SUB002896,USR002517,Mobile,149,2025-04-05,2026-01-01,Active,True
SUB002897,USR002518,Basic,299,2025-02-17,2026-01-01,Active,False
SUB002898,USR002519,Basic,299,2025-05-27,2025-11-30,Cancelled,True
SUB002899,USR002519,Basic,299,2025-12-01,2026-01-01,Active,True
SUB002900,USR002520,Mobile,149,2025-05-28,2026-01-01,Active,True
SUB002901,USR002521,Standard,499,2025-03-26,2025-09-25,Expired,False
SUB002902,USR002522,Basic,299,2025-02-06,2025-12-23,Cancelled,True
SUB002903,USR002523,Standard,499,2025-09-22,2026-01-01,Active,True
SUB002904,USR002524,Mobile,149,2025-04-06,2025-11-05,Cancelled,False
SUB002905,USR002525,Mobile,149,2025-05-17,2025-09-02,Expired,True
SUB002906,USR002526,Standard,499,2025-04-01,2026-01-01,Active,True
SUB002907,USR002527,Standard,499,2025-03-01,2026-01-01,Active,False
SUB002908,USR002528,Mobile,149,2025-05-09,2026-01-01,Active,True
SUB002909,USR002529,Basic,299,2025-02-15,2025-12-06,Expired,True
SUB002910,USR002530,Basic,299,2025-05-20,2026-01-01,Active,True
SUB002911,USR002531,Premium,799,2025-08-08,2026-01-01,Active,True
SUB002912,USR002532,Basic,299,2025-03-27,2026-01-01,Active,True
SUB002913,USR002533,Premium,799,2025-03-13,2025-08-16,Expired,False
SUB002914,USR002534,Mobile,149,2025-02-21,2026-01-01,Active,True
SUB002915,USR002535,Standard,499,2025-03-19,2025-06-30,Expired,False
SUB002916,USR002535,Standard,499,2025-07-01,2025-10-07,Cancelled,True
SUB002917,USR002536,Standard,499,2025-03-29,2026-01-01,Active,True
SUB002918,USR002537,Mobile,149,2025-07-03,2026-01-01,Active,False
SUB002919,USR002538,Basic,299,2025-05-09,2026-01-01,Active,True
SUB002920,USR002539,Premium,799,2025-06-10,2026-01-01,Active,True
SUB002921,USR002540,Basic,299,2025-03-15,2026-01-01,Active,True
SUB002922,USR002541,Standard,499,2025-04-26,2025-09-21,Cancelled,True
SUB002923,USR002542,Basic,299,2025-05-03,2026-01-01,Active,True
SUB002924,USR002543,Mobile,149,2025-01-16,2025-09-04,Expired,True
SUB002925,USR002544,Mobile,149,2025-01-18,2025-09-24,Expired,True
SUB002926,USR002545,Standard,499,2025-01-20,2026-01-01,Active,True
SUB002927,USR002546,Mobile,149,2025-04-01,2026-01-01,Active,True
SUB002928,USR002547,Standard,499,2025-06-08,2026-01-01,Active,True
SUB002929,USR002548,Basic,299,2025-02-26,2026-01-01,Active,True
SUB002930,USR002549,Premium,799,2025-02-08,2026-01-01,Active,False
SUB002931,USR002550,Basic,299,2025-03-13,2025-12-29,Cancelled,True
SUB002932,USR002550,Basic,299,2025-12-30,2026-01-01,Active,True
SUB002933,USR002551,Basic,299,2025-04-07,2026-01-01,Active,False
SUB002934,USR002552,Mobile,149,2025-02-27,2025-09-18,Cancelled,True
SUB002935,USR002553,Standard,499,2025-02-12,2026-01-01,Active,True
SUB002936,USR002554,Standard,499,2025-02-09,2026-01-01,Active,True
SUB002937,USR002555,Basic,299,2025-09-07,2026-01-01,Active,True
SUB002938,USR002556,Mobile,149,2025-02-01,2025-05-19,Expired,True
SUB002939,USR002557,Premium,799,2025-05-16,2026-01-01,Active,True
SUB002940,USR002558,Premium,799,2025-08-27,2026-01-01,Active,False
SUB002941,USR002559,Standard,499,2025-06-21,2026-01-01,Active,True
SUB002942,USR002560,Mobile,149,2025-02-11,2025-05-17,Expired,True
SUB002943,USR002560,Basic,299,2025-05-18,2025-12-08,Expired,True
SUB002944,USR002561,Mobile,149,2025-07-31,2026-01-01,Active,True
SUB002945,USR002562,Basic,299,2025-02-03,2025-11-28,Cancelled,True
SUB002946,USR002563,Premium,799,2025-03-10,2026-01-01,Active,True
SUB002947,USR002564,Standard,499,2025-03-30,2026-01-01,Active,True
SUB002948,USR002565,Basic,299,2025-02-14,2025-10-28,Expired,False
SUB002949,USR002566,Mobile,149,2025-04-22,2026-01-01,Active,True
SUB002950,USR002567,Basic,299,2025-02-28,2025-12-30,Cancelled,True
SUB002951,USR002568,Basic,299,2025-08-30,2026-01-01,Active,True
SUB002952,USR002569,Standard,499,2025-03-27,2026-01-01,Active,True
SUB002953,USR002570,Standard,499,2025-06-08,2026-01-01,Active,False
SUB002954,USR002571,Basic,299,2025-08-09,2026-01-01,Active,True
SUB002955,USR002572,Basic,299,2025-05-13,2026-01-01,Active,True
SUB002956,USR002573,Standard,499,2025-08-27,2026-01-01,Active,False
SUB002957,USR002574,Mobile,149,2025-06-14,2026-01-01,Active,True
SUB002958,USR002575,Basic,299,2025-05-09,2025-09-18,Expired,False
SUB002959,USR002576,Basic,299,2025-04-03,2026-01-01,Active,True
SUB002960,USR002577,Basic,299,2025-01-29,2025-06-21,Expired,True
SUB002961,USR002577,Basic,299,2025-06-22,2025-11-17,Cancelled,True
SUB002962,USR002578,Standard,499,2025-04-05,2025-11-27,Expired,True
SUB002963,USR002578,Standard,499,2025-11-28,2026-01-01,Active,False
SUB002964,USR002579,Mobile,149,2025-02-21,2026-01-01,Active,True
SUB002965,USR002580,Basic,299,2025-07-05,2026-01-01,Active,True
SUB002966,USR002581,Standard,499,2025-02-22,2025-08-29,Expired,True
SUB002967,USR002582,Basic,299,2025-04-22,2025-10-13,Expired,False
SUB002968,USR002583,Standard,499,2025-05-31,2025-08-30,Expired,True
SUB002969,USR002583,Standard,499,2025-08-31,2026-01-01,Active,True
SUB002970,USR002584,Premium,799,2025-02-17,2025-05-19,Cancelled,True
SUB002971,USR002584,Mobile,149,2025-05-20,2025-10-17,Cancelled,True
SUB002972,USR002585,Basic,299,2025-04-21,2025-09-02,Cancelled,True
SUB002973,USR002586,Standard,499,2025-03-14,2025-07-27,Cancelled,True
SUB002974,USR002586,Premium,799,2025-07-28,2026-01-01,Active,True
SUB002975,USR002587,Mobile,149,2025-05-14,2026-01-01,Active,True
SUB002976,USR002588,Premium,799,2025-02-06,2025-11-08,Cancelled,False
SUB002977,USR002589,Basic,299,2025-08-31,2026-01-01,Active,True
SUB002978,USR002590,Premium,799,2025-05-05,2026-01-01,Active,False
SUB002979,USR002591,Basic,299,2025-08-16,2026-01-01,Active,True
SUB002980,USR002592,Mobile,149,2025-06-17,2025-10-01,Cancelled,True
SUB002981,USR002593,Standard,499,2025-03-09,2025-07-30,Cancelled,True
SUB002982,USR002594,Basic,299,2025-06-09,2026-01-01,Active,True
SUB002983,USR002595,Basic,299,2025-07-16,2026-01-01,Active,True
SUB002984,USR002596,Standard,499,2025-06-24,2026-01-01,Active,False
SUB002985,USR002597,Standard,499,2025-04-27,2025-12-22,Expired,True
SUB002986,USR002597,Basic,299,2025-12-23,2026-01-01,Active,True
SUB002987,USR002598,Standard,499,2025-02-28,2026-01-01,Active,True
SUB002988,USR002599,Mobile,149,2025-06-03,2025-10-08,Cancelled,True
SUB002989,USR002600,Premium,799,2025-05-25,2025-11-11,Expired,True
SUB002990,USR002601,Standard,499,2025-03-23,2025-06-23,Expired,True
SUB002991,USR002602,Premium,799,2025-02-14,2026-01-01,Active,True
SUB002992,USR002603,Mobile,149,2025-05-13,2025-09-18,Expired,True
SUB002993,USR002603,Standard,499,2025-09-19,2026-01-01,Active,False
SUB002994,USR002604,Standard,499,2025-02-24,2025-11-15,Cancelled,True
SUB002995,USR002605,Standard,499,2025-03-22,2026-01-01,Active,True
SUB002996,USR002606,Standard,499,2025-06-03,2025-10-20,Cancelled,True
SUB002997,USR002607,Standard,499,2025-02-19,2025-05-25,Cancelled,True
SUB002998,USR002608,Mobile,149,2025-02-02,2025-07-03,Cancelled,True
SUB002999,USR002609,Standard,499,2025-01-24,2026-01-01,Active,True
SUB003000,USR002610,Mobile,149,2025-05-20,2025-10-13,Expired,True
SUB003001,USR002611,Premium,799,2025-05-23,2026-01-01,Active,True
SUB003002,USR002612,Basic,299,2025-03-27,2025-10-28,Expired,False
SUB003003,USR002612,Premium,799,2025-10-29,2026-01-01,Active,False
SUB003004,USR002613,Basic,299,2025-06-21,2026-01-01,Active,True
SUB003005,USR002614,Mobile,149,2025-03-30,2026-01-01,Active,True
SUB003006,USR002615,Mobile,149,2025-04-03,2025-09-12,Expired,False
SUB003007,USR002616,Standard,499,2025-03-25,2025-11-29,Expired,True
SUB003008,USR002617,Mobile,149,2025-01-23,2025-10-12,Cancelled,True
SUB003009,USR002618,Standard,499,2025-03-11,2026-01-01,Active,False
SUB003010,USR002619,Standard,499,2025-01-26,2025-08-29,Expired,True
SUB003011,USR002620,Mobile,149,2025-03-11,2026-01-01,Active,True
SUB003012,USR002621,Premium,799,2025-06-04,2026-01-01,Active,False
SUB003013,USR002622,Standard,499,2025-01-18,2025-11-06,Cancelled,True
SUB003014,USR002623,Mobile,149,2025-03-11,2026-01-01,Active,False
SUB003015,USR002624,Basic,299,2025-03-10,2026-01-01,Active,True
SUB003016,USR002625,Basic,299,2025-05-20,2026-01-01,Active,True
SUB003017,USR002626,Standard,499,2025-02-24,2026-01-01,Active,False
SUB003018,USR002627,Mobile,149,2025-06-07,2026-01-01,Active,True
SUB003019,USR002628,Basic,299,2025-03-01,2025-09-07,Cancelled,True
SUB003020,USR002628,Premium,799,2025-09-08,2025-11-28,Expired,False
SUB003021,USR002629,Mobile,149,2025-06-16,2025-09-19,Cancelled,True
SUB003022,USR002630,Premium,799,2025-05-30,2026-01-01,Active,True
SUB003023,USR002631,Basic,299,2025-04-18,2026-01-01,Active,True
SUB003024,USR002632,Basic,299,2025-03-25,2025-11-16,Expired,False
SUB003025,USR002633,Standard,499,2025-02-05,2026-01-01,Active,False
SUB003026,USR002634,Mobile,149,2025-04-13,2025-10-06,Expired,True
SUB003027,USR002635,Basic,299,2025-06-18,2025-12-14,Cancelled,True
SUB003028,USR002636,Mobile,149,2025-02-15,2026-01-01,Active,True
SUB003029,USR002637,Premium,799,2025-06-21,2026-01-01,Active,True
SUB003030,USR002638,Standard,499,2025-07-02,2026-01-01,Active,True
SUB003031,USR002639,Premium,799,2025-02-25,2026-01-01,Active,False
SUB003032,USR002640,Basic,299,2025-04-17,2025-08-28,Expired,False
SUB003033,USR002641,Basic,299,2025-08-15,2026-01-01,Active,True
SUB003034,USR002642,Standard,499,2025-03-10,2026-01-01,Active,True
SUB003035,USR002643,Standard,499,2025-06-06,2025-12-23,Expired,True
SUB003036,USR002643,Standard,499,2025-12-24,2026-01-01,Active,True
SUB003037,USR002644,Basic,299,2025-02-22,2026-01-01,Active,True
SUB003038,USR002645,Basic,299,2025-04-06,2025-12-24,Cancelled,True
SUB003039,USR002646,Mobile,149,2025-03-04,2026-01-01,Active,False
SUB003040,USR002647,Standard,499,2025-04-06,2025-08-01,Cancelled,True
SUB003041,USR002647,Standard,499,2025-08-02,2025-10-25,Cancelled,False
SUB003042,USR002648,Premium,799,2025-06-04,2026-01-01,Active,True
SUB003043,USR002649,Basic,299,2025-04-13,2026-01-01,Active,True
SUB003044,USR002650,Basic,299,2025-04-13,2025-09-09,Cancelled,True
SUB003045,USR002651,Mobile,149,2025-02-23,2026-01-01,Active,True
SUB003046,USR002652,Premium,799,2025-07-28,2026-01-01,Active,True
SUB003047,USR002653,Basic,299,2025-08-04,2026-01-01,Active,False
SUB003048,USR002654,Standard,499,2025-05-16,2025-11-28,Cancelled,False
SUB003049,USR002655,Mobile,149,2025-09-03,2026-01-01,Active,True
SUB003050,USR002656,Basic,299,2025-06-02,2026-01-01,Active,True
SUB003051,USR002657,Standard,499,2025-01-13,2025-07-01,Cancelled,True
SUB003052,USR002658,Mobile,149,2025-02-07,2025-12-23,Cancelled,True
SUB003053,USR002659,Basic,299,2025-03-12,2025-10-16,Cancelled,True
SUB003054,USR002660,Standard,499,2025-05-24,2026-01-01,Active,True
SUB003055,USR002661,Standard,499,2025-01-27,2025-05-02,Cancelled,False
SUB003056,USR002662,Basic,299,2025-04-24,2026-01-01,Active,False
SUB003057,USR002663,Basic,299,2025-06-15,2026-01-01,Active,False
SUB003058,USR002664,Basic,299,2025-03-19,2026-01-01,Active,False
SUB003059,USR002665,Mobile,149,2025-04-26,2025-09-19,Cancelled,True
SUB003060,USR002666,Standard,499,2025-05-12,2026-01-01,Active,False
SUB003061,USR002667,Premium,799,2025-05-16,2025-09-10,Expired,True
SUB003062,USR002668,Mobile,149,2025-03-24,2025-11-19,Cancelled,False
SUB003063,USR002668,Basic,299,2025-11-20,2026-01-01,Active,True
SUB003064,USR002669,Standard,499,2025-06-16,2026-01-01,Active,True
SUB003065,USR002670,Basic,299,2025-03-19,2025-09-23,Cancelled,True
SUB003066,USR002671,Standard,499,2025-04-22,2026-01-01,Active,False
SUB003067,USR002672,Standard,499,2025-04-10,2026-01-01,Active,True
SUB003068,USR002673,Basic,299,2025-03-28,2026-01-01,Active,False
SUB003069,USR002674,Standard,499,2025-04-30,2026-01-01,Active,True
SUB003070,USR002675,Basic,299,2025-07-11,2026-01-01,Active,False
SUB003071,USR002676,Premium,799,2025-01-25,2025-10-04,Cancelled,True
SUB003072,USR002677,Standard,499,2025-04-05,2025-09-01,Cancelled,True
SUB003073,USR002678,Basic,299,2025-02-07,2025-11-10,Expired,False
SUB003074,USR002678,Basic,299,2025-11-11,2026-01-01,Active,False
SUB003075,USR002679,Basic,299,2025-01-25,2025-12-21,Expired,True
SUB003076,USR002679,Premium,799,2025-12-22,2026-01-01,Active,True
SUB003077,USR002680,Basic,299,2025-03-02,2025-11-09,Cancelled,True
SUB003078,USR002681,Standard,499,2025-07-25,2026-01-01,Active,True
SUB003079,USR002682,Standard,499,2025-05-03,2025-09-16,Expired,True
SUB003080,USR002682,Premium,799,2025-09-17,2026-01-01,Active,True
SUB003081,USR002683,Standard,499,2025-03-22,2025-07-08,Cancelled,True
SUB003082,USR002684,Mobile,149,2025-03-09,2025-09-28,Cancelled,True
SUB003083,USR002685,Standard,499,2025-05-17,2025-09-28,Expired,True
SUB003084,USR002686,Premium,799,2025-04-14,2026-01-01,Active,True
SUB003085,USR002687,Premium,799,2025-03-24,2025-11-01,Cancelled,True
SUB003086,USR002688,Standard,499,2025-02-04,2025-10-14,Expired,False
SUB003087,USR002689,Standard,499,2025-02-23,2026-01-01,Active,True
SUB003088,USR002690,Premium,799,2025-07-16,2025-11-21,Cancelled,True
SUB003089,USR002690,Basic,299,2025-11-22,2026-01-01,Active,False
SUB003090,USR002691,Premium,799,2025-04-29,2025-09-01,Cancelled,True
SUB003091,USR002692,Basic,299,2025-02-25,2025-10-22,Expired,False
SUB003092,USR002692,Mobile,149,2025-10-23,2026-01-01,Active,True
SUB003093,USR002693,Premium,799,2025-05-11,2026-01-01,Active,True
SUB003094,USR002694,Basic,299,2025-06-14,2025-10-19,Cancelled,True
SUB003095,USR002694,Basic,299,2025-10-20,2026-01-01,Active,True
SUB003096,USR002695,Premium,799,2025-03-09,2026-01-01,Active,False
SUB003097,USR002696,Standard,499,2025-03-30,2026-01-01,Active,True
SUB003098,USR002697,Standard,499,2025-04-07,2026-01-01,Active,True
SUB003099,USR002698,Standard,499,2025-02-18,2025-10-12,Expired,True
SUB003100,USR002699,Premium,799,2025-04-29,2025-09-16,Expired,False
SUB003101,USR002700,Standard,499,2025-02-21,2025-05-26,Expired,True
SUB003102,USR002701,Standard,499,2025-01-27,2025-06-18,Cancelled,True
SUB003103,USR002702,Premium,799,2025-02-21,2025-07-14,Cancelled,True
SUB003104,USR002703,Basic,299,2025-04-25,2025-11-24,Cancelled,False
SUB003105,USR002704,Basic,299,2025-02-24,2026-01-01,Active,False
SUB003106,USR002705,Basic,299,2025-04-02,2026-01-01,Active,True
SUB003107,USR002706,Basic,299,2025-04-11,2026-01-01,Active,True
SUB003108,USR002707,Standard,499,2025-02-05,2025-08-30,Cancelled,True
SUB003109,USR002708,Basic,299,2025-09-13,2026-01-01,Active,True
SUB003110,USR002709,Premium,799,2025-03-21,2025-10-20,Cancelled,True
SUB003111,USR002710,Premium,799,2025-06-07,2026-01-01,Active,True
SUB003112,USR002711,Standard,499,2025-04-03,2025-07-19,Cancelled,True
SUB003113,USR002712,Basic,299,2025-06-11,2026-01-01,Active,False
SUB003114,USR002713,Standard,499,2025-06-04,2026-01-01,Active,False
SUB003115,USR002714,Basic,299,2025-04-19,2025-07-20,Cancelled,True
SUB003116,USR002715,Standard,499,2025-01-27,2026-01-01,Active,True
SUB003117,USR002716,Standard,499,2025-07-25,2026-01-01,Active,True
SUB003118,USR002717,Standard,499,2025-02-24,2025-08-19,Cancelled,True
SUB003119,USR002718,Premium,799,2025-02-06,2025-05-23,Expired,True
SUB003120,USR002718,Standard,499,2025-05-24,2025-11-28,Cancelled,True
SUB003121,USR002719,Mobile,149,2025-06-04,2026-01-01,Active,True
SUB003122,USR002720,Mobile,149,2025-04-25,2026-01-01,Active,True
SUB003123,USR002721,Basic,299,2025-04-10,2026-01-01,Active,False
SUB003124,USR002722,Standard,499,2025-03-08,2025-10-21,Cancelled,False
SUB003125,USR002723,Premium,799,2025-07-03,2026-01-01,Active,False
SUB003126,USR002724,Mobile,149,2025-02-11,2026-01-01,Active,True
SUB003127,USR002725,Standard,499,2025-04-18,2026-01-01,Active,False
SUB003128,USR002726,Standard,499,2025-02-06,2025-06-03,Expired,True
SUB003129,USR002726,Mobile,149,2025-06-04,2025-09-03,Cancelled,False
SUB003130,USR002727,Basic,299,2025-06-01,2026-01-01,Active,True
SUB003131,USR002728,Standard,499,2025-08-31,2026-01-01,Active,True
SUB003132,USR002729,Mobile,149,2025-05-14,2026-01-01,Active,True
SUB003133,USR002730,Mobile,149,2025-02-23,2025-09-10,Expired,False
SUB003134,USR002731,Mobile,149,2025-06-08,2025-12-04,Expired,True
SUB003135,USR002731,Premium,799,2025-12-05,2026-01-01,Active,True
SUB003136,USR002732,Mobile,149,2025-03-17,2026-01-01,Active,True
SUB003137,USR002733,Standard,499,2025-03-04,2025-09-29,Expired,False
SUB003138,USR002734,Standard,499,2025-03-31,2025-12-04,Cancelled,True
SUB003139,USR002735,Mobile,149,2025-01-26,2026-01-01,Active,True
SUB003140,USR002736,Mobile,149,2025-07-28,2026-01-01,Active,True
SUB003141,USR002737,Standard,499,2025-04-10,2025-09-20,Expired,True
SUB003142,USR002738,Basic,299,2025-04-24,2026-01-01,Active,True
SUB003143,USR002739,Standard,499,2025-07-21,2026-01-01,Active,False
SUB003144,USR002740,Standard,499,2025-07-17,2025-10-16,Expired,True
SUB003145,USR002740,Premium,799,2025-10-17,2026-01-01,Active,True
SUB003146,USR002741,Standard,499,2025-03-11,2026-01-01,Active,True
SUB003147,USR002742,Standard,499,2025-04-19,2026-01-01,Active,True
SUB003148,USR002743,Basic,299,2025-02-27,2025-09-18,Cancelled,True
SUB003149,USR002744,Premium,799,2025-06-25,2025-11-27,Cancelled,True
SUB003150,USR002745,Mobile,149,2025-07-22,2026-01-01,Active,True
SUB003151,USR002746,Mobile,149,2025-01-25,2025-05-10,Expired,True
SUB003152,USR002747,Standard,499,2025-07-31,2025-11-20,Cancelled,False
SUB003153,USR002748,Standard,499,2025-02-15,2026-01-01,Active,False
SUB003154,USR002749,Standard,499,2025-03-24,2025-08-14,Cancelled,True
SUB003155,USR002749,Standard,499,2025-08-15,2025-11-15,Cancelled,True
SUB003156,USR002750,Mobile,149,2025-02-02,2026-01-01,Active,False
SUB003157,USR002751,Basic,299,2025-05-08,2026-01-01,Active,True
SUB003158,USR002752,Standard,499,2025-02-15,2026-01-01,Active,True
SUB003159,USR002753,Premium,799,2025-03-23,2025-10-26,Expired,True
SUB003160,USR002754,Basic,299,2025-03-30,2026-01-01,Active,False
SUB003161,USR002755,Standard,499,2025-01-18,2025-06-20,Cancelled,False
SUB003162,USR002756,Standard,499,2025-05-13,2026-01-01,Active,True
SUB003163,USR002757,Mobile,149,2025-01-12,2025-04-15,Cancelled,True
SUB003164,USR002758,Standard,499,2025-03-17,2025-07-23,Expired,False
SUB003165,USR002759,Standard,499,2025-06-01,2026-01-01,Active,True
SUB003166,USR002760,Basic,299,2025-06-15,2025-09-14,Cancelled,True
SUB003167,USR002760,Basic,299,2025-09-15,2026-01-01,Active,True
SUB003168,USR002761,Basic,299,2025-03-19,2025-08-19,Cancelled,True
SUB003169,USR002761,Mobile,149,2025-08-20,2025-11-03,Expired,True
SUB003170,USR002762,Basic,299,2025-02-12,2025-11-16,Expired,True
SUB003171,USR002763,Basic,299,2025-04-28,2025-08-03,Cancelled,True
SUB003172,USR002764,Basic,299,2025-05-16,2026-01-01,Active,True
SUB003173,USR002765,Premium,799,2025-05-22,2026-01-01,Active,False
SUB003174,USR002766,Standard,499,2025-04-08,2025-07-21,Cancelled,True
SUB003175,USR002767,Basic,299,2025-06-20,2026-01-01,Active,True
SUB003176,USR002768,Standard,499,2025-03-24,2026-01-01,Active,True
SUB003177,USR002769,Premium,799,2025-03-25,2025-09-15,Expired,True
SUB003178,USR002770,Mobile,149,2025-03-24,2025-07-27,Expired,True
SUB003179,USR002770,Basic,299,2025-07-28,2025-12-17,Cancelled,True
SUB003180,USR002771,Standard,499,2025-05-06,2026-01-01,Active,True
SUB003181,USR002772,Basic,299,2025-04-04,2026-01-01,Active,False
SUB003182,USR002773,Mobile,149,2025-07-23,2026-01-01,Active,True
SUB003183,USR002774,Premium,799,2025-07-10,2026-01-01,Active,True
SUB003184,USR002775,Premium,799,2025-04-19,2026-01-01,Active,True
SUB003185,USR002776,Mobile,149,2025-01-23,2025-08-26,Expired,True
SUB003186,USR002776,Mobile,149,2025-08-27,2025-12-13,Expired,True
SUB003187,USR002777,Basic,299,2025-07-25,2025-12-01,Expired,True
SUB003188,USR002778,Basic,299,2025-05-27,2026-01-01,Active,True
SUB003189,USR002779,Mobile,149,2025-01-31,2026-01-01,Active,True
SUB003190,USR002780,Premium,799,2025-06-07,2026-01-01,Active,False
SUB003191,USR002781,Mobile,149,2025-01-23,2025-12-23,Cancelled,False
SUB003192,USR002782,Standard,499,2025-01-30,2025-12-15,Expired,True
SUB003193,USR002783,Basic,299,2025-03-28,2026-01-01,Active,True
SUB003194,USR002784,Standard,499,2025-10-14,2026-01-01,Active,True
SUB003195,USR002785,Basic,299,2025-02-25,2025-08-02,Cancelled,True
SUB003196,USR002786,Basic,299,2025-07-22,2026-01-01,Active,True
SUB003197,USR002787,Mobile,149,2025-06-22,2026-01-01,Active,False
SUB003198,USR002788,Standard,499,2025-02-23,2025-06-10,Expired,True
SUB003199,USR002788,Standard,499,2025-06-11,2026-01-01,Active,True
SUB003200,USR002789,Standard,499,2025-05-06,2026-01-01,Active,True
SUB003201,USR002790,Mobile,149,2025-07-28,2026-01-01,Active,False
SUB003202,USR002791,Premium,799,2025-05-23,2026-01-01,Active,False
SUB003203,USR002792,Standard,499,2025-02-04,2025-09-24,Expired,True
SUB003204,USR002792,Premium,799,2025-09-25,2026-01-01,Active,False
SUB003205,USR002793,Standard,499,2025-01-23,2025-06-02,Expired,True
SUB003206,USR002793,Premium,799,2025-06-03,2025-08-10,Expired,True
SUB003207,USR002794,Standard,499,2025-06-19,2025-10-30,Expired,False
SUB003208,USR002794,Standard,499,2025-10-31,2026-01-01,Active,True
SUB003209,USR002795,Mobile,149,2025-03-07,2025-09-02,Cancelled,True
SUB003210,USR002795,Basic,299,2025-09-03,2026-01-01,Active,False
SUB003211,USR002796,Standard,499,2025-04-17,2025-11-17,Cancelled,False
SUB003212,USR002797,Basic,299,2025-03-12,2025-10-19,Cancelled,True
SUB003213,USR002798,Standard,499,2025-03-21,2026-01-01,Active,True
SUB003214,USR002799,Mobile,149,2025-03-22,2025-07-26,Expired,False
SUB003215,USR002800,Basic,299,2025-02-26,2025-11-01,Expired,True
SUB003216,USR002801,Mobile,149,2025-05-20,2026-01-01,Active,True
SUB003217,USR002802,Basic,299,2025-06-05,2026-01-01,Active,True
SUB003218,USR002803,Standard,499,2025-02-26,2025-09-12,Expired,False
SUB003219,USR002804,Basic,299,2025-03-01,2025-08-25,Expired,True
SUB003220,USR002805,Premium,799,2025-07-02,2026-01-01,Active,True
SUB003221,USR002806,Basic,299,2025-02-23,2025-07-31,Expired,True
SUB003222,USR002806,Mobile,149,2025-08-01,2025-11-18,Cancelled,True
SUB003223,USR002807,Standard,499,2025-05-14,2025-09-26,Cancelled,True
SUB003224,USR002808,Standard,499,2025-07-18,2026-01-01,Active,True
SUB003225,USR002809,Basic,299,2025-02-13,2026-01-01,Active,True
SUB003226,USR002810,Basic,299,2025-03-08,2025-06-17,Expired,True
SUB003227,USR002811,Mobile,149,2025-03-10,2025-07-14,Expired,True
SUB003228,USR002812,Standard,499,2025-03-25,2026-01-01,Active,False
SUB003229,USR002813,Standard,499,2025-04-21,2026-01-01,Active,False
SUB003230,USR002814,Premium,799,2025-03-09,2025-07-28,Cancelled,True
SUB003231,USR002814,Premium,799,2025-07-29,2025-11-06,Cancelled,True
SUB003232,USR002815,Basic,299,2025-05-13,2025-11-02,Expired,True
SUB003233,USR002816,Basic,299,2025-05-25,2025-12-31,Expired,True
SUB003234,USR002817,Basic,299,2025-04-14,2026-01-01,Active,True
SUB003235,USR002818,Mobile,149,2025-02-27,2025-11-01,Cancelled,False
SUB003236,USR002818,Standard,499,2025-11-02,2026-01-01,Active,True
SUB003237,USR002819,Premium,799,2025-06-27,2026-01-01,Active,False
SUB003238,USR002820,Basic,299,2025-03-31,2025-11-18,Expired,False
SUB003239,USR002821,Standard,499,2025-01-29,2026-01-01,Active,True
SUB003240,USR002822,Premium,799,2025-02-20,2025-07-07,Expired,False
SUB003241,USR002823,Standard,499,2025-03-25,2026-01-01,Active,False
SUB003242,USR002824,Mobile,149,2025-03-20,2025-11-23,Expired,True
SUB003243,USR002825,Standard,499,2025-02-24,2025-12-18,Cancelled,False
SUB003244,USR002825,Standard,499,2025-12-19,2026-01-01,Active,True
SUB003245,USR002826,Standard,499,2025-03-27,2026-01-01,Active,True
SUB003246,USR002827,Premium,799,2025-02-17,2025-09-19,Expired,True
SUB003247,USR002828,Standard,499,2025-04-15,2026-01-01,Active,False
SUB003248,USR002829,Basic,299,2025-03-23,2025-10-04,Expired,True
SUB003249,USR002829,Basic,299,2025-10-05,2026-01-01,Active,False
SUB003250,USR002830,Standard,499,2025-04-21,2026-01-01,Active,True
SUB003251,USR002831,Premium,799,2025-04-12,2026-01-01,Active,True
SUB003252,USR002832,Standard,499,2025-05-27,2026-01-01,Active,True
SUB003253,USR002833,Standard,499,2025-04-21,2026-01-01,Active,True
SUB003254,USR002834,Mobile,149,2025-05-09,2026-01-01,Active,True
SUB003255,USR002835,Mobile,149,2025-05-06,2026-01-01,Active,True
SUB003256,USR002836,Mobile,149,2025-04-30,2026-01-01,Active,False
SUB003257,USR002837,Premium,799,2025-05-08,2025-08-13,Expired,True
SUB003258,USR002838,Basic,299,2025-04-03,2025-08-30,Cancelled,True
SUB003259,USR002838,Premium,799,2025-08-31,2026-01-01,Active,False
SUB003260,USR002839,Premium,799,2025-08-06,2026-01-01,Active,True
SUB003261,USR002840,Basic,299,2025-04-26,2025-08-17,Expired,False
SUB003262,USR002840,Standard,499,2025-08-18,2026-01-01,Active,False
SUB003263,USR002841,Premium,799,2025-01-25,2025-09-11,Cancelled,True
SUB003264,USR002841,Basic,299,2025-09-12,2026-01-01,Active,False
SUB003265,USR002842,Premium,799,2025-02-22,2025-06-01,Cancelled,True
SUB003266,USR002843,Basic,299,2025-05-01,2025-12-21,Cancelled,True
SUB003267,USR002843,Standard,499,2025-12-22,2026-01-01,Active,True
SUB003268,USR002844,Basic,299,2025-04-05,2025-12-16,Cancelled,True
SUB003269,USR002845,Mobile,149,2025-04-13,2025-11-21,Expired,False
SUB003270,USR002845,Standard,499,2025-11-22,2026-01-01,Active,True
SUB003271,USR002846,Standard,499,2025-01-23,2025-12-21,Expired,False
SUB003272,USR002847,Standard,499,2025-05-09,2025-11-22,Cancelled,False
SUB003273,USR002847,Standard,499,2025-11-23,2026-01-01,Active,True
SUB003274,USR002848,Basic,299,2025-01-31,2026-01-01,Active,False
SUB003275,USR002849,Standard,499,2025-07-15,2026-01-01,Active,True
SUB003276,USR002850,Basic,299,2025-03-10,2026-01-01,Active,True
SUB003277,USR002851,Mobile,149,2025-05-01,2026-01-01,Active,True
SUB003278,USR002852,Premium,799,2025-02-26,2026-01-01,Active,True
SUB003279,USR002853,Standard,499,2025-01-13,2025-08-30,Cancelled,False
SUB003280,USR002854,Basic,299,2025-02-19,2025-12-12,Cancelled,True
SUB003281,USR002855,Standard,499,2025-03-28,2026-01-01,Active,True
SUB003282,USR002856,Standard,499,2025-01-23,2025-12-01,Expired,True
SUB003283,USR002857,Premium,799,2025-08-25,2026-01-01,Active,False
SUB003284,USR002858,Basic,299,2025-04-11,2026-01-01,Active,True
SUB003285,USR002859,Standard,499,2025-03-09,2025-12-27,Cancelled,True
SUB003286,USR002859,Basic,299,2025-12-28,2026-01-01,Active,False
SUB003287,USR002860,Standard,499,2025-06-17,2025-11-25,Expired,True
SUB003288,USR002861,Basic,299,2025-03-28,2025-07-29,Cancelled,True
SUB003289,USR002862,Basic,299,2025-05-22,2026-01-01,Active,True
SUB003290,USR002863,Basic,299,2025-02-11,2025-08-08,Expired,True
SUB003291,USR002863,Basic,299,2025-08-09,2025-11-02,Expired,True
SUB003292,USR002864,Standard,499,2025-06-19,2026-01-01,Active,True
SUB003293,USR002865,Mobile,149,2025-02-20,2025-06-17,Expired,True
SUB003294,USR002866,Mobile,149,2025-04-06,2025-10-23,Expired,False
SUB003295,USR002867,Mobile,149,2025-04-11,2026-01-01,Active,True
SUB003296,USR002868,Premium,799,2025-07-03,2026-01-01,Active,False
SUB003297,USR002869,Standard,499,2025-04-26,2026-01-01,Active,True
SUB003298,USR002870,Mobile,149,2025-04-26,2026-01-01,Active,True
SUB003299,USR002871,Premium,799,2025-06-13,2026-01-01,Active,True
SUB003300,USR002872,Mobile,149,2025-02-15,2025-10-16,Expired,False
SUB003301,USR002873,Mobile,149,2025-03-22,2025-08-13,Cancelled,True
SUB003302,USR002874,Premium,799,2025-06-19,2026-01-01,Active,True
SUB003303,USR002875,Basic,299,2025-05-13,2025-09-22,Cancelled,True
SUB003304,USR002876,Basic,299,2025-04-01,2025-07-30,Expired,True
SUB003305,USR002877,Basic,299,2025-05-28,2026-01-01,Active,True
SUB003306,USR002878,Mobile,149,2025-03-07,2025-10-31,Cancelled,True
SUB003307,USR002879,Basic,299,2025-03-12,2025-11-03,Cancelled,True
SUB003308,USR002880,Basic,299,2025-03-01,2026-01-01,Active,True
SUB003309,USR002881,Standard,499,2025-05-09,2026-01-01,Active,True
SUB003310,USR002882,Standard,499,2025-03-06,2025-09-03,Expired,True
SUB003311,USR002883,Standard,499,2025-07-09,2026-01-01,Active,True
SUB003312,USR002884,Basic,299,2025-09-28,2026-01-01,Active,True
SUB003313,USR002885,Basic,299,2025-02-28,2025-08-17,Expired,True
SUB003314,USR002885,Standard,499,2025-08-18,2025-12-27,Expired,True
SUB003315,USR002886,Basic,299,2025-04-04,2026-01-01,Active,True
SUB003316,USR002887,Standard,499,2025-05-24,2026-01-01,Active,True
SUB003317,USR002888,Basic,299,2025-05-09,2026-01-01,Active,True
SUB003318,USR002889,Standard,499,2025-03-26,2025-09-19,Expired,True
SUB003319,USR002890,Basic,299,2025-05-02,2026-01-01,Active,False
SUB003320,USR002891,Standard,499,2025-05-30,2025-09-23,Expired,True
SUB003321,USR002892,Premium,799,2025-05-28,2025-11-18,Expired,False
SUB003322,USR002893,Basic,299,2025-07-21,2026-01-01,Active,False
SUB003323,USR002894,Standard,499,2025-06-07,2026-01-01,Active,True
SUB003324,USR002895,Mobile,149,2025-04-01,2025-07-09,Expired,True
SUB003325,USR002896,Premium,799,2025-02-26,2026-01-01,Active,False
SUB003326,USR002897,Mobile,149,2025-03-26,2025-11-14,Cancelled,False
SUB003327,USR002898,Mobile,149,2025-05-04,2025-11-02,Expired,True
SUB003328,USR002899,Mobile,149,2025-02-01,2026-01-01,Active,True
SUB003329,USR002900,Basic,299,2025-04-08,2025-08-16,Cancelled,True
SUB003330,USR002900,Premium,799,2025-08-17,2026-01-01,Active,True
SUB003331,USR002901,Standard,499,2025-08-18,2026-01-01,Active,True
SUB003332,USR002902,Premium,799,2025-10-07,2026-01-01,Active,False
SUB003333,USR002903,Standard,499,2025-05-03,2025-09-03,Expired,True
SUB003334,USR002904,Premium,799,2025-01-29,2025-12-15,Expired,True
SUB003335,USR002905,Basic,299,2025-05-27,2025-12-22,Cancelled,True
SUB003336,USR002906,Premium,799,2025-01-27,2025-12-10,Cancelled,True
SUB003337,USR002907,Standard,499,2025-03-28,2026-01-01,Active,True
SUB003338,USR002908,Premium,799,2025-05-05,2025-08-05,Cancelled,True
SUB003339,USR002909,Standard,499,2025-05-25,2026-01-01,Active,True
SUB003340,USR002910,Premium,799,2025-07-24,2026-01-01,Active,False
SUB003341,USR002911,Mobile,149,2025-01-29,2025-09-09,Cancelled,False
SUB003342,USR002911,Basic,299,2025-09-10,2026-01-01,Active,True
SUB003343,USR002912,Premium,799,2025-04-15,2026-01-01,Active,True
SUB003344,USR002913,Mobile,149,2025-03-09,2025-11-14,Cancelled,False
SUB003345,USR002914,Basic,299,2025-05-25,2025-09-13,Expired,False
SUB003346,USR002915,Premium,799,2025-02-11,2025-05-27,Cancelled,False
SUB003347,USR002916,Mobile,149,2025-02-05,2025-10-14,Cancelled,False
SUB003348,USR002917,Standard,499,2025-04-22,2026-01-01,Active,True
SUB003349,USR002918,Premium,799,2025-01-17,2026-01-01,Active,True
SUB003350,USR002919,Mobile,149,2025-07-07,2026-01-01,Active,True
SUB003351,USR002920,Premium,799,2025-05-15,2025-12-31,Expired,False
SUB003352,USR002921,Basic,299,2025-04-12,2025-12-25,Expired,False
SUB003353,USR002922,Basic,299,2025-03-14,2025-08-27,Expired,True
SUB003354,USR002922,Mobile,149,2025-08-28,2026-01-01,Active,True
SUB003355,USR002923,Premium,799,2025-04-14,2025-08-11,Expired,True
SUB003356,USR002924,Standard,499,2025-04-09,2026-01-01,Active,True
SUB003357,USR002925,Standard,499,2025-07-16,2026-01-01,Active,True
SUB003358,USR002926,Mobile,149,2025-07-26,2026-01-01,Active,True
SUB003359,USR002927,Mobile,149,2025-07-14,2025-12-10,Expired,True
SUB003360,USR002927,Standard,499,2025-12-11,2026-01-01,Active,True
SUB003361,USR002928,Standard,499,2025-07-25,2025-11-30,Expired,True
SUB003362,USR002929,Basic,299,2025-05-15,2026-01-01,Active,True
SUB003363,USR002930,Basic,299,2025-03-09,2026-01-01,Active,True
SUB003364,USR002931,Premium,799,2025-06-29,2026-01-01,Active,True
SUB003365,USR002932,Premium,799,2025-07-23,2026-01-01,Active,False
SUB003366,USR002933,Premium,799,2025-06-12,2025-11-23,Expired,True
SUB003367,USR002934,Standard,499,2025-06-22,2025-10-21,Expired,False
SUB003368,USR002935,Standard,499,2025-03-21,2025-10-13,Expired,True
SUB003369,USR002936,Premium,799,2025-06-19,2025-12-16,Expired,True
SUB003370,USR002937,Premium,799,2025-02-26,2026-01-01,Active,True
SUB003371,USR002938,Mobile,149,2025-07-07,2026-01-01,Active,True
SUB003372,USR002939,Mobile,149,2025-03-25,2025-06-25,Expired,False
SUB003373,USR002940,Mobile,149,2025-02-02,2025-05-08,Cancelled,True
SUB003374,USR002941,Basic,299,2025-08-06,2026-01-01,Active,True
SUB003375,USR002942,Standard,499,2025-06-16,2026-01-01,Active,True
SUB003376,USR002943,Basic,299,2025-05-21,2026-01-01,Active,False
SUB003377,USR002944,Basic,299,2025-05-12,2025-10-11,Expired,False
SUB003378,USR002945,Mobile,149,2025-03-28,2026-01-01,Active,True
SUB003379,USR002946,Premium,799,2025-06-04,2026-01-01,Active,True
SUB003380,USR002947,Standard,499,2025-02-27,2026-01-01,Active,False
SUB003381,USR002948,Basic,299,2025-02-13,2026-01-01,Active,True
SUB003382,USR002949,Basic,299,2025-07-09,2026-01-01,Active,True
SUB003383,USR002950,Standard,499,2025-06-14,2026-01-01,Active,False
SUB003384,USR002951,Mobile,149,2025-07-11,2026-01-01,Active,True
SUB003385,USR002952,Standard,499,2025-08-26,2026-01-01,Active,False
SUB003386,USR002953,Standard,499,2025-02-19,2025-10-20,Cancelled,True
SUB003387,USR002954,Standard,499,2025-05-24,2025-11-07,Cancelled,True
SUB003388,USR002955,Mobile,149,2025-04-04,2026-01-01,Active,True
SUB003389,USR002956,Mobile,149,2025-06-09,2026-01-01,Active,False
SUB003390,USR002957,Standard,499,2025-03-23,2026-01-01,Active,True
SUB003391,USR002958,Standard,499,2025-07-11,2025-11-01,Expired,True
SUB003392,USR002959,Standard,499,2025-06-20,2026-01-01,Active,True
SUB003393,USR002960,Standard,499,2025-05-25,2026-01-01,Active,False
SUB003394,USR002961,Mobile,149,2025-01-19,2025-07-12,Expired,False
SUB003395,USR002962,Mobile,149,2025-04-04,2025-10-21,Expired,True
SUB003396,USR002962,Mobile,149,2025-10-22,2026-01-01,Active,True
SUB003397,USR002963,Basic,299,2025-08-14,2025-12-01,Cancelled,False
SUB003398,USR002964,Mobile,149,2025-05-30,2025-09-21,Expired,True
SUB003399,USR002964,Basic,299,2025-09-22,2026-01-01,Active,False
SUB003400,USR002965,Standard,499,2025-07-11,2026-01-01,Active,True
SUB003401,USR002966,Basic,299,2025-01-21,2025-10-31,Cancelled,True
SUB003402,USR002967,Premium,799,2025-01-20,2025-11-13,Expired,True
SUB003403,USR002968,Premium,799,2025-04-10,2025-10-15,Expired,False
SUB003404,USR002969,Standard,499,2025-05-16,2025-12-16,Expired,True
SUB003405,USR002970,Mobile,149,2025-05-27,2025-09-25,Cancelled,True
SUB003406,USR002971,Basic,299,2025-03-22,2026-01-01,Active,False
SUB003407,USR002972,Basic,299,2025-04-12,2025-11-25,Cancelled,True
SUB003408,USR002972,Standard,499,2025-11-26,2026-01-01,Active,False
SUB003409,USR002973,Premium,799,2025-02-03,2026-01-01,Active,True
SUB003410,USR002974,Premium,799,2025-05-02,2025-11-10,Expired,False
SUB003411,USR002975,Premium,799,2025-02-15,2026-01-01,Active,True
SUB003412,USR002976,Standard,499,2025-06-13,2026-01-01,Active,True
SUB003413,USR002977,Premium,799,2025-04-18,2026-01-01,Active,True
SUB003414,USR002978,Mobile,149,2025-06-11,2026-01-01,Active,True
SUB003415,USR002979,Basic,299,2025-03-10,2026-01-01,Active,True
SUB003416,USR002980,Standard,499,2025-04-28,2026-01-01,Active,True
SUB003417,USR002981,Basic,299,2025-03-14,2025-10-15,Expired,True
SUB003418,USR002982,Basic,299,2025-03-01,2026-01-01,Active,False
SUB003419,USR002983,Standard,499,2025-03-31,2025-12-07,Cancelled,True
SUB003420,USR002983,Basic,299,2025-12-08,2026-01-01,Active,True
SUB003421,USR002984,Mobile,149,2025-02-26,2026-01-01,Active,True
SUB003422,USR002985,Premium,799,2025-06-26,2025-09-26,Cancelled,True
SUB003423,USR002986,Mobile,149,2025-04-19,2025-09-16,Expired,False
SUB003424,USR002987,Basic,299,2025-04-01,2026-01-01,Active,True
SUB003425,USR002988,Basic,299,2025-04-27,2026-01-01,Active,True
SUB003426,USR002989,Basic,299,2025-03-26,2026-01-01,Active,True
SUB003427,USR002990,Mobile,149,2025-04-11,2025-12-18,Cancelled,True
SUB003428,USR002991,Mobile,149,2025-06-02,2026-01-01,Active,True
SUB003429,USR002992,Basic,299,2025-04-13,2025-08-09,Cancelled,True
SUB003430,USR002993,Basic,299,2025-04-11,2025-08-26,Expired,True
SUB003431,USR002994,Standard,499,2025-06-28,2026-01-01,Active,True
SUB003432,USR002995,Mobile,149,2025-02-11,2026-01-01,Active,False
SUB003433,USR002996,Standard,499,2025-03-16,2025-10-28,Cancelled,True
SUB003434,USR002997,Mobile,149,2025-03-28,2025-11-21,Cancelled,True
SUB003435,USR002998,Premium,799,2025-07-31,2025-10-30,Expired,True
SUB003436,USR002998,Premium,799,2025-10-31,2026-01-01,Active,False
SUB003437,USR002999,Basic,299,2025-04-20,2026-01-01,Active,True
SUB003438,USR003000,Mobile,149,2025-03-29,2025-09-13,Expired,True
SUB003439,USR003000,Standard,499,2025-09-14,2026-01-01,Active,True
SUB003440,USR003001,Standard,499,2025-02-06,2025-12-22,Cancelled,True
SUB003441,USR003001,Premium,799,2025-12-23,2026-01-01,Active,True
SUB003442,USR003002,Standard,499,2025-03-12,2025-09-09,Cancelled,True
SUB003443,USR003002,Basic,299,2025-09-10,2025-11-22,Expired,True
SUB003444,USR003003,Mobile,149,2025-06-04,2025-10-13,Cancelled,True
SUB003445,USR003004,Mobile,149,2025-02-26,2026-01-01,Active,True
SUB003446,USR003005,Standard,499,2025-05-11,2025-10-18,Expired,True
SUB003447,USR003005,Standard,499,2025-10-19,2026-01-01,Active,True
SUB003448,USR003006,Standard,499,2025-07-26,2026-01-01,Active,True
SUB003449,USR003007,Basic,299,2025-04-09,2025-10-15,Cancelled,True
SUB003450,USR003008,Premium,799,2025-03-18,2026-01-01,Active,False
SUB003451,USR003009,Premium,799,2025-02-01,2026-01-01,Active,False
SUB003452,USR003010,Standard,499,2025-05-04,2026-01-01,Active,True
SUB003453,USR003011,Basic,299,2025-05-15,2025-12-10,Cancelled,True
SUB003454,USR003012,Standard,499,2025-02-10,2025-12-07,Cancelled,True
SUB003455,USR003013,Mobile,149,2025-01-18,2025-07-28,Cancelled,True
SUB003456,USR003014,Mobile,149,2025-04-30,2025-11-19,Cancelled,True
SUB003457,USR003014,Standard,499,2025-11-20,2026-01-01,Active,False
SUB003458,USR003015,Standard,499,2025-03-31,2025-09-15,Expired,True
SUB003459,USR003016,Standard,499,2025-07-06,2026-01-01,Active,False
SUB003460,USR003017,Basic,299,2025-02-06,2025-11-17,Expired,True
SUB003461,USR003018,Standard,499,2025-08-01,2026-01-01,Active,True
SUB003462,USR003019,Basic,299,2025-04-23,2026-01-01,Active,False
SUB003463,USR003020,Premium,799,2025-04-19,2025-10-29,Expired,True
SUB003464,USR003021,Premium,799,2025-06-27,2026-01-01,Active,True
SUB003465,USR003022,Standard,499,2025-07-08,2026-01-01,Active,False
SUB003466,USR003023,Mobile,149,2025-03-25,2025-07-15,Expired,True
SUB003467,USR003024,Premium,799,2025-05-24,2026-01-01,Active,True
SUB003468,USR003025,Mobile,149,2025-04-07,2026-01-01,Active,True
SUB003469,USR003026,Premium,799,2025-02-12,2025-07-22,Cancelled,True
SUB003470,USR003027,Standard,499,2025-05-15,2026-01-01,Active,False
SUB003471,USR003028,Standard,499,2025-04-01,2025-09-27,Cancelled,False
SUB003472,USR003029,Standard,499,2025-03-05,2025-06-08,Cancelled,True
SUB003473,USR003030,Basic,299,2025-03-07,2026-01-01,Active,True
SUB003474,USR003031,Premium,799,2025-05-26,2025-11-13,Expired,True
SUB003475,USR003032,Premium,799,2025-04-18,2026-01-01,Active,True
SUB003476,USR003033,Basic,299,2025-03-26,2026-01-01,Active,False
SUB003477,USR003034,Standard,499,2025-03-24,2026-01-01,Active,True
SUB003478,USR003035,Basic,299,2025-02-06,2026-01-01,Active,True
SUB003479,USR003036,Standard,499,2025-06-20,2025-09-22,Cancelled,True
SUB003480,USR003037,Standard,499,2025-04-13,2025-11-24,Cancelled,True
SUB003481,USR003038,Basic,299,2025-05-08,2025-12-16,Expired,False
SUB003482,USR003038,Premium,799,2025-12-17,2026-01-01,Active,True
SUB003483,USR003039,Standard,499,2025-05-04,2025-12-19,Cancelled,True
SUB003484,USR003039,Basic,299,2025-12-20,2026-01-01,Active,True
SUB003485,USR003040,Basic,299,2025-08-02,2026-01-01,Active,True
SUB003486,USR003041,Mobile,149,2025-04-20,2025-08-23,Cancelled,True
SUB003487,USR003042,Standard,499,2025-03-05,2025-11-02,Cancelled,True
SUB003488,USR003043,Premium,799,2025-04-24,2026-01-01,Active,True
SUB003489,USR003044,Standard,499,2025-01-17,2026-01-01,Active,True
SUB003490,USR003045,Premium,799,2025-03-31,2025-10-15,Expired,True
SUB003491,USR003046,Standard,499,2025-05-25,2026-01-01,Active,True
SUB003492,USR003047,Basic,299,2025-03-03,2025-08-04,Expired,False
SUB003493,USR003047,Premium,799,2025-08-05,2026-01-01,Active,True
SUB003494,USR003048,Premium,799,2025-07-24,2026-01-01,Active,False
SUB003495,USR003049,Standard,499,2025-02-12,2026-01-01,Active,True
SUB003496,USR003050,Basic,299,2025-05-26,2025-10-02,Expired,False
SUB003497,USR003051,Mobile,149,2025-03-23,2026-01-01,Active,True
SUB003498,USR003052,Mobile,149,2025-08-23,2026-01-01,Active,True
SUB003499,USR003053,Standard,499,2025-04-20,2025-11-22,Cancelled,False
SUB003500,USR003054,Standard,499,2025-02-19,2026-01-01,Active,True
SUB003501,USR003055,Basic,299,2025-06-28,2026-01-01,Active,True
SUB003502,USR003056,Mobile,149,2025-05-15,2026-01-01,Active,False
SUB003503,USR003057,Basic,299,2025-06-18,2026-01-01,Active,True
SUB003504,USR003058,Premium,799,2025-06-11,2025-11-06,Expired,True
SUB003505,USR003059,Premium,799,2025-03-15,2025-08-23,Cancelled,True
SUB003506,USR003060,Basic,299,2025-02-27,2025-11-06,Expired,True
SUB003507,USR003061,Premium,799,2025-04-04,2025-12-03,Cancelled,True
SUB003508,USR003062,Basic,299,2025-02-05,2025-12-24,Cancelled,True
SUB003509,USR003063,Mobile,149,2025-06-19,2026-01-01,Active,True
SUB003510,USR003064,Basic,299,2025-08-22,2026-01-01,Active,True
SUB003511,USR003065,Mobile,149,2025-06-03,2026-01-01,Active,False
SUB003512,USR003066,Basic,299,2025-05-01,2025-10-21,Expired,True
SUB003513,USR003067,Standard,499,2025-05-11,2026-01-01,Active,True
SUB003514,USR003068,Standard,499,2025-05-04,2025-11-13,Expired,True
SUB003515,USR003068,Basic,299,2025-11-14,2026-01-01,Active,True
SUB003516,USR003069,Basic,299,2025-05-05,2026-01-01,Active,True
SUB003517,USR003070,Mobile,149,2025-02-14,2025-09-08,Expired,True
SUB003518,USR003071,Standard,499,2025-03-26,2025-07-20,Expired,True
SUB003519,USR003072,Mobile,149,2025-04-02,2025-12-04,Cancelled,True
SUB003520,USR003073,Standard,499,2025-01-24,2025-04-26,Expired,True
SUB003521,USR003074,Mobile,149,2025-05-11,2026-01-01,Active,True
SUB003522,USR003075,Basic,299,2025-01-27,2025-05-15,Expired,True
SUB003523,USR003076,Mobile,149,2025-05-26,2025-10-05,Cancelled,True
SUB003524,USR003077,Basic,299,2025-03-28,2026-01-01,Active,False
SUB003525,USR003078,Premium,799,2025-08-05,2026-01-01,Active,True
SUB003526,USR003079,Premium,799,2025-07-25,2026-01-01,Active,False
SUB003527,USR003080,Standard,499,2025-04-12,2026-01-01,Active,False
SUB003528,USR003081,Standard,499,2025-02-20,2025-08-09,Cancelled,False
SUB003529,USR003081,Basic,299,2025-08-10,2025-11-11,Expired,True
SUB003530,USR003082,Basic,299,2025-03-27,2026-01-01,Active,True
SUB003531,USR003083,Mobile,149,2025-03-19,2025-09-26,Cancelled,True
SUB003532,USR003083,Premium,799,2025-09-27,2026-01-01,Active,False
SUB003533,USR003084,Standard,499,2025-06-11,2025-11-02,Cancelled,False
SUB003534,USR003084,Mobile,149,2025-11-03,2026-01-01,Active,True
SUB003535,USR003085,Premium,799,2025-05-15,2025-10-12,Expired,True
SUB003536,USR003086,Basic,299,2025-08-21,2026-01-01,Active,True
SUB003537,USR003087,Mobile,149,2025-04-22,2025-12-06,Cancelled,True
SUB003538,USR003088,Basic,299,2025-01-09,2025-08-18,Cancelled,True
SUB003539,USR003089,Basic,299,2025-08-10,2026-01-01,Active,True
SUB003540,USR003090,Standard,499,2025-06-26,2026-01-01,Active,True
SUB003541,USR003091,Mobile,149,2025-06-03,2026-01-01,Active,False
SUB003542,USR003092,Basic,299,2025-06-10,2025-10-19,Expired,True
SUB003543,USR003093,Standard,499,2025-04-02,2025-12-28,Cancelled,True
SUB003544,USR003094,Premium,799,2025-06-05,2026-01-01,Active,False
SUB003545,USR003095,Standard,499,2025-03-14,2026-01-01,Active,True
SUB003546,USR003096,Premium,799,2025-03-30,2025-10-01,Cancelled,True
SUB003547,USR003097,Basic,299,2025-05-26,2026-01-01,Active,True
SUB003548,USR003098,Standard,499,2025-04-02,2025-09-23,Cancelled,True
SUB003549,USR003098,Premium,799,2025-09-24,2026-01-01,Active,False
SUB003550,USR003099,Basic,299,2025-04-18,2025-11-20,Cancelled,True
SUB003551,USR003100,Standard,499,2025-03-18,2025-11-13,Expired,True
SUB003552,USR003101,Premium,799,2025-06-24,2026-01-01,Active,True
SUB003553,USR003102,Basic,299,2025-04-29,2026-01-01,Active,False
SUB003554,USR003103,Standard,499,2025-06-29,2026-01-01,Active,False
SUB003555,USR003104,Premium,799,2025-02-13,2026-01-01,Active,False
SUB003556,USR003105,Standard,499,2025-03-10,2025-12-26,Expired,False
SUB003557,USR003106,Standard,499,2025-05-01,2026-01-01,Active,True
SUB003558,USR003107,Mobile,149,2025-06-14,2025-09-17,Expired,True
SUB003559,USR003107,Premium,799,2025-09-18,2026-01-01,Active,False
SUB003560,USR003108,Standard,499,2025-04-01,2026-01-01,Active,True
SUB003561,USR003109,Mobile,149,2025-08-07,2026-01-01,Active,True
SUB003562,USR003110,Mobile,149,2025-02-17,2026-01-01,Active,True
SUB003563,USR003111,Basic,299,2025-04-23,2026-01-01,Active,True
SUB003564,USR003112,Standard,499,2025-07-17,2025-11-09,Cancelled,True
SUB003565,USR003113,Mobile,149,2025-08-10,2026-01-01,Active,True
SUB003566,USR003114,Standard,499,2025-04-04,2026-01-01,Active,False
SUB003567,USR003115,Standard,499,2025-01-29,2025-08-24,Expired,True
SUB003568,USR003115,Basic,299,2025-08-25,2026-01-01,Active,True
SUB003569,USR003116,Mobile,149,2025-04-11,2025-11-01,Expired,True
SUB003570,USR003117,Mobile,149,2025-02-12,2026-01-01,Active,True
SUB003571,USR003118,Mobile,149,2025-04-14,2025-10-31,Cancelled,False
SUB003572,USR003119,Basic,299,2025-04-24,2025-12-19,Cancelled,True
SUB003573,USR003120,Standard,499,2025-03-08,2025-10-21,Expired,True
SUB003574,USR003121,Mobile,149,2025-05-19,2025-10-19,Cancelled,True
SUB003575,USR003121,Mobile,149,2025-10-20,2026-01-01,Active,False
SUB003576,USR003122,Basic,299,2025-05-24,2025-11-07,Cancelled,False
SUB003577,USR003123,Basic,299,2025-05-11,2025-12-21,Expired,False
SUB003578,USR003124,Mobile,149,2025-05-16,2026-01-01,Active,True
SUB003579,USR003125,Basic,299,2025-04-09,2026-01-01,Active,False
SUB003580,USR003126,Standard,499,2025-04-06,2026-01-01,Active,False
SUB003581,USR003127,Premium,799,2025-03-29,2026-01-01,Active,True
SUB003582,USR003128,Basic,299,2025-04-20,2025-11-26,Cancelled,True
SUB003583,USR003129,Mobile,149,2025-02-25,2026-01-01,Active,True
SUB003584,USR003130,Standard,499,2025-05-28,2025-09-15,Expired,True
SUB003585,USR003131,Standard,499,2025-04-30,2026-01-01,Active,True
SUB003586,USR003132,Basic,299,2025-03-18,2026-01-01,Active,True
SUB003587,USR003133,Premium,799,2025-02-23,2025-08-29,Expired,False
SUB003588,USR003134,Standard,499,2025-01-30,2025-06-24,Expired,True
SUB003589,USR003135,Premium,799,2025-04-04,2026-01-01,Active,True
SUB003590,USR003136,Basic,299,2025-03-26,2025-12-26,Expired,False
SUB003591,USR003137,Mobile,149,2025-07-19,2026-01-01,Active,True
SUB003592,USR003138,Standard,499,2025-02-25,2025-07-16,Expired,False
SUB003593,USR003139,Basic,299,2025-03-13,2026-01-01,Active,True
SUB003594,USR003140,Basic,299,2025-01-23,2026-01-01,Active,False
SUB003595,USR003141,Premium,799,2025-05-07,2026-01-01,Active,True
SUB003596,USR003142,Mobile,149,2025-03-14,2025-09-24,Cancelled,False
SUB003597,USR003142,Basic,299,2025-09-25,2026-01-01,Active,True
SUB003598,USR003143,Standard,499,2025-05-11,2026-01-01,Active,True
SUB003599,USR003144,Mobile,149,2025-04-08,2026-01-01,Active,False
SUB003600,USR003145,Basic,299,2025-05-29,2026-01-01,Active,True
SUB003601,USR003146,Mobile,149,2025-06-20,2025-09-28,Cancelled,True
SUB003602,USR003147,Basic,299,2025-03-09,2026-01-01,Active,False
SUB003603,USR003148,Standard,499,2025-04-27,2026-01-01,Active,True
SUB003604,USR003149,Premium,799,2025-03-10,2025-07-06,Cancelled,True
SUB003605,USR003149,Standard,499,2025-07-07,2025-11-27,Cancelled,True
SUB003606,USR003150,Premium,799,2025-07-30,2026-01-01,Active,True
SUB003607,USR003151,Mobile,149,2025-05-12,2025-11-28,Expired,False
SUB003608,USR003152,Standard,499,2025-03-05,2025-08-29,Expired,True
SUB003609,USR003153,Standard,499,2025-04-14,2026-01-01,Active,True
SUB003610,USR003154,Basic,299,2025-03-21,2025-09-22,Cancelled,True
SUB003611,USR003154,Basic,299,2025-09-23,2026-01-01,Active,True
SUB003612,USR003155,Mobile,149,2025-07-25,2026-01-01,Active,True
SUB003613,USR003156,Standard,499,2025-02-06,2026-01-01,Active,True
SUB003614,USR003157,Mobile,149,2025-05-07,2026-01-01,Active,True
SUB003615,USR003158,Mobile,149,2025-05-24,2026-01-01,Active,True
SUB003616,USR003159,Standard,499,2025-06-24,2025-11-19,Expired,True
SUB003617,USR003160,Standard,499,2025-01-23,2025-11-05,Cancelled,True
SUB003618,USR003161,Standard,499,2025-06-20,2025-09-21,Cancelled,False
SUB003619,USR003162,Standard,499,2025-04-14,2026-01-01,Active,True
SUB003620,USR003163,Standard,499,2025-02-06,2025-12-04,Expired,True
SUB003621,USR003163,Basic,299,2025-12-05,2026-01-01,Active,True
SUB003622,USR003164,Mobile,149,2025-03-12,2025-07-25,Cancelled,False
SUB003623,USR003164,Premium,799,2025-07-26,2025-10-16,Expired,True
SUB003624,USR003165,Basic,299,2025-04-25,2026-01-01,Active,True
SUB003625,USR003166,Standard,499,2025-05-12,2026-01-01,Active,True
SUB003626,USR003167,Standard,499,2025-04-19,2026-01-01,Active,False
SUB003627,USR003168,Standard,499,2025-05-28,2025-10-12,Expired,True
SUB003628,USR003169,Basic,299,2025-05-08,2025-08-06,Cancelled,True
SUB003629,USR003170,Standard,499,2025-07-24,2026-01-01,Active,True
SUB003630,USR003171,Basic,299,2025-04-15,2026-01-01,Active,False
SUB003631,USR003172,Premium,799,2025-07-12,2026-01-01,Active,True
SUB003632,USR003173,Mobile,149,2025-02-24,2025-08-04,Expired,True
SUB003633,USR003174,Standard,499,2025-03-11,2025-11-28,Cancelled,True
SUB003634,USR003175,Mobile,149,2025-03-15,2025-08-29,Cancelled,True
SUB003635,USR003176,Basic,299,2025-07-10,2026-01-01,Active,False
SUB003636,USR003177,Basic,299,2025-02-10,2026-01-01,Active,True
SUB003637,USR003178,Premium,799,2025-04-09,2026-01-01,Active,False
SUB003638,USR003179,Premium,799,2025-01-04,2025-11-26,Cancelled,False
SUB003639,USR003180,Basic,299,2025-04-10,2025-12-07,Cancelled,True
SUB003640,USR003180,Mobile,149,2025-12-08,2026-01-01,Active,True
SUB003641,USR003181,Premium,799,2025-03-13,2026-01-01,Active,True
SUB003642,USR003182,Premium,799,2025-01-15,2025-10-25,Cancelled,True
SUB003643,USR003183,Mobile,149,2025-05-22,2025-09-14,Expired,True
SUB003644,USR003184,Mobile,149,2025-06-04,2026-01-01,Active,False
SUB003645,USR003185,Basic,299,2025-04-28,2025-08-26,Expired,True
SUB003646,USR003186,Premium,799,2025-02-03,2026-01-01,Active,False
SUB003647,USR003187,Standard,499,2025-05-26,2025-12-05,Cancelled,True
SUB003648,USR003188,Basic,299,2025-05-07,2025-08-21,Expired,True
SUB003649,USR003188,Standard,499,2025-08-22,2025-12-29,Expired,False
SUB003650,USR003189,Mobile,149,2025-03-23,2026-01-01,Active,True
SUB003651,USR003190,Standard,499,2025-06-27,2026-01-01,Active,True
SUB003652,USR003191,Basic,299,2025-03-14,2026-01-01,Active,True
SUB003653,USR003192,Mobile,149,2025-03-22,2025-10-08,Expired,True
SUB003654,USR003192,Basic,299,2025-10-09,2026-01-01,Active,False
SUB003655,USR003193,Basic,299,2025-05-07,2025-11-03,Expired,False
SUB003656,USR003194,Mobile,149,2025-05-15,2025-12-10,Cancelled,False
SUB003657,USR003194,Premium,799,2025-12-11,2026-01-01,Active,True
SUB003658,USR003195,Basic,299,2025-04-18,2026-01-01,Active,False
SUB003659,USR003196,Basic,299,2025-06-24,2025-11-20,Cancelled,False
SUB003660,USR003197,Mobile,149,2025-01-22,2025-12-09,Cancelled,False
SUB003661,USR003197,Mobile,149,2025-12-10,2026-01-01,Active,True
SUB003662,USR003198,Standard,499,2025-09-04,2026-01-01,Active,True
SUB003663,USR003199,Premium,799,2025-09-01,2026-01-01,Active,False
SUB003664,USR003200,Basic,299,2025-05-26,2026-01-01,Active,True
SUB003665,USR003201,Standard,499,2025-05-12,2025-10-09,Cancelled,True
SUB003666,USR003201,Basic,299,2025-10-10,2026-01-01,Active,True
SUB003667,USR003202,Standard,499,2025-03-30,2025-10-16,Cancelled,True
SUB003668,USR003203,Standard,499,2025-02-18,2026-01-01,Active,False
SUB003669,USR003204,Basic,299,2025-06-21,2026-01-01,Active,True
SUB003670,USR003205,Standard,499,2025-03-01,2025-09-30,Expired,False
SUB003671,USR003206,Mobile,149,2025-02-22,2026-01-01,Active,True
SUB003672,USR003207,Standard,499,2025-08-27,2026-01-01,Active,True
SUB003673,USR003208,Basic,299,2025-02-08,2026-01-01,Active,True
SUB003674,USR003209,Standard,499,2025-02-28,2026-01-01,Active,True
SUB003675,USR003210,Standard,499,2025-05-02,2025-09-16,Cancelled,True
SUB003676,USR003211,Basic,299,2025-03-27,2026-01-01,Active,True
SUB003677,USR003212,Basic,299,2025-06-16,2026-01-01,Active,False
SUB003678,USR003213,Basic,299,2025-03-23,2026-01-01,Active,True
SUB003679,USR003214,Basic,299,2025-03-09,2025-07-18,Expired,False
SUB003680,USR003214,Basic,299,2025-07-19,2025-12-25,Cancelled,True
SUB003681,USR003215,Standard,499,2025-01-20,2026-01-01,Active,True
SUB003682,USR003216,Basic,299,2025-06-01,2026-01-01,Active,True
SUB003683,USR003217,Basic,299,2025-07-30,2026-01-01,Active,False
SUB003684,USR003218,Mobile,149,2025-05-22,2025-08-25,Expired,True
SUB003685,USR003219,Standard,499,2025-06-29,2026-01-01,Active,False
SUB003686,USR003220,Basic,299,2025-01-16,2025-09-08,Cancelled,True
SUB003687,USR003221,Mobile,149,2025-04-29,2025-08-30,Expired,True
SUB003688,USR003222,Standard,499,2025-03-15,2026-01-01,Active,True
SUB003689,USR003223,Basic,299,2025-07-17,2026-01-01,Active,True
SUB003690,USR003224,Basic,299,2025-10-17,2026-01-01,Active,True
SUB003691,USR003225,Premium,799,2025-02-06,2026-01-01,Active,False
SUB003692,USR003226,Basic,299,2025-04-26,2026-01-01,Active,True
SUB003693,USR003227,Mobile,149,2025-07-17,2026-01-01,Active,True
SUB003694,USR003228,Standard,499,2025-01-14,2025-06-21,Cancelled,True
SUB003695,USR003229,Standard,499,2025-02-18,2026-01-01,Active,True
SUB003696,USR003230,Basic,299,2025-07-20,2026-01-01,Active,True
SUB003697,USR003231,Standard,499,2025-08-06,2026-01-01,Active,False
SUB003698,USR003232,Standard,499,2025-01-30,2025-09-08,Cancelled,True
SUB003699,USR003233,Mobile,149,2025-05-20,2025-10-18,Expired,True
SUB003700,USR003234,Basic,299,2025-03-28,2025-11-14,Cancelled,True
SUB003701,USR003235,Premium,799,2025-03-03,2025-09-16,Expired,False
SUB003702,USR003236,Basic,299,2025-06-11,2025-12-22,Expired,True
SUB003703,USR003236,Basic,299,2025-12-23,2026-01-01,Active,True
SUB003704,USR003237,Basic,299,2025-02-11,2025-08-05,Expired,True
SUB003705,USR003238,Basic,299,2025-02-09,2025-09-29,Cancelled,True
SUB003706,USR003238,Mobile,149,2025-09-30,2026-01-01,Active,True
SUB003707,USR003239,Basic,299,2025-04-12,2026-01-01,Active,False
SUB003708,USR003240,Basic,299,2025-05-07,2026-01-01,Active,True
SUB003709,USR003241,Basic,299,2025-07-21,2025-10-28,Cancelled,True
SUB003710,USR003242,Standard,499,2025-03-03,2025-11-14,Cancelled,False
SUB003711,USR003243,Basic,299,2025-03-01,2026-01-01,Active,False
SUB003712,USR003244,Premium,799,2025-03-22,2026-01-01,Active,True
SUB003713,USR003245,Basic,299,2025-03-18,2025-12-10,Expired,False
SUB003714,USR003246,Premium,799,2025-06-02,2026-01-01,Active,True
SUB003715,USR003247,Standard,499,2025-04-27,2026-01-01,Active,True
SUB003716,USR003248,Premium,799,2025-02-04,2025-08-24,Expired,True
SUB003717,USR003248,Mobile,149,2025-08-25,2026-01-01,Active,True
SUB003718,USR003249,Mobile,149,2025-05-04,2025-10-14,Cancelled,False
SUB003719,USR003249,Standard,499,2025-10-15,2026-01-01,Active,False
SUB003720,USR003250,Mobile,149,2025-02-11,2025-06-24,Expired,True
SUB003721,USR003251,Premium,799,2025-06-08,2025-09-18,Cancelled,False
SUB003722,USR003252,Standard,499,2025-01-16,2025-09-09,Expired,True
SUB003723,USR003252,Basic,299,2025-09-10,2026-01-01,Active,False
SUB003724,USR003253,Standard,499,2025-07-17,2026-01-01,Active,True
SUB003725,USR003254,Basic,299,2025-02-10,2025-12-22,Expired,True
SUB003726,USR003255,Standard,499,2025-05-21,2026-01-01,Active,True
SUB003727,USR003256,Premium,799,2025-05-31,2026-01-01,Active,False
SUB003728,USR003257,Mobile,149,2025-02-16,2025-08-01,Cancelled,False
SUB003729,USR003258,Basic,299,2025-05-29,2026-01-01,Active,True
SUB003730,USR003259,Premium,799,2025-05-31,2026-01-01,Active,True
SUB003731,USR003260,Basic,299,2025-03-02,2025-10-25,Expired,True
SUB003732,USR003260,Standard,499,2025-10-26,2026-01-01,Active,True
SUB003733,USR003261,Mobile,149,2025-07-05,2026-01-01,Active,False
SUB003734,USR003262,Premium,799,2025-04-05,2025-11-18,Cancelled,True
SUB003735,USR003262,Standard,499,2025-11-19,2026-01-01,Active,True
SUB003736,USR003263,Basic,299,2025-01-28,2026-01-01,Active,True
SUB003737,USR003264,Mobile,149,2025-03-08,2026-01-01,Active,True
SUB003738,USR003265,Mobile,149,2025-03-25,2026-01-01,Active,True
SUB003739,USR003266,Premium,799,2025-02-19,2026-01-01,Active,True
SUB003740,USR003267,Standard,499,2025-02-01,2025-06-07,Expired,True
SUB003741,USR003267,Standard,499,2025-06-08,2025-11-11,Cancelled,True
SUB003742,USR003268,Basic,299,2025-03-15,2026-01-01,Active,False
SUB003743,USR003269,Mobile,149,2025-05-18,2026-01-01,Active,True
SUB003744,USR003270,Basic,299,2025-05-21,2026-01-01,Active,True
SUB003745,USR003271,Standard,499,2025-02-25,2025-08-24,Expired,True
SUB003746,USR003271,Standard,499,2025-08-25,2026-01-01,Active,True
SUB003747,USR003272,Mobile,149,2025-02-09,2025-08-04,Cancelled,True
SUB003748,USR003273,Premium,799,2025-03-16,2026-01-01,Active,False
SUB003749,USR003274,Standard,499,2025-04-16,2025-08-30,Cancelled,True
SUB003750,USR003274,Basic,299,2025-08-31,2025-12-13,Cancelled,True
SUB003751,USR003275,Standard,499,2025-02-03,2025-12-01,Cancelled,True
SUB003752,USR003276,Standard,499,2025-03-25,2026-01-01,Active,True
SUB003753,USR003277,Basic,299,2025-04-07,2026-01-01,Active,True
SUB003754,USR003278,Mobile,149,2025-04-23,2026-01-01,Active,False
SUB003755,USR003279,Basic,299,2025-04-07,2026-01-01,Active,False
SUB003756,USR003280,Standard,499,2025-08-08,2026-01-01,Active,False
SUB003757,USR003281,Standard,499,2025-06-21,2026-01-01,Active,True
SUB003758,USR003282,Basic,299,2025-09-24,2026-01-01,Active,True
SUB003759,USR003283,Standard,499,2025-02-11,2026-01-01,Active,True
SUB003760,USR003284,Premium,799,2025-01-31,2025-11-09,Expired,True
SUB003761,USR003285,Standard,499,2025-04-16,2025-07-31,Cancelled,False
SUB003762,USR003286,Basic,299,2025-02-17,2026-01-01,Active,True
SUB003763,USR003287,Premium,799,2025-05-06,2025-11-28,Cancelled,True
SUB003764,USR003288,Basic,299,2025-03-14,2026-01-01,Active,True
SUB003765,USR003289,Mobile,149,2025-01-29,2025-08-15,Cancelled,True
SUB003766,USR003290,Mobile,149,2025-05-21,2025-08-27,Expired,True
SUB003767,USR003291,Mobile,149,2025-08-13,2026-01-01,Active,True
SUB003768,USR003292,Premium,799,2025-04-01,2026-01-01,Active,True
SUB003769,USR003293,Mobile,149,2025-04-05,2025-10-23,Cancelled,False
SUB003770,USR003293,Mobile,149,2025-10-24,2026-01-01,Active,True
SUB003771,USR003294,Premium,799,2025-05-05,2025-09-17,Cancelled,True
SUB003772,USR003295,Mobile,149,2025-05-08,2025-08-27,Cancelled,False
SUB003773,USR003296,Basic,299,2025-07-21,2026-01-01,Active,False
SUB003774,USR003297,Basic,299,2025-04-13,2026-01-01,Active,True
SUB003775,USR003298,Standard,499,2025-09-05,2026-01-01,Active,True
SUB003776,USR003299,Mobile,149,2025-06-09,2025-09-22,Cancelled,False
SUB003777,USR003300,Mobile,149,2025-02-08,2025-09-27,Expired,True
SUB003778,USR003301,Standard,499,2025-03-10,2025-12-31,Cancelled,False
SUB003779,USR003302,Premium,799,2025-03-05,2025-08-22,Cancelled,True
SUB003780,USR003303,Mobile,149,2025-09-23,2026-01-01,Active,False
SUB003781,USR003304,Standard,499,2025-03-18,2025-09-28,Expired,True
SUB003782,USR003305,Basic,299,2025-07-02,2025-11-26,Expired,True
SUB003783,USR003305,Basic,299,2025-11-27,2026-01-01,Active,False
SUB003784,USR003306,Premium,799,2025-02-13,2026-01-01,Active,True
SUB003785,USR003307,Basic,299,2025-04-21,2025-08-07,Expired,True
SUB003786,USR003307,Standard,499,2025-08-08,2026-01-01,Active,True
SUB003787,USR003308,Mobile,149,2025-03-20,2026-01-01,Active,True
SUB003788,USR003309,Premium,799,2025-08-01,2026-01-01,Active,False
SUB003789,USR003310,Mobile,149,2025-02-10,2025-05-11,Expired,True
SUB003790,USR003310,Standard,499,2025-05-12,2025-08-31,Expired,True
SUB003791,USR003311,Basic,299,2025-02-14,2025-09-14,Cancelled,True
SUB003792,USR003312,Basic,299,2025-02-15,2026-01-01,Active,False
SUB003793,USR003313,Basic,299,2025-03-04,2025-09-23,Cancelled,True
SUB003794,USR003314,Mobile,149,2025-03-22,2025-06-25,Cancelled,False
SUB003795,USR003314,Basic,299,2025-06-26,2025-12-03,Cancelled,True
SUB003796,USR003315,Mobile,149,2025-05-07,2026-01-01,Active,True
SUB003797,USR003316,Mobile,149,2025-05-26,2026-01-01,Active,True
SUB003798,USR003317,Standard,499,2025-02-28,2025-09-21,Expired,False
SUB003799,USR003317,Premium,799,2025-09-22,2026-01-01,Active,False
SUB003800,USR003318,Standard,499,2025-04-06,2025-11-30,Expired,False
SUB003801,USR003319,Mobile,149,2025-08-05,2025-12-23,Cancelled,False
SUB003802,USR003320,Mobile,149,2025-07-22,2026-01-01,Active,True
SUB003803,USR003321,Premium,799,2025-01-26,2025-06-18,Cancelled,True
SUB003804,USR003322,Standard,499,2025-02-03,2026-01-01,Active,False
SUB003805,USR003323,Premium,799,2025-02-20,2025-07-21,Cancelled,True
SUB003806,USR003324,Basic,299,2025-05-02,2026-01-01,Active,False
SUB003807,USR003325,Mobile,149,2025-03-28,2026-01-01,Active,True
SUB003808,USR003326,Standard,499,2025-02-21,2026-01-01,Active,True
SUB003809,USR003327,Mobile,149,2025-02-06,2026-01-01,Active,True
SUB003810,USR003328,Standard,499,2025-05-06,2026-01-01,Active,True
SUB003811,USR003329,Basic,299,2025-05-14,2025-11-04,Cancelled,True
SUB003812,USR003329,Mobile,149,2025-11-05,2026-01-01,Active,False
SUB003813,USR003330,Mobile,149,2025-05-17,2025-12-09,Expired,False
SUB003814,USR003331,Basic,299,2025-03-23,2025-12-30,Expired,True
SUB003815,USR003332,Mobile,149,2025-07-12,2026-01-01,Active,True
SUB003816,USR003333,Premium,799,2025-03-29,2025-11-25,Expired,True
SUB003817,USR003333,Premium,799,2025-11-26,2026-01-01,Active,True
SUB003818,USR003334,Premium,799,2025-06-09,2025-10-03,Cancelled,True
SUB003819,USR003335,Mobile,149,2025-03-04,2026-01-01,Active,True
SUB003820,USR003336,Basic,299,2025-05-06,2026-01-01,Active,True
SUB003821,USR003337,Mobile,149,2025-07-18,2026-01-01,Active,True
SUB003822,USR003338,Mobile,149,2025-05-10,2026-01-01,Active,True
SUB003823,USR003339,Standard,499,2025-05-16,2026-01-01,Active,True
SUB003824,USR003340,Basic,299,2025-03-05,2026-01-01,Active,True
SUB003825,USR003341,Basic,299,2025-07-04,2026-01-01,Active,True
SUB003826,USR003342,Mobile,149,2025-05-03,2025-08-04,Expired,True
SUB003827,USR003343,Standard,499,2025-03-06,2025-06-10,Cancelled,True
SUB003828,USR003344,Basic,299,2025-04-06,2025-10-16,Cancelled,True
SUB003829,USR003345,Basic,299,2025-06-07,2025-12-09,Cancelled,True
SUB003830,USR003345,Premium,799,2025-12-10,2026-01-01,Active,True
SUB003831,USR003346,Basic,299,2025-06-29,2025-10-13,Cancelled,True
SUB003832,USR003347,Basic,299,2025-07-08,2025-10-24,Expired,False
SUB003833,USR003347,Basic,299,2025-10-25,2026-01-01,Active,True
SUB003834,USR003348,Standard,499,2025-02-12,2025-08-29,Expired,True
SUB003835,USR003349,Mobile,149,2025-04-09,2026-01-01,Active,True
SUB003836,USR003350,Standard,499,2025-03-17,2025-12-13,Expired,False
SUB003837,USR003351,Mobile,149,2025-03-06,2025-12-16,Expired,True
SUB003838,USR003352,Premium,799,2025-05-12,2026-01-01,Active,True
SUB003839,USR003353,Standard,499,2025-08-06,2026-01-01,Active,True
SUB003840,USR003354,Standard,499,2025-03-27,2025-12-22,Cancelled,False
SUB003841,USR003354,Mobile,149,2025-12-23,2026-01-01,Active,True
SUB003842,USR003355,Premium,799,2025-03-03,2026-01-01,Active,True
SUB003843,USR003356,Premium,799,2025-06-06,2026-01-01,Active,True
SUB003844,USR003357,Basic,299,2025-04-07,2025-07-10,Cancelled,True
SUB003845,USR003358,Standard,499,2025-01-21,2025-06-14,Expired,True
SUB003846,USR003359,Mobile,149,2025-01-27,2025-10-14,Cancelled,True
SUB003847,USR003360,Premium,799,2025-04-03,2026-01-01,Active,False
SUB003848,USR003361,Standard,499,2025-03-13,2026-01-01,Active,False
SUB003849,USR003362,Premium,799,2025-02-23,2026-01-01,Active,True
SUB003850,USR003363,Standard,499,2025-03-31,2025-10-12,Cancelled,False
SUB003851,USR003364,Mobile,149,2025-03-05,2026-01-01,Active,True
SUB003852,USR003365,Standard,499,2025-03-12,2026-01-01,Active,True
SUB003853,USR003366,Standard,499,2025-01-31,2026-01-01,Active,True
SUB003854,USR003367,Basic,299,2025-05-05,2026-01-01,Active,True
SUB003855,USR003368,Mobile,149,2025-08-10,2025-12-11,Cancelled,False
SUB003856,USR003369,Premium,799,2025-01-08,2025-05-29,Expired,True
SUB003857,USR003370,Basic,299,2025-03-27,2025-11-28,Expired,False
SUB003858,USR003371,Premium,799,2025-04-12,2026-01-01,Active,False
SUB003859,USR003372,Premium,799,2025-05-16,2025-12-18,Expired,False
SUB003860,USR003372,Basic,299,2025-12-19,2026-01-01,Active,True
SUB003861,USR003373,Standard,499,2025-02-08,2026-01-01,Active,True
SUB003862,USR003374,Basic,299,2025-04-11,2026-01-01,Active,True
SUB003863,USR003375,Basic,299,2025-04-27,2025-10-17,Expired,True
SUB003864,USR003376,Mobile,149,2025-06-24,2026-01-01,Active,True
SUB003865,USR003377,Premium,799,2025-04-15,2026-01-01,Active,False
SUB003866,USR003378,Premium,799,2025-05-26,2026-01-01,Active,True
SUB003867,USR003379,Mobile,149,2025-05-20,2026-01-01,Active,True
SUB003868,USR003380,Standard,499,2025-07-03,2025-11-25,Expired,True
SUB003869,USR003381,Mobile,149,2025-04-15,2026-01-01,Active,True
SUB003870,USR003382,Basic,299,2025-01-19,2026-01-01,Active,False
SUB003871,USR003383,Standard,499,2025-07-07,2026-01-01,Active,True
SUB003872,USR003384,Basic,299,2025-01-29,2025-10-27,Cancelled,True
SUB003873,USR003385,Mobile,149,2025-03-22,2025-11-04,Cancelled,False
SUB003874,USR003386,Basic,299,2025-05-27,2025-12-31,Cancelled,True
SUB003875,USR003387,Mobile,149,2025-03-24,2025-07-30,Expired,True
SUB003876,USR003388,Basic,299,2025-08-12,2026-01-01,Active,True
SUB003877,USR003389,Standard,499,2025-03-18,2025-08-28,Expired,True
SUB003878,USR003389,Mobile,149,2025-08-29,2026-01-01,Active,True
SUB003879,USR003390,Mobile,149,2025-04-19,2026-01-01,Active,True
SUB003880,USR003391,Basic,299,2025-04-16,2025-11-09,Expired,True
SUB003881,USR003392,Premium,799,2025-04-19,2026-01-01,Active,False
SUB003882,USR003393,Basic,299,2025-02-17,2025-08-25,Cancelled,True
SUB003883,USR003394,Basic,299,2025-06-04,2026-01-01,Active,True
SUB003884,USR003395,Basic,299,2025-04-13,2026-01-01,Active,False
SUB003885,USR003396,Premium,799,2025-06-18,2026-01-01,Active,False
SUB003886,USR003397,Standard,499,2025-03-03,2025-06-24,Cancelled,True
SUB003887,USR003398,Basic,299,2025-06-26,2025-11-16,Expired,True
SUB003888,USR003399,Basic,299,2025-01-21,2025-05-15,Expired,False
SUB003889,USR003400,Standard,499,2025-05-25,2025-10-28,Expired,True
SUB003890,USR003401,Standard,499,2025-03-27,2026-01-01,Active,True
SUB003891,USR003402,Mobile,149,2025-04-16,2025-10-28,Expired,True
SUB003892,USR003403,Premium,799,2025-03-11,2026-01-01,Active,True
SUB003893,USR003404,Basic,299,2025-04-22,2025-11-01,Cancelled,True
SUB003894,USR003404,Mobile,149,2025-11-02,2026-01-01,Active,True
SUB003895,USR003405,Premium,799,2025-02-17,2025-08-03,Cancelled,True
SUB003896,USR003406,Basic,299,2025-04-27,2025-07-29,Cancelled,True
SUB003897,USR003406,Premium,799,2025-07-30,2026-01-01,Active,False
SUB003898,USR003407,Standard,499,2025-03-20,2025-07-29,Expired,True
SUB003899,USR003408,Standard,499,2025-05-11,2026-01-01,Active,True
SUB003900,USR003409,Basic,299,2025-03-11,2025-07-28,Cancelled,False
SUB003901,USR003410,Basic,299,2025-06-03,2025-11-07,Cancelled,True
SUB003902,USR003410,Standard,499,2025-11-08,2026-01-01,Active,True
SUB003903,USR003411,Basic,299,2025-08-15,2026-01-01,Active,True
SUB003904,USR003412,Standard,499,2025-04-28,2026-01-01,Active,True
SUB003905,USR003413,Mobile,149,2025-05-08,2026-01-01,Active,True
SUB003906,USR003414,Standard,499,2025-02-27,2025-09-30,Expired,True
SUB003907,USR003415,Standard,499,2025-04-10,2026-01-01,Active,True
SUB003908,USR003416,Basic,299,2025-03-19,2026-01-01,Active,False
SUB003909,USR003417,Basic,299,2025-05-28,2026-01-01,Active,True
SUB003910,USR003418,Basic,299,2025-04-04,2025-07-18,Cancelled,True
SUB003911,USR003419,Standard,499,2025-07-28,2026-01-01,Active,True
SUB003912,USR003420,Basic,299,2025-07-20,2026-01-01,Active,True
SUB003913,USR003421,Basic,299,2025-04-28,2026-01-01,Active,True
SUB003914,USR003422,Premium,799,2025-01-10,2026-01-01,Active,False
SUB003915,USR003423,Standard,499,2025-05-18,2026-01-01,Active,True
SUB003916,USR003424,Basic,299,2025-04-05,2026-01-01,Active,True
SUB003917,USR003425,Basic,299,2025-03-11,2026-01-01,Active,True
SUB003918,USR003426,Basic,299,2025-06-28,2025-12-24,Cancelled,True
SUB003919,USR003426,Standard,499,2025-12-25,2026-01-01,Active,True
SUB003920,USR003427,Mobile,149,2025-01-29,2025-12-06,Cancelled,True
SUB003921,USR003427,Mobile,149,2025-12-07,2026-01-01,Active,True
SUB003922,USR003428,Mobile,149,2025-04-19,2026-01-01,Active,True
SUB003923,USR003429,Premium,799,2025-04-10,2025-11-27,Cancelled,False
SUB003924,USR003430,Premium,799,2025-01-24,2025-09-01,Expired,True
SUB003925,USR003431,Premium,799,2025-05-09,2025-10-27,Cancelled,False
SUB003926,USR003431,Mobile,149,2025-10-28,2026-01-01,Active,True
SUB003927,USR003432,Basic,299,2025-04-03,2025-12-17,Expired,True
SUB003928,USR003433,Standard,499,2025-05-28,2026-01-01,Active,True
SUB003929,USR003434,Premium,799,2025-01-28,2025-07-03,Expired,True
SUB003930,USR003435,Standard,499,2025-05-06,2025-11-08,Expired,True
SUB003931,USR003436,Basic,299,2025-06-06,2026-01-01,Active,False
SUB003932,USR003437,Basic,299,2025-06-13,2026-01-01,Active,True
SUB003933,USR003438,Standard,499,2025-01-23,2025-08-29,Cancelled,False
SUB003934,USR003439,Premium,799,2025-02-27,2025-09-29,Cancelled,True
SUB003935,USR003440,Basic,299,2025-03-16,2025-07-27,Expired,True
SUB003936,USR003440,Basic,299,2025-07-28,2026-01-01,Active,True
SUB003937,USR003441,Standard,499,2025-06-01,2026-01-01,Active,True
SUB003938,USR003442,Premium,799,2025-04-25,2026-01-01,Active,True
SUB003939,USR003443,Premium,799,2025-03-20,2026-01-01,Active,False
SUB003940,USR003444,Basic,299,2025-08-10,2026-01-01,Active,False
SUB003941,USR003445,Mobile,149,2025-02-05,2026-01-01,Active,False
SUB003942,USR003446,Basic,299,2025-03-18,2025-10-31,Expired,True
SUB003943,USR003447,Premium,799,2025-05-17,2026-01-01,Active,True
SUB003944,USR003448,Mobile,149,2025-05-12,2026-01-01,Active,False
SUB003945,USR003449,Basic,299,2025-05-24,2026-01-01,Active,True
SUB003946,USR003450,Premium,799,2025-04-07,2025-08-30,Cancelled,False
SUB003947,USR003450,Basic,299,2025-08-31,2026-01-01,Active,True
SUB003948,USR003451,Basic,299,2025-05-01,2025-11-21,Cancelled,True
SUB003949,USR003452,Mobile,149,2025-01-24,2025-07-13,Expired,True
SUB003950,USR003453,Premium,799,2025-03-02,2026-01-01,Active,False
SUB003951,USR003454,Premium,799,2025-03-08,2025-06-13,Expired,False
SUB003952,USR003455,Standard,499,2025-05-05,2026-01-01,Active,False
SUB003953,USR003456,Basic,299,2025-02-17,2026-01-01,Active,True
SUB003954,USR003457,Standard,499,2025-05-24,2025-12-20,Cancelled,True
SUB003955,USR003457,Mobile,149,2025-12-21,2026-01-01,Active,True
SUB003956,USR003458,Basic,299,2025-03-24,2025-12-22,Cancelled,True
SUB003957,USR003459,Basic,299,2025-05-09,2026-01-01,Active,True
SUB003958,USR003460,Standard,499,2025-03-07,2025-09-21,Cancelled,True
SUB003959,USR003461,Standard,499,2025-04-05,2026-01-01,Active,True
SUB003960,USR003462,Standard,499,2025-04-05,2026-01-01,Active,True
SUB003961,USR003463,Premium,799,2025-03-27,2026-01-01,Active,True
SUB003962,USR003464,Standard,499,2025-07-29,2026-01-01,Active,True
SUB003963,USR003465,Mobile,149,2025-05-26,2025-09-07,Expired,False
SUB003964,USR003466,Basic,299,2025-04-14,2025-08-16,Expired,True
SUB003965,USR003466,Mobile,149,2025-08-17,2026-01-01,Active,True
SUB003966,USR003467,Mobile,149,2025-04-18,2025-12-13,Expired,True
SUB003967,USR003467,Basic,299,2025-12-14,2026-01-01,Active,True
SUB003968,USR003468,Mobile,149,2025-03-25,2026-01-01,Active,False
SUB003969,USR003469,Basic,299,2025-05-28,2026-01-01,Active,False
SUB003970,USR003470,Basic,299,2025-02-13,2025-05-22,Expired,True
SUB003971,USR003471,Premium,799,2025-07-17,2026-01-01,Active,True
SUB003972,USR003472,Premium,799,2025-03-13,2026-01-01,Active,True
SUB003973,USR003473,Standard,499,2025-02-25,2026-01-01,Active,False
SUB003974,USR003474,Basic,299,2025-06-15,2025-10-08,Cancelled,True
SUB003975,USR003475,Basic,299,2025-01-25,2025-05-13,Expired,True
SUB003976,USR003475,Standard,499,2025-05-14,2025-08-31,Expired,False
SUB003977,USR003476,Standard,499,2025-08-03,2026-01-01,Active,True
SUB003978,USR003477,Standard,499,2025-03-21,2025-08-19,Cancelled,False
SUB003979,USR003478,Premium,799,2025-06-24,2025-12-11,Cancelled,False
SUB003980,USR003479,Standard,499,2025-05-15,2026-01-01,Active,True
SUB003981,USR003480,Standard,499,2025-04-22,2025-09-02,Cancelled,True
SUB003982,USR003480,Premium,799,2025-09-03,2026-01-01,Active,True
SUB003983,USR003481,Standard,499,2025-07-05,2025-10-18,Cancelled,True
SUB003984,USR003482,Basic,299,2025-03-18,2026-01-01,Active,True
SUB003985,USR003483,Mobile,149,2025-06-05,2026-01-01,Active,True
SUB003986,USR003484,Basic,299,2025-05-12,2026-01-01,Active,False
SUB003987,USR003485,Mobile,149,2025-04-16,2026-01-01,Active,True
SUB003988,USR003486,Basic,299,2025-03-19,2025-10-15,Expired,True
SUB003989,USR003486,Basic,299,2025-10-16,2026-01-01,Active,False
SUB003990,USR003487,Standard,499,2025-01-16,2026-01-01,Active,True
SUB003991,USR003488,Premium,799,2025-04-07,2025-11-21,Expired,True
SUB003992,USR003489,Standard,499,2025-06-03,2026-01-01,Active,True
SUB003993,USR003490,Standard,499,2025-04-02,2025-08-30,Cancelled,True
SUB003994,USR003490,Standard,499,2025-08-31,2026-01-01,Active,True
SUB003995,USR003491,Mobile,149,2025-04-25,2026-01-01,Active,False
SUB003996,USR003492,Basic,299,2025-02-16,2026-01-01,Active,False
SUB003997,USR003493,Basic,299,2025-01-20,2026-01-01,Active,True
SUB003998,USR003494,Premium,799,2025-03-22,2025-10-18,Expired,True
SUB003999,USR003495,Standard,499,2025-06-06,2026-01-01,Active,False
SUB004000,USR003496,Standard,499,2025-04-25,2026-01-01,Active,False
SUB004001,USR003497,Basic,299,2025-02-26,2025-12-30,Cancelled,True
SUB004002,USR003498,Premium,799,2025-01-29,2025-06-30,Cancelled,True
SUB004003,USR003499,Standard,499,2025-07-07,2026-01-01,Active,True
SUB004004,USR003500,Basic,299,2025-04-10,2025-12-05,Expired,True
SUB004005,USR003501,Mobile,149,2025-04-22,2025-09-29,Expired,True
SUB004006,USR003502,Mobile,149,2025-06-01,2026-01-01,Active,True
SUB004007,USR003503,Basic,299,2025-01-08,2025-11-29,Cancelled,True
SUB004008,USR003504,Mobile,149,2025-03-19,2025-11-26,Cancelled,False
SUB004009,USR003505,Mobile,149,2025-02-12,2025-09-19,Expired,False
SUB004010,USR003506,Standard,499,2025-02-15,2026-01-01,Active,False
SUB004011,USR003507,Basic,299,2025-03-19,2026-01-01,Active,False
SUB004012,USR003508,Mobile,149,2025-04-08,2025-07-16,Expired,True
SUB004013,USR003509,Mobile,149,2025-05-31,2026-01-01,Active,True
SUB004014,USR003510,Standard,499,2025-06-04,2026-01-01,Active,True
SUB004015,USR003511,Standard,499,2025-03-08,2025-11-18,Expired,False
SUB004016,USR003511,Basic,299,2025-11-19,2026-01-01,Active,False
SUB004017,USR003512,Basic,299,2025-05-12,2026-01-01,Active,False
SUB004018,USR003513,Standard,499,2025-03-16,2025-07-31,Expired,False
SUB004019,USR003513,Mobile,149,2025-08-01,2026-01-01,Active,True
SUB004020,USR003514,Basic,299,2025-06-20,2026-01-01,Active,True
SUB004021,USR003515,Basic,299,2025-06-02,2025-12-24,Expired,True
SUB004022,USR003516,Basic,299,2025-02-11,2025-08-21,Cancelled,False
SUB004023,USR003517,Basic,299,2025-04-20,2026-01-01,Active,True
SUB004024,USR003518,Standard,499,2025-02-12,2025-12-05,Expired,True
SUB004025,USR003519,Standard,499,2025-04-26,2026-01-01,Active,True
SUB004026,USR003520,Basic,299,2025-10-04,2026-01-01,Active,False
SUB004027,USR003521,Standard,499,2025-03-06,2026-01-01,Active,True
SUB004028,USR003522,Mobile,149,2025-04-21,2026-01-01,Active,True
SUB004029,USR003523,Standard,499,2025-04-17,2025-08-01,Cancelled,True
SUB004030,USR003524,Standard,499,2025-03-15,2025-10-21,Cancelled,True
SUB004031,USR003524,Premium,799,2025-10-22,2026-01-01,Active,True
SUB004032,USR003525,Basic,299,2025-05-25,2026-01-01,Active,True
SUB004033,USR003526,Basic,299,2025-09-24,2026-01-01,Active,True
SUB004034,USR003527,Mobile,149,2025-03-27,2025-08-04,Cancelled,False
SUB004035,USR003528,Standard,499,2025-03-20,2025-11-26,Cancelled,False
SUB004036,USR003529,Basic,299,2025-07-19,2025-12-18,Expired,True
SUB004037,USR003530,Standard,499,2025-04-07,2025-09-18,Expired,True
SUB004038,USR003531,Premium,799,2025-05-04,2025-10-30,Expired,True
SUB004039,USR003532,Premium,799,2025-02-07,2026-01-01,Active,False
SUB004040,USR003533,Basic,299,2025-03-21,2025-10-19,Expired,True
SUB004041,USR003534,Basic,299,2025-01-28,2025-07-16,Cancelled,True
SUB004042,USR003534,Basic,299,2025-07-17,2025-12-06,Expired,True
SUB004043,USR003535,Basic,299,2025-03-13,2025-09-08,Expired,True
SUB004044,USR003536,Mobile,149,2025-03-12,2025-09-27,Cancelled,True
SUB004045,USR003537,Standard,499,2025-04-24,2026-01-01,Active,False
SUB004046,USR003538,Standard,499,2025-06-11,2026-01-01,Active,False
SUB004047,USR003539,Standard,499,2025-05-12,2026-01-01,Active,True
SUB004048,USR003540,Basic,299,2025-01-22,2025-11-27,Cancelled,True
SUB004049,USR003540,Standard,499,2025-11-28,2026-01-01,Active,True
SUB004050,USR003541,Basic,299,2025-02-25,2025-12-22,Expired,True
SUB004051,USR003541,Basic,299,2025-12-23,2026-01-01,Active,True
SUB004052,USR003542,Standard,499,2025-03-19,2026-01-01,Active,True
SUB004053,USR003543,Basic,299,2025-04-12,2026-01-01,Active,True
SUB004054,USR003544,Mobile,149,2025-01-19,2025-10-06,Cancelled,True
SUB004055,USR003545,Basic,299,2025-07-01,2025-12-30,Expired,True
SUB004056,USR003545,Premium,799,2025-12-31,2026-01-01,Active,True
SUB004057,USR003546,Standard,499,2025-03-08,2026-01-01,Active,False
SUB004058,USR003547,Basic,299,2025-03-01,2026-01-01,Active,True
SUB004059,USR003548,Standard,499,2025-04-25,2026-01-01,Active,True
SUB004060,USR003549,Standard,499,2025-01-28,2025-06-04,Cancelled,False
SUB004061,USR003550,Mobile,149,2025-02-06,2025-09-23,Cancelled,True
SUB004062,USR003551,Mobile,149,2025-04-17,2026-01-01,Active,False
SUB004063,USR003552,Basic,299,2025-04-15,2026-01-01,Active,True
SUB004064,USR003553,Basic,299,2025-06-19,2026-01-01,Active,True
SUB004065,USR003554,Standard,499,2025-01-27,2026-01-01,Active,True
SUB004066,USR003555,Standard,499,2025-07-17,2026-01-01,Active,False
SUB004067,USR003556,Standard,499,2025-04-10,2025-09-26,Expired,True
SUB004068,USR003557,Mobile,149,2025-03-15,2026-01-01,Active,True
SUB004069,USR003558,Premium,799,2025-04-02,2026-01-01,Active,False
SUB004070,USR003559,Premium,799,2025-08-04,2026-01-01,Active,True
SUB004071,USR003560,Basic,299,2025-04-04,2025-07-11,Cancelled,True
SUB004072,USR003561,Premium,799,2025-05-14,2025-11-27,Cancelled,True
SUB004073,USR003562,Mobile,149,2025-02-09,2026-01-01,Active,True
SUB004074,USR003563,Premium,799,2025-03-15,2025-12-05,Cancelled,True
SUB004075,USR003564,Basic,299,2025-06-10,2026-01-01,Active,True
SUB004076,USR003565,Mobile,149,2025-03-02,2025-09-03,Cancelled,False
SUB004077,USR003565,Mobile,149,2025-09-04,2026-01-01,Active,True
SUB004078,USR003566,Basic,299,2025-06-08,2026-01-01,Active,False
SUB004079,USR003567,Basic,299,2025-03-26,2025-09-07,Expired,True
SUB004080,USR003567,Basic,299,2025-09-08,2026-01-01,Active,False
SUB004081,USR003568,Standard,499,2025-08-14,2026-01-01,Active,True
SUB004082,USR003569,Standard,499,2025-07-31,2026-01-01,Active,True
SUB004083,USR003570,Basic,299,2025-05-18,2026-01-01,Active,True
SUB004084,USR003571,Basic,299,2025-02-09,2025-12-21,Cancelled,False
SUB004085,USR003572,Premium,799,2025-01-20,2026-01-01,Active,True
SUB004086,USR003573,Premium,799,2025-02-03,2026-01-01,Active,True
SUB004087,USR003574,Mobile,149,2025-03-04,2025-07-08,Expired,False
SUB004088,USR003575,Standard,499,2025-06-15,2026-01-01,Active,True
SUB004089,USR003576,Standard,499,2025-02-22,2025-06-01,Expired,False
SUB004090,USR003576,Basic,299,2025-06-02,2025-11-16,Cancelled,True
SUB004091,USR003577,Basic,299,2025-05-06,2026-01-01,Active,True
SUB004092,USR003578,Mobile,149,2025-03-20,2025-08-07,Expired,True
SUB004093,USR003579,Basic,299,2025-05-06,2026-01-01,Active,True
SUB004094,USR003580,Mobile,149,2025-04-13,2026-01-01,Active,True
SUB004095,USR003581,Premium,799,2025-03-15,2025-07-06,Expired,True
SUB004096,USR003581,Premium,799,2025-07-07,2025-09-17,Expired,False
SUB004097,USR003582,Mobile,149,2025-01-24,2025-11-14,Expired,False
SUB004098,USR003583,Premium,799,2025-03-26,2025-09-29,Cancelled,True
SUB004099,USR003584,Standard,499,2025-04-30,2025-12-13,Cancelled,True
SUB004100,USR003585,Mobile,149,2025-03-27,2026-01-01,Active,True
SUB004101,USR003586,Standard,499,2025-02-13,2025-05-14,Cancelled,True
SUB004102,USR003587,Mobile,149,2025-03-12,2025-12-30,Expired,False
SUB004103,USR003588,Premium,799,2025-07-27,2025-11-30,Expired,True
SUB004104,USR003589,Premium,799,2025-04-30,2026-01-01,Active,True
SUB004105,USR003590,Premium,799,2025-04-04,2026-01-01,Active,True
SUB004106,USR003591,Mobile,149,2025-02-10,2025-05-25,Expired,True
SUB004107,USR003592,Mobile,149,2025-05-29,2026-01-01,Active,True
SUB004108,USR003593,Standard,499,2025-06-06,2025-09-16,Cancelled,True
SUB004109,USR003594,Premium,799,2025-06-21,2025-12-26,Cancelled,True
SUB004110,USR003595,Basic,299,2025-04-05,2026-01-01,Active,False
SUB004111,USR003596,Mobile,149,2025-08-22,2026-01-01,Active,False
SUB004112,USR003597,Mobile,149,2025-05-29,2026-01-01,Active,True
SUB004113,USR003598,Basic,299,2025-03-12,2025-12-20,Expired,True
SUB004114,USR003598,Mobile,149,2025-12-21,2026-01-01,Active,True
SUB004115,USR003599,Standard,499,2025-02-26,2025-09-24,Cancelled,True
SUB004116,USR003600,Mobile,149,2025-03-23,2025-11-21,Expired,False
SUB004117,USR003601,Basic,299,2025-03-30,2025-08-26,Cancelled,True
SUB004118,USR003602,Mobile,149,2025-03-01,2026-01-01,Active,False
SUB004119,USR003603,Premium,799,2025-06-28,2026-01-01,Active,True
SUB004120,USR003604,Mobile,149,2025-02-25,2025-07-27,Cancelled,True
SUB004121,USR003605,Standard,499,2025-04-23,2025-08-04,Expired,True
SUB004122,USR003606,Premium,799,2025-06-06,2025-09-27,Cancelled,True
SUB004123,USR003606,Basic,299,2025-09-28,2026-01-01,Active,False
SUB004124,USR003607,Standard,499,2025-03-29,2026-01-01,Active,False
SUB004125,USR003608,Basic,299,2025-04-21,2026-01-01,Active,True
SUB004126,USR003609,Basic,299,2025-07-01,2026-01-01,Active,True
SUB004127,USR003610,Standard,499,2025-01-24,2026-01-01,Active,True
SUB004128,USR003611,Basic,299,2025-03-02,2026-01-01,Active,False
SUB004129,USR003612,Premium,799,2025-06-27,2025-10-05,Cancelled,False
SUB004130,USR003612,Premium,799,2025-10-06,2026-01-01,Active,True
SUB004131,USR003613,Basic,299,2025-01-14,2025-07-06,Cancelled,False
SUB004132,USR003614,Basic,299,2025-06-06,2025-12-22,Cancelled,True
SUB004133,USR003615,Basic,299,2025-09-06,2026-01-01,Active,True
SUB004134,USR003616,Premium,799,2025-01-21,2025-04-22,Cancelled,True
SUB004135,USR003616,Premium,799,2025-04-23,2025-10-19,Expired,True
SUB004136,USR003617,Mobile,149,2025-02-25,2026-01-01,Active,True
SUB004137,USR003618,Standard,499,2025-07-01,2026-01-01,Active,True
SUB004138,USR003619,Mobile,149,2025-03-08,2026-01-01,Active,False
SUB004139,USR003620,Premium,799,2025-03-21,2025-09-30,Cancelled,True
SUB004140,USR003621,Basic,299,2025-05-23,2025-10-05,Expired,False
SUB004141,USR003621,Mobile,149,2025-10-06,2026-01-01,Active,False
SUB004142,USR003622,Premium,799,2025-04-07,2026-01-01,Active,False
SUB004143,USR003623,Premium,799,2025-03-01,2025-10-09,Cancelled,True
SUB004144,USR003624,Standard,499,2025-03-29,2025-08-06,Cancelled,True
SUB004145,USR003625,Mobile,149,2025-02-02,2025-10-05,Cancelled,True
SUB004146,USR003626,Standard,499,2025-01-19,2025-12-12,Expired,True
SUB004147,USR003626,Mobile,149,2025-12-13,2026-01-01,Active,True
SUB004148,USR003627,Mobile,149,2025-04-23,2026-01-01,Active,True
SUB004149,USR003628,Premium,799,2025-03-22,2026-01-01,Active,False
SUB004150,USR003629,Premium,799,2025-01-24,2025-10-29,Cancelled,True
SUB004151,USR003629,Mobile,149,2025-10-30,2026-01-01,Active,True
SUB004152,USR003630,Basic,299,2025-02-28,2025-07-05,Cancelled,True
SUB004153,USR003630,Mobile,149,2025-07-06,2025-12-14,Expired,True
SUB004154,USR003631,Basic,299,2025-02-15,2025-10-20,Cancelled,True
SUB004155,USR003632,Basic,299,2025-06-18,2026-01-01,Active,False
SUB004156,USR003633,Standard,499,2025-02-02,2025-08-09,Expired,True
SUB004157,USR003634,Mobile,149,2025-05-31,2026-01-01,Active,True
SUB004158,USR003635,Standard,499,2025-03-23,2026-01-01,Active,True
SUB004159,USR003636,Basic,299,2025-04-13,2025-11-02,Expired,True
SUB004160,USR003637,Basic,299,2025-05-03,2025-11-23,Cancelled,False
SUB004161,USR003638,Standard,499,2025-03-10,2025-06-23,Cancelled,True
SUB004162,USR003639,Premium,799,2025-07-27,2026-01-01,Active,True
SUB004163,USR003640,Standard,499,2025-03-17,2026-01-01,Active,False
SUB004164,USR003641,Premium,799,2025-04-11,2025-08-28,Expired,False
SUB004165,USR003642,Basic,299,2025-02-10,2025-09-02,Cancelled,True
SUB004166,USR003643,Basic,299,2025-05-17,2026-01-01,Active,True
SUB004167,USR003644,Standard,499,2025-01-24,2025-10-26,Expired,True
SUB004168,USR003645,Basic,299,2025-04-01,2026-01-01,Active,False
SUB004169,USR003646,Mobile,149,2025-03-27,2026-01-01,Active,True
SUB004170,USR003647,Standard,499,2025-03-13,2026-01-01,Active,True
SUB004171,USR003648,Basic,299,2025-05-03,2026-01-01,Active,True
SUB004172,USR003649,Basic,299,2025-06-21,2025-12-26,Cancelled,False
SUB004173,USR003649,Standard,499,2025-12-27,2026-01-01,Active,True
SUB004174,USR003650,Standard,499,2025-01-06,2025-08-18,Cancelled,True
SUB004175,USR003651,Basic,299,2025-04-25,2026-01-01,Active,True
SUB004176,USR003652,Premium,799,2025-05-29,2026-01-01,Active,True
SUB004177,USR003653,Premium,799,2025-02-10,2025-09-15,Expired,True
SUB004178,USR003654,Standard,499,2025-04-12,2025-08-28,Expired,True
SUB004179,USR003655,Standard,499,2025-03-07,2026-01-01,Active,False
SUB004180,USR003656,Standard,499,2025-06-21,2026-01-01,Active,True
SUB004181,USR003657,Standard,499,2025-03-07,2025-08-15,Expired,True
SUB004182,USR003658,Standard,499,2025-05-01,2025-08-11,Cancelled,True
SUB004183,USR003658,Basic,299,2025-08-12,2026-01-01,Active,True
SUB004184,USR003659,Standard,499,2025-04-16,2026-01-01,Active,True
SUB004185,USR003660,Standard,499,2025-05-04,2026-01-01,Active,True
SUB004186,USR003661,Mobile,149,2025-05-16,2025-10-05,Cancelled,True
SUB004187,USR003662,Standard,499,2025-04-15,2026-01-01,Active,False
SUB004188,USR003663,Basic,299,2025-05-01,2025-12-13,Cancelled,True
SUB004189,USR003664,Basic,299,2025-06-03,2026-01-01,Active,True
SUB004190,USR003665,Basic,299,2025-05-10,2025-11-09,Cancelled,True
SUB004191,USR003665,Premium,799,2025-11-10,2026-01-01,Active,True
SUB004192,USR003666,Standard,499,2025-06-19,2026-01-01,Active,True
SUB004193,USR003667,Basic,299,2025-02-05,2025-12-28,Cancelled,True
SUB004194,USR003668,Mobile,149,2025-05-06,2026-01-01,Active,True
SUB004195,USR003669,Basic,299,2025-02-25,2026-01-01,Active,False
SUB004196,USR003670,Mobile,149,2025-06-08,2026-01-01,Active,True
SUB004197,USR003671,Standard,499,2025-02-17,2025-06-09,Expired,True
SUB004198,USR003672,Basic,299,2025-06-29,2026-01-01,Active,True
SUB004199,USR003673,Basic,299,2025-04-19,2025-10-17,Expired,True
SUB004200,USR003674,Standard,499,2025-06-28,2026-01-01,Active,True
SUB004201,USR003675,Mobile,149,2025-07-25,2025-12-27,Expired,True
SUB004202,USR003676,Premium,799,2025-04-07,2026-01-01,Active,True
SUB004203,USR003677,Mobile,149,2025-03-31,2025-10-03,Expired,False
SUB004204,USR003678,Basic,299,2025-05-04,2026-01-01,Active,True
SUB004205,USR003679,Basic,299,2025-04-19,2025-09-08,Cancelled,True
SUB004206,USR003680,Standard,499,2025-04-11,2026-01-01,Active,False
SUB004207,USR003681,Standard,499,2025-06-16,2025-10-24,Cancelled,False
SUB004208,USR003682,Standard,499,2025-06-14,2026-01-01,Active,True
SUB004209,USR003683,Premium,799,2025-02-10,2025-05-15,Cancelled,True
SUB004210,USR003684,Mobile,149,2025-06-25,2026-01-01,Active,False
SUB004211,USR003685,Premium,799,2025-01-12,2025-10-26,Expired,True
SUB004212,USR003686,Mobile,149,2025-03-05,2026-01-01,Active,True
SUB004213,USR003687,Basic,299,2025-05-05,2026-01-01,Active,False
SUB004214,USR003688,Premium,799,2025-02-15,2025-05-17,Cancelled,True
SUB004215,USR003689,Premium,799,2025-04-24,2026-01-01,Active,True
SUB004216,USR003690,Standard,499,2025-06-11,2025-10-01,Expired,True
SUB004217,USR003691,Standard,499,2025-06-23,2026-01-01,Active,True
SUB004218,USR003692,Mobile,149,2025-04-10,2026-01-01,Active,True
SUB004219,USR003693,Basic,299,2025-04-24,2026-01-01,Active,True
SUB004220,USR003694,Premium,799,2025-08-02,2026-01-01,Active,True
SUB004221,USR003695,Standard,499,2025-02-23,2025-12-07,Expired,True
SUB004222,USR003696,Mobile,149,2025-05-02,2025-08-06,Cancelled,True
SUB004223,USR003696,Standard,499,2025-08-07,2026-01-01,Active,False
SUB004224,USR003697,Standard,499,2025-03-14,2026-01-01,Active,True
SUB004225,USR003698,Mobile,149,2025-05-12,2026-01-01,Active,False
SUB004226,USR003699,Mobile,149,2025-09-11,2026-01-01,Active,False
SUB004227,USR003700,Standard,499,2025-03-16,2026-01-01,Active,True
SUB004228,USR003701,Premium,799,2025-05-25,2025-08-28,Expired,True
SUB004229,USR003701,Premium,799,2025-08-29,2026-01-01,Active,True
SUB004230,USR003702,Standard,499,2025-05-10,2025-11-03,Cancelled,True
SUB004231,USR003702,Standard,499,2025-11-04,2026-01-01,Active,True
SUB004232,USR003703,Mobile,149,2025-03-08,2025-12-10,Expired,True
SUB004233,USR003704,Standard,499,2025-08-07,2026-01-01,Active,False
SUB004234,USR003705,Mobile,149,2025-05-09,2025-10-10,Expired,False
SUB004235,USR003706,Mobile,149,2025-03-19,2026-01-01,Active,True
SUB004236,USR003707,Mobile,149,2025-04-07,2026-01-01,Active,True
SUB004237,USR003708,Standard,499,2025-02-09,2025-09-08,Expired,True
SUB004238,USR003709,Basic,299,2025-05-29,2026-01-01,Active,True
SUB004239,USR003710,Standard,499,2025-05-30,2026-01-01,Active,True
SUB004240,USR003711,Basic,299,2025-05-01,2026-01-01,Active,True
SUB004241,USR003712,Standard,499,2025-04-15,2025-11-08,Cancelled,True
SUB004242,USR003713,Basic,299,2025-05-27,2026-01-01,Active,False
SUB004243,USR003714,Basic,299,2025-07-24,2026-01-01,Active,True
SUB004244,USR003715,Standard,499,2025-06-22,2026-01-01,Active,True
SUB004245,USR003716,Standard,499,2025-01-23,2025-05-06,Expired,True
SUB004246,USR003717,Basic,299,2025-02-09,2025-08-24,Cancelled,True
SUB004247,USR003717,Mobile,149,2025-08-25,2026-01-01,Active,True
SUB004248,USR003718,Standard,499,2025-04-12,2025-08-09,Expired,True
SUB004249,USR003719,Basic,299,2025-05-21,2025-11-07,Cancelled,True
SUB004250,USR003720,Premium,799,2025-05-13,2026-01-01,Active,True
SUB004251,USR003721,Basic,299,2025-04-24,2025-12-04,Cancelled,False
SUB004252,USR003722,Standard,499,2025-03-11,2025-08-09,Expired,True
SUB004253,USR003723,Basic,299,2025-04-11,2026-01-01,Active,True
SUB004254,USR003724,Basic,299,2025-04-14,2025-11-21,Cancelled,False
SUB004255,USR003724,Standard,499,2025-11-22,2026-01-01,Active,True
SUB004256,USR003725,Standard,499,2025-03-15,2026-01-01,Active,True
SUB004257,USR003726,Mobile,149,2025-01-11,2025-12-19,Cancelled,False
SUB004258,USR003727,Standard,499,2025-02-14,2025-05-26,Expired,True
SUB004259,USR003727,Mobile,149,2025-05-27,2025-12-18,Expired,True
SUB004260,USR003728,Standard,499,2025-05-24,2026-01-01,Active,True
SUB004261,USR003729,Standard,499,2025-03-21,2026-01-01,Active,True
SUB004262,USR003730,Standard,499,2025-03-20,2025-12-26,Expired,True
SUB004263,USR003731,Standard,499,2025-07-27,2026-01-01,Active,False
SUB004264,USR003732,Mobile,149,2025-05-10,2026-01-01,Active,True
SUB004265,USR003733,Mobile,149,2025-02-14,2025-08-31,Expired,False
SUB004266,USR003734,Mobile,149,2025-01-31,2026-01-01,Active,True
SUB004267,USR003735,Standard,499,2025-05-19,2025-09-05,Cancelled,True
SUB004268,USR003736,Mobile,149,2025-02-25,2025-06-15,Expired,False
SUB004269,USR003736,Basic,299,2025-06-16,2025-09-19,Expired,True
SUB004270,USR003737,Mobile,149,2025-02-02,2025-11-03,Expired,True
SUB004271,USR003737,Premium,799,2025-11-04,2026-01-01,Active,True
SUB004272,USR003738,Basic,299,2025-04-10,2025-11-10,Cancelled,False
SUB004273,USR003739,Basic,299,2025-03-30,2025-09-03,Cancelled,False
SUB004274,USR003740,Standard,499,2025-06-25,2025-10-22,Cancelled,True
SUB004275,USR003741,Basic,299,2025-05-13,2026-01-01,Active,True
SUB004276,USR003742,Standard,499,2025-04-25,2026-01-01,Active,True
SUB004277,USR003743,Standard,499,2025-02-10,2025-06-03,Cancelled,True
SUB004278,USR003744,Standard,499,2025-07-21,2026-01-01,Active,True
SUB004279,USR003745,Basic,299,2025-06-19,2026-01-01,Active,False
SUB004280,USR003746,Standard,499,2025-09-09,2026-01-01,Active,False
SUB004281,USR003747,Premium,799,2025-06-11,2026-01-01,Active,False
SUB004282,USR003748,Basic,299,2025-04-05,2026-01-01,Active,True
SUB004283,USR003749,Premium,799,2025-03-08,2025-12-07,Cancelled,False
SUB004284,USR003749,Basic,299,2025-12-08,2026-01-01,Active,True
SUB004285,USR003750,Basic,299,2025-05-26,2025-11-17,Expired,True
SUB004286,USR003750,Premium,799,2025-11-18,2026-01-01,Active,True
SUB004287,USR003751,Mobile,149,2025-06-11,2026-01-01,Active,True
SUB004288,USR003752,Basic,299,2025-01-24,2025-08-29,Cancelled,True
SUB004289,USR003753,Basic,299,2025-04-08,2026-01-01,Active,True
SUB004290,USR003754,Basic,299,2025-01-23,2025-09-17,Expired,True
SUB004291,USR003755,Standard,499,2025-04-10,2025-12-15,Expired,True
SUB004292,USR003755,Standard,499,2025-12-16,2026-01-01,Active,True
SUB004293,USR003756,Mobile,149,2025-06-22,2026-01-01,Active,False
SUB004294,USR003757,Premium,799,2025-06-08,2026-01-01,Active,True
SUB004295,USR003758,Mobile,149,2025-01-13,2026-01-01,Active,True
SUB004296,USR003759,Basic,299,2025-05-04,2026-01-01,Active,True
SUB004297,USR003760,Mobile,149,2025-02-06,2026-01-01,Active,True
SUB004298,USR003761,Mobile,149,2025-02-20,2025-08-06,Expired,True
SUB004299,USR003762,Basic,299,2025-05-13,2026-01-01,Active,True
SUB004300,USR003763,Mobile,149,2025-04-01,2025-08-24,Expired,True
SUB004301,USR003764,Basic,299,2025-02-13,2025-08-21,Expired,True
SUB004302,USR003764,Basic,299,2025-08-22,2026-01-01,Active,False
SUB004303,USR003765,Basic,299,2025-04-21,2026-01-01,Active,True
SUB004304,USR003766,Basic,299,2025-04-27,2026-01-01,Active,True
SUB004305,USR003767,Basic,299,2025-02-08,2026-01-01,Active,True
SUB004306,USR003768,Standard,499,2025-04-28,2026-01-01,Active,True
SUB004307,USR003769,Standard,499,2025-04-26,2026-01-01,Active,True
SUB004308,USR003770,Standard,499,2025-06-15,2026-01-01,Active,True
SUB004309,USR003771,Basic,299,2025-07-11,2026-01-01,Active,True
SUB004310,USR003772,Basic,299,2025-04-09,2025-08-18,Expired,True
SUB004311,USR003773,Mobile,149,2025-05-24,2026-01-01,Active,False
SUB004312,USR003774,Standard,499,2025-04-04,2025-07-17,Expired,True
SUB004313,USR003774,Mobile,149,2025-07-18,2026-01-01,Active,True
SUB004314,USR003775,Premium,799,2025-04-06,2025-12-05,Cancelled,True
SUB004315,USR003776,Standard,499,2025-06-13,2026-01-01,Active,False
SUB004316,USR003777,Standard,499,2025-06-19,2026-01-01,Active,True
SUB004317,USR003778,Standard,499,2025-05-02,2025-09-17,Cancelled,True
SUB004318,USR003779,Mobile,149,2025-06-28,2026-01-01,Active,True
SUB004319,USR003780,Mobile,149,2025-04-18,2026-01-01,Active,True
SUB004320,USR003781,Standard,499,2025-02-19,2025-10-24,Cancelled,True
SUB004321,USR003782,Standard,499,2025-04-14,2025-11-23,Expired,True
SUB004322,USR003783,Mobile,149,2025-04-02,2026-01-01,Active,True
SUB004323,USR003784,Standard,499,2025-05-12,2026-01-01,Active,True
SUB004324,USR003785,Mobile,149,2025-03-17,2025-08-06,Expired,False
SUB004325,USR003785,Standard,499,2025-08-07,2026-01-01,Active,True
SUB004326,USR003786,Mobile,149,2025-05-06,2025-12-26,Cancelled,True
SUB004327,USR003787,Mobile,149,2025-04-11,2025-08-07,Cancelled,True
SUB004328,USR003788,Standard,499,2025-05-23,2025-09-07,Cancelled,True
SUB004329,USR003789,Premium,799,2025-04-09,2025-07-09,Expired,True
SUB004330,USR003790,Basic,299,2025-01-07,2025-07-22,Expired,True
SUB004331,USR003790,Mobile,149,2025-07-23,2026-01-01,Active,False
SUB004332,USR003791,Basic,299,2025-04-04,2025-10-17,Cancelled,False
SUB004333,USR003791,Basic,299,2025-10-18,2026-01-01,Active,True
SUB004334,USR003792,Standard,499,2025-03-19,2026-01-01,Active,True
SUB004335,USR003793,Standard,499,2025-09-11,2026-01-01,Active,True
SUB004336,USR003794,Standard,499,2025-07-04,2025-11-16,Expired,True
SUB004337,USR003795,Basic,299,2025-04-03,2025-12-28,Cancelled,True
SUB004338,USR003795,Standard,499,2025-12-29,2026-01-01,Active,True
SUB004339,USR003796,Mobile,149,2025-05-18,2026-01-01,Active,True
SUB004340,USR003797,Mobile,149,2025-02-22,2025-08-03,Cancelled,True
SUB004341,USR003798,Mobile,149,2025-03-19,2025-09-11,Expired,True
SUB004342,USR003799,Standard,499,2025-04-11,2026-01-01,Active,False
SUB004343,USR003800,Mobile,149,2025-09-01,2026-01-01,Active,False
SUB004344,USR003801,Premium,799,2025-02-12,2026-01-01,Active,True
SUB004345,USR003802,Standard,499,2025-06-10,2026-01-01,Active,True
SUB004346,USR003803,Standard,499,2025-05-24,2025-11-30,Expired,True
SUB004347,USR003804,Standard,499,2025-03-03,2026-01-01,Active,True
SUB004348,USR003805,Premium,799,2025-07-15,2026-01-01,Active,True
SUB004349,USR003806,Basic,299,2025-05-26,2025-12-24,Expired,True
SUB004350,USR003807,Standard,499,2025-05-27,2026-01-01,Active,True
SUB004351,USR003808,Standard,499,2025-05-11,2026-01-01,Active,True
SUB004352,USR003809,Standard,499,2025-05-22,2025-09-10,Cancelled,False
SUB004353,USR003809,Standard,499,2025-09-11,2026-01-01,Active,True
SUB004354,USR003810,Premium,799,2025-03-10,2025-09-19,Cancelled,True
SUB004355,USR003811,Premium,799,2025-06-04,2026-01-01,Active,True
SUB004356,USR003812,Standard,499,2025-06-28,2025-10-01,Expired,True
SUB004357,USR003813,Basic,299,2025-03-14,2025-08-03,Expired,False
SUB004358,USR003813,Mobile,149,2025-08-04,2026-01-01,Active,True
SUB004359,USR003814,Standard,499,2025-06-04,2026-01-01,Active,True
SUB004360,USR003815,Premium,799,2025-03-21,2025-07-08,Expired,True
SUB004361,USR003816,Premium,799,2025-04-21,2026-01-01,Active,False
SUB004362,USR003817,Standard,499,2025-03-02,2025-08-22,Cancelled,True
SUB004363,USR003817,Mobile,149,2025-08-23,2025-12-25,Cancelled,True
SUB004364,USR003818,Standard,499,2025-03-02,2026-01-01,Active,True
SUB004365,USR003819,Basic,299,2025-03-28,2026-01-01,Active,True
SUB004366,USR003820,Standard,499,2025-04-18,2025-11-20,Expired,False
SUB004367,USR003820,Basic,299,2025-11-21,2026-01-01,Active,False
SUB004368,USR003821,Mobile,149,2025-02-25,2025-10-27,Cancelled,False
SUB004369,USR003821,Premium,799,2025-10-28,2026-01-01,Active,True
SUB004370,USR003822,Standard,499,2025-05-11,2025-11-27,Cancelled,True
SUB004371,USR003823,Premium,799,2025-02-20,2025-07-21,Expired,True
SUB004372,USR003824,Standard,499,2025-04-30,2026-01-01,Active,True
SUB004373,USR003825,Standard,499,2025-05-22,2025-11-07,Cancelled,True
SUB004374,USR003826,Basic,299,2025-03-22,2025-08-26,Cancelled,True
SUB004375,USR003827,Mobile,149,2025-06-29,2026-01-01,Active,False
SUB004376,USR003828,Standard,499,2025-04-16,2025-10-05,Expired,True
SUB004377,USR003829,Standard,499,2025-04-18,2026-01-01,Active,True
SUB004378,USR003830,Basic,299,2025-06-02,2025-12-26,Cancelled,True
SUB004379,USR003831,Mobile,149,2025-05-15,2026-01-01,Active,False
SUB004380,USR003832,Basic,299,2025-04-23,2026-01-01,Active,True
SUB004381,USR003833,Standard,499,2025-02-02,2025-09-26,Cancelled,False
SUB004382,USR003833,Standard,499,2025-09-27,2026-01-01,Active,False
SUB004383,USR003834,Premium,799,2025-05-05,2025-11-21,Expired,True
SUB004384,USR003835,Standard,499,2025-01-23,2025-04-23,Expired,True
SUB004385,USR003836,Basic,299,2025-03-02,2025-09-29,Expired,True
SUB004386,USR003837,Mobile,149,2025-02-12,2025-07-14,Expired,True
SUB004387,USR003838,Mobile,149,2025-05-13,2025-09-15,Expired,False
SUB004388,USR003838,Premium,799,2025-09-16,2026-01-01,Active,True
SUB004389,USR003839,Basic,299,2025-03-22,2026-01-01,Active,True
SUB004390,USR003840,Standard,499,2025-05-04,2026-01-01,Active,True
SUB004391,USR003841,Mobile,149,2025-02-17,2025-10-18,Cancelled,False
SUB004392,USR003841,Mobile,149,2025-10-19,2026-01-01,Active,True
SUB004393,USR003842,Mobile,149,2025-03-12,2025-08-31,Cancelled,True
SUB004394,USR003843,Mobile,149,2025-02-19,2026-01-01,Active,False
SUB004395,USR003844,Standard,499,2025-07-27,2026-01-01,Active,True
SUB004396,USR003845,Basic,299,2025-03-02,2026-01-01,Active,True
SUB004397,USR003846,Premium,799,2025-03-07,2025-11-01,Cancelled,False
SUB004398,USR003846,Standard,499,2025-11-02,2026-01-01,Active,True
SUB004399,USR003847,Basic,299,2025-07-01,2025-12-20,Cancelled,True
SUB004400,USR003848,Standard,499,2025-05-03,2026-01-01,Active,True
SUB004401,USR003849,Standard,499,2025-05-08,2026-01-01,Active,True
SUB004402,USR003850,Basic,299,2025-03-09,2026-01-01,Active,True
SUB004403,USR003851,Premium,799,2025-05-12,2026-01-01,Active,True
SUB004404,USR003852,Premium,799,2025-03-20,2025-11-07,Cancelled,True
SUB004405,USR003853,Basic,299,2025-05-09,2025-12-04,Cancelled,True
SUB004406,USR003854,Standard,499,2025-06-05,2026-01-01,Active,True
SUB004407,USR003855,Standard,499,2025-04-11,2026-01-01,Active,True
SUB004408,USR003856,Mobile,149,2025-07-24,2026-01-01,Active,False
SUB004409,USR003857,Basic,299,2025-05-23,2026-01-01,Active,True
SUB004410,USR003858,Premium,799,2025-04-09,2025-12-31,Expired,True
SUB004411,USR003859,Standard,499,2025-08-28,2026-01-01,Active,True
SUB004412,USR003860,Standard,499,2025-01-29,2025-06-03,Expired,True
SUB004413,USR003861,Standard,499,2025-03-10,2025-12-26,Expired,True
SUB004414,USR003862,Standard,499,2025-05-15,2025-11-07,Cancelled,True
SUB004415,USR003863,Basic,299,2025-05-03,2026-01-01,Active,True
SUB004416,USR003864,Standard,499,2025-01-11,2025-10-23,Cancelled,True
SUB004417,USR003865,Premium,799,2025-04-02,2025-07-01,Cancelled,True
SUB004418,USR003866,Standard,499,2025-05-23,2026-01-01,Active,True
SUB004419,USR003867,Standard,499,2025-04-20,2025-09-13,Cancelled,False
SUB004420,USR003868,Basic,299,2025-07-04,2026-01-01,Active,True
SUB004421,USR003869,Mobile,149,2025-03-17,2026-01-01,Active,True
SUB004422,USR003870,Premium,799,2025-07-26,2026-01-01,Active,True
SUB004423,USR003871,Standard,499,2025-03-29,2025-11-09,Cancelled,False
SUB004424,USR003872,Basic,299,2025-06-06,2025-09-22,Cancelled,True
SUB004425,USR003873,Mobile,149,2025-03-12,2025-11-04,Expired,False
SUB004426,USR003873,Premium,799,2025-11-05,2026-01-01,Active,True
SUB004427,USR003874,Premium,799,2025-09-06,2026-01-01,Active,True
SUB004428,USR003875,Mobile,149,2025-03-22,2025-10-10,Expired,False
SUB004429,USR003876,Premium,799,2025-07-03,2026-01-01,Active,True
SUB004430,USR003877,Premium,799,2025-04-15,2025-11-27,Cancelled,False
SUB004431,USR003878,Mobile,149,2025-08-21,2026-01-01,Active,True
SUB004432,USR003879,Mobile,149,2025-02-26,2025-11-29,Cancelled,False
SUB004433,USR003880,Standard,499,2025-05-30,2025-12-01,Cancelled,False
SUB004434,USR003880,Mobile,149,2025-12-02,2026-01-01,Active,True
SUB004435,USR003881,Basic,299,2025-08-21,2026-01-01,Active,True
SUB004436,USR003882,Standard,499,2025-04-23,2026-01-01,Active,True
SUB004437,USR003883,Basic,299,2025-05-04,2025-11-29,Cancelled,True
SUB004438,USR003884,Mobile,149,2025-04-01,2026-01-01,Active,True
SUB004439,USR003885,Mobile,149,2025-01-16,2025-05-04,Cancelled,True
SUB004440,USR003886,Premium,799,2025-02-01,2026-01-01,Active,False
SUB004441,USR003887,Standard,499,2025-06-14,2026-01-01,Active,False
SUB004442,USR003888,Standard,499,2025-03-27,2026-01-01,Active,True
SUB004443,USR003889,Mobile,149,2025-03-03,2025-10-22,Expired,True
SUB004444,USR003890,Standard,499,2025-10-23,2026-01-01,Active,True
SUB004445,USR003891,Standard,499,2025-02-10,2025-10-08,Cancelled,False
SUB004446,USR003892,Standard,499,2025-03-21,2025-06-27,Expired,True
SUB004447,USR003893,Mobile,149,2025-01-10,2025-05-17,Cancelled,True
SUB004448,USR003893,Standard,499,2025-05-18,2025-09-25,Cancelled,True
SUB004449,USR003894,Basic,299,2025-02-11,2025-05-16,Cancelled,True
SUB004450,USR003894,Standard,499,2025-05-17,2025-11-24,Expired,True
SUB004451,USR003895,Basic,299,2025-06-20,2026-01-01,Active,True
SUB004452,USR003896,Standard,499,2025-04-06,2025-11-18,Cancelled,True
SUB004453,USR003896,Basic,299,2025-11-19,2026-01-01,Active,True
SUB004454,USR003897,Basic,299,2025-06-01,2026-01-01,Active,True
SUB004455,USR003898,Basic,299,2025-07-09,2025-12-25,Cancelled,True
SUB004456,USR003898,Basic,299,2025-12-26,2026-01-01,Active,True
SUB004457,USR003899,Mobile,149,2025-03-18,2025-07-26,Expired,True
SUB004458,USR003899,Standard,499,2025-07-27,2025-10-19,Expired,True
SUB004459,USR003900,Mobile,149,2025-02-07,2025-07-04,Cancelled,True
SUB004460,USR003901,Basic,299,2025-04-15,2025-12-27,Cancelled,True
SUB004461,USR003902,Premium,799,2025-05-10,2025-11-11,Expired,True
SUB004462,USR003902,Mobile,149,2025-11-12,2026-01-01,Active,True
SUB004463,USR003903,Premium,799,2025-05-14,2025-11-15,Cancelled,True
SUB004464,USR003904,Standard,499,2025-09-15,2026-01-01,Active,True
SUB004465,USR003905,Standard,499,2025-09-08,2026-01-01,Active,True
SUB004466,USR003906,Basic,299,2025-04-30,2025-08-15,Expired,True
SUB004467,USR003907,Standard,499,2025-03-24,2025-10-17,Cancelled,True
SUB004468,USR003908,Mobile,149,2025-03-01,2026-01-01,Active,False
SUB004469,USR003909,Basic,299,2025-07-11,2025-11-16,Cancelled,False
SUB004470,USR003910,Basic,299,2025-03-05,2025-07-03,Cancelled,False
SUB004471,USR003911,Basic,299,2025-06-06,2025-11-27,Expired,False
SUB004472,USR003912,Standard,499,2025-05-20,2025-10-26,Cancelled,True
SUB004473,USR003913,Premium,799,2025-03-12,2025-07-19,Expired,True
SUB004474,USR003914,Basic,299,2025-05-02,2025-10-15,Expired,True
SUB004475,USR003914,Mobile,149,2025-10-16,2026-01-01,Active,False
SUB004476,USR003915,Basic,299,2025-04-05,2026-01-01,Active,True
SUB004477,USR003916,Premium,799,2025-03-14,2026-01-01,Active,True
SUB004478,USR003917,Premium,799,2025-03-02,2025-10-20,Cancelled,False
SUB004479,USR003917,Mobile,149,2025-10-21,2026-01-01,Active,False
SUB004480,USR003918,Standard,499,2025-05-22,2025-10-28,Expired,True
SUB004481,USR003919,Mobile,149,2025-03-17,2026-01-01,Active,True
SUB004482,USR003920,Basic,299,2025-03-15,2025-12-27,Expired,True
SUB004483,USR003921,Basic,299,2025-03-16,2026-01-01,Active,True
SUB004484,USR003922,Premium,799,2025-04-16,2026-01-01,Active,True
SUB004485,USR003923,Basic,299,2025-07-13,2026-01-01,Active,True
SUB004486,USR003924,Premium,799,2025-03-14,2026-01-01,Active,True
SUB004487,USR003925,Mobile,149,2025-04-14,2025-11-17,Expired,True
SUB004488,USR003926,Basic,299,2025-07-15,2026-01-01,Active,True
SUB004489,USR003927,Premium,799,2025-03-28,2025-09-11,Expired,False
SUB004490,USR003928,Basic,299,2025-02-28,2025-12-20,Cancelled,False
SUB004491,USR003929,Premium,799,2025-04-04,2026-01-01,Active,True
SUB004492,USR003930,Mobile,149,2025-05-19,2025-08-27,Expired,True
SUB004493,USR003931,Mobile,149,2025-03-13,2026-01-01,Active,True
SUB004494,USR003932,Premium,799,2025-04-21,2026-01-01,Active,True
SUB004495,USR003933,Standard,499,2025-06-10,2025-09-18,Expired,True
SUB004496,USR003934,Mobile,149,2025-05-12,2026-01-01,Active,True
SUB004497,USR003935,Mobile,149,2025-01-16,2025-11-02,Expired,True
SUB004498,USR003935,Basic,299,2025-11-03,2026-01-01,Active,False
SUB004499,USR003936,Mobile,149,2025-07-01,2026-01-01,Active,True
SUB004500,USR003937,Premium,799,2025-02-27,2025-06-21,Cancelled,True
SUB004501,USR003938,Standard,499,2025-03-08,2025-09-09,Expired,True
SUB004502,USR003939,Standard,499,2025-04-29,2025-08-15,Expired,False
SUB004503,USR003940,Premium,799,2025-05-25,2026-01-01,Active,True
SUB004504,USR003941,Standard,499,2025-09-02,2026-01-01,Active,False
SUB004505,USR003942,Basic,299,2025-02-20,2025-12-20,Cancelled,True
SUB004506,USR003942,Basic,299,2025-12-21,2026-01-01,Active,True
SUB004507,USR003943,Premium,799,2025-05-11,2026-01-01,Active,False
SUB004508,USR003944,Mobile,149,2025-06-03,2025-10-31,Cancelled,False
SUB004509,USR003945,Standard,499,2025-03-29,2026-01-01,Active,True
SUB004510,USR003946,Basic,299,2025-07-23,2025-10-28,Cancelled,True
SUB004511,USR003947,Basic,299,2025-09-07,2026-01-01,Active,True
SUB004512,USR003948,Mobile,149,2025-05-11,2025-10-08,Expired,True
SUB004513,USR003948,Basic,299,2025-10-09,2025-12-13,Cancelled,True
SUB004514,USR003949,Basic,299,2025-02-04,2025-08-14,Cancelled,True
SUB004515,USR003949,Basic,299,2025-08-15,2026-01-01,Active,False
SUB004516,USR003950,Premium,799,2025-02-03,2026-01-01,Active,True
SUB004517,USR003951,Basic,299,2025-04-29,2026-01-01,Active,True
SUB004518,USR003952,Premium,799,2025-05-27,2025-09-24,Cancelled,True
SUB004519,USR003952,Basic,299,2025-09-25,2026-01-01,Active,True
SUB004520,USR003953,Basic,299,2025-07-11,2026-01-01,Active,False
SUB004521,USR003954,Basic,299,2025-04-21,2025-08-27,Expired,True
SUB004522,USR003954,Standard,499,2025-08-28,2026-01-01,Active,True
SUB004523,USR003955,Mobile,149,2025-04-05,2025-07-04,Cancelled,True
SUB004524,USR003956,Mobile,149,2025-05-01,2025-08-12,Cancelled,True
SUB004525,USR003957,Mobile,149,2025-04-27,2025-07-27,Cancelled,True
SUB004526,USR003958,Mobile,149,2025-03-22,2025-09-05,Cancelled,True
SUB004527,USR003958,Mobile,149,2025-09-06,2026-01-01,Active,True
SUB004528,USR003959,Mobile,149,2025-08-17,2026-01-01,Active,True
SUB004529,USR003960,Standard,499,2025-04-25,2026-01-01,Active,True
SUB004530,USR003961,Mobile,149,2025-02-04,2025-05-14,Expired,False
SUB004531,USR003962,Basic,299,2025-04-18,2026-01-01,Active,True
SUB004532,USR003963,Standard,499,2025-06-17,2026-01-01,Active,True
SUB004533,USR003964,Standard,499,2025-05-16,2025-10-17,Cancelled,False
SUB004534,USR003965,Premium,799,2025-03-11,2025-08-15,Expired,True
SUB004535,USR003966,Standard,499,2025-08-17,2025-12-04,Cancelled,False
SUB004536,USR003967,Premium,799,2025-06-09,2026-01-01,Active,True
SUB004537,USR003968,Basic,299,2025-02-20,2025-11-06,Cancelled,False
SUB004538,USR003968,Standard,499,2025-11-07,2026-01-01,Active,True
SUB004539,USR003969,Standard,499,2025-02-06,2025-09-12,Cancelled,False
SUB004540,USR003970,Basic,299,2025-03-15,2025-10-31,Expired,True
SUB004541,USR003971,Mobile,149,2025-01-14,2025-05-05,Cancelled,True
SUB004542,USR003972,Basic,299,2025-08-04,2025-12-15,Expired,True
SUB004543,USR003973,Standard,499,2025-04-12,2025-11-02,Expired,False
SUB004544,USR003974,Standard,499,2025-02-08,2025-05-27,Cancelled,True
SUB004545,USR003975,Basic,299,2025-04-20,2026-01-01,Active,True
SUB004546,USR003976,Standard,499,2025-02-08,2025-07-01,Cancelled,True
SUB004547,USR003977,Standard,499,2025-06-18,2025-09-22,Cancelled,True
SUB004548,USR003978,Standard,499,2025-05-28,2026-01-01,Active,False
SUB004549,USR003979,Premium,799,2025-05-26,2026-01-01,Active,True
SUB004550,USR003980,Mobile,149,2025-04-28,2025-08-31,Cancelled,True
SUB004551,USR003980,Standard,499,2025-09-01,2026-01-01,Active,True
SUB004552,USR003981,Standard,499,2025-05-18,2026-01-01,Active,True
SUB004553,USR003982,Basic,299,2025-03-30,2026-01-01,Active,False
SUB004554,USR003983,Standard,499,2025-06-22,2026-01-01,Active,True
SUB004555,USR003984,Mobile,149,2025-06-06,2026-01-01,Active,False
SUB004556,USR003985,Mobile,149,2025-04-26,2026-01-01,Active,True
SUB004557,USR003986,Basic,299,2025-07-11,2026-01-01,Active,False
SUB004558,USR003987,Basic,299,2025-06-20,2026-01-01,Active,True
SUB004559,USR003988,Basic,299,2025-02-17,2026-01-01,Active,True
SUB004560,USR003989,Premium,799,2025-02-18,2025-08-28,Expired,True
SUB004561,USR003990,Basic,299,2025-02-07,2025-05-19,Cancelled,False
SUB004562,USR003990,Basic,299,2025-05-20,2025-12-01,Expired,False
SUB004563,USR003991,Standard,499,2025-03-02,2025-11-16,Cancelled,True
SUB004564,USR003992,Premium,799,2025-05-13,2025-09-19,Expired,True
SUB004565,USR003993,Basic,299,2025-09-14,2026-01-01,Active,False
SUB004566,USR003994,Mobile,149,2025-04-20,2025-08-09,Expired,True
SUB004567,USR003994,Standard,499,2025-08-10,2026-01-01,Active,True
SUB004568,USR003995,Basic,299,2025-04-29,2026-01-01,Active,True
SUB004569,USR003996,Basic,299,2025-05-27,2025-12-25,Expired,False
SUB004570,USR003997,Standard,499,2025-05-18,2025-10-31,Expired,True
SUB004571,USR003998,Basic,299,2025-03-11,2025-09-19,Expired,True
SUB004572,USR003998,Mobile,149,2025-09-20,2026-01-01,Active,True
SUB004573,USR003999,Basic,299,2025-03-23,2025-12-17,Cancelled,True
SUB004574,USR003999,Premium,799,2025-12-18,2026-01-01,Active,True
SUB004575,USR004000,Standard,499,2025-05-17,2026-01-01,Active,True
SUB004576,USR004001,Standard,499,2025-03-23,2025-07-19,Expired,True
SUB004577,USR004002,Premium,799,2025-03-28,2025-12-14,Cancelled,True
SUB004578,USR004003,Premium,799,2025-03-27,2025-12-05,Expired,False
SUB004579,USR004004,Standard,499,2025-06-10,2026-01-01,Active,True
SUB004580,USR004005,Basic,299,2025-03-02,2026-01-01,Active,True
SUB004581,USR004006,Mobile,149,2025-03-19,2025-09-17,Expired,True
SUB004582,USR004006,Mobile,149,2025-09-18,2026-01-01,Active,False
SUB004583,USR004007,Basic,299,2025-08-27,2026-01-01,Active,True
SUB004584,USR004008,Basic,299,2025-06-05,2025-10-05,Expired,True
SUB004585,USR004009,Standard,499,2025-02-26,2025-08-15,Expired,True
SUB004586,USR004009,Basic,299,2025-08-16,2026-01-01,Active,True
SUB004587,USR004010,Mobile,149,2025-05-12,2026-01-01,Active,True
SUB004588,USR004011,Basic,299,2025-03-04,2025-07-02,Expired,True
SUB004589,USR004011,Premium,799,2025-07-03,2025-12-10,Cancelled,True
SUB004590,USR004012,Standard,499,2025-09-04,2026-01-01,Active,True
SUB004591,USR004013,Standard,499,2025-02-20,2025-06-21,Cancelled,True
SUB004592,USR004014,Standard,499,2025-02-24,2025-11-09,Expired,False
SUB004593,USR004015,Basic,299,2025-06-02,2026-01-01,Active,True
SUB004594,USR004016,Basic,299,2025-03-13,2025-06-11,Cancelled,True
SUB004595,USR004017,Basic,299,2025-07-15,2025-12-14,Expired,True
SUB004596,USR004017,Premium,799,2025-12-15,2026-01-01,Active,True
SUB004597,USR004018,Standard,499,2025-05-10,2026-01-01,Active,True
SUB004598,USR004019,Standard,499,2025-07-06,2026-01-01,Active,False
SUB004599,USR004020,Mobile,149,2025-02-21,2025-09-13,Expired,True
SUB004600,USR004020,Basic,299,2025-09-14,2026-01-01,Active,True
SUB004601,USR004021,Standard,499,2025-02-22,2025-10-02,Cancelled,True
SUB004602,USR004022,Standard,499,2025-04-25,2026-01-01,Active,False
SUB004603,USR004023,Basic,299,2025-06-06,2026-01-01,Active,True
SUB004604,USR004024,Basic,299,2025-01-23,2025-09-22,Cancelled,True
SUB004605,USR004025,Standard,499,2025-06-07,2026-01-01,Active,True
SUB004606,USR004026,Basic,299,2025-05-11,2026-01-01,Active,True
SUB004607,USR004027,Standard,499,2025-05-25,2026-01-01,Active,True
SUB004608,USR004028,Premium,799,2025-03-15,2025-06-18,Cancelled,False
SUB004609,USR004028,Standard,499,2025-06-19,2025-12-15,Expired,False
SUB004610,USR004029,Mobile,149,2025-07-15,2026-01-01,Active,True
SUB004611,USR004030,Basic,299,2025-02-03,2025-10-20,Cancelled,False
SUB004612,USR004030,Basic,299,2025-10-21,2026-01-01,Active,False
SUB004613,USR004031,Standard,499,2025-05-08,2025-12-03,Expired,True
SUB004614,USR004032,Basic,299,2025-06-14,2025-09-24,Cancelled,False
SUB004615,USR004033,Standard,499,2025-02-20,2025-09-20,Expired,True
SUB004616,USR004034,Mobile,149,2025-01-22,2025-09-12,Cancelled,True
SUB004617,USR004034,Premium,799,2025-09-13,2026-01-01,Active,False
SUB004618,USR004035,Mobile,149,2025-08-17,2026-01-01,Active,True
SUB004619,USR004036,Standard,499,2025-07-14,2026-01-01,Active,True
SUB004620,USR004037,Standard,499,2025-06-06,2025-09-27,Expired,True
SUB004621,USR004037,Premium,799,2025-09-28,2026-01-01,Active,False
SUB004622,USR004038,Mobile,149,2025-04-05,2026-01-01,Active,False
SUB004623,USR004039,Basic,299,2025-04-27,2026-01-01,Active,True
SUB004624,USR004040,Premium,799,2025-04-25,2025-09-05,Expired,False
SUB004625,USR004041,Premium,799,2025-06-18,2025-12-05,Cancelled,False
SUB004626,USR004042,Premium,799,2025-04-22,2025-09-02,Cancelled,False
SUB004627,USR004043,Mobile,149,2025-02-22,2025-10-19,Cancelled,True
SUB004628,USR004043,Premium,799,2025-10-20,2026-01-01,Active,True
SUB004629,USR004044,Basic,299,2025-02-19,2025-12-18,Cancelled,True
SUB004630,USR004044,Basic,299,2025-12-19,2026-01-01,Active,True
SUB004631,USR004045,Standard,499,2025-07-11,2026-01-01,Active,True
SUB004632,USR004046,Premium,799,2025-02-02,2025-11-20,Cancelled,False
SUB004633,USR004047,Mobile,149,2025-06-02,2026-01-01,Active,True
SUB004634,USR004048,Standard,499,2025-03-14,2025-08-15,Expired,True
SUB004635,USR004048,Standard,499,2025-08-16,2026-01-01,Active,True
SUB004636,USR004049,Standard,499,2025-01-16,2025-06-07,Expired,False
SUB004637,USR004050,Basic,299,2025-05-31,2026-01-01,Active,True
SUB004638,USR004051,Basic,299,2025-05-13,2026-01-01,Active,True
SUB004639,USR004052,Premium,799,2025-04-13,2025-09-27,Cancelled,False
SUB004640,USR004053,Standard,499,2025-03-15,2025-11-09,Cancelled,True
SUB004641,USR004054,Basic,299,2025-08-07,2026-01-01,Active,True
SUB004642,USR004055,Premium,799,2025-04-20,2025-09-06,Cancelled,True
SUB004643,USR004056,Premium,799,2025-03-30,2025-09-28,Cancelled,True
SUB004644,USR004057,Basic,299,2025-02-19,2026-01-01,Active,True
SUB004645,USR004058,Mobile,149,2025-02-17,2025-05-31,Expired,True
SUB004646,USR004059,Premium,799,2025-05-31,2026-01-01,Active,True
SUB004647,USR004060,Mobile,149,2025-03-27,2026-01-01,Active,False
SUB004648,USR004061,Basic,299,2025-01-05,2025-07-14,Cancelled,True
SUB004649,USR004062,Basic,299,2025-03-07,2025-06-09,Cancelled,False
SUB004650,USR004063,Standard,499,2025-06-22,2025-12-18,Cancelled,True
SUB004651,USR004064,Premium,799,2025-05-26,2026-01-01,Active,True
SUB004652,USR004065,Standard,499,2025-03-13,2025-11-07,Expired,False
SUB004653,USR004065,Standard,499,2025-11-08,2026-01-01,Active,True
SUB004654,USR004066,Standard,499,2025-09-05,2026-01-01,Active,True
SUB004655,USR004067,Standard,499,2025-02-12,2025-07-16,Expired,True
SUB004656,USR004068,Mobile,149,2025-02-05,2025-09-19,Cancelled,True
SUB004657,USR004069,Standard,499,2025-02-02,2025-08-09,Expired,False
SUB004658,USR004070,Basic,299,2025-03-02,2025-09-25,Expired,True
SUB004659,USR004071,Standard,499,2025-05-23,2026-01-01,Active,False
SUB004660,USR004072,Basic,299,2025-03-14,2026-01-01,Active,True
SUB004661,USR004073,Standard,499,2025-04-05,2025-10-11,Cancelled,False
SUB004662,USR004074,Standard,499,2025-01-23,2026-01-01,Active,True
SUB004663,USR004075,Standard,499,2025-07-19,2025-10-28,Expired,True
SUB004664,USR004076,Basic,299,2025-07-06,2026-01-01,Active,True
SUB004665,USR004077,Mobile,149,2025-03-29,2026-01-01,Active,False
SUB004666,USR004078,Basic,299,2025-04-03,2025-10-18,Expired,True
SUB004667,USR004079,Basic,299,2025-04-19,2025-10-12,Cancelled,True
SUB004668,USR004080,Basic,299,2025-05-12,2025-10-17,Cancelled,True
SUB004669,USR004080,Premium,799,2025-10-18,2026-01-01,Active,True
SUB004670,USR004081,Standard,499,2025-05-01,2025-11-05,Cancelled,True
SUB004671,USR004081,Premium,799,2025-11-06,2026-01-01,Active,False
SUB004672,USR004082,Basic,299,2025-04-24,2026-01-01,Active,False
SUB004673,USR004083,Basic,299,2025-03-31,2026-01-01,Active,True
SUB004674,USR004084,Standard,499,2025-02-17,2025-12-02,Cancelled,False
SUB004675,USR004084,Mobile,149,2025-12-03,2026-01-01,Active,True
SUB004676,USR004085,Standard,499,2025-04-29,2025-12-13,Expired,True
SUB004677,USR004085,Mobile,149,2025-12-14,2026-01-01,Active,False
SUB004678,USR004086,Premium,799,2025-03-22,2025-11-07,Cancelled,False
SUB004679,USR004087,Premium,799,2025-04-18,2026-01-01,Active,True
SUB004680,USR004088,Standard,499,2025-02-01,2025-06-26,Cancelled,False
SUB004681,USR004089,Standard,499,2025-03-23,2026-01-01,Active,True
SUB004682,USR004090,Standard,499,2025-03-02,2026-01-01,Active,True
SUB004683,USR004091,Standard,499,2025-05-28,2025-10-20,Expired,False
SUB004684,USR004092,Standard,499,2025-04-25,2025-08-17,Cancelled,True
SUB004685,USR004092,Basic,299,2025-08-18,2026-01-01,Active,True
SUB004686,USR004093,Standard,499,2025-03-06,2025-08-08,Cancelled,False
SUB004687,USR004094,Premium,799,2025-03-12,2025-11-11,Cancelled,False
SUB004688,USR004094,Mobile,149,2025-11-12,2026-01-01,Active,False
SUB004689,USR004095,Premium,799,2025-05-09,2026-01-01,Active,False
SUB004690,USR004096,Standard,499,2025-05-02,2026-01-01,Active,False
SUB004691,USR004097,Mobile,149,2025-04-13,2026-01-01,Active,True
SUB004692,USR004098,Mobile,149,2025-05-13,2026-01-01,Active,True
SUB004693,USR004099,Mobile,149,2025-06-26,2026-01-01,Active,False
SUB004694,USR004100,Mobile,149,2025-03-06,2025-06-05,Expired,True
SUB004695,USR004101,Mobile,149,2025-02-01,2025-08-13,Cancelled,True
SUB004696,USR004102,Standard,499,2025-05-21,2026-01-01,Active,False
SUB004697,USR004103,Standard,499,2025-03-15,2026-01-01,Active,True
SUB004698,USR004104,Standard,499,2025-05-20,2026-01-01,Active,True
SUB004699,USR004105,Premium,799,2025-06-06,2026-01-01,Active,True
SUB004700,USR004106,Standard,499,2025-04-25,2026-01-01,Active,True
SUB004701,USR004107,Mobile,149,2025-03-11,2026-01-01,Active,True
SUB004702,USR004108,Standard,499,2025-01-12,2025-04-28,Expired,False
SUB004703,USR004109,Basic,299,2025-02-12,2025-10-08,Cancelled,True
SUB004704,USR004110,Mobile,149,2025-02-22,2025-09-01,Cancelled,True
SUB004705,USR004111,Standard,499,2025-05-07,2026-01-01,Active,True
SUB004706,USR004112,Standard,499,2025-07-20,2026-01-01,Active,True
SUB004707,USR004113,Premium,799,2025-02-19,2025-11-20,Cancelled,True
SUB004708,USR004114,Premium,799,2025-04-25,2026-01-01,Active,False
SUB004709,USR004115,Premium,799,2025-03-26,2025-07-15,Expired,True
SUB004710,USR004116,Basic,299,2025-02-25,2026-01-01,Active,True
SUB004711,USR004117,Basic,299,2025-05-31,2026-01-01,Active,True
SUB004712,USR004118,Standard,499,2025-06-25,2026-01-01,Active,False
SUB004713,USR004119,Basic,299,2025-05-01,2025-11-09,Cancelled,True
SUB004714,USR004120,Basic,299,2025-05-23,2025-12-04,Cancelled,True
SUB004715,USR004121,Standard,499,2025-04-27,2026-01-01,Active,True
SUB004716,USR004122,Basic,299,2025-04-08,2026-01-01,Active,True
SUB004717,USR004123,Basic,299,2025-07-04,2026-01-01,Active,False
SUB004718,USR004124,Mobile,149,2025-02-15,2025-05-27,Expired,True
SUB004719,USR004125,Basic,299,2025-02-19,2025-10-30,Cancelled,False
SUB004720,USR004126,Basic,299,2025-01-11,2025-10-25,Cancelled,True
SUB004721,USR004127,Mobile,149,2025-05-04,2025-12-21,Expired,True
SUB004722,USR004128,Standard,499,2025-05-18,2025-10-24,Cancelled,True
SUB004723,USR004129,Mobile,149,2025-04-16,2026-01-01,Active,True
SUB004724,USR004130,Basic,299,2025-04-29,2025-12-02,Expired,True
SUB004725,USR004131,Basic,299,2025-03-02,2025-10-17,Expired,True
SUB004726,USR004131,Mobile,149,2025-10-18,2026-01-01,Active,False
SUB004727,USR004132,Standard,499,2025-03-18,2025-07-17,Cancelled,False
SUB004728,USR004132,Mobile,149,2025-07-18,2025-11-03,Cancelled,True
SUB004729,USR004133,Basic,299,2025-04-02,2026-01-01,Active,False
SUB004730,USR004134,Mobile,149,2025-02-20,2025-10-25,Cancelled,True
SUB004731,USR004135,Mobile,149,2025-02-17,2025-12-11,Expired,False
SUB004732,USR004135,Mobile,149,2025-12-12,2026-01-01,Active,True
SUB004733,USR004136,Mobile,149,2025-04-22,2026-01-01,Active,False
SUB004734,USR004137,Basic,299,2025-02-27,2026-01-01,Active,True
SUB004735,USR004138,Mobile,149,2025-05-15,2025-11-27,Cancelled,False
SUB004736,USR004139,Basic,299,2025-07-10,2026-01-01,Active,False
SUB004737,USR004140,Basic,299,2025-03-25,2026-01-01,Active,True
SUB004738,USR004141,Mobile,149,2025-04-26,2026-01-01,Active,False
SUB004739,USR004142,Premium,799,2025-02-01,2025-11-16,Expired,True
SUB004740,USR004142,Basic,299,2025-11-17,2026-01-01,Active,True
SUB004741,USR004143,Standard,499,2025-02-15,2025-05-27,Expired,True
SUB004742,USR004144,Mobile,149,2025-02-08,2025-08-19,Cancelled,True
SUB004743,USR004145,Mobile,149,2025-04-25,2025-12-09,Cancelled,True
SUB004744,USR004146,Standard,499,2025-05-23,2026-01-01,Active,True
SUB004745,USR004147,Basic,299,2025-03-01,2025-07-12,Cancelled,True
SUB004746,USR004147,Basic,299,2025-07-13,2026-01-01,Active,True
SUB004747,USR004148,Premium,799,2025-07-02,2026-01-01,Active,True
SUB004748,USR004149,Premium,799,2025-07-03,2026-01-01,Active,False
SUB004749,USR004150,Standard,499,2025-04-02,2025-08-13,Expired,True
SUB004750,USR004151,Basic,299,2025-04-21,2026-01-01,Active,True
SUB004751,USR004152,Mobile,149,2025-04-11,2026-01-01,Active,True
SUB004752,USR004153,Mobile,149,2025-04-13,2025-08-30,Expired,True
SUB004753,USR004154,Mobile,149,2025-01-16,2026-01-01,Active,True
SUB004754,USR004155,Mobile,149,2025-04-04,2026-01-01,Active,True
SUB004755,USR004156,Premium,799,2025-01-08,2026-01-01,Active,True
SUB004756,USR004157,Premium,799,2025-06-28,2026-01-01,Active,True
SUB004757,USR004158,Standard,499,2025-06-07,2026-01-01,Active,True
SUB004758,USR004159,Basic,299,2025-03-24,2026-01-01,Active,True
SUB004759,USR004160,Premium,799,2025-07-22,2025-12-13,Expired,True
SUB004760,USR004161,Basic,299,2025-08-14,2026-01-01,Active,True
SUB004761,USR004162,Premium,799,2025-03-18,2025-11-06,Cancelled,True
SUB004762,USR004163,Mobile,149,2025-05-31,2025-10-01,Expired,True
SUB004763,USR004164,Mobile,149,2025-07-06,2026-01-01,Active,True
SUB004764,USR004165,Basic,299,2025-03-14,2025-06-26,Expired,True
SUB004765,USR004166,Mobile,149,2025-01-31,2025-07-08,Expired,False
SUB004766,USR004166,Mobile,149,2025-07-09,2026-01-01,Active,True
SUB004767,USR004167,Basic,299,2025-04-22,2026-01-01,Active,True
SUB004768,USR004168,Basic,299,2025-04-28,2026-01-01,Active,False
SUB004769,USR004169,Basic,299,2025-05-05,2025-11-05,Expired,True
SUB004770,USR004170,Standard,499,2025-03-10,2025-11-11,Cancelled,True
SUB004771,USR004171,Premium,799,2025-03-20,2026-01-01,Active,False
SUB004772,USR004172,Basic,299,2025-01-21,2025-07-15,Expired,True
SUB004773,USR004173,Standard,499,2025-04-22,2026-01-01,Active,True
SUB004774,USR004174,Mobile,149,2025-07-19,2025-12-10,Expired,True
SUB004775,USR004175,Premium,799,2025-05-20,2026-01-01,Active,True
SUB004776,USR004176,Mobile,149,2025-01-29,2025-07-11,Expired,False
SUB004777,USR004177,Standard,499,2025-03-02,2025-08-11,Cancelled,False
SUB004778,USR004177,Basic,299,2025-08-12,2026-01-01,Active,False
SUB004779,USR004178,Standard,499,2025-03-15,2025-08-22,Cancelled,False
SUB004780,USR004179,Basic,299,2025-06-18,2026-01-01,Active,True
SUB004781,USR004180,Premium,799,2025-08-24,2026-01-01,Active,False
SUB004782,USR004181,Standard,499,2025-02-14,2026-01-01,Active,True
SUB004783,USR004182,Premium,799,2025-05-13,2026-01-01,Active,True
SUB004784,USR004183,Mobile,149,2025-05-29,2026-01-01,Active,False
SUB004785,USR004184,Premium,799,2025-01-20,2025-06-15,Cancelled,True
SUB004786,USR004185,Basic,299,2025-02-27,2025-09-27,Cancelled,False
SUB004787,USR004186,Basic,299,2025-07-11,2026-01-01,Active,False
SUB004788,USR004187,Mobile,149,2025-01-13,2025-11-04,Expired,True
SUB004789,USR004188,Mobile,149,2025-02-09,2025-10-11,Expired,False
SUB004790,USR004189,Premium,799,2025-08-16,2026-01-01,Active,False
SUB004791,USR004190,Basic,299,2025-04-30,2025-12-19,Expired,True
SUB004792,USR004190,Basic,299,2025-12-20,2026-01-01,Active,True
SUB004793,USR004191,Standard,499,2025-02-24,2026-01-01,Active,True
SUB004794,USR004192,Premium,799,2025-03-16,2026-01-01,Active,True
SUB004795,USR004193,Basic,299,2025-05-19,2025-09-16,Cancelled,False
SUB004796,USR004194,Standard,499,2025-06-29,2026-01-01,Active,True
SUB004797,USR004195,Premium,799,2025-06-30,2026-01-01,Active,True
SUB004798,USR004196,Basic,299,2025-02-05,2025-06-01,Expired,True
SUB004799,USR004197,Standard,499,2025-04-11,2026-01-01,Active,True
SUB004800,USR004198,Mobile,149,2025-03-04,2025-07-06,Cancelled,False
SUB004801,USR004199,Standard,499,2025-02-23,2025-10-22,Expired,True
SUB004802,USR004200,Basic,299,2025-04-08,2026-01-01,Active,False
SUB004803,USR004201,Mobile,149,2025-05-15,2025-12-11,Cancelled,True
SUB004804,USR004202,Standard,499,2025-02-20,2026-01-01,Active,True
SUB004805,USR004203,Basic,299,2025-02-23,2025-10-16,Cancelled,False
SUB004806,USR004204,Basic,299,2025-03-29,2026-01-01,Active,True
SUB004807,USR004205,Standard,499,2025-07-13,2026-01-01,Active,False
SUB004808,USR004206,Standard,499,2025-04-24,2025-08-23,Expired,False
SUB004809,USR004206,Standard,499,2025-08-24,2026-01-01,Active,True
SUB004810,USR004207,Premium,799,2025-02-16,2025-05-30,Cancelled,True
SUB004811,USR004208,Standard,499,2025-07-05,2026-01-01,Active,True
SUB004812,USR004209,Premium,799,2025-04-01,2026-01-01,Active,True
SUB004813,USR004210,Standard,499,2025-04-14,2026-01-01,Active,True
SUB004814,USR004211,Mobile,149,2025-04-23,2025-08-17,Expired,True
SUB004815,USR004212,Premium,799,2025-02-25,2025-08-17,Expired,False
SUB004816,USR004212,Mobile,149,2025-08-18,2026-01-01,Active,True
SUB004817,USR004213,Basic,299,2025-02-15,2025-08-03,Expired,True
SUB004818,USR004214,Premium,799,2025-01-13,2025-08-29,Cancelled,True
SUB004819,USR004215,Standard,499,2025-01-09,2025-06-26,Cancelled,True
SUB004820,USR004216,Mobile,149,2025-05-24,2026-01-01,Active,True
SUB004821,USR004217,Mobile,149,2025-03-23,2025-09-11,Expired,True
SUB004822,USR004218,Premium,799,2025-01-02,2025-05-26,Expired,True
SUB004823,USR004219,Standard,499,2025-08-18,2026-01-01,Active,False
SUB004824,USR004220,Basic,299,2025-06-07,2025-10-03,Cancelled,False
SUB004825,USR004221,Standard,499,2025-03-23,2025-12-13,Expired,False
SUB004826,USR004221,Premium,799,2025-12-14,2026-01-01,Active,False
SUB004827,USR004222,Standard,499,2025-07-28,2026-01-01,Active,False
SUB004828,USR004223,Premium,799,2025-05-29,2026-01-01,Active,False
SUB004829,USR004224,Standard,499,2025-04-09,2025-12-26,Expired,True
SUB004830,USR004225,Mobile,149,2025-01-28,2025-09-03,Expired,True
SUB004831,USR004226,Mobile,149,2025-04-02,2025-07-18,Cancelled,True
SUB004832,USR004226,Standard,499,2025-07-19,2026-01-01,Active,True
SUB004833,USR004227,Mobile,149,2025-04-03,2026-01-01,Active,True
SUB004834,USR004228,Mobile,149,2025-03-05,2025-12-05,Cancelled,True
SUB004835,USR004228,Premium,799,2025-12-06,2026-01-01,Active,True
SUB004836,USR004229,Standard,499,2025-04-27,2025-10-25,Expired,True
SUB004837,USR004230,Basic,299,2025-06-10,2025-10-19,Expired,True
SUB004838,USR004231,Premium,799,2025-04-05,2025-10-03,Cancelled,True
SUB004839,USR004232,Basic,299,2025-01-27,2025-06-06,Cancelled,False
SUB004840,USR004233,Mobile,149,2025-02-19,2026-01-01,Active,True
SUB004841,USR004234,Premium,799,2025-08-23,2026-01-01,Active,False
SUB004842,USR004235,Standard,499,2025-01-20,2025-12-25,Expired,True
SUB004843,USR004236,Mobile,149,2025-04-18,2026-01-01,Active,False
SUB004844,USR004237,Standard,499,2025-03-26,2026-01-01,Active,True
SUB004845,USR004238,Premium,799,2025-05-18,2026-01-01,Active,False
SUB004846,USR004239,Mobile,149,2025-04-20,2025-08-20,Cancelled,True
SUB004847,USR004240,Standard,499,2025-04-08,2026-01-01,Active,True
SUB004848,USR004241,Basic,299,2025-06-25,2025-12-16,Cancelled,True
SUB004849,USR004242,Mobile,149,2025-05-18,2026-01-01,Active,False
SUB004850,USR004243,Basic,299,2025-04-12,2025-11-11,Cancelled,True
SUB004851,USR004243,Standard,499,2025-11-12,2026-01-01,Active,True
SUB004852,USR004244,Mobile,149,2025-04-27,2025-09-20,Cancelled,True
SUB004853,USR004245,Standard,499,2025-07-20,2026-01-01,Active,True
SUB004854,USR004246,Standard,499,2025-04-15,2025-10-22,Expired,True
SUB004855,USR004247,Premium,799,2025-07-01,2026-01-01,Active,True
SUB004856,USR004248,Standard,499,2025-07-01,2025-10-16,Expired,True
SUB004857,USR004249,Mobile,149,2025-02-19,2026-01-01,Active,False
SUB004858,USR004250,Standard,499,2025-02-20,2025-11-24,Expired,True
SUB004859,USR004251,Mobile,149,2025-05-10,2025-12-21,Cancelled,True
SUB004860,USR004252,Mobile,149,2025-07-12,2026-01-01,Active,True
SUB004861,USR004253,Basic,299,2025-03-07,2025-09-18,Expired,True
SUB004862,USR004253,Standard,499,2025-09-19,2025-12-31,Cancelled,False
SUB004863,USR004254,Premium,799,2025-05-10,2025-12-26,Expired,True
SUB004864,USR004254,Standard,499,2025-12-27,2026-01-01,Active,True
SUB004865,USR004255,Premium,799,2025-05-20,2026-01-01,Active,False
SUB004866,USR004256,Standard,499,2025-01-11,2025-11-04,Expired,False
SUB004867,USR004257,Mobile,149,2025-05-25,2025-11-26,Expired,True
SUB004868,USR004257,Mobile,149,2025-11-27,2026-01-01,Active,True
SUB004869,USR004258,Basic,299,2025-03-07,2025-09-05,Expired,True
SUB004870,USR004259,Basic,299,2025-04-17,2026-01-01,Active,True
SUB004871,USR004260,Premium,799,2025-01-21,2025-07-04,Cancelled,False
SUB004872,USR004261,Premium,799,2025-03-07,2025-10-09,Expired,True
SUB004873,USR004262,Standard,499,2025-04-14,2026-01-01,Active,False
SUB004874,USR004263,Basic,299,2025-04-22,2026-01-01,Active,True
SUB004875,USR004264,Standard,499,2025-03-18,2025-12-19,Cancelled,True
SUB004876,USR004265,Standard,499,2025-04-06,2025-10-23,Cancelled,False
SUB004877,USR004266,Basic,299,2025-05-19,2025-11-24,Expired,True
SUB004878,USR004267,Standard,499,2025-04-24,2026-01-01,Active,False
SUB004879,USR004268,Premium,799,2025-02-12,2025-12-11,Expired,True
SUB004880,USR004269,Standard,499,2025-02-04,2025-05-16,Expired,True
SUB004881,USR004270,Basic,299,2025-06-18,2025-09-28,Cancelled,True
SUB004882,USR004271,Premium,799,2025-05-19,2025-08-23,Cancelled,True
SUB004883,USR004272,Mobile,149,2025-05-10,2026-01-01,Active,False
SUB004884,USR004273,Standard,499,2025-04-08,2025-11-04,Cancelled,True
SUB004885,USR004274,Mobile,149,2025-03-08,2025-08-02,Cancelled,False
SUB004886,USR004275,Standard,499,2025-03-01,2026-01-01,Active,False
SUB004887,USR004276,Mobile,149,2025-05-24,2025-11-03,Expired,False
SUB004888,USR004277,Standard,499,2025-02-23,2026-01-01,Active,True
SUB004889,USR004278,Standard,499,2025-04-29,2025-09-30,Cancelled,False
SUB004890,USR004279,Premium,799,2025-05-13,2026-01-01,Active,False
SUB004891,USR004280,Mobile,149,2025-02-11,2025-10-17,Cancelled,True
SUB004892,USR004281,Premium,799,2025-03-29,2025-08-09,Expired,True
SUB004893,USR004282,Premium,799,2025-05-23,2026-01-01,Active,False
SUB004894,USR004283,Mobile,149,2025-04-07,2026-01-01,Active,False
SUB004895,USR004284,Standard,499,2025-01-20,2025-05-21,Expired,True
SUB004896,USR004285,Basic,299,2025-07-22,2026-01-01,Active,True
SUB004897,USR004286,Standard,499,2025-04-11,2025-12-25,Cancelled,True
SUB004898,USR004286,Basic,299,2025-12-26,2026-01-01,Active,True
SUB004899,USR004287,Standard,499,2025-02-18,2026-01-01,Active,True
SUB004900,USR004288,Mobile,149,2025-07-29,2026-01-01,Active,False
SUB004901,USR004289,Basic,299,2025-02-05,2025-06-24,Expired,True
SUB004902,USR004290,Standard,499,2025-05-16,2025-11-17,Expired,True
SUB004903,USR004291,Standard,499,2025-04-24,2026-01-01,Active,True
SUB004904,USR004292,Standard,499,2025-03-09,2025-07-12,Expired,True
SUB004905,USR004293,Standard,499,2025-02-07,2025-10-06,Expired,False
SUB004906,USR004294,Standard,499,2025-06-24,2026-01-01,Active,False
SUB004907,USR004295,Standard,499,2025-03-27,2025-12-16,Expired,True
SUB004908,USR004296,Standard,499,2025-06-04,2026-01-01,Active,False
SUB004909,USR004297,Basic,299,2025-01-13,2025-05-30,Cancelled,True
SUB004910,USR004297,Premium,799,2025-05-31,2026-01-01,Active,True
SUB004911,USR004298,Standard,499,2025-06-17,2025-11-14,Cancelled,True
SUB004912,USR004299,Basic,299,2025-07-02,2026-01-01,Active,False
SUB004913,USR004300,Premium,799,2025-05-16,2026-01-01,Active,True
SUB004914,USR004301,Basic,299,2025-03-06,2025-07-06,Expired,True
SUB004915,USR004302,Basic,299,2025-03-29,2025-12-28,Expired,True
SUB004916,USR004302,Premium,799,2025-12-29,2026-01-01,Active,True
SUB004917,USR004303,Basic,299,2025-04-27,2026-01-01,Active,True
SUB004918,USR004304,Standard,499,2025-04-05,2025-09-12,Cancelled,True
SUB004919,USR004305,Standard,499,2025-03-16,2026-01-01,Active,False
SUB004920,USR004306,Mobile,149,2025-07-02,2026-01-01,Active,True
SUB004921,USR004307,Standard,499,2025-02-27,2025-09-05,Expired,False
SUB004922,USR004308,Mobile,149,2025-07-07,2026-01-01,Active,True
SUB004923,USR004309,Basic,299,2025-03-18,2026-01-01,Active,False
SUB004924,USR004310,Basic,299,2025-04-28,2025-10-27,Cancelled,True
SUB004925,USR004311,Basic,299,2025-06-22,2026-01-01,Active,True
SUB004926,USR004312,Standard,499,2025-02-21,2026-01-01,Active,True
SUB004927,USR004313,Standard,499,2025-03-04,2026-01-01,Active,True
SUB004928,USR004314,Basic,299,2025-03-26,2025-08-16,Expired,True
SUB004929,USR004315,Mobile,149,2025-04-18,2026-01-01,Active,True
SUB004930,USR004316,Basic,299,2025-08-10,2026-01-01,Active,False
SUB004931,USR004317,Basic,299,2025-01-21,2025-05-03,Expired,True
SUB004932,USR004318,Basic,299,2025-03-17,2025-10-04,Expired,True
SUB004933,USR004318,Standard,499,2025-10-05,2026-01-01,Active,True
SUB004934,USR004319,Mobile,149,2025-04-04,2026-01-01,Active,False
SUB004935,USR004320,Premium,799,2025-05-24,2025-09-24,Expired,True
SUB004936,USR004321,Standard,499,2025-04-02,2025-11-11,Expired,True
SUB004937,USR004321,Standard,499,2025-11-12,2026-01-01,Active,False
SUB004938,USR004322,Premium,799,2025-02-10,2026-01-01,Active,True
SUB004939,USR004323,Basic,299,2025-04-07,2025-08-30,Expired,False
SUB004940,USR004323,Standard,499,2025-08-31,2025-12-05,Cancelled,True
SUB004941,USR004324,Mobile,149,2025-02-21,2026-01-01,Active,True
SUB004942,USR004325,Basic,299,2025-06-17,2026-01-01,Active,True
SUB004943,USR004326,Basic,299,2025-08-16,2026-01-01,Active,True
SUB004944,USR004327,Standard,499,2025-04-26,2026-01-01,Active,False
SUB004945,USR004328,Standard,499,2025-02-04,2026-01-01,Active,True
SUB004946,USR004329,Standard,499,2025-02-17,2025-11-23,Expired,True
SUB004947,USR004330,Premium,799,2025-03-21,2025-11-30,Cancelled,False
SUB004948,USR004331,Mobile,149,2025-07-13,2026-01-01,Active,False
SUB004949,USR004332,Basic,299,2025-02-16,2026-01-01,Active,True
SUB004950,USR004333,Mobile,149,2025-02-23,2025-07-14,Expired,False
SUB004951,USR004333,Basic,299,2025-07-15,2025-11-13,Cancelled,True
SUB004952,USR004334,Standard,499,2025-01-18,2025-08-17,Expired,True
SUB004953,USR004335,Standard,499,2025-04-25,2026-01-01,Active,True
SUB004954,USR004336,Premium,799,2025-02-03,2025-11-11,Cancelled,False
SUB004955,USR004337,Basic,299,2025-02-08,2026-01-01,Active,False
SUB004956,USR004338,Premium,799,2025-07-01,2026-01-01,Active,True
SUB004957,USR004339,Premium,799,2025-04-27,2026-01-01,Active,True
SUB004958,USR004340,Mobile,149,2025-05-13,2025-09-25,Expired,True
SUB004959,USR004341,Standard,499,2025-02-26,2025-07-20,Expired,False
SUB004960,USR004342,Premium,799,2025-07-11,2026-01-01,Active,True
SUB004961,USR004343,Standard,499,2025-06-13,2026-01-01,Active,True
SUB004962,USR004344,Premium,799,2025-04-16,2025-09-12,Cancelled,True
SUB004963,USR004345,Premium,799,2025-02-17,2026-01-01,Active,False
SUB004964,USR004346,Mobile,149,2025-07-15,2026-01-01,Active,False
SUB004965,USR004347,Basic,299,2025-02-08,2025-09-05,Expired,True
SUB004966,USR004348,Basic,299,2025-04-23,2026-01-01,Active,True
SUB004967,USR004349,Basic,299,2025-01-27,2026-01-01,Active,True
SUB004968,USR004350,Mobile,149,2025-08-10,2026-01-01,Active,True
SUB004969,USR004351,Mobile,149,2025-04-05,2025-12-31,Expired,True
SUB004970,USR004352,Mobile,149,2025-02-05,2026-01-01,Active,True
SUB004971,USR004353,Basic,299,2025-01-27,2026-01-01,Active,True
SUB004972,USR004354,Mobile,149,2025-06-23,2026-01-01,Active,True
SUB004973,USR004355,Basic,299,2025-03-10,2025-11-13,Cancelled,False
SUB004974,USR004356,Standard,499,2025-01-11,2025-10-14,Cancelled,False
SUB004975,USR004357,Standard,499,2025-03-29,2026-01-01,Active,True
SUB004976,USR004358,Premium,799,2025-09-25,2026-01-01,Active,True
SUB004977,USR004359,Standard,499,2025-03-13,2025-10-27,Cancelled,True
SUB004978,USR004360,Basic,299,2025-09-16,2026-01-01,Active,True
SUB004979,USR004361,Basic,299,2025-08-01,2025-12-28,Expired,True
SUB004980,USR004362,Standard,499,2025-05-18,2026-01-01,Active,False
SUB004981,USR004363,Mobile,149,2025-02-25,2025-10-10,Expired,False
SUB004982,USR004364,Standard,499,2025-05-24,2026-01-01,Active,True
SUB004983,USR004365,Mobile,149,2025-03-29,2025-11-08,Expired,True
SUB004984,USR004365,Standard,499,2025-11-09,2026-01-01,Active,True
SUB004985,USR004366,Mobile,149,2025-04-28,2026-01-01,Active,True
SUB004986,USR004367,Mobile,149,2025-02-26,2026-01-01,Active,True
SUB004987,USR004368,Standard,499,2025-03-08,2025-09-26,Cancelled,True
SUB004988,USR004368,Standard,499,2025-09-27,2025-12-26,Expired,True
SUB004989,USR004369,Basic,299,2025-05-16,2025-08-30,Expired,True
SUB004990,USR004370,Basic,299,2025-05-01,2025-10-11,Expired,True
SUB004991,USR004371,Mobile,149,2025-01-15,2025-10-21,Cancelled,False
SUB004992,USR004372,Standard,499,2025-06-14,2026-01-01,Active,False
SUB004993,USR004373,Mobile,149,2025-04-03,2025-11-07,Expired,True
SUB004994,USR004373,Premium,799,2025-11-08,2026-01-01,Active,True
SUB004995,USR004374,Premium,799,2025-02-23,2026-01-01,Active,True
SUB004996,USR004375,Basic,299,2025-07-04,2026-01-01,Active,True
SUB004997,USR004376,Standard,499,2025-03-31,2025-12-27,Cancelled,True
SUB004998,USR004377,Basic,299,2025-03-31,2025-10-23,Expired,False
SUB004999,USR004378,Basic,299,2025-05-29,2025-09-17,Expired,True
SUB005000,USR004379,Basic,299,2025-03-23,2026-01-01,Active,True
SUB005001,USR004380,Mobile,149,2025-01-16,2025-06-28,Expired,True
SUB005002,USR004381,Standard,499,2025-02-17,2025-05-20,Cancelled,True
SUB005003,USR004382,Mobile,149,2025-06-26,2025-11-10,Expired,True
SUB005004,USR004383,Standard,499,2025-02-07,2025-12-22,Cancelled,True
SUB005005,USR004383,Mobile,149,2025-12-23,2026-01-01,Active,False
SUB005006,USR004384,Basic,299,2025-05-17,2026-01-01,Active,True
SUB005007,USR004385,Basic,299,2025-05-07,2026-01-01,Active,True
SUB005008,USR004386,Basic,299,2025-05-22,2026-01-01,Active,False
SUB005009,USR004387,Mobile,149,2025-04-08,2026-01-01,Active,True
SUB005010,USR004388,Premium,799,2025-02-16,2026-01-01,Active,True
SUB005011,USR004389,Premium,799,2025-03-23,2026-01-01,Active,True
SUB005012,USR004390,Mobile,149,2025-03-25,2025-11-18,Cancelled,False
SUB005013,USR004391,Basic,299,2025-07-21,2026-01-01,Active,True
SUB005014,USR004392,Mobile,149,2025-06-07,2026-01-01,Active,True
SUB005015,USR004393,Standard,499,2025-02-19,2025-06-10,Cancelled,True
SUB005016,USR004393,Standard,499,2025-06-11,2025-10-11,Expired,False
SUB005017,USR004394,Basic,299,2025-05-31,2026-01-01,Active,False
SUB005018,USR004395,Mobile,149,2025-01-27,2025-09-19,Cancelled,False
SUB005019,USR004396,Mobile,149,2025-04-27,2026-01-01,Active,True
SUB005020,USR004397,Mobile,149,2025-04-18,2025-09-06,Cancelled,True
SUB005021,USR004398,Mobile,149,2025-02-24,2026-01-01,Active,True
SUB005022,USR004399,Premium,799,2025-01-27,2025-05-31,Expired,True
SUB005023,USR004400,Standard,499,2025-02-19,2025-07-02,Cancelled,True
SUB005024,USR004401,Mobile,149,2025-02-21,2025-09-19,Cancelled,False
SUB005025,USR004401,Premium,799,2025-09-20,2026-01-01,Active,True
SUB005026,USR004402,Standard,499,2025-02-19,2025-11-18,Expired,True
SUB005027,USR004403,Standard,499,2025-05-25,2026-01-01,Active,True
SUB005028,USR004404,Premium,799,2025-01-15,2026-01-01,Active,True
SUB005029,USR004405,Basic,299,2025-07-02,2026-01-01,Active,True
SUB005030,USR004406,Basic,299,2025-02-16,2026-01-01,Active,True
SUB005031,USR004407,Standard,499,2025-05-06,2025-10-23,Cancelled,True
SUB005032,USR004408,Standard,499,2025-05-25,2025-09-21,Cancelled,True
SUB005033,USR004409,Standard,499,2025-06-28,2026-01-01,Active,True
SUB005034,USR004410,Standard,499,2025-05-29,2025-09-08,Cancelled,True
SUB005035,USR004411,Basic,299,2025-03-09,2026-01-01,Active,False
SUB005036,USR004412,Standard,499,2025-02-26,2025-09-24,Cancelled,True
SUB005037,USR004413,Basic,299,2025-05-31,2025-12-19,Cancelled,False
SUB005038,USR004413,Mobile,149,2025-12-20,2026-01-01,Active,False
SUB005039,USR004414,Mobile,149,2025-06-13,2026-01-01,Active,True
SUB005040,USR004415,Mobile,149,2025-04-15,2025-12-14,Expired,True
SUB005041,USR004416,Standard,499,2025-02-14,2025-09-12,Expired,True
SUB005042,USR004417,Standard,499,2025-04-03,2025-07-15,Cancelled,True
SUB005043,USR004417,Premium,799,2025-07-16,2026-01-01,Active,True
SUB005044,USR004418,Premium,799,2025-05-13,2026-01-01,Active,True
SUB005045,USR004419,Basic,299,2025-02-10,2025-10-16,Expired,True
SUB005046,USR004420,Basic,299,2025-05-08,2026-01-01,Active,True
SUB005047,USR004421,Standard,499,2025-03-10,2026-01-01,Active,True
SUB005048,USR004422,Mobile,149,2025-03-05,2025-07-25,Expired,True
SUB005049,USR004423,Mobile,149,2025-04-12,2026-01-01,Active,False
SUB005050,USR004424,Standard,499,2025-06-27,2026-01-01,Active,True
SUB005051,USR004425,Premium,799,2025-05-28,2025-12-10,Cancelled,True
SUB005052,USR004426,Standard,499,2025-05-12,2025-12-05,Expired,True
SUB005053,USR004427,Mobile,149,2025-10-02,2026-01-01,Active,False
SUB005054,USR004428,Basic,299,2025-06-27,2026-01-01,Active,True
SUB005055,USR004429,Basic,299,2025-04-13,2026-01-01,Active,False
SUB005056,USR004430,Basic,299,2025-03-26,2026-01-01,Active,True
SUB005057,USR004431,Standard,499,2025-06-08,2026-01-01,Active,False
SUB005058,USR004432,Standard,499,2025-05-13,2025-11-25,Cancelled,False
SUB005059,USR004432,Mobile,149,2025-11-26,2026-01-01,Active,True
SUB005060,USR004433,Premium,799,2025-02-05,2026-01-01,Active,True
SUB005061,USR004434,Mobile,149,2025-03-07,2025-10-29,Expired,True
SUB005062,USR004435,Mobile,149,2025-02-05,2025-11-08,Expired,True
SUB005063,USR004435,Standard,499,2025-11-09,2026-01-01,Active,False
SUB005064,USR004436,Basic,299,2025-02-15,2025-06-17,Cancelled,True
SUB005065,USR004436,Standard,499,2025-06-18,2026-01-01,Active,True
SUB005066,USR004437,Standard,499,2025-03-07,2025-11-04,Cancelled,False
SUB005067,USR004437,Basic,299,2025-11-05,2026-01-01,Active,False
SUB005068,USR004438,Mobile,149,2025-03-30,2026-01-01,Active,False
SUB005069,USR004439,Premium,799,2025-03-12,2025-09-07,Expired,False
SUB005070,USR004439,Premium,799,2025-09-08,2026-01-01,Active,True
SUB005071,USR004440,Basic,299,2025-03-11,2026-01-01,Active,True
SUB005072,USR004441,Premium,799,2025-05-05,2026-01-01,Active,True
SUB005073,USR004442,Mobile,149,2025-04-10,2025-09-07,Expired,False
SUB005074,USR004443,Mobile,149,2025-07-11,2026-01-01,Active,True
SUB005075,USR004444,Basic,299,2025-05-28,2026-01-01,Active,False
SUB005076,USR004445,Basic,299,2025-05-09,2026-01-01,Active,True
SUB005077,USR004446,Premium,799,2025-06-14,2026-01-01,Active,True
SUB005078,USR004447,Basic,299,2025-02-16,2025-08-09,Expired,True
SUB005079,USR004448,Basic,299,2025-05-24,2026-01-01,Active,True
SUB005080,USR004449,Mobile,149,2025-03-05,2025-11-03,Expired,True
SUB005081,USR004449,Mobile,149,2025-11-04,2026-01-01,Active,True
SUB005082,USR004450,Standard,499,2025-07-05,2026-01-01,Active,True
SUB005083,USR004451,Basic,299,2025-04-25,2026-01-01,Active,True
SUB005084,USR004452,Mobile,149,2025-03-08,2026-01-01,Active,True
SUB005085,USR004453,Standard,499,2025-07-22,2026-01-01,Active,True
SUB005086,USR004454,Standard,499,2025-05-22,2025-12-12,Cancelled,True
SUB005087,USR004455,Standard,499,2025-03-28,2025-11-08,Expired,False
SUB005088,USR004455,Premium,799,2025-11-09,2026-01-01,Active,False
SUB005089,USR004456,Basic,299,2025-08-16,2026-01-01,Active,False
SUB005090,USR004457,Basic,299,2025-08-03,2026-01-01,Active,False
SUB005091,USR004458,Basic,299,2025-04-05,2025-08-22,Cancelled,True
SUB005092,USR004459,Basic,299,2025-01-16,2026-01-01,Active,True
SUB005093,USR004460,Standard,499,2025-03-27,2025-10-17,Cancelled,True
SUB005094,USR004460,Premium,799,2025-10-18,2026-01-01,Active,True
SUB005095,USR004461,Standard,499,2025-05-26,2026-01-01,Active,False
SUB005096,USR004462,Standard,499,2025-03-21,2025-10-11,Expired,False
SUB005097,USR004463,Standard,499,2025-02-13,2025-11-03,Cancelled,True
SUB005098,USR004464,Standard,499,2025-04-23,2026-01-01,Active,True
SUB005099,USR004465,Standard,499,2025-03-10,2025-06-30,Cancelled,True
SUB005100,USR004465,Basic,299,2025-07-01,2025-11-15,Expired,True
SUB005101,USR004466,Mobile,149,2025-06-07,2026-01-01,Active,True
SUB005102,USR004467,Premium,799,2025-01-22,2026-01-01,Active,True
SUB005103,USR004468,Premium,799,2025-07-17,2025-11-11,Expired,True
SUB005104,USR004469,Premium,799,2025-06-19,2026-01-01,Active,True
SUB005105,USR004470,Premium,799,2025-01-27,2026-01-01,Active,True
SUB005106,USR004471,Premium,799,2025-02-19,2025-06-20,Cancelled,False
SUB005107,USR004471,Basic,299,2025-06-21,2025-12-23,Expired,False
SUB005108,USR004472,Premium,799,2025-04-01,2025-11-25,Expired,True
SUB005109,USR004473,Mobile,149,2025-07-15,2026-01-01,Active,True
SUB005110,USR004474,Premium,799,2025-03-04,2025-07-17,Cancelled,True
SUB005111,USR004475,Basic,299,2025-03-30,2025-11-13,Cancelled,False
SUB005112,USR004475,Standard,499,2025-11-14,2026-01-01,Active,True
SUB005113,USR004476,Basic,299,2025-06-08,2025-11-06,Expired,False
SUB005114,USR004477,Mobile,149,2025-04-23,2025-11-03,Expired,True
SUB005115,USR004478,Basic,299,2025-04-05,2025-07-05,Expired,False
SUB005116,USR004479,Basic,299,2025-02-19,2025-06-04,Expired,True
SUB005117,USR004480,Standard,499,2025-05-29,2025-10-23,Cancelled,False
SUB005118,USR004481,Mobile,149,2025-07-19,2026-01-01,Active,True
SUB005119,USR004482,Mobile,149,2025-06-01,2026-01-01,Active,True
SUB005120,USR004483,Basic,299,2025-04-10,2026-01-01,Active,True
SUB005121,USR004484,Basic,299,2025-05-09,2025-09-07,Expired,True
SUB005122,USR004485,Premium,799,2025-03-23,2026-01-01,Active,True
SUB005123,USR004486,Standard,499,2025-05-26,2026-01-01,Active,True
SUB005124,USR004487,Basic,299,2025-05-14,2025-08-26,Expired,False
SUB005125,USR004488,Standard,499,2025-05-06,2026-01-01,Active,True
SUB005126,USR004489,Mobile,149,2025-03-25,2025-10-16,Expired,False
SUB005127,USR004490,Mobile,149,2025-04-14,2026-01-01,Active,False
SUB005128,USR004491,Premium,799,2025-03-08,2025-12-19,Cancelled,True
SUB005129,USR004492,Mobile,149,2025-05-04,2025-12-13,Expired,False
SUB005130,USR004492,Standard,499,2025-12-14,2026-01-01,Active,True
SUB005131,USR004493,Basic,299,2025-03-29,2026-01-01,Active,False
SUB005132,USR004494,Basic,299,2025-03-22,2025-08-02,Cancelled,False
SUB005133,USR004495,Premium,799,2025-10-03,2026-01-01,Active,True
SUB005134,USR004496,Standard,499,2025-01-16,2025-05-31,Cancelled,True
SUB005135,USR004497,Standard,499,2025-05-12,2026-01-01,Active,True
SUB005136,USR004498,Mobile,149,2025-01-30,2025-08-11,Cancelled,True
SUB005137,USR004499,Mobile,149,2025-04-10,2026-01-01,Active,True
SUB005138,USR004500,Standard,499,2025-06-06,2025-10-24,Cancelled,True
SUB005139,USR004501,Standard,499,2025-02-20,2025-09-20,Cancelled,False
SUB005140,USR004502,Standard,499,2025-01-23,2026-01-01,Active,True
SUB005141,USR004503,Mobile,149,2025-05-15,2025-11-09,Cancelled,False
SUB005142,USR004504,Premium,799,2025-02-27,2025-08-28,Cancelled,True
SUB005143,USR004504,Basic,299,2025-08-29,2026-01-01,Active,False
SUB005144,USR004505,Basic,299,2025-02-14,2026-01-01,Active,True
SUB005145,USR004506,Standard,499,2025-03-24,2025-08-11,Expired,False
SUB005146,USR004506,Standard,499,2025-08-12,2026-01-01,Active,True
SUB005147,USR004507,Standard,499,2025-08-19,2026-01-01,Active,True
SUB005148,USR004508,Standard,499,2025-03-22,2025-06-28,Cancelled,True
SUB005149,USR004509,Mobile,149,2025-03-11,2025-11-06,Cancelled,True
SUB005150,USR004509,Standard,499,2025-11-07,2026-01-01,Active,True
SUB005151,USR004510,Standard,499,2025-03-22,2025-10-12,Cancelled,True
SUB005152,USR004511,Basic,299,2025-02-10,2025-09-19,Cancelled,True
SUB005153,USR004512,Mobile,149,2025-03-23,2025-12-12,Expired,True
SUB005154,USR004512,Basic,299,2025-12-13,2026-01-01,Active,True
SUB005155,USR004513,Basic,299,2025-07-15,2026-01-01,Active,True
SUB005156,USR004514,Basic,299,2025-02-16,2025-08-08,Cancelled,True
SUB005157,USR004515,Premium,799,2025-02-20,2026-01-01,Active,False
SUB005158,USR004516,Standard,499,2025-02-21,2026-01-01,Active,True
SUB005159,USR004517,Mobile,149,2025-02-07,2025-06-24,Expired,False
SUB005160,USR004518,Mobile,149,2025-06-28,2025-12-19,Cancelled,True
SUB005161,USR004519,Standard,499,2025-06-13,2026-01-01,Active,True
SUB005162,USR004520,Standard,499,2025-04-10,2026-01-01,Active,True
SUB005163,USR004521,Basic,299,2025-06-17,2026-01-01,Active,True
SUB005164,USR004522,Mobile,149,2025-03-12,2025-10-13,Expired,True
SUB005165,USR004522,Premium,799,2025-10-14,2026-01-01,Active,True
SUB005166,USR004523,Standard,499,2025-03-26,2026-01-01,Active,False
SUB005167,USR004524,Premium,799,2025-04-27,2026-01-01,Active,True
SUB005168,USR004525,Standard,499,2025-04-04,2025-08-14,Expired,True
SUB005169,USR004526,Standard,499,2025-06-08,2026-01-01,Active,True
SUB005170,USR004527,Standard,499,2025-06-27,2026-01-01,Active,True
SUB005171,USR004528,Basic,299,2025-01-31,2025-07-15,Cancelled,True
SUB005172,USR004529,Premium,799,2025-07-24,2025-12-25,Cancelled,True
SUB005173,USR004530,Basic,299,2025-04-22,2025-11-29,Cancelled,False
SUB005174,USR004531,Basic,299,2025-03-12,2025-11-02,Expired,True
SUB005175,USR004531,Basic,299,2025-11-03,2026-01-01,Active,True
SUB005176,USR004532,Standard,499,2025-04-07,2025-12-15,Cancelled,True
SUB005177,USR004533,Basic,299,2025-05-16,2026-01-01,Active,True
SUB005178,USR004534,Basic,299,2025-03-13,2025-11-20,Cancelled,False
SUB005179,USR004534,Standard,499,2025-11-21,2026-01-01,Active,True
SUB005180,USR004535,Basic,299,2025-05-22,2026-01-01,Active,True
SUB005181,USR004536,Premium,799,2025-03-21,2025-08-08,Cancelled,False
SUB005182,USR004537,Standard,499,2025-08-16,2026-01-01,Active,True
SUB005183,USR004538,Standard,499,2025-03-05,2026-01-01,Active,True
SUB005184,USR004539,Mobile,149,2025-03-28,2026-01-01,Active,False
SUB005185,USR004540,Basic,299,2025-06-28,2025-12-12,Cancelled,True
SUB005186,USR004540,Mobile,149,2025-12-13,2026-01-01,Active,False
SUB005187,USR004541,Mobile,149,2025-06-26,2026-01-01,Active,False
SUB005188,USR004542,Basic,299,2025-04-06,2025-08-24,Cancelled,True
SUB005189,USR004543,Basic,299,2025-08-10,2026-01-01,Active,False
SUB005190,USR004544,Basic,299,2025-01-28,2025-06-02,Expired,True
SUB005191,USR004545,Mobile,149,2025-04-14,2025-08-08,Expired,True
SUB005192,USR004545,Basic,299,2025-08-09,2026-01-01,Active,True
SUB005193,USR004546,Premium,799,2025-03-22,2026-01-01,Active,True
SUB005194,USR004547,Mobile,149,2025-04-12,2025-07-11,Expired,False
SUB005195,USR004547,Mobile,149,2025-07-12,2026-01-01,Active,True
SUB005196,USR004548,Premium,799,2025-03-03,2025-08-31,Expired,False
SUB005197,USR004549,Mobile,149,2025-04-18,2026-01-01,Active,True
SUB005198,USR004550,Standard,499,2025-02-08,2025-06-29,Cancelled,True
SUB005199,USR004550,Basic,299,2025-06-30,2026-01-01,Active,True
SUB005200,USR004551,Basic,299,2025-04-10,2025-08-25,Cancelled,False
SUB005201,USR004552,Standard,499,2025-04-01,2025-11-15,Cancelled,True
SUB005202,USR004552,Basic,299,2025-11-16,2026-01-01,Active,True
SUB005203,USR004553,Standard,499,2025-04-25,2026-01-01,Active,True
SUB005204,USR004554,Premium,799,2025-04-06,2025-12-15,Expired,True
SUB005205,USR004555,Mobile,149,2025-03-16,2026-01-01,Active,True
SUB005206,USR004556,Standard,499,2025-02-18,2026-01-01,Active,True
SUB005207,USR004557,Mobile,149,2025-05-12,2026-01-01,Active,True
SUB005208,USR004558,Basic,299,2025-03-19,2025-11-05,Cancelled,False
SUB005209,USR004559,Premium,799,2025-05-28,2025-09-11,Cancelled,True
SUB005210,USR004559,Mobile,149,2025-09-12,2026-01-01,Active,True
SUB005211,USR004560,Basic,299,2025-03-15,2025-11-10,Cancelled,True
SUB005212,USR004561,Standard,499,2025-02-17,2026-01-01,Active,False
SUB005213,USR004562,Basic,299,2025-01-30,2026-01-01,Active,True
SUB005214,USR004563,Mobile,149,2025-03-08,2026-01-01,Active,True
SUB005215,USR004564,Premium,799,2025-08-04,2026-01-01,Active,True
SUB005216,USR004565,Standard,499,2025-02-02,2026-01-01,Active,True
SUB005217,USR004566,Mobile,149,2025-02-16,2025-07-31,Expired,False
SUB005218,USR004567,Basic,299,2025-04-03,2025-10-01,Expired,False
SUB005219,USR004568,Basic,299,2025-03-11,2026-01-01,Active,True
SUB005220,USR004569,Basic,299,2025-04-08,2026-01-01,Active,True
SUB005221,USR004570,Basic,299,2025-05-11,2026-01-01,Active,True
SUB005222,USR004571,Standard,499,2025-07-24,2026-01-01,Active,True
SUB005223,USR004572,Mobile,149,2025-03-11,2026-01-01,Active,True
SUB005224,USR004573,Premium,799,2025-08-16,2026-01-01,Active,True
SUB005225,USR004574,Basic,299,2025-07-07,2025-10-15,Cancelled,True
SUB005226,USR004575,Mobile,149,2025-03-09,2025-08-10,Cancelled,True
SUB005227,USR004576,Premium,799,2025-07-08,2026-01-01,Active,True
SUB005228,USR004577,Mobile,149,2025-02-23,2025-12-07,Expired,False
SUB005229,USR004577,Basic,299,2025-12-08,2026-01-01,Active,True
SUB005230,USR004578,Premium,799,2025-02-03,2026-01-01,Active,True
SUB005231,USR004579,Standard,499,2025-02-14,2026-01-01,Active,False
SUB005232,USR004580,Standard,499,2025-03-27,2025-11-09,Expired,True
SUB005233,USR004581,Basic,299,2025-01-14,2025-05-08,Cancelled,True
SUB005234,USR004581,Standard,499,2025-05-09,2025-07-27,Cancelled,True
SUB005235,USR004582,Premium,799,2025-02-14,2025-07-22,Expired,False
SUB005236,USR004583,Standard,499,2025-01-23,2026-01-01,Active,False
SUB005237,USR004584,Mobile,149,2025-08-19,2025-12-31,Cancelled,True
SUB005238,USR004585,Basic,299,2025-03-15,2025-12-15,Cancelled,True
SUB005239,USR004586,Basic,299,2025-05-29,2025-11-24,Expired,True
SUB005240,USR004587,Standard,499,2025-03-10,2025-11-21,Expired,False
SUB005241,USR004587,Standard,499,2025-11-22,2026-01-01,Active,False
SUB005242,USR004588,Standard,499,2025-04-05,2026-01-01,Active,True
SUB005243,USR004589,Basic,299,2025-01-28,2025-06-14,Expired,True
SUB005244,USR004589,Premium,799,2025-06-15,2025-08-27,Cancelled,True
SUB005245,USR004590,Premium,799,2025-03-01,2025-10-21,Cancelled,False
SUB005246,USR004591,Mobile,149,2025-04-23,2025-11-29,Expired,True
SUB005247,USR004592,Standard,499,2025-01-28,2025-07-01,Cancelled,True
SUB005248,USR004592,Standard,499,2025-07-02,2025-12-08,Cancelled,True
SUB005249,USR004593,Standard,499,2025-03-05,2025-10-23,Expired,False
SUB005250,USR004594,Mobile,149,2025-04-17,2025-09-27,Expired,False
SUB005251,USR004595,Mobile,149,2025-02-11,2026-01-01,Active,False
SUB005252,USR004596,Premium,799,2025-07-17,2026-01-01,Active,True
SUB005253,USR004597,Mobile,149,2025-03-29,2025-11-13,Cancelled,True
SUB005254,USR004598,Premium,799,2025-05-15,2026-01-01,Active,True
SUB005255,USR004599,Basic,299,2025-03-26,2026-01-01,Active,True
SUB005256,USR004600,Basic,299,2025-05-05,2025-09-27,Expired,True
SUB005257,USR004600,Basic,299,2025-09-28,2026-01-01,Active,True
SUB005258,USR004601,Standard,499,2025-03-07,2025-09-07,Cancelled,True
SUB005259,USR004601,Standard,499,2025-09-08,2026-01-01,Active,True
SUB005260,USR004602,Basic,299,2025-02-07,2025-06-24,Expired,True
SUB005261,USR004602,Standard,499,2025-06-25,2025-10-17,Expired,True
SUB005262,USR004603,Standard,499,2025-02-09,2025-12-08,Cancelled,True
SUB005263,USR004603,Basic,299,2025-12-09,2026-01-01,Active,True
SUB005264,USR004604,Premium,799,2025-05-10,2026-01-01,Active,True
SUB005265,USR004605,Basic,299,2025-03-28,2025-12-07,Expired,True
SUB005266,USR004605,Basic,299,2025-12-08,2026-01-01,Active,True
SUB005267,USR004606,Standard,499,2025-02-28,2026-01-01,Active,True
SUB005268,USR004607,Basic,299,2025-02-06,2025-07-28,Cancelled,False
SUB005269,USR004608,Mobile,149,2025-03-24,2026-01-01,Active,True
SUB005270,USR004609,Basic,299,2025-04-06,2025-11-12,Expired,False
SUB005271,USR004610,Mobile,149,2025-05-13,2026-01-01,Active,True
SUB005272,USR004611,Basic,299,2025-05-12,2026-01-01,Active,False
SUB005273,USR004612,Basic,299,2025-06-27,2026-01-01,Active,True
SUB005274,USR004613,Standard,499,2025-01-21,2025-11-13,Expired,True
SUB005275,USR004614,Premium,799,2025-04-30,2025-12-09,Expired,True
SUB005276,USR004614,Premium,799,2025-12-10,2026-01-01,Active,False
SUB005277,USR004615,Premium,799,2025-03-20,2025-11-10,Expired,True
SUB005278,USR004616,Standard,499,2025-04-02,2026-01-01,Active,True
SUB005279,USR004617,Mobile,149,2025-03-09,2026-01-01,Active,False
SUB005280,USR004618,Mobile,149,2025-01-30,2025-07-14,Expired,False
SUB005281,USR004619,Mobile,149,2025-02-28,2025-07-05,Expired,True
SUB005282,USR004620,Mobile,149,2025-03-29,2025-09-27,Cancelled,True
SUB005283,USR004621,Mobile,149,2025-04-24,2026-01-01,Active,True
SUB005284,USR004622,Standard,499,2025-05-07,2025-12-23,Cancelled,True
SUB005285,USR004623,Standard,499,2025-02-10,2025-10-05,Cancelled,True
SUB005286,USR004624,Basic,299,2025-04-08,2026-01-01,Active,False
SUB005287,USR004625,Standard,499,2025-05-03,2025-11-22,Cancelled,True
SUB005288,USR004626,Standard,499,2025-04-16,2026-01-01,Active,True
SUB005289,USR004627,Mobile,149,2025-01-13,2025-05-22,Cancelled,False
SUB005290,USR004628,Premium,799,2025-04-12,2026-01-01,Active,True
SUB005291,USR004629,Standard,499,2025-03-10,2026-01-01,Active,False
SUB005292,USR004630,Standard,499,2025-03-10,2026-01-01,Active,False
SUB005293,USR004631,Mobile,149,2025-06-20,2026-01-01,Active,True
SUB005294,USR004632,Standard,499,2025-06-04,2025-11-14,Expired,True
SUB005295,USR004633,Basic,299,2025-03-12,2025-07-04,Cancelled,True
SUB005296,USR004634,Standard,499,2025-03-23,2026-01-01,Active,True
SUB005297,USR004635,Standard,499,2025-02-13,2026-01-01,Active,True
SUB005298,USR004636,Mobile,149,2025-01-30,2026-01-01,Active,True
SUB005299,USR004637,Basic,299,2025-06-13,2025-10-17,Cancelled,True
SUB005300,USR004637,Mobile,149,2025-10-18,2026-01-01,Active,False
SUB005301,USR004638,Mobile,149,2025-07-16,2026-01-01,Active,True
SUB005302,USR004639,Mobile,149,2025-06-19,2025-12-02,Cancelled,True
SUB005303,USR004640,Standard,499,2025-08-28,2026-01-01,Active,False
SUB005304,USR004641,Premium,799,2025-05-02,2025-08-21,Expired,True
SUB005305,USR004641,Standard,499,2025-08-22,2025-11-21,Cancelled,False
SUB005306,USR004642,Premium,799,2025-03-30,2026-01-01,Active,True
SUB005307,USR004643,Standard,499,2025-05-03,2025-09-27,Cancelled,False
SUB005308,USR004643,Premium,799,2025-09-28,2026-01-01,Active,True
SUB005309,USR004644,Premium,799,2025-04-21,2025-08-09,Cancelled,True
SUB005310,USR004644,Basic,299,2025-08-10,2025-10-29,Expired,True
SUB005311,USR004645,Mobile,149,2025-04-28,2025-10-12,Expired,True
SUB005312,USR004646,Standard,499,2025-04-08,2026-01-01,Active,False
SUB005313,USR004647,Basic,299,2025-04-14,2026-01-01,Active,True
SUB005314,USR004648,Premium,799,2025-05-21,2026-01-01,Active,True
SUB005315,USR004649,Standard,499,2025-02-16,2025-09-23,Expired,False
SUB005316,USR004649,Standard,499,2025-09-24,2026-01-01,Active,True
SUB005317,USR004650,Standard,499,2025-06-02,2025-11-19,Cancelled,False
SUB005318,USR004650,Standard,499,2025-11-20,2026-01-01,Active,False
SUB005319,USR004651,Basic,299,2025-05-15,2026-01-01,Active,True
SUB005320,USR004652,Premium,799,2025-01-20,2026-01-01,Active,False
SUB005321,USR004653,Premium,799,2025-05-05,2025-10-29,Expired,True
SUB005322,USR004654,Standard,499,2025-06-24,2026-01-01,Active,True
SUB005323,USR004655,Mobile,149,2025-02-23,2025-07-22,Expired,True
SUB005324,USR004655,Basic,299,2025-07-23,2026-01-01,Active,True
SUB005325,USR004656,Standard,499,2025-05-28,2025-12-03,Cancelled,True
SUB005326,USR004657,Mobile,149,2025-07-17,2026-01-01,Active,True
SUB005327,USR004658,Mobile,149,2025-04-24,2025-09-15,Expired,True
SUB005328,USR004659,Standard,499,2025-05-20,2026-01-01,Active,True
SUB005329,USR004660,Mobile,149,2025-02-07,2026-01-01,Active,False
SUB005330,USR004661,Basic,299,2025-06-04,2025-12-10,Cancelled,True
SUB005331,USR004662,Basic,299,2025-04-22,2026-01-01,Active,True
SUB005332,USR004663,Premium,799,2025-06-24,2026-01-01,Active,True
SUB005333,USR004664,Premium,799,2025-06-10,2025-12-06,Expired,True
SUB005334,USR004665,Standard,499,2025-04-20,2026-01-01,Active,False
SUB005335,USR004666,Basic,299,2025-04-22,2026-01-01,Active,True
SUB005336,USR004667,Standard,499,2025-03-17,2025-10-24,Expired,True
SUB005337,USR004667,Basic,299,2025-10-25,2026-01-01,Active,True
SUB005338,USR004668,Premium,799,2025-04-18,2025-12-28,Expired,False
SUB005339,USR004669,Basic,299,2025-07-16,2026-01-01,Active,True
SUB005340,USR004670,Standard,499,2025-04-11,2026-01-01,Active,True
SUB005341,USR004671,Basic,299,2025-07-18,2026-01-01,Active,True
SUB005342,USR004672,Standard,499,2025-07-16,2026-01-01,Active,True
SUB005343,USR004673,Standard,499,2025-02-26,2025-08-09,Cancelled,False
SUB005344,USR004673,Standard,499,2025-08-10,2026-01-01,Active,False
SUB005345,USR004674,Standard,499,2025-04-03,2026-01-01,Active,True
SUB005346,USR004675,Basic,299,2025-03-06,2026-01-01,Active,False
SUB005347,USR004676,Basic,299,2025-06-22,2026-01-01,Active,True
SUB005348,USR004677,Mobile,149,2025-04-15,2025-07-29,Cancelled,True
SUB005349,USR004678,Basic,299,2025-04-20,2026-01-01,Active,True
SUB005350,USR004679,Premium,799,2025-06-08,2026-01-01,Active,True
SUB005351,USR004680,Mobile,149,2025-08-23,2026-01-01,Active,True
SUB005352,USR004681,Mobile,149,2025-08-20,2026-01-01,Active,True
SUB005353,USR004682,Standard,499,2025-03-31,2025-10-18,Expired,True
SUB005354,USR004682,Basic,299,2025-10-19,2026-01-01,Active,False
SUB005355,USR004683,Standard,499,2025-07-23,2026-01-01,Active,False
SUB005356,USR004684,Standard,499,2025-06-01,2026-01-01,Active,True
SUB005357,USR004685,Standard,499,2025-05-31,2025-12-20,Cancelled,True
SUB005358,USR004686,Standard,499,2025-09-03,2026-01-01,Active,True
SUB005359,USR004687,Mobile,149,2025-02-14,2025-11-18,Expired,True
SUB005360,USR004687,Mobile,149,2025-11-19,2026-01-01,Active,False
SUB005361,USR004688,Mobile,149,2025-03-30,2026-01-01,Active,True
SUB005362,USR004689,Mobile,149,2025-07-16,2025-11-18,Expired,True
SUB005363,USR004690,Standard,499,2025-03-27,2025-08-21,Expired,True
SUB005364,USR004691,Premium,799,2025-05-14,2026-01-01,Active,True
SUB005365,USR004692,Basic,299,2025-03-13,2026-01-01,Active,True
SUB005366,USR004693,Mobile,149,2025-03-25,2026-01-01,Active,False
SUB005367,USR004694,Standard,499,2025-05-25,2025-11-01,Cancelled,False
SUB005368,USR004695,Mobile,149,2025-06-08,2026-01-01,Active,True
SUB005369,USR004696,Mobile,149,2025-03-18,2026-01-01,Active,False
SUB005370,USR004697,Mobile,149,2025-06-07,2025-11-15,Expired,True
SUB005371,USR004698,Mobile,149,2025-04-05,2026-01-01,Active,True
SUB005372,USR004699,Mobile,149,2025-06-02,2026-01-01,Active,True
SUB005373,USR004700,Mobile,149,2025-04-19,2026-01-01,Active,True
SUB005374,USR004701,Mobile,149,2025-05-10,2025-10-31,Expired,False
SUB005375,USR004702,Basic,299,2025-04-13,2026-01-01,Active,True
SUB005376,USR004703,Mobile,149,2025-02-02,2025-06-03,Expired,True
SUB005377,USR004704,Basic,299,2025-03-29,2026-01-01,Active,False
SUB005378,USR004705,Basic,299,2025-04-27,2025-10-29,Expired,False
SUB005379,USR004706,Standard,499,2025-04-08,2025-07-22,Expired,True
SUB005380,USR004707,Standard,499,2025-08-27,2026-01-01,Active,True
SUB005381,USR004708,Standard,499,2025-06-09,2026-01-01,Active,False
SUB005382,USR004709,Basic,299,2025-05-09,2025-10-14,Expired,False
SUB005383,USR004710,Basic,299,2025-04-26,2025-12-17,Expired,True
SUB005384,USR004710,Standard,499,2025-12-18,2026-01-01,Active,True
SUB005385,USR004711,Mobile,149,2025-01-25,2026-01-01,Active,False
SUB005386,USR004712,Standard,499,2025-04-26,2025-12-28,Expired,False
SUB005387,USR004713,Standard,499,2025-06-03,2026-01-01,Active,True
SUB005388,USR004714,Standard,499,2025-03-11,2025-11-30,Expired,True
SUB005389,USR004715,Standard,499,2025-03-10,2025-10-29,Cancelled,True
SUB005390,USR004716,Basic,299,2025-02-15,2026-01-01,Active,True
SUB005391,USR004717,Standard,499,2025-02-22,2026-01-01,Active,True
SUB005392,USR004718,Basic,299,2025-10-16,2026-01-01,Active,True
SUB005393,USR004719,Mobile,149,2025-06-10,2026-01-01,Active,True
SUB005394,USR004720,Basic,299,2025-05-12,2025-10-14,Expired,True
SUB005395,USR004721,Mobile,149,2025-05-12,2026-01-01,Active,True
SUB005396,USR004722,Premium,799,2025-08-15,2025-11-17,Cancelled,False
SUB005397,USR004723,Mobile,149,2025-07-03,2026-01-01,Active,False
SUB005398,USR004724,Standard,499,2025-01-22,2025-07-24,Expired,True
SUB005399,USR004724,Mobile,149,2025-07-25,2026-01-01,Active,True
SUB005400,USR004725,Mobile,149,2025-02-28,2025-11-28,Cancelled,True
SUB005401,USR004726,Premium,799,2025-05-19,2025-09-02,Cancelled,True
SUB005402,USR004727,Standard,499,2025-04-29,2025-08-29,Expired,True
SUB005403,USR004728,Standard,499,2025-04-23,2026-01-01,Active,True
SUB005404,USR004729,Premium,799,2025-02-10,2026-01-01,Active,True
SUB005405,USR004730,Mobile,149,2025-04-02,2026-01-01,Active,True
SUB005406,USR004731,Standard,499,2025-05-29,2026-01-01,Active,True
SUB005407,USR004732,Mobile,149,2025-03-15,2025-11-25,Cancelled,True
SUB005408,USR004733,Basic,299,2025-02-05,2026-01-01,Active,True
SUB005409,USR004734,Basic,299,2025-06-15,2026-01-01,Active,True
SUB005410,USR004735,Premium,799,2025-02-04,2025-10-21,Expired,True
SUB005411,USR004735,Premium,799,2025-10-22,2026-01-01,Active,True
SUB005412,USR004736,Mobile,149,2025-06-10,2025-12-20,Cancelled,True
SUB005413,USR004736,Standard,499,2025-12-21,2026-01-01,Active,True
SUB005414,USR004737,Premium,799,2025-04-10,2026-01-01,Active,True
SUB005415,USR004738,Standard,499,2025-04-08,2026-01-01,Active,True
SUB005416,USR004739,Basic,299,2025-06-01,2026-01-01,Active,True
SUB005417,USR004740,Standard,499,2025-03-21,2025-08-28,Cancelled,True
SUB005418,USR004741,Premium,799,2025-07-14,2026-01-01,Active,True
SUB005419,USR004742,Standard,499,2025-03-05,2025-07-26,Cancelled,False
SUB005420,USR004743,Premium,799,2025-05-21,2026-01-01,Active,True
SUB005421,USR004744,Basic,299,2025-03-12,2025-07-20,Expired,True
SUB005422,USR004745,Mobile,149,2025-05-04,2025-09-13,Cancelled,True
SUB005423,USR004746,Standard,499,2025-05-09,2026-01-01,Active,True
SUB005424,USR004747,Basic,299,2025-05-14,2025-10-15,Cancelled,True
SUB005425,USR004748,Standard,499,2025-02-12,2025-05-18,Cancelled,False
SUB005426,USR004749,Mobile,149,2025-06-24,2026-01-01,Active,False
SUB005427,USR004750,Premium,799,2025-06-16,2025-11-27,Cancelled,True
SUB005428,USR004751,Mobile,149,2025-05-16,2025-09-14,Expired,False
SUB005429,USR004752,Standard,499,2025-03-10,2026-01-01,Active,True
SUB005430,USR004753,Basic,299,2025-03-07,2025-11-16,Expired,True
SUB005431,USR004754,Mobile,149,2025-06-25,2026-01-01,Active,True
SUB005432,USR004755,Standard,499,2025-02-21,2026-01-01,Active,False
SUB005433,USR004756,Basic,299,2025-03-20,2025-11-15,Expired,False
SUB005434,USR004757,Standard,499,2025-08-08,2025-12-27,Cancelled,True
SUB005435,USR004757,Basic,299,2025-12-28,2026-01-01,Active,False
SUB005436,USR004758,Standard,499,2025-03-24,2025-10-24,Expired,True
SUB005437,USR004759,Standard,499,2025-05-10,2026-01-01,Active,True
SUB005438,USR004760,Basic,299,2025-03-31,2025-07-27,Expired,False
SUB005439,USR004760,Mobile,149,2025-07-28,2025-12-21,Cancelled,True
SUB005440,USR004761,Basic,299,2025-07-29,2025-11-18,Expired,True
SUB005441,USR004761,Standard,499,2025-11-19,2026-01-01,Active,True
SUB005442,USR004762,Mobile,149,2025-08-08,2025-12-17,Cancelled,True
SUB005443,USR004763,Basic,299,2025-07-08,2026-01-01,Active,True
SUB005444,USR004764,Basic,299,2025-05-05,2025-12-19,Cancelled,True
SUB005445,USR004764,Basic,299,2025-12-20,2026-01-01,Active,True
SUB005446,USR004765,Standard,499,2025-04-25,2025-12-04,Cancelled,True
SUB005447,USR004766,Basic,299,2025-06-08,2025-12-22,Expired,True
SUB005448,USR004767,Mobile,149,2025-06-12,2025-09-12,Cancelled,True
SUB005449,USR004767,Standard,499,2025-09-13,2025-11-13,Expired,True
SUB005450,USR004768,Standard,499,2025-04-13,2026-01-01,Active,True
SUB005451,USR004769,Standard,499,2025-06-20,2026-01-01,Active,True
SUB005452,USR004770,Standard,499,2025-05-05,2026-01-01,Active,True
SUB005453,USR004771,Standard,499,2025-02-05,2025-06-29,Expired,False
SUB005454,USR004771,Mobile,149,2025-06-30,2025-12-12,Expired,True
SUB005455,USR004772,Premium,799,2025-03-14,2026-01-01,Active,False
SUB005456,USR004773,Standard,499,2025-05-16,2025-10-05,Cancelled,False
SUB005457,USR004774,Basic,299,2025-05-22,2026-01-01,Active,False
SUB005458,USR004775,Mobile,149,2025-05-18,2026-01-01,Active,False
SUB005459,USR004776,Standard,499,2025-08-05,2026-01-01,Active,True
SUB005460,USR004777,Premium,799,2025-02-07,2025-11-30,Expired,True
SUB005461,USR004778,Basic,299,2025-05-09,2026-01-01,Active,True
SUB005462,USR004779,Premium,799,2025-07-03,2026-01-01,Active,False
SUB005463,USR004780,Mobile,149,2025-05-12,2026-01-01,Active,True
SUB005464,USR004781,Standard,499,2025-03-15,2026-01-01,Active,False
SUB005465,USR004782,Basic,299,2025-02-22,2026-01-01,Active,True
SUB005466,USR004783,Standard,499,2025-02-11,2025-06-13,Cancelled,False
SUB005467,USR004784,Basic,299,2025-03-23,2026-01-01,Active,True
SUB005468,USR004785,Basic,299,2025-05-16,2026-01-01,Active,True
SUB005469,USR004786,Mobile,149,2025-04-11,2025-12-25,Expired,True
SUB005470,USR004787,Mobile,149,2025-09-12,2026-01-01,Active,False
SUB005471,USR004788,Mobile,149,2025-02-08,2025-07-10,Cancelled,False
SUB005472,USR004788,Mobile,149,2025-07-11,2025-10-30,Expired,True
SUB005473,USR004789,Basic,299,2025-04-08,2026-01-01,Active,True
SUB005474,USR004790,Basic,299,2025-02-23,2025-11-06,Expired,True
SUB005475,USR004791,Basic,299,2025-01-31,2025-10-09,Expired,True
SUB005476,USR004791,Standard,499,2025-10-10,2026-01-01,Active,True
SUB005477,USR004792,Premium,799,2025-09-19,2026-01-01,Active,True
SUB005478,USR004793,Mobile,149,2025-07-11,2025-12-13,Expired,False
SUB005479,USR004794,Premium,799,2025-04-24,2026-01-01,Active,True
SUB005480,USR004795,Standard,499,2025-06-14,2025-10-11,Cancelled,False
SUB005481,USR004796,Mobile,149,2025-03-02,2025-12-11,Expired,True
SUB005482,USR004797,Basic,299,2025-02-25,2025-12-26,Expired,True
SUB005483,USR004798,Basic,299,2025-01-14,2025-08-28,Expired,True
SUB005484,USR004799,Basic,299,2025-06-04,2025-10-16,Cancelled,True
SUB005485,USR004800,Standard,499,2025-07-12,2026-01-01,Active,True
SUB005486,USR004801,Mobile,149,2025-03-25,2026-01-01,Active,True
SUB005487,USR004802,Premium,799,2025-02-03,2026-01-01,Active,False
SUB005488,USR004803,Standard,499,2025-06-03,2026-01-01,Active,True
SUB005489,USR004804,Basic,299,2025-05-17,2025-11-03,Cancelled,False
SUB005490,USR004805,Standard,499,2025-05-26,2025-12-22,Cancelled,True
SUB005491,USR004805,Basic,299,2025-12-23,2026-01-01,Active,True
SUB005492,USR004806,Premium,799,2025-03-09,2025-06-24,Expired,True
SUB005493,USR004807,Mobile,149,2025-04-03,2025-08-28,Cancelled,False
SUB005494,USR004808,Mobile,149,2025-07-15,2026-01-01,Active,True
SUB005495,USR004809,Basic,299,2025-02-24,2026-01-01,Active,True
SUB005496,USR004810,Mobile,149,2025-06-16,2026-01-01,Active,True
SUB005497,USR004811,Mobile,149,2025-04-21,2025-08-16,Cancelled,True
SUB005498,USR004811,Mobile,149,2025-08-17,2026-01-01,Active,True
SUB005499,USR004812,Standard,499,2025-05-04,2025-09-20,Expired,True
SUB005500,USR004812,Standard,499,2025-09-21,2026-01-01,Active,True
SUB005501,USR004813,Basic,299,2025-06-09,2026-01-01,Active,True
SUB005502,USR004814,Premium,799,2025-08-19,2026-01-01,Active,True
SUB005503,USR004815,Standard,499,2025-04-16,2026-01-01,Active,True
SUB005504,USR004816,Mobile,149,2025-02-06,2025-10-03,Cancelled,True
SUB005505,USR004817,Premium,799,2025-01-13,2025-11-12,Cancelled,True
SUB005506,USR004817,Standard,499,2025-11-13,2026-01-01,Active,True
SUB005507,USR004818,Mobile,149,2025-06-24,2026-01-01,Active,True
SUB005508,USR004819,Basic,299,2025-03-16,2025-06-24,Cancelled,False
SUB005509,USR004820,Standard,499,2025-04-24,2026-01-01,Active,True
SUB005510,USR004821,Standard,499,2025-01-25,2026-01-01,Active,True
SUB005511,USR004822,Mobile,149,2025-02-24,2025-09-19,Cancelled,False
SUB005512,USR004823,Basic,299,2025-03-30,2026-01-01,Active,True
SUB005513,USR004824,Basic,299,2025-06-23,2025-12-01,Expired,True
SUB005514,USR004825,Mobile,149,2025-03-29,2026-01-01,Active,False
SUB005515,USR004826,Mobile,149,2025-07-28,2026-01-01,Active,True
SUB005516,USR004827,Standard,499,2025-02-20,2026-01-01,Active,True
SUB005517,USR004828,Basic,299,2025-02-05,2026-01-01,Active,False
SUB005518,USR004829,Standard,499,2025-04-15,2025-07-29,Expired,False
SUB005519,USR004830,Standard,499,2025-04-04,2025-09-25,Expired,True
SUB005520,USR004830,Standard,499,2025-09-26,2026-01-01,Active,True
SUB005521,USR004831,Basic,299,2025-03-08,2025-07-11,Cancelled,True
SUB005522,USR004832,Basic,299,2025-05-02,2026-01-01,Active,True
SUB005523,USR004833,Premium,799,2025-03-27,2025-10-03,Expired,True
SUB005524,USR004833,Basic,299,2025-10-04,2025-12-20,Expired,False
SUB005525,USR004834,Mobile,149,2025-03-14,2025-09-21,Cancelled,True
SUB005526,USR004834,Basic,299,2025-09-22,2026-01-01,Active,True
SUB005527,USR004835,Premium,799,2025-06-25,2026-01-01,Active,False
SUB005528,USR004836,Premium,799,2025-06-09,2025-10-02,Cancelled,True
SUB005529,USR004837,Premium,799,2025-05-24,2026-01-01,Active,True
SUB005530,USR004838,Premium,799,2025-08-27,2026-01-01,Active,True
SUB005531,USR004839,Mobile,149,2025-03-15,2026-01-01,Active,True
SUB005532,USR004840,Basic,299,2025-05-31,2026-01-01,Active,False
SUB005533,USR004841,Mobile,149,2025-07-11,2026-01-01,Active,True
SUB005534,USR004842,Premium,799,2025-05-15,2026-01-01,Active,True
SUB005535,USR004843,Premium,799,2025-07-18,2026-01-01,Active,True
SUB005536,USR004844,Basic,299,2025-03-18,2026-01-01,Active,True
SUB005537,USR004845,Standard,499,2025-05-02,2025-12-28,Cancelled,False
SUB005538,USR004845,Standard,499,2025-12-29,2026-01-01,Active,True
SUB005539,USR004846,Basic,299,2025-05-11,2026-01-01,Active,False
SUB005540,USR004847,Mobile,149,2025-02-12,2025-11-03,Cancelled,False
SUB005541,USR004848,Premium,799,2025-04-20,2026-01-01,Active,True
SUB005542,USR004849,Mobile,149,2025-03-03,2025-08-13,Expired,True
SUB005543,USR004850,Standard,499,2025-06-22,2026-01-01,Active,True
SUB005544,USR004851,Standard,499,2025-02-26,2025-12-27,Expired,True
SUB005545,USR004851,Basic,299,2025-12-28,2026-01-01,Active,True
SUB005546,USR004852,Basic,299,2025-08-04,2026-01-01,Active,True
SUB005547,USR004853,Premium,799,2025-07-12,2026-01-01,Active,False
SUB005548,USR004854,Premium,799,2025-01-30,2025-08-17,Expired,True
SUB005549,USR004855,Basic,299,2025-02-28,2025-07-17,Expired,True
SUB005550,USR004856,Standard,499,2025-03-17,2025-09-22,Cancelled,True
SUB005551,USR004857,Basic,299,2025-05-24,2026-01-01,Active,True
SUB005552,USR004858,Mobile,149,2025-07-17,2026-01-01,Active,True
SUB005553,USR004859,Mobile,149,2025-04-26,2025-12-13,Expired,True
SUB005554,USR004860,Premium,799,2025-08-09,2026-01-01,Active,False
SUB005555,USR004861,Premium,799,2025-03-31,2025-10-19,Expired,True
SUB005556,USR004862,Basic,299,2025-04-22,2025-12-14,Expired,False
SUB005557,USR004862,Basic,299,2025-12-15,2026-01-01,Active,True
SUB005558,USR004863,Standard,499,2025-04-03,2026-01-01,Active,True
SUB005559,USR004864,Standard,499,2025-07-13,2026-01-01,Active,True
SUB005560,USR004865,Standard,499,2025-04-01,2026-01-01,Active,True
SUB005561,USR004866,Mobile,149,2025-07-15,2026-01-01,Active,True
SUB005562,USR004867,Premium,799,2025-05-09,2026-01-01,Active,True
SUB005563,USR004868,Standard,499,2025-02-28,2026-01-01,Active,True
SUB005564,USR004869,Standard,499,2025-05-07,2026-01-01,Active,True
SUB005565,USR004870,Basic,299,2025-03-28,2026-01-01,Active,True
SUB005566,USR004871,Premium,799,2025-06-07,2025-12-23,Cancelled,True
SUB005567,USR004871,Basic,299,2025-12-24,2026-01-01,Active,True
SUB005568,USR004872,Basic,299,2025-07-02,2026-01-01,Active,True
SUB005569,USR004873,Premium,799,2025-06-24,2026-01-01,Active,True
SUB005570,USR004874,Mobile,149,2025-05-22,2026-01-01,Active,True
SUB005571,USR004875,Standard,499,2025-03-23,2025-06-22,Expired,False
SUB005572,USR004876,Premium,799,2025-04-22,2026-01-01,Active,True
SUB005573,USR004877,Standard,499,2025-02-19,2025-08-05,Expired,True
SUB005574,USR004878,Standard,499,2025-08-19,2026-01-01,Active,True
SUB005575,USR004879,Premium,799,2025-03-26,2025-09-09,Cancelled,True
SUB005576,USR004880,Mobile,149,2025-05-29,2026-01-01,Active,True
SUB005577,USR004881,Standard,499,2025-01-29,2025-12-04,Expired,True
SUB005578,USR004881,Basic,299,2025-12-05,2026-01-01,Active,True
SUB005579,USR004882,Basic,299,2025-04-27,2026-01-01,Active,True
SUB005580,USR004883,Standard,499,2025-01-29,2026-01-01,Active,True
SUB005581,USR004884,Standard,499,2025-08-04,2026-01-01,Active,True
SUB005582,USR004885,Standard,499,2025-03-27,2026-01-01,Active,True
SUB005583,USR004886,Standard,499,2025-05-25,2026-01-01,Active,True
SUB005584,USR004887,Mobile,149,2025-05-17,2026-01-01,Active,True
SUB005585,USR004888,Standard,499,2025-02-10,2025-12-19,Cancelled,False
SUB005586,USR004889,Mobile,149,2025-03-19,2025-08-28,Cancelled,True
SUB005587,USR004890,Standard,499,2025-03-28,2026-01-01,Active,False
SUB005588,USR004891,Basic,299,2025-01-18,2026-01-01,Active,False
SUB005589,USR004892,Standard,499,2025-05-20,2025-10-25,Cancelled,True
SUB005590,USR004893,Basic,299,2025-01-23,2026-01-01,Active,True
SUB005591,USR004894,Basic,299,2025-06-04,2025-12-11,Cancelled,False
SUB005592,USR004894,Mobile,149,2025-12-12,2026-01-01,Active,False
SUB005593,USR004895,Basic,299,2025-05-11,2025-10-26,Cancelled,True
SUB005594,USR004896,Mobile,149,2025-07-01,2025-11-13,Cancelled,True
SUB005595,USR004897,Standard,499,2025-01-14,2025-11-27,Expired,False
SUB005596,USR004898,Basic,299,2025-08-08,2026-01-01,Active,True
SUB005597,USR004899,Mobile,149,2025-01-09,2026-01-01,Active,True
SUB005598,USR004900,Basic,299,2025-05-23,2026-01-01,Active,True
SUB005599,USR004901,Premium,799,2025-01-28,2025-08-22,Cancelled,True
SUB005600,USR004901,Mobile,149,2025-08-23,2026-01-01,Active,True
SUB005601,USR004902,Mobile,149,2025-03-30,2025-11-06,Cancelled,True
SUB005602,USR004903,Basic,299,2025-01-28,2025-07-14,Expired,False
SUB005603,USR004904,Basic,299,2025-03-13,2025-12-27,Expired,True
SUB005604,USR004905,Standard,499,2025-05-15,2025-10-08,Expired,False
SUB005605,USR004906,Mobile,149,2025-05-07,2026-01-01,Active,True
SUB005606,USR004907,Basic,299,2025-03-22,2026-01-01,Active,True
SUB005607,USR004908,Premium,799,2025-07-05,2026-01-01,Active,True
SUB005608,USR004909,Mobile,149,2025-02-01,2025-11-21,Expired,True
SUB005609,USR004910,Standard,499,2025-01-28,2025-09-28,Cancelled,True
SUB005610,USR004911,Basic,299,2025-01-30,2025-05-04,Cancelled,True
SUB005611,USR004912,Premium,799,2025-04-03,2026-01-01,Active,True
SUB005612,USR004913,Standard,499,2025-01-22,2025-07-13,Expired,True
SUB005613,USR004914,Basic,299,2025-04-17,2025-07-24,Expired,True
SUB005614,USR004914,Basic,299,2025-07-25,2025-09-30,Expired,True
SUB005615,USR004915,Basic,299,2025-04-10,2026-01-01,Active,True
SUB005616,USR004916,Premium,799,2025-03-17,2025-11-26,Cancelled,False
SUB005617,USR004917,Standard,499,2025-01-31,2025-11-17,Cancelled,True
SUB005618,USR004917,Basic,299,2025-11-18,2026-01-01,Active,True
SUB005619,USR004918,Mobile,149,2025-06-12,2025-12-01,Cancelled,True
SUB005620,USR004919,Premium,799,2025-04-15,2025-08-26,Expired,False
SUB005621,USR004920,Mobile,149,2025-04-02,2025-09-14,Expired,True
SUB005622,USR004921,Basic,299,2025-03-08,2025-07-06,Expired,False
SUB005623,USR004922,Premium,799,2025-04-28,2026-01-01,Active,True
SUB005624,USR004923,Basic,299,2025-08-04,2026-01-01,Active,True
SUB005625,USR004924,Mobile,149,2025-02-27,2025-11-07,Cancelled,True
SUB005626,USR004925,Standard,499,2025-02-24,2026-01-01,Active,True
SUB005627,USR004926,Basic,299,2025-02-09,2025-06-15,Cancelled,False
SUB005628,USR004927,Basic,299,2025-04-23,2025-07-25,Cancelled,True
SUB005629,USR004927,Standard,499,2025-07-26,2026-01-01,Active,True
SUB005630,USR004928,Basic,299,2025-05-31,2026-01-01,Active,False
SUB005631,USR004929,Standard,499,2025-02-12,2025-08-01,Cancelled,False
SUB005632,USR004930,Basic,299,2025-04-06,2026-01-01,Active,True
SUB005633,USR004931,Mobile,149,2025-03-29,2025-11-29,Expired,True
SUB005634,USR004932,Standard,499,2025-04-30,2026-01-01,Active,True
SUB005635,USR004933,Premium,799,2025-05-08,2026-01-01,Active,True
SUB005636,USR004934,Premium,799,2025-03-18,2025-10-16,Cancelled,True
SUB005637,USR004935,Standard,499,2025-02-04,2025-05-26,Expired,True
SUB005638,USR004936,Standard,499,2025-02-07,2025-12-16,Expired,True
SUB005639,USR004936,Mobile,149,2025-12-17,2026-01-01,Active,False
SUB005640,USR004937,Premium,799,2025-03-01,2025-07-01,Cancelled,True
SUB005641,USR004938,Mobile,149,2025-05-05,2026-01-01,Active,True
SUB005642,USR004939,Standard,499,2025-02-14,2025-05-27,Expired,True
SUB005643,USR004940,Premium,799,2025-04-25,2025-10-06,Cancelled,True
SUB005644,USR004941,Basic,299,2025-04-22,2026-01-01,Active,True
SUB005645,USR004942,Premium,799,2025-09-09,2026-01-01,Active,True
SUB005646,USR004943,Premium,799,2025-07-12,2025-10-13,Cancelled,True
SUB005647,USR004944,Mobile,149,2025-05-21,2026-01-01,Active,True
SUB005648,USR004945,Premium,799,2025-03-17,2026-01-01,Active,False
SUB005649,USR004946,Standard,499,2025-03-17,2025-08-30,Expired,True
SUB005650,USR004946,Standard,499,2025-08-31,2026-01-01,Active,True
SUB005651,USR004947,Standard,499,2025-05-02,2026-01-01,Active,True
SUB005652,USR004948,Mobile,149,2025-02-06,2025-09-23,Expired,False
SUB005653,USR004948,Standard,499,2025-09-24,2026-01-01,Active,True
SUB005654,USR004949,Basic,299,2025-04-02,2025-12-05,Expired,True
SUB005655,USR004949,Standard,499,2025-12-06,2026-01-01,Active,True
SUB005656,USR004950,Standard,499,2025-07-13,2026-01-01,Active,True
SUB005657,USR004951,Standard,499,2025-01-20,2025-05-08,Expired,True
SUB005658,USR004952,Mobile,149,2025-02-15,2025-06-09,Expired,True
SUB005659,USR004953,Standard,499,2025-08-14,2026-01-01,Active,True
SUB005660,USR004954,Mobile,149,2025-06-01,2025-09-04,Cancelled,True
SUB005661,USR004955,Standard,499,2025-06-07,2025-12-27,Expired,True
SUB005662,USR004955,Basic,299,2025-12-28,2026-01-01,Active,False
SUB005663,USR004956,Mobile,149,2025-05-25,2026-01-01,Active,True
SUB005664,USR004957,Mobile,149,2025-02-15,2026-01-01,Active,False
SUB005665,USR004958,Standard,499,2025-05-16,2026-01-01,Active,True
SUB005666,USR004959,Standard,499,2025-02-28,2026-01-01,Active,True
SUB005667,USR004960,Standard,499,2025-05-26,2026-01-01,Active,True
SUB005668,USR004961,Basic,299,2025-03-13,2026-01-01,Active,False
SUB005669,USR004962,Mobile,149,2025-08-10,2026-01-01,Active,True
SUB005670,USR004963,Standard,499,2025-02-01,2025-11-16,Cancelled,True
SUB005671,USR004963,Mobile,149,2025-11-17,2026-01-01,Active,True
SUB005672,USR004964,Basic,299,2025-02-14,2025-10-19,Cancelled,True
SUB005673,USR004964,Standard,499,2025-10-20,2026-01-01,Active,True
SUB005674,USR004965,Standard,499,2025-06-02,2025-09-25,Cancelled,True
SUB005675,USR004966,Standard,499,2025-04-01,2025-10-28,Expired,True
SUB005676,USR004967,Premium,799,2025-05-05,2025-09-27,Cancelled,False
SUB005677,USR004967,Standard,499,2025-09-28,2025-11-28,Cancelled,True
SUB005678,USR004968,Premium,799,2025-05-24,2025-12-27,Expired,True
SUB005679,USR004969,Mobile,149,2025-04-29,2026-01-01,Active,True
SUB005680,USR004970,Standard,499,2025-03-02,2025-08-31,Expired,True
SUB005681,USR004970,Mobile,149,2025-09-01,2026-01-01,Active,True
SUB005682,USR004971,Premium,799,2025-03-12,2026-01-01,Active,True
SUB005683,USR004972,Mobile,149,2025-02-14,2025-11-01,Cancelled,True
SUB005684,USR004972,Standard,499,2025-11-02,2026-01-01,Active,True
SUB005685,USR004973,Premium,799,2025-06-05,2025-12-22,Cancelled,True
SUB005686,USR004974,Premium,799,2025-06-17,2025-10-12,Cancelled,False
SUB005687,USR004974,Basic,299,2025-10-13,2026-01-01,Active,True
SUB005688,USR004975,Standard,499,2025-02-09,2025-10-27,Expired,True
SUB005689,USR004976,Mobile,149,2025-04-05,2026-01-01,Active,True
SUB005690,USR004977,Standard,499,2025-07-30,2026-01-01,Active,True
SUB005691,USR004978,Mobile,149,2025-04-19,2025-12-09,Cancelled,True
SUB005692,USR004978,Standard,499,2025-12-10,2026-01-01,Active,False
SUB005693,USR004979,Premium,799,2025-06-11,2026-01-01,Active,True
SUB005694,USR004980,Standard,499,2025-03-12,2026-01-01,Active,True
SUB005695,USR004981,Mobile,149,2025-05-21,2025-08-20,Expired,False
SUB005696,USR004982,Mobile,149,2025-05-11,2026-01-01,Active,True
SUB005697,USR004983,Basic,299,2025-08-11,2026-01-01,Active,True
SUB005698,USR004984,Premium,799,2025-02-02,2025-11-23,Cancelled,True
SUB005699,USR004985,Basic,299,2025-09-14,2026-01-01,Active,True
SUB005700,USR004986,Standard,499,2025-07-02,2025-10-23,Cancelled,True
SUB005701,USR004986,Basic,299,2025-10-24,2026-01-01,Active,True
SUB005702,USR004987,Mobile,149,2025-04-19,2026-01-01,Active,True
SUB005703,USR004988,Premium,799,2025-06-06,2026-01-01,Active,False
SUB005704,USR004989,Mobile,149,2025-03-30,2026-01-01,Active,True
SUB005705,USR004990,Mobile,149,2025-06-11,2026-01-01,Active,True
SUB005706,USR004991,Basic,299,2025-02-20,2025-06-20,Expired,False
SUB005707,USR004992,Standard,499,2025-05-04,2025-09-13,Cancelled,True
SUB005708,USR004993,Basic,299,2025-04-28,2025-09-23,Cancelled,False
SUB005709,USR004993,Premium,799,2025-09-24,2026-01-01,Active,True
SUB005710,USR004994,Mobile,149,2025-07-03,2026-01-01,Active,True
SUB005711,USR004995,Standard,499,2025-03-17,2026-01-01,Active,True
SUB005712,USR004996,Standard,499,2025-02-13,2025-07-09,Expired,False
SUB005713,USR004997,Standard,499,2025-07-21,2026-01-01,Active,True
SUB005714,USR004998,Basic,299,2025-05-16,2026-01-01,Active,True
SUB005715,USR004999,Premium,799,2025-04-05,2025-11-20,Cancelled,True
SUB005716,USR004999,Standard,499,2025-11-21,2026-01-01,Active,True
SUB005717,USR005000,Basic,299,2025-04-11,2026-01-01,Active,True
SUB005718,USR005001,Mobile,149,2025-07-08,2026-01-01,Active,True
SUB005719,USR005002,Standard,499,2025-03-19,2026-01-01,Active,True
SUB005720,USR005003,Basic,299,2025-04-19,2026-01-01,Active,True
SUB005721,USR005004,Premium,799,2025-04-05,2026-01-01,Active,True
SUB005722,USR005005,Standard,499,2025-04-28,2025-12-08,Cancelled,True
SUB005723,USR005005,Mobile,149,2025-12-09,2026-01-01,Active,True
SUB005724,USR005006,Basic,299,2025-05-08,2026-01-01,Active,False
SUB005725,USR005007,Basic,299,2025-08-16,2026-01-01,Active,False
SUB005726,USR005008,Basic,299,2025-06-13,2026-01-01,Active,True
SUB005727,USR005009,Premium,799,2025-03-06,2025-07-18,Expired,True
SUB005728,USR005010,Standard,499,2025-02-26,2025-10-02,Cancelled,True
SUB005729,USR005010,Basic,299,2025-10-03,2026-01-01,Active,True
SUB005730,USR005011,Premium,799,2025-02-16,2025-05-27,Cancelled,False
SUB005731,USR005011,Basic,299,2025-05-28,2025-08-20,Expired,True
SUB005732,USR005012,Basic,299,2025-06-02,2026-01-01,Active,False
SUB005733,USR005013,Basic,299,2025-04-30,2025-11-02,Expired,True
SUB005734,USR005014,Basic,299,2025-03-25,2026-01-01,Active,True
SUB005735,USR005015,Standard,499,2025-07-02,2026-01-01,Active,True
SUB005736,USR005016,Basic,299,2025-07-03,2026-01-01,Active,True
SUB005737,USR005017,Standard,499,2025-01-15,2025-09-15,Expired,True
SUB005738,USR005018,Mobile,149,2025-02-23,2026-01-01,Active,False
SUB005739,USR005019,Basic,299,2025-04-29,2025-11-01,Expired,False
SUB005740,USR005020,Mobile,149,2025-04-01,2026-01-01,Active,True
SUB005741,USR005021,Standard,499,2025-03-12,2026-01-01,Active,True
SUB005742,USR005022,Premium,799,2025-04-11,2026-01-01,Active,False
SUB005743,USR005023,Standard,499,2025-06-11,2026-01-01,Active,True
SUB005744,USR005024,Mobile,149,2025-07-01,2026-01-01,Active,True
SUB005745,USR005025,Standard,499,2025-03-27,2025-07-11,Expired,False
SUB005746,USR005026,Standard,499,2025-05-18,2026-01-01,Active,True
SUB005747,USR005027,Basic,299,2025-04-08,2025-07-10,Expired,True
SUB005748,USR005028,Standard,499,2025-03-05,2025-08-05,Cancelled,True
SUB005749,USR005029,Basic,299,2025-05-04,2025-11-18,Cancelled,True
SUB005750,USR005029,Basic,299,2025-11-19,2026-01-01,Active,True
SUB005751,USR005030,Standard,499,2025-02-10,2025-12-30,Cancelled,True
SUB005752,USR005030,Standard,499,2025-12-31,2026-01-01,Active,False
SUB005753,USR005031,Basic,299,2025-05-28,2026-01-01,Active,False
SUB005754,USR005032,Standard,499,2025-06-26,2025-10-16,Expired,True
SUB005755,USR005033,Basic,299,2025-02-28,2025-09-13,Expired,False
SUB005756,USR005034,Standard,499,2025-04-30,2026-01-01,Active,True
SUB005757,USR005035,Premium,799,2025-05-31,2026-01-01,Active,False
SUB005758,USR005036,Standard,499,2025-06-24,2025-12-28,Expired,False
SUB005759,USR005036,Mobile,149,2025-12-29,2026-01-01,Active,True
SUB005760,USR005037,Standard,499,2025-06-13,2026-01-01,Active,True
SUB005761,USR005038,Basic,299,2025-07-24,2025-11-22,Cancelled,True
SUB005762,USR005039,Basic,299,2025-03-26,2026-01-01,Active,True
SUB005763,USR005040,Basic,299,2025-04-05,2025-11-13,Cancelled,True
SUB005764,USR005041,Basic,299,2025-02-07,2025-06-12,Cancelled,True
SUB005765,USR005041,Basic,299,2025-06-13,2025-11-27,Expired,True
SUB005766,USR005042,Premium,799,2025-03-11,2025-08-28,Expired,False
SUB005767,USR005042,Premium,799,2025-08-29,2025-12-11,Expired,True
SUB005768,USR005043,Standard,499,2025-06-24,2026-01-01,Active,True
SUB005769,USR005044,Mobile,149,2025-03-27,2025-11-04,Cancelled,True
SUB005770,USR005045,Premium,799,2025-07-01,2026-01-01,Active,True
SUB005771,USR005046,Premium,799,2025-06-06,2026-01-01,Active,True
SUB005772,USR005047,Standard,499,2025-10-08,2026-01-01,Active,True
SUB005773,USR005048,Basic,299,2025-03-13,2026-01-01,Active,True
SUB005774,USR005049,Standard,499,2025-06-05,2026-01-01,Active,True
SUB005775,USR005050,Mobile,149,2025-05-30,2026-01-01,Active,False
SUB005776,USR005051,Standard,499,2025-04-17,2026-01-01,Active,True
SUB005777,USR005052,Mobile,149,2025-03-12,2025-09-14,Expired,True
SUB005778,USR005052,Basic,299,2025-09-15,2026-01-01,Active,True
SUB005779,USR005053,Mobile,149,2025-04-16,2025-10-08,Cancelled,True
SUB005780,USR005054,Standard,499,2025-02-09,2026-01-01,Active,True
SUB005781,USR005055,Standard,499,2025-05-17,2025-12-27,Cancelled,True
SUB005782,USR005055,Basic,299,2025-12-28,2026-01-01,Active,True
SUB005783,USR005056,Basic,299,2025-04-14,2025-12-29,Expired,True
SUB005784,USR005056,Basic,299,2025-12-30,2026-01-01,Active,True
SUB005785,USR005057,Standard,499,2025-05-04,2025-11-12,Cancelled,True
SUB005786,USR005058,Basic,299,2025-04-05,2025-07-22,Cancelled,False
SUB005787,USR005059,Premium,799,2025-03-26,2025-12-14,Cancelled,False
SUB005788,USR005060,Basic,299,2025-03-31,2025-11-22,Expired,True
SUB005789,USR005061,Premium,799,2025-02-10,2025-12-18,Cancelled,False
SUB005790,USR005061,Basic,299,2025-12-19,2026-01-01,Active,False
SUB005791,USR005062,Basic,299,2025-06-05,2025-10-26,Cancelled,True
SUB005792,USR005063,Mobile,149,2025-04-05,2025-10-21,Cancelled,True
SUB005793,USR005064,Standard,499,2025-06-04,2025-12-18,Expired,False
SUB005794,USR005064,Mobile,149,2025-12-19,2026-01-01,Active,False
SUB005795,USR005065,Basic,299,2025-03-19,2025-08-25,Cancelled,True
SUB005796,USR005066,Basic,299,2025-04-28,2025-12-08,Cancelled,False
SUB005797,USR005067,Basic,299,2025-02-25,2025-08-02,Expired,False
SUB005798,USR005068,Mobile,149,2025-08-20,2026-01-01,Active,True
SUB005799,USR005069,Mobile,149,2025-07-22,2026-01-01,Active,True
SUB005800,USR005070,Premium,799,2025-05-17,2026-01-01,Active,True
SUB005801,USR005071,Basic,299,2025-07-12,2026-01-01,Active,False
SUB005802,USR005072,Premium,799,2025-05-23,2025-10-23,Expired,False
SUB005803,USR005072,Mobile,149,2025-10-24,2026-01-01,Active,True
SUB005804,USR005073,Mobile,149,2025-03-23,2025-09-18,Expired,True
SUB005805,USR005074,Basic,299,2025-03-28,2026-01-01,Active,True
SUB005806,USR005075,Standard,499,2025-04-10,2026-01-01,Active,True
SUB005807,USR005076,Premium,799,2025-03-01,2025-11-20,Expired,True
SUB005808,USR005077,Mobile,149,2025-03-10,2026-01-01,Active,True
SUB005809,USR005078,Basic,299,2025-06-20,2026-01-01,Active,False
SUB005810,USR005079,Standard,499,2025-03-14,2026-01-01,Active,True
SUB005811,USR005080,Basic,299,2025-02-25,2025-08-27,Cancelled,True
SUB005812,USR005081,Premium,799,2025-04-01,2026-01-01,Active,True
SUB005813,USR005082,Standard,499,2025-08-29,2026-01-01,Active,True
SUB005814,USR005083,Mobile,149,2025-03-17,2025-12-23,Cancelled,True
SUB005815,USR005084,Basic,299,2025-07-26,2026-01-01,Active,False
SUB005816,USR005085,Standard,499,2025-01-18,2025-08-07,Cancelled,False
SUB005817,USR005086,Mobile,149,2025-01-28,2026-01-01,Active,True
SUB005818,USR005087,Standard,499,2025-08-14,2026-01-01,Active,True
SUB005819,USR005088,Basic,299,2025-06-14,2025-10-24,Cancelled,True
SUB005820,USR005089,Basic,299,2025-09-06,2026-01-01,Active,True
SUB005821,USR005090,Basic,299,2025-07-11,2026-01-01,Active,False
SUB005822,USR005091,Premium,799,2025-05-13,2025-11-26,Expired,True
SUB005823,USR005091,Mobile,149,2025-11-27,2026-01-01,Active,True
SUB005824,USR005092,Standard,499,2025-03-15,2026-01-01,Active,True
SUB005825,USR005093,Basic,299,2025-08-17,2026-01-01,Active,True
SUB005826,USR005094,Standard,499,2025-05-17,2025-12-01,Cancelled,True
SUB005827,USR005095,Mobile,149,2025-03-22,2026-01-01,Active,True
SUB005828,USR005096,Mobile,149,2025-03-07,2026-01-01,Active,True
SUB005829,USR005097,Standard,499,2025-02-04,2025-11-27,Expired,True
SUB005830,USR005098,Mobile,149,2025-06-30,2025-10-07,Expired,True
SUB005831,USR005099,Standard,499,2025-02-05,2025-08-18,Cancelled,False
SUB005832,USR005100,Basic,299,2025-08-23,2026-01-01,Active,True
SUB005833,USR005101,Standard,499,2025-06-18,2026-01-01,Active,False
SUB005834,USR005102,Standard,499,2025-07-10,2026-01-01,Active,True
SUB005835,USR005103,Standard,499,2025-05-16,2025-11-26,Expired,False
SUB005836,USR005104,Basic,299,2025-01-26,2025-09-14,Expired,True
SUB005837,USR005105,Basic,299,2025-04-29,2026-01-01,Active,True
SUB005838,USR005106,Standard,499,2025-03-07,2025-06-07,Cancelled,True
SUB005839,USR005107,Mobile,149,2025-05-02,2026-01-01,Active,False
SUB005840,USR005108,Standard,499,2025-01-11,2026-01-01,Active,True
SUB005841,USR005109,Standard,499,2025-02-01,2025-10-03,Cancelled,True
SUB005842,USR005110,Mobile,149,2025-01-26,2025-10-21,Cancelled,True
SUB005843,USR005111,Standard,499,2025-06-18,2026-01-01,Active,True
SUB005844,USR005112,Premium,799,2025-05-20,2026-01-01,Active,False
SUB005845,USR005113,Basic,299,2025-08-17,2026-01-01,Active,True
SUB005846,USR005114,Basic,299,2025-04-26,2026-01-01,Active,True
SUB005847,USR005115,Standard,499,2025-04-05,2025-10-03,Expired,True
SUB005848,USR005116,Standard,499,2025-03-09,2025-06-13,Expired,True
SUB005849,USR005117,Premium,799,2025-03-31,2026-01-01,Active,True
SUB005850,USR005118,Mobile,149,2025-02-28,2025-09-27,Expired,True
SUB005851,USR005119,Standard,499,2025-01-28,2025-12-15,Expired,True
SUB005852,USR005120,Standard,499,2025-06-03,2026-01-01,Active,True
SUB005853,USR005121,Mobile,149,2025-03-26,2026-01-01,Active,True
SUB005854,USR005122,Premium,799,2025-07-30,2026-01-01,Active,True
SUB005855,USR005123,Mobile,149,2025-05-14,2025-08-16,Expired,True
SUB005856,USR005123,Mobile,149,2025-08-17,2026-01-01,Active,True
SUB005857,USR005124,Premium,799,2025-02-15,2025-10-25,Cancelled,True
SUB005858,USR005125,Mobile,149,2025-05-26,2025-10-23,Expired,True
SUB005859,USR005126,Basic,299,2025-07-05,2026-01-01,Active,True
SUB005860,USR005127,Mobile,149,2025-08-05,2026-01-01,Active,True
SUB005861,USR005128,Basic,299,2025-04-26,2026-01-01,Active,False
SUB005862,USR005129,Mobile,149,2025-06-06,2026-01-01,Active,True
SUB005863,USR005130,Mobile,149,2025-04-04,2025-08-30,Expired,True
SUB005864,USR005131,Mobile,149,2025-02-22,2025-08-26,Expired,False
SUB005865,USR005132,Standard,499,2025-06-08,2026-01-01,Active,True
SUB005866,USR005133,Premium,799,2025-04-18,2025-10-22,Cancelled,True
SUB005867,USR005134,Mobile,149,2025-08-13,2026-01-01,Active,True
SUB005868,USR005135,Premium,799,2025-08-26,2026-01-01,Active,True
SUB005869,USR005136,Basic,299,2025-01-19,2025-06-02,Expired,True
SUB005870,USR005137,Standard,499,2025-05-11,2026-01-01,Active,True
SUB005871,USR005138,Premium,799,2025-02-26,2025-11-02,Cancelled,True
SUB005872,USR005139,Basic,299,2025-02-26,2025-11-18,Cancelled,False
SUB005873,USR005140,Basic,299,2025-03-05,2025-07-18,Cancelled,True
SUB005874,USR005141,Premium,799,2025-02-15,2025-08-24,Expired,True
SUB005875,USR005142,Basic,299,2025-03-10,2025-09-10,Cancelled,True
SUB005876,USR005142,Premium,799,2025-09-11,2026-01-01,Active,True
SUB005877,USR005143,Standard,499,2025-03-16,2025-09-17,Expired,False
SUB005878,USR005144,Standard,499,2025-09-07,2026-01-01,Active,False
SUB005879,USR005145,Basic,299,2025-07-28,2026-01-01,Active,True
SUB005880,USR005146,Basic,299,2025-06-07,2025-12-04,Cancelled,True
SUB005881,USR005146,Basic,299,2025-12-05,2026-01-01,Active,True
SUB005882,USR005147,Basic,299,2025-04-25,2025-09-07,Cancelled,True
SUB005883,USR005148,Standard,499,2025-03-20,2026-01-01,Active,True
SUB005884,USR005149,Mobile,149,2025-07-26,2026-01-01,Active,False
SUB005885,USR005150,Mobile,149,2025-04-30,2026-01-01,Active,False
SUB005886,USR005151,Basic,299,2025-04-20,2025-09-29,Expired,True
SUB005887,USR005152,Standard,499,2025-05-11,2026-01-01,Active,True
SUB005888,USR005153,Mobile,149,2025-07-12,2026-01-01,Active,True
SUB005889,USR005154,Standard,499,2025-04-14,2025-10-23,Expired,False
SUB005890,USR005154,Mobile,149,2025-10-24,2026-01-01,Active,False
SUB005891,USR005155,Premium,799,2025-02-07,2025-09-18,Expired,False
SUB005892,USR005156,Basic,299,2025-01-13,2025-12-29,Expired,True
SUB005893,USR005157,Standard,499,2025-02-15,2025-12-01,Expired,True
SUB005894,USR005158,Basic,299,2025-05-06,2026-01-01,Active,True
SUB005895,USR005159,Premium,799,2025-03-03,2025-07-16,Cancelled,True
SUB005896,USR005160,Standard,499,2025-05-21,2026-01-01,Active,False
SUB005897,USR005161,Standard,499,2025-06-11,2025-11-17,Cancelled,False
SUB005898,USR005161,Mobile,149,2025-11-18,2026-01-01,Active,False
SUB005899,USR005162,Basic,299,2025-05-12,2026-01-01,Active,True
SUB005900,USR005163,Premium,799,2025-02-11,2025-10-03,Cancelled,False
SUB005901,USR005164,Basic,299,2025-02-26,2026-01-01,Active,True
SUB005902,USR005165,Premium,799,2025-08-14,2025-12-03,Cancelled,True
SUB005903,USR005165,Standard,499,2025-12-04,2026-01-01,Active,False
SUB005904,USR005166,Mobile,149,2025-08-06,2026-01-01,Active,True
SUB005905,USR005167,Mobile,149,2025-08-10,2026-01-01,Active,True
SUB005906,USR005168,Basic,299,2025-06-21,2026-01-01,Active,False
SUB005907,USR005169,Standard,499,2025-08-01,2026-01-01,Active,True
SUB005908,USR005170,Basic,299,2025-02-04,2025-07-30,Cancelled,True
SUB005909,USR005171,Premium,799,2025-03-03,2026-01-01,Active,True
SUB005910,USR005172,Basic,299,2025-05-20,2025-09-09,Expired,True
SUB005911,USR005172,Mobile,149,2025-09-10,2026-01-01,Active,False
SUB005912,USR005173,Standard,499,2025-02-16,2026-01-01,Active,False
SUB005913,USR005174,Premium,799,2025-04-14,2025-08-18,Cancelled,True
SUB005914,USR005174,Mobile,149,2025-08-19,2025-12-11,Cancelled,False
SUB005915,USR005175,Premium,799,2025-03-06,2026-01-01,Active,True
SUB005916,USR005176,Standard,499,2025-07-26,2026-01-01,Active,True
SUB005917,USR005177,Standard,499,2025-04-11,2025-09-19,Cancelled,False
SUB005918,USR005177,Mobile,149,2025-09-20,2025-12-28,Cancelled,True
SUB005919,USR005178,Basic,299,2025-03-10,2026-01-01,Active,True
SUB005920,USR005179,Standard,499,2025-08-11,2026-01-01,Active,True
SUB005921,USR005180,Premium,799,2025-02-24,2026-01-01,Active,False
SUB005922,USR005181,Basic,299,2025-04-19,2026-01-01,Active,False
SUB005923,USR005182,Standard,499,2025-06-30,2026-01-01,Active,True
SUB005924,USR005183,Premium,799,2025-02-13,2025-11-29,Expired,False
SUB005925,USR005184,Basic,299,2025-04-06,2025-07-08,Expired,True
SUB005926,USR005184,Standard,499,2025-07-09,2025-12-14,Expired,True
SUB005927,USR005185,Standard,499,2025-02-09,2026-01-01,Active,True
SUB005928,USR005186,Mobile,149,2025-05-16,2026-01-01,Active,True
SUB005929,USR005187,Standard,499,2025-06-23,2026-01-01,Active,True
SUB005930,USR005188,Standard,499,2025-03-19,2025-11-16,Cancelled,True
SUB005931,USR005188,Standard,499,2025-11-17,2026-01-01,Active,True
SUB005932,USR005189,Basic,299,2025-04-12,2025-08-12,Cancelled,True
SUB005933,USR005189,Mobile,149,2025-08-13,2025-12-20,Cancelled,False
SUB005934,USR005190,Mobile,149,2025-06-18,2026-01-01,Active,False
SUB005935,USR005191,Standard,499,2025-03-11,2025-07-17,Expired,True
SUB005936,USR005192,Mobile,149,2025-02-24,2026-01-01,Active,True
SUB005937,USR005193,Basic,299,2025-05-10,2025-12-29,Expired,True
SUB005938,USR005194,Basic,299,2025-04-24,2025-10-18,Expired,True
SUB005939,USR005195,Mobile,149,2025-03-15,2026-01-01,Active,False
SUB005940,USR005196,Mobile,149,2025-06-14,2026-01-01,Active,True
SUB005941,USR005197,Basic,299,2025-04-26,2025-09-20,Expired,True
SUB005942,USR005197,Basic,299,2025-09-21,2026-01-01,Active,False
SUB005943,USR005198,Standard,499,2025-05-22,2026-01-01,Active,False
SUB005944,USR005199,Standard,499,2025-06-11,2026-01-01,Active,False
SUB005945,USR005200,Premium,799,2025-03-26,2026-01-01,Active,True
SUB005946,USR005201,Mobile,149,2025-04-19,2026-01-01,Active,True
SUB005947,USR005202,Basic,299,2025-04-15,2025-12-11,Cancelled,True
SUB005948,USR005202,Basic,299,2025-12-12,2026-01-01,Active,True
SUB005949,USR005203,Basic,299,2025-03-22,2025-11-04,Cancelled,True
SUB005950,USR005203,Mobile,149,2025-11-05,2026-01-01,Active,True
SUB005951,USR005204,Standard,499,2025-03-30,2025-10-25,Expired,True
SUB005952,USR005205,Standard,499,2025-06-17,2026-01-01,Active,True
SUB005953,USR005206,Standard,499,2025-04-15,2026-01-01,Active,False
SUB005954,USR005207,Basic,299,2025-02-26,2025-09-01,Cancelled,True
SUB005955,USR005208,Standard,499,2025-02-03,2025-06-24,Cancelled,False
SUB005956,USR005209,Standard,499,2025-02-10,2025-10-31,Expired,True
SUB005957,USR005209,Premium,799,2025-11-01,2026-01-01,Active,True
SUB005958,USR005210,Mobile,149,2025-02-06,2025-06-03,Cancelled,True
SUB005959,USR005211,Mobile,149,2025-08-04,2026-01-01,Active,True
SUB005960,USR005212,Standard,499,2025-05-28,2026-01-01,Active,True
SUB005961,USR005213,Mobile,149,2025-04-12,2025-11-26,Cancelled,True
SUB005962,USR005214,Standard,499,2025-07-31,2026-01-01,Active,True
SUB005963,USR005215,Basic,299,2025-05-18,2026-01-01,Active,True
SUB005964,USR005216,Mobile,149,2025-02-02,2026-01-01,Active,True
SUB005965,USR005217,Premium,799,2025-02-11,2026-01-01,Active,True
SUB005966,USR005218,Basic,299,2025-03-30,2026-01-01,Active,False
SUB005967,USR005219,Premium,799,2025-03-23,2025-09-30,Cancelled,True
SUB005968,USR005220,Basic,299,2025-04-27,2025-08-18,Expired,False
SUB005969,USR005221,Standard,499,2025-06-12,2026-01-01,Active,True
SUB005970,USR005222,Premium,799,2025-03-20,2026-01-01,Active,True
SUB005971,USR005223,Mobile,149,2025-09-24,2026-01-01,Active,True
SUB005972,USR005224,Standard,499,2025-05-17,2026-01-01,Active,True
SUB005973,USR005225,Premium,799,2025-05-17,2026-01-01,Active,False
SUB005974,USR005226,Standard,499,2025-04-11,2025-12-15,Expired,True
SUB005975,USR005227,Standard,499,2025-06-22,2025-12-04,Expired,True
SUB005976,USR005228,Standard,499,2025-04-20,2025-07-27,Cancelled,False
SUB005977,USR005229,Basic,299,2025-03-05,2026-01-01,Active,True
SUB005978,USR005230,Mobile,149,2025-04-29,2025-12-07,Cancelled,True
SUB005979,USR005231,Mobile,149,2025-05-15,2026-01-01,Active,True
SUB005980,USR005232,Standard,499,2025-03-22,2026-01-01,Active,True
SUB005981,USR005233,Standard,499,2025-03-07,2025-07-29,Expired,True
SUB005982,USR005234,Standard,499,2025-04-10,2026-01-01,Active,True
SUB005983,USR005235,Standard,499,2025-04-25,2025-10-01,Cancelled,False
SUB005984,USR005236,Mobile,149,2025-05-15,2026-01-01,Active,False
SUB005985,USR005237,Premium,799,2025-06-07,2026-01-01,Active,True
SUB005986,USR005238,Basic,299,2025-04-25,2025-10-03,Cancelled,False
SUB005987,USR005239,Basic,299,2025-03-23,2025-12-05,Expired,True
SUB005988,USR005240,Basic,299,2025-05-12,2026-01-01,Active,True
SUB005989,USR005241,Standard,499,2025-03-15,2026-01-01,Active,False
SUB005990,USR005242,Basic,299,2025-02-12,2025-05-26,Cancelled,True
SUB005991,USR005243,Premium,799,2025-03-14,2026-01-01,Active,True
SUB005992,USR005244,Mobile,149,2025-04-02,2025-09-19,Cancelled,True
SUB005993,USR005245,Mobile,149,2025-04-21,2025-08-17,Expired,True
SUB005994,USR005246,Premium,799,2025-03-28,2025-10-28,Expired,True
SUB005995,USR005246,Standard,499,2025-10-29,2026-01-01,Active,False
SUB005996,USR005247,Premium,799,2025-05-03,2026-01-01,Active,False
SUB005997,USR005248,Premium,799,2025-04-17,2025-08-11,Expired,True
SUB005998,USR005248,Standard,499,2025-08-12,2026-01-01,Active,True
SUB005999,USR005249,Premium,799,2025-03-30,2025-09-17,Expired,True
SUB006000,USR005250,Basic,299,2025-02-05,2025-09-25,Cancelled,True
SUB006001,USR005250,Basic,299,2025-09-26,2026-01-01,Active,True
SUB006002,USR005251,Basic,299,2025-01-26,2025-06-22,Cancelled,False
SUB006003,USR005252,Premium,799,2025-02-09,2025-05-19,Cancelled,True
SUB006004,USR005253,Standard,499,2025-03-18,2026-01-01,Active,True
SUB006005,USR005254,Standard,499,2025-02-26,2026-01-01,Active,True
SUB006006,USR005255,Standard,499,2025-04-06,2026-01-01,Active,True
SUB006007,USR005256,Basic,299,2025-02-15,2025-11-08,Expired,True
SUB006008,USR005256,Basic,299,2025-11-09,2026-01-01,Active,True
SUB006009,USR005257,Standard,499,2025-03-19,2026-01-01,Active,True
SUB006010,USR005258,Mobile,149,2025-02-03,2026-01-01,Active,True
SUB006011,USR005259,Standard,499,2025-02-18,2026-01-01,Active,True
SUB006012,USR005260,Standard,499,2025-05-18,2025-12-23,Cancelled,True
SUB006013,USR005260,Mobile,149,2025-12-24,2026-01-01,Active,True
SUB006014,USR005261,Basic,299,2025-06-01,2026-01-01,Active,True
SUB006015,USR005262,Mobile,149,2025-02-28,2025-05-30,Cancelled,True
SUB006016,USR005262,Mobile,149,2025-05-31,2025-12-26,Cancelled,True
SUB006017,USR005263,Mobile,149,2025-03-11,2025-10-13,Expired,False
SUB006018,USR005264,Basic,299,2025-04-04,2025-12-08,Cancelled,True
SUB006019,USR005264,Basic,299,2025-12-09,2026-01-01,Active,True
SUB006020,USR005265,Mobile,149,2025-07-23,2026-01-01,Active,True
SUB006021,USR005266,Standard,499,2025-04-06,2026-01-01,Active,True
SUB006022,USR005267,Mobile,149,2025-02-20,2026-01-01,Active,False
SUB006023,USR005268,Basic,299,2025-07-02,2026-01-01,Active,True
SUB006024,USR005269,Standard,499,2025-02-02,2026-01-01,Active,False
SUB006025,USR005270,Mobile,149,2025-04-03,2026-01-01,Active,True
SUB006026,USR005271,Standard,499,2025-07-17,2026-01-01,Active,True
SUB006027,USR005272,Premium,799,2025-02-12,2025-12-11,Cancelled,True
SUB006028,USR005273,Premium,799,2025-04-05,2026-01-01,Active,False
SUB006029,USR005274,Standard,499,2025-04-02,2025-12-10,Cancelled,True
SUB006030,USR005275,Standard,499,2025-09-09,2026-01-01,Active,False
SUB006031,USR005276,Standard,499,2025-05-26,2026-01-01,Active,True
SUB006032,USR005277,Standard,499,2025-06-18,2026-01-01,Active,True
SUB006033,USR005278,Standard,499,2025-05-09,2025-09-21,Expired,True
SUB006034,USR005278,Mobile,149,2025-09-22,2026-01-01,Active,False
SUB006035,USR005279,Standard,499,2025-06-05,2026-01-01,Active,True
SUB006036,USR005280,Standard,499,2025-04-01,2026-01-01,Active,True
SUB006037,USR005281,Basic,299,2025-05-08,2025-10-28,Expired,True
SUB006038,USR005282,Mobile,149,2025-02-08,2026-01-01,Active,True
SUB006039,USR005283,Basic,299,2025-01-21,2026-01-01,Active,False
SUB006040,USR005284,Premium,799,2025-09-20,2026-01-01,Active,True
SUB006041,USR005285,Premium,799,2025-08-14,2026-01-01,Active,True
SUB006042,USR005286,Premium,799,2025-07-10,2025-11-18,Expired,False
SUB006043,USR005287,Basic,299,2025-05-15,2026-01-01,Active,False
SUB006044,USR005288,Premium,799,2025-09-16,2026-01-01,Active,True
SUB006045,USR005289,Mobile,149,2025-04-16,2025-08-22,Expired,True
SUB006046,USR005289,Basic,299,2025-08-23,2026-01-01,Active,True
SUB006047,USR005290,Standard,499,2025-08-24,2026-01-01,Active,False
SUB006048,USR005291,Mobile,149,2025-06-18,2026-01-01,Active,True
SUB006049,USR005292,Basic,299,2025-06-18,2025-10-10,Cancelled,True
SUB006050,USR005293,Basic,299,2025-04-30,2026-01-01,Active,True
SUB006051,USR005294,Premium,799,2025-07-01,2025-12-29,Cancelled,False
SUB006052,USR005295,Mobile,149,2025-02-11,2026-01-01,Active,True
SUB006053,USR005296,Basic,299,2025-06-25,2026-01-01,Active,True
SUB006054,USR005297,Standard,499,2025-06-20,2025-12-23,Cancelled,False
SUB006055,USR005298,Premium,799,2025-08-02,2026-01-01,Active,True
SUB006056,USR005299,Standard,499,2025-06-20,2026-01-01,Active,True
SUB006057,USR005300,Standard,499,2025-05-10,2026-01-01,Active,False
SUB006058,USR005301,Premium,799,2025-06-09,2026-01-01,Active,True
SUB006059,USR005302,Mobile,149,2025-04-18,2026-01-01,Active,True
SUB006060,USR005303,Mobile,149,2025-03-19,2025-12-13,Expired,False
SUB006061,USR005304,Basic,299,2025-04-13,2026-01-01,Active,True
SUB006062,USR005305,Premium,799,2025-03-02,2026-01-01,Active,True
SUB006063,USR005306,Mobile,149,2025-05-01,2026-01-01,Active,False
SUB006064,USR005307,Premium,799,2025-06-08,2026-01-01,Active,True
SUB006065,USR005308,Mobile,149,2025-02-04,2025-09-13,Expired,True
SUB006066,USR005309,Premium,799,2025-05-17,2026-01-01,Active,True
SUB006067,USR005310,Premium,799,2025-03-11,2026-01-01,Active,False
SUB006068,USR005311,Basic,299,2025-06-10,2025-12-12,Cancelled,True
SUB006069,USR005312,Standard,499,2025-05-03,2025-10-31,Cancelled,True
SUB006070,USR005313,Mobile,149,2025-05-11,2025-08-23,Cancelled,False
SUB006071,USR005314,Standard,499,2025-01-23,2025-05-07,Expired,True
SUB006072,USR005315,Mobile,149,2025-03-26,2025-11-13,Cancelled,False
SUB006073,USR005316,Standard,499,2025-04-29,2026-01-01,Active,False
SUB006074,USR005317,Basic,299,2025-06-03,2026-01-01,Active,False
SUB006075,USR005318,Standard,499,2025-04-20,2025-10-31,Cancelled,True
SUB006076,USR005319,Basic,299,2025-05-14,2026-01-01,Active,True
SUB006077,USR005320,Standard,499,2025-01-19,2026-01-01,Active,False
SUB006078,USR005321,Premium,799,2025-04-09,2026-01-01,Active,True
SUB006079,USR005322,Premium,799,2025-08-09,2026-01-01,Active,False
SUB006080,USR005323,Standard,499,2025-05-15,2026-01-01,Active,True
SUB006081,USR005324,Basic,299,2025-03-16,2025-07-28,Cancelled,True
SUB006082,USR005325,Basic,299,2025-05-05,2026-01-01,Active,True
SUB006083,USR005326,Standard,499,2025-04-02,2026-01-01,Active,False
SUB006084,USR005327,Basic,299,2025-05-24,2025-11-23,Expired,False
SUB006085,USR005328,Mobile,149,2025-06-14,2026-01-01,Active,True
SUB006086,USR005329,Basic,299,2025-05-18,2026-01-01,Active,True
SUB006087,USR005330,Premium,799,2025-05-14,2026-01-01,Active,True
SUB006088,USR005331,Basic,299,2025-03-23,2025-09-29,Expired,True
SUB006089,USR005332,Premium,799,2025-03-12,2025-06-19,Cancelled,True
SUB006090,USR005333,Premium,799,2025-05-17,2025-11-14,Expired,True
SUB006091,USR005334,Basic,299,2025-02-17,2025-06-15,Expired,True
SUB006092,USR005335,Standard,499,2025-04-09,2026-01-01,Active,True
SUB006093,USR005336,Basic,299,2025-06-19,2025-12-15,Cancelled,True
SUB006094,USR005337,Standard,499,2025-08-31,2026-01-01,Active,True
SUB006095,USR005338,Basic,299,2025-07-04,2025-12-14,Cancelled,True
SUB006096,USR005338,Basic,299,2025-12-15,2026-01-01,Active,True
SUB006097,USR005339,Basic,299,2025-07-03,2026-01-01,Active,False
SUB006098,USR005340,Mobile,149,2025-01-25,2025-05-27,Expired,False
SUB006099,USR005341,Basic,299,2025-05-23,2026-01-01,Active,True
SUB006100,USR005342,Standard,499,2025-05-28,2026-01-01,Active,True
SUB006101,USR005343,Premium,799,2025-03-15,2026-01-01,Active,True
SUB006102,USR005344,Standard,499,2025-04-16,2026-01-01,Active,True
SUB006103,USR005345,Standard,499,2025-05-18,2025-10-07,Expired,True
SUB006104,USR005345,Standard,499,2025-10-08,2026-01-01,Active,True
SUB006105,USR005346,Basic,299,2025-03-07,2025-07-29,Expired,True
SUB006106,USR005347,Mobile,149,2025-07-13,2026-01-01,Active,True
SUB006107,USR005348,Premium,799,2025-06-09,2026-01-01,Active,True
SUB006108,USR005349,Premium,799,2025-04-14,2026-01-01,Active,True
SUB006109,USR005350,Basic,299,2025-07-08,2026-01-01,Active,False
SUB006110,USR005351,Standard,499,2025-02-02,2025-07-13,Cancelled,False
SUB006111,USR005352,Standard,499,2025-03-10,2026-01-01,Active,True
SUB006112,USR005353,Standard,499,2025-05-18,2026-01-01,Active,True
SUB006113,USR005354,Standard,499,2025-07-10,2026-01-01,Active,True
SUB006114,USR005355,Standard,499,2025-05-18,2026-01-01,Active,True
SUB006115,USR005356,Basic,299,2025-05-30,2026-01-01,Active,True
SUB006116,USR005357,Basic,299,2025-02-07,2026-01-01,Active,True
SUB006117,USR005358,Basic,299,2025-05-30,2026-01-01,Active,True
SUB006118,USR005359,Standard,499,2025-07-19,2025-11-19,Cancelled,True
SUB006119,USR005360,Standard,499,2025-08-04,2026-01-01,Active,True
SUB006120,USR005361,Standard,499,2025-03-07,2026-01-01,Active,True
SUB006121,USR005362,Standard,499,2025-03-23,2026-01-01,Active,True
SUB006122,USR005363,Standard,499,2025-04-15,2025-12-22,Expired,False
SUB006123,USR005364,Basic,299,2025-07-28,2026-01-01,Active,True
SUB006124,USR005365,Basic,299,2025-01-15,2025-09-15,Expired,False
SUB006125,USR005366,Basic,299,2025-02-04,2026-01-01,Active,False
SUB006126,USR005367,Standard,499,2025-03-02,2025-12-11,Expired,False
SUB006127,USR005367,Mobile,149,2025-12-12,2026-01-01,Active,True
SUB006128,USR005368,Mobile,149,2025-04-23,2026-01-01,Active,True
SUB006129,USR005369,Basic,299,2025-04-08,2025-12-23,Expired,True
SUB006130,USR005369,Basic,299,2025-12-24,2026-01-01,Active,True
SUB006131,USR005370,Basic,299,2025-03-16,2025-08-25,Expired,False
SUB006132,USR005370,Standard,499,2025-08-26,2025-11-04,Cancelled,True
SUB006133,USR005371,Standard,499,2025-02-14,2025-06-06,Cancelled,True
SUB006134,USR005372,Mobile,149,2025-05-22,2025-09-26,Expired,True
SUB006135,USR005373,Standard,499,2025-04-13,2026-01-01,Active,True
SUB006136,USR005374,Basic,299,2025-04-13,2025-07-28,Expired,True
SUB006137,USR005375,Basic,299,2025-07-22,2026-01-01,Active,True
SUB006138,USR005376,Mobile,149,2025-04-12,2026-01-01,Active,False
SUB006139,USR005377,Basic,299,2025-04-21,2025-08-28,Cancelled,False
SUB006140,USR005378,Mobile,149,2025-05-09,2026-01-01,Active,True
SUB006141,USR005379,Standard,499,2025-05-12,2026-01-01,Active,True
SUB006142,USR005380,Mobile,149,2025-03-12,2026-01-01,Active,False
SUB006143,USR005381,Basic,299,2025-08-26,2026-01-01,Active,False
SUB006144,USR005382,Standard,499,2025-02-12,2025-08-27,Cancelled,True
SUB006145,USR005383,Premium,799,2025-06-20,2026-01-01,Active,False
SUB006146,USR005384,Standard,499,2025-06-11,2026-01-01,Active,True
SUB006147,USR005385,Standard,499,2025-04-07,2026-01-01,Active,True
SUB006148,USR005386,Premium,799,2025-04-18,2025-12-06,Expired,True
SUB006149,USR005387,Standard,499,2025-02-01,2025-07-11,Expired,True
SUB006150,USR005388,Standard,499,2025-07-01,2025-11-08,Cancelled,True
SUB006151,USR005388,Premium,799,2025-11-09,2026-01-01,Active,True
SUB006152,USR005389,Standard,499,2025-04-28,2025-10-21,Cancelled,True
SUB006153,USR005390,Basic,299,2025-05-22,2025-10-24,Expired,True
SUB006154,USR005391,Basic,299,2025-07-28,2025-11-24,Expired,True
SUB006155,USR005392,Standard,499,2025-02-14,2025-08-18,Expired,True
SUB006156,USR005393,Basic,299,2025-03-30,2026-01-01,Active,True
SUB006157,USR005394,Basic,299,2025-06-07,2025-10-27,Cancelled,False
SUB006158,USR005395,Standard,499,2025-03-24,2026-01-01,Active,False
SUB006159,USR005396,Mobile,149,2025-04-15,2025-08-04,Cancelled,True
SUB006160,USR005396,Basic,299,2025-08-05,2025-12-18,Expired,True
SUB006161,USR005397,Premium,799,2025-05-29,2026-01-01,Active,False
SUB006162,USR005398,Standard,499,2025-03-07,2025-12-12,Cancelled,True
SUB006163,USR005398,Standard,499,2025-12-13,2026-01-01,Active,True
SUB006164,USR005399,Standard,499,2025-06-24,2026-01-01,Active,True
SUB006165,USR005400,Basic,299,2025-05-24,2025-11-25,Expired,True
SUB006166,USR005401,Basic,299,2025-06-13,2025-10-17,Cancelled,True
SUB006167,USR005401,Mobile,149,2025-10-18,2025-12-18,Cancelled,True
SUB006168,USR005402,Standard,499,2025-04-14,2026-01-01,Active,False
SUB006169,USR005403,Basic,299,2025-03-29,2026-01-01,Active,False
SUB006170,USR005404,Premium,799,2025-07-05,2026-01-01,Active,True
SUB006171,USR005405,Mobile,149,2025-01-22,2026-01-01,Active,False
SUB006172,USR005406,Standard,499,2025-03-23,2026-01-01,Active,True
SUB006173,USR005407,Standard,499,2025-02-21,2025-10-05,Cancelled,False
SUB006174,USR005407,Premium,799,2025-10-06,2026-01-01,Active,True
SUB006175,USR005408,Standard,499,2025-04-29,2025-08-10,Cancelled,True
SUB006176,USR005409,Mobile,149,2025-03-20,2026-01-01,Active,True
SUB006177,USR005410,Premium,799,2025-05-20,2025-09-07,Cancelled,True
SUB006178,USR005411,Basic,299,2025-03-19,2025-08-23,Cancelled,True
SUB006179,USR005411,Standard,499,2025-08-24,2026-01-01,Active,True
SUB006180,USR005412,Standard,499,2025-04-29,2026-01-01,Active,True
SUB006181,USR005413,Basic,299,2025-02-26,2025-07-02,Expired,True
SUB006182,USR005414,Premium,799,2025-04-26,2025-12-18,Expired,False
SUB006183,USR005414,Mobile,149,2025-12-19,2026-01-01,Active,False
SUB006184,USR005415,Standard,499,2025-01-25,2025-06-15,Cancelled,False
SUB006185,USR005415,Mobile,149,2025-06-16,2025-08-26,Expired,True
SUB006186,USR005416,Basic,299,2025-06-25,2026-01-01,Active,True
SUB006187,USR005417,Basic,299,2025-05-20,2026-01-01,Active,False
SUB006188,USR005418,Premium,799,2025-07-22,2026-01-01,Active,True
SUB006189,USR005419,Standard,499,2025-04-12,2026-01-01,Active,True
SUB006190,USR005420,Premium,799,2025-07-31,2026-01-01,Active,True
SUB006191,USR005421,Premium,799,2025-07-07,2025-12-08,Expired,False
SUB006192,USR005421,Premium,799,2025-12-09,2026-01-01,Active,True
SUB006193,USR005422,Premium,799,2025-05-31,2026-01-01,Active,False
SUB006194,USR005423,Premium,799,2025-06-04,2026-01-01,Active,False
SUB006195,USR005424,Standard,499,2025-01-25,2025-10-02,Expired,False
SUB006196,USR005424,Basic,299,2025-10-03,2026-01-01,Active,True
SUB006197,USR005425,Standard,499,2025-04-17,2025-11-23,Expired,True
SUB006198,USR005426,Basic,299,2025-05-12,2026-01-01,Active,True
SUB006199,USR005427,Premium,799,2025-01-29,2025-05-05,Cancelled,True
SUB006200,USR005428,Basic,299,2025-04-16,2025-10-20,Expired,True
SUB006201,USR005428,Basic,299,2025-10-21,2026-01-01,Active,True
SUB006202,USR005429,Basic,299,2025-05-08,2025-11-05,Cancelled,False
SUB006203,USR005430,Premium,799,2025-02-26,2026-01-01,Active,True
SUB006204,USR005431,Basic,299,2025-05-16,2025-11-06,Cancelled,False
SUB006205,USR005432,Basic,299,2025-04-10,2025-12-24,Cancelled,True
SUB006206,USR005433,Basic,299,2025-05-20,2026-01-01,Active,True
SUB006207,USR005434,Basic,299,2025-04-29,2026-01-01,Active,True
SUB006208,USR005435,Mobile,149,2025-03-12,2025-06-19,Expired,True
SUB006209,USR005436,Mobile,149,2025-04-06,2026-01-01,Active,True
SUB006210,USR005437,Basic,299,2025-05-19,2025-12-17,Cancelled,True
SUB006211,USR005437,Mobile,149,2025-12-18,2026-01-01,Active,True
SUB006212,USR005438,Basic,299,2025-03-03,2025-08-05,Expired,False
SUB006213,USR005439,Basic,299,2025-05-28,2025-12-19,Cancelled,False
SUB006214,USR005440,Basic,299,2025-03-07,2025-12-01,Cancelled,True
SUB006215,USR005440,Basic,299,2025-12-02,2026-01-01,Active,True
SUB006216,USR005441,Basic,299,2025-05-27,2025-12-11,Cancelled,True
SUB006217,USR005442,Standard,499,2025-06-17,2026-01-01,Active,True
SUB006218,USR005443,Mobile,149,2025-02-19,2026-01-01,Active,True
SUB006219,USR005444,Standard,499,2025-04-23,2026-01-01,Active,True
SUB006220,USR005445,Mobile,149,2025-05-22,2026-01-01,Active,True
SUB006221,USR005446,Standard,499,2025-05-27,2026-01-01,Active,False
SUB006222,USR005447,Basic,299,2025-04-20,2026-01-01,Active,True
SUB006223,USR005448,Standard,499,2025-01-30,2025-10-12,Expired,True
SUB006224,USR005448,Basic,299,2025-10-13,2026-01-01,Active,True
SUB006225,USR005449,Basic,299,2025-06-07,2025-09-24,Cancelled,True
SUB006226,USR005449,Basic,299,2025-09-25,2026-01-01,Active,True
SUB006227,USR005450,Standard,499,2025-05-10,2026-01-01,Active,True
SUB006228,USR005451,Standard,499,2025-05-15,2025-09-22,Cancelled,True
SUB006229,USR005452,Mobile,149,2025-05-08,2026-01-01,Active,True
SUB006230,USR005453,Standard,499,2025-07-07,2026-01-01,Active,True
SUB006231,USR005454,Mobile,149,2025-04-27,2025-08-06,Expired,True
SUB006232,USR005455,Standard,499,2025-05-05,2025-08-08,Expired,True
SUB006233,USR005456,Mobile,149,2025-03-08,2026-01-01,Active,True
SUB006234,USR005457,Premium,799,2025-05-29,2025-09-04,Expired,True
SUB006235,USR005458,Mobile,149,2025-02-07,2026-01-01,Active,False
SUB006236,USR005459,Basic,299,2025-05-24,2025-12-14,Cancelled,True
SUB006237,USR005460,Premium,799,2025-03-20,2026-01-01,Active,False
SUB006238,USR005461,Basic,299,2025-05-26,2026-01-01,Active,True
SUB006239,USR005462,Basic,299,2025-02-04,2025-11-27,Cancelled,True
SUB006240,USR005463,Basic,299,2025-01-09,2025-11-16,Cancelled,True
SUB006241,USR005464,Basic,299,2025-06-05,2026-01-01,Active,False
SUB006242,USR005465,Standard,499,2025-03-25,2025-09-17,Cancelled,True
SUB006243,USR005465,Standard,499,2025-09-18,2026-01-01,Active,False
SUB006244,USR005466,Mobile,149,2025-06-20,2026-01-01,Active,True
SUB006245,USR005467,Mobile,149,2025-05-20,2026-01-01,Active,True
SUB006246,USR005468,Standard,499,2025-06-10,2026-01-01,Active,True
SUB006247,USR005469,Premium,799,2025-06-21,2026-01-01,Active,False
SUB006248,USR005470,Standard,499,2025-04-10,2025-07-29,Expired,False
SUB006249,USR005471,Standard,499,2025-06-25,2026-01-01,Active,True
SUB006250,USR005472,Standard,499,2025-05-08,2025-11-09,Expired,False
SUB006251,USR005473,Basic,299,2025-07-21,2026-01-01,Active,True
SUB006252,USR005474,Mobile,149,2025-02-11,2026-01-01,Active,False
SUB006253,USR005475,Mobile,149,2025-03-08,2026-01-01,Active,True
SUB006254,USR005476,Basic,299,2025-04-03,2026-01-01,Active,True
SUB006255,USR005477,Basic,299,2025-05-15,2025-09-30,Cancelled,True
SUB006256,USR005477,Basic,299,2025-10-01,2026-01-01,Active,True
SUB006257,USR005478,Premium,799,2025-07-02,2026-01-01,Active,True
SUB006258,USR005479,Basic,299,2025-03-13,2025-10-22,Cancelled,True
SUB006259,USR005480,Basic,299,2025-05-08,2026-01-01,Active,True
SUB006260,USR005481,Mobile,149,2025-03-28,2025-07-03,Cancelled,True
SUB006261,USR005482,Premium,799,2025-04-21,2026-01-01,Active,True
SUB006262,USR005483,Standard,499,2025-07-26,2026-01-01,Active,True
SUB006263,USR005484,Mobile,149,2025-05-21,2025-12-23,Cancelled,True
SUB006264,USR005484,Standard,499,2025-12-24,2026-01-01,Active,False
SUB006265,USR005485,Standard,499,2025-07-01,2026-01-01,Active,False
SUB006266,USR005486,Basic,299,2025-07-08,2026-01-01,Active,True
SUB006267,USR005487,Premium,799,2025-02-19,2025-11-01,Expired,True
SUB006268,USR005488,Standard,499,2025-03-22,2025-11-25,Expired,True
SUB006269,USR005488,Premium,799,2025-11-26,2026-01-01,Active,False
SUB006270,USR005489,Standard,499,2025-05-08,2025-11-14,Cancelled,False
SUB006271,USR005490,Standard,499,2025-05-16,2026-01-01,Active,True
SUB006272,USR005491,Premium,799,2025-09-10,2026-01-01,Active,False
SUB006273,USR005492,Basic,299,2025-08-06,2026-01-01,Active,True
SUB006274,USR005493,Standard,499,2025-05-15,2025-08-20,Cancelled,True
SUB006275,USR005494,Mobile,149,2025-01-18,2025-10-27,Expired,True
SUB006276,USR005495,Standard,499,2025-02-07,2026-01-01,Active,True
SUB006277,USR005496,Mobile,149,2025-06-05,2026-01-01,Active,True
SUB006278,USR005497,Mobile,149,2025-05-15,2026-01-01,Active,False
SUB006279,USR005498,Standard,499,2025-07-10,2026-01-01,Active,False
SUB006280,USR005499,Standard,499,2025-01-25,2026-01-01,Active,False
SUB006281,USR005500,Standard,499,2025-05-08,2026-01-01,Active,True
SUB006282,USR005501,Basic,299,2025-03-27,2026-01-01,Active,False
SUB006283,USR005502,Standard,499,2025-03-01,2026-01-01,Active,True
SUB006284,USR005503,Premium,799,2025-01-12,2025-12-05,Expired,True
SUB006285,USR005504,Standard,499,2025-02-24,2026-01-01,Active,True
SUB006286,USR005505,Basic,299,2025-07-25,2025-11-09,Expired,True
SUB006287,USR005506,Standard,499,2025-04-30,2026-01-01,Active,True
SUB006288,USR005507,Standard,499,2025-04-15,2025-12-03,Expired,False
SUB006289,USR005507,Standard,499,2025-12-04,2026-01-01,Active,True
SUB006290,USR005508,Standard,499,2025-06-14,2026-01-01,Active,False
SUB006291,USR005509,Basic,299,2025-05-04,2026-01-01,Active,False
SUB006292,USR005510,Basic,299,2025-02-19,2025-12-12,Cancelled,False
SUB006293,USR005510,Standard,499,2025-12-13,2026-01-01,Active,True
SUB006294,USR005511,Premium,799,2025-03-19,2025-10-02,Cancelled,True
SUB006295,USR005512,Standard,499,2025-05-06,2026-01-01,Active,False
SUB006296,USR005513,Standard,499,2025-04-22,2026-01-01,Active,True
SUB006297,USR005514,Premium,799,2025-06-04,2025-11-21,Expired,True
SUB006298,USR005514,Standard,499,2025-11-22,2026-01-01,Active,True
SUB006299,USR005515,Mobile,149,2025-06-07,2026-01-01,Active,True
SUB006300,USR005516,Standard,499,2025-02-11,2025-12-22,Cancelled,False
SUB006301,USR005517,Standard,499,2025-02-23,2025-05-29,Expired,True
SUB006302,USR005518,Standard,499,2025-03-13,2025-12-05,Expired,True
SUB006303,USR005519,Standard,499,2025-04-22,2026-01-01,Active,False
SUB006304,USR005520,Premium,799,2025-02-13,2025-05-15,Expired,True
SUB006305,USR005521,Mobile,149,2025-02-11,2025-12-23,Cancelled,True
SUB006306,USR005522,Basic,299,2025-04-22,2026-01-01,Active,True
SUB006307,USR005523,Basic,299,2025-03-21,2025-07-13,Expired,True
SUB006308,USR005524,Standard,499,2025-07-22,2026-01-01,Active,False
SUB006309,USR005525,Mobile,149,2025-02-01,2026-01-01,Active,True
SUB006310,USR005526,Basic,299,2025-08-23,2026-01-01,Active,False
SUB006311,USR005527,Premium,799,2025-02-21,2025-11-28,Expired,True
SUB006312,USR005528,Standard,499,2025-05-29,2026-01-01,Active,True
SUB006313,USR005529,Basic,299,2025-08-27,2025-11-28,Expired,False
SUB006314,USR005530,Standard,499,2025-03-08,2026-01-01,Active,True
SUB006315,USR005531,Basic,299,2025-06-01,2025-10-09,Cancelled,True
SUB006316,USR005531,Mobile,149,2025-10-10,2026-01-01,Active,False
SUB006317,USR005532,Basic,299,2025-03-08,2025-11-13,Cancelled,True
SUB006318,USR005533,Mobile,149,2025-04-30,2026-01-01,Active,True
SUB006319,USR005534,Mobile,149,2025-05-24,2026-01-01,Active,False
SUB006320,USR005535,Mobile,149,2025-06-02,2026-01-01,Active,False
SUB006321,USR005536,Basic,299,2025-01-22,2025-06-04,Cancelled,False
SUB006322,USR005537,Premium,799,2025-02-25,2025-11-16,Expired,True
SUB006323,USR005537,Basic,299,2025-11-17,2026-01-01,Active,False
SUB006324,USR005538,Standard,499,2025-01-26,2025-11-19,Cancelled,True
SUB006325,USR005539,Mobile,149,2025-04-05,2026-01-01,Active,True
SUB006326,USR005540,Basic,299,2025-09-10,2025-12-18,Cancelled,True
SUB006327,USR005541,Mobile,149,2025-08-04,2026-01-01,Active,False
SUB006328,USR005542,Standard,499,2025-04-04,2025-08-04,Cancelled,True
SUB006329,USR005543,Basic,299,2025-02-17,2025-05-28,Expired,True
SUB006330,USR005544,Premium,799,2025-08-31,2026-01-01,Active,False
SUB006331,USR005545,Basic,299,2025-08-25,2026-01-01,Active,False
SUB006332,USR005546,Mobile,149,2025-03-19,2025-12-09,Cancelled,True
SUB006333,USR005547,Standard,499,2025-02-16,2025-12-24,Expired,False
SUB006334,USR005547,Mobile,149,2025-12-25,2026-01-01,Active,True
SUB006335,USR005548,Standard,499,2025-04-05,2025-11-16,Cancelled,False
SUB006336,USR005548,Standard,499,2025-11-17,2026-01-01,Active,False
SUB006337,USR005549,Premium,799,2025-02-03,2025-11-13,Cancelled,True
SUB006338,USR005550,Basic,299,2025-03-18,2026-01-01,Active,True
SUB006339,USR005551,Mobile,149,2025-01-19,2025-12-08,Cancelled,True
SUB006340,USR005551,Basic,299,2025-12-09,2026-01-01,Active,True
SUB006341,USR005552,Basic,299,2025-02-21,2025-10-12,Cancelled,False
SUB006342,USR005552,Basic,299,2025-10-13,2026-01-01,Active,True
SUB006343,USR005553,Standard,499,2025-03-16,2026-01-01,Active,False
SUB006344,USR005554,Basic,299,2025-06-29,2026-01-01,Active,True
SUB006345,USR005555,Mobile,149,2025-04-22,2026-01-01,Active,True
SUB006346,USR005556,Standard,499,2025-03-22,2026-01-01,Active,True
SUB006347,USR005557,Basic,299,2025-03-12,2026-01-01,Active,True
SUB006348,USR005558,Standard,499,2025-08-18,2026-01-01,Active,False
SUB006349,USR005559,Standard,499,2025-02-24,2025-10-22,Cancelled,True
SUB006350,USR005559,Standard,499,2025-10-23,2026-01-01,Active,True
SUB006351,USR005560,Mobile,149,2025-01-12,2025-08-12,Cancelled,True
SUB006352,USR005561,Premium,799,2025-06-20,2026-01-01,Active,True
SUB006353,USR005562,Basic,299,2025-03-27,2026-01-01,Active,True
SUB006354,USR005563,Mobile,149,2025-03-13,2026-01-01,Active,True
SUB006355,USR005564,Standard,499,2025-03-05,2025-07-21,Expired,True
SUB006356,USR005565,Premium,799,2025-04-23,2025-11-20,Cancelled,False
SUB006357,USR005565,Standard,499,2025-11-21,2026-01-01,Active,True
SUB006358,USR005566,Basic,299,2025-06-12,2025-10-22,Expired,True
SUB006359,USR005566,Basic,299,2025-10-23,2026-01-01,Active,False
SUB006360,USR005567,Standard,499,2025-06-19,2026-01-01,Active,True
SUB006361,USR005568,Standard,499,2025-05-13,2025-08-25,Expired,True
SUB006362,USR005569,Standard,499,2025-07-04,2025-11-17,Expired,True
SUB006363,USR005569,Standard,499,2025-11-18,2026-01-01,Active,True
SUB006364,USR005570,Standard,499,2025-02-22,2025-10-18,Expired,True
SUB006365,USR005571,Premium,799,2025-01-10,2025-10-31,Cancelled,True
SUB006366,USR005572,Mobile,149,2025-07-30,2026-01-01,Active,True
SUB006367,USR005573,Standard,499,2025-03-23,2026-01-01,Active,True
SUB006368,USR005574,Mobile,149,2025-06-26,2025-12-16,Cancelled,False
SUB006369,USR005574,Premium,799,2025-12-17,2026-01-01,Active,True
SUB006370,USR005575,Basic,299,2025-01-30,2026-01-01,Active,False
SUB006371,USR005576,Standard,499,2025-04-24,2025-10-12,Expired,True
SUB006372,USR005577,Premium,799,2025-02-28,2026-01-01,Active,False
SUB006373,USR005578,Standard,499,2025-04-16,2026-01-01,Active,True
SUB006374,USR005579,Basic,299,2025-05-14,2026-01-01,Active,True
SUB006375,USR005580,Basic,299,2025-06-03,2026-01-01,Active,True
SUB006376,USR005581,Basic,299,2025-03-31,2025-11-29,Cancelled,True
SUB006377,USR005582,Standard,499,2025-02-19,2025-09-08,Cancelled,True
SUB006378,USR005583,Basic,299,2025-03-27,2025-11-09,Cancelled,True
SUB006379,USR005584,Standard,499,2025-08-02,2026-01-01,Active,True
SUB006380,USR005585,Standard,499,2025-04-25,2026-01-01,Active,True
SUB006381,USR005586,Standard,499,2025-01-23,2025-12-31,Cancelled,True
SUB006382,USR005587,Standard,499,2025-03-17,2026-01-01,Active,True
SUB006383,USR005588,Mobile,149,2025-04-29,2025-07-28,Cancelled,True
SUB006384,USR005589,Mobile,149,2025-07-11,2026-01-01,Active,True
SUB006385,USR005590,Basic,299,2025-08-12,2026-01-01,Active,True
SUB006386,USR005591,Standard,499,2025-06-02,2026-01-01,Active,True
SUB006387,USR005592,Standard,499,2025-03-07,2025-08-10,Expired,True
SUB006388,USR005593,Basic,299,2025-03-02,2025-09-29,Cancelled,True
SUB006389,USR005594,Mobile,149,2025-04-18,2025-08-12,Cancelled,True
SUB006390,USR005595,Basic,299,2025-04-16,2026-01-01,Active,False
SUB006391,USR005596,Basic,299,2025-03-09,2025-09-08,Cancelled,False
SUB006392,USR005597,Mobile,149,2025-01-30,2025-07-29,Cancelled,True
SUB006393,USR005598,Standard,499,2025-05-16,2025-10-26,Cancelled,True
SUB006394,USR005599,Basic,299,2025-03-07,2025-07-16,Cancelled,True
SUB006395,USR005600,Premium,799,2025-05-20,2026-01-01,Active,True
SUB006396,USR005601,Standard,499,2025-05-09,2025-10-31,Expired,True
SUB006397,USR005601,Mobile,149,2025-11-01,2026-01-01,Active,False
SUB006398,USR005602,Standard,499,2025-07-09,2025-12-15,Expired,False
SUB006399,USR005603,Standard,499,2025-08-21,2026-01-01,Active,False
SUB006400,USR005604,Standard,499,2025-02-03,2025-09-09,Cancelled,True
SUB006401,USR005605,Basic,299,2025-02-18,2025-08-14,Expired,True
SUB006402,USR005605,Mobile,149,2025-08-15,2026-01-01,Active,True
SUB006403,USR005606,Mobile,149,2025-08-04,2026-01-01,Active,False
SUB006404,USR005607,Mobile,149,2025-06-15,2026-01-01,Active,True
SUB006405,USR005608,Basic,299,2025-02-15,2025-10-13,Expired,True
SUB006406,USR005609,Premium,799,2025-08-10,2026-01-01,Active,True
SUB006407,USR005610,Premium,799,2025-01-31,2025-05-26,Expired,True
SUB006408,USR005611,Standard,499,2025-02-05,2025-07-16,Expired,False
SUB006409,USR005612,Mobile,149,2025-03-27,2026-01-01,Active,True
SUB006410,USR005613,Premium,799,2025-06-23,2026-01-01,Active,True
SUB006411,USR005614,Mobile,149,2025-03-22,2026-01-01,Active,True
SUB006412,USR005615,Premium,799,2025-05-10,2025-12-06,Expired,True
SUB006413,USR005615,Premium,799,2025-12-07,2026-01-01,Active,True
SUB006414,USR005616,Basic,299,2025-01-17,2025-04-27,Cancelled,True
SUB006415,USR005617,Basic,299,2025-09-09,2026-01-01,Active,True
SUB006416,USR005618,Standard,499,2025-03-14,2025-08-20,Expired,True
SUB006417,USR005619,Standard,499,2025-05-18,2025-09-23,Expired,True
SUB006418,USR005620,Standard,499,2025-04-19,2025-10-20,Expired,True
SUB006419,USR005620,Premium,799,2025-10-21,2026-01-01,Active,False
SUB006420,USR005621,Basic,299,2025-04-22,2026-01-01,Active,True
SUB006421,USR005622,Standard,499,2025-02-17,2025-06-13,Cancelled,True
SUB006422,USR005623,Standard,499,2025-01-21,2026-01-01,Active,True
SUB006423,USR005624,Basic,299,2025-03-05,2025-09-07,Cancelled,True
SUB006424,USR005624,Basic,299,2025-09-08,2026-01-01,Active,True
SUB006425,USR005625,Premium,799,2025-05-25,2025-11-22,Cancelled,True
SUB006426,USR005626,Standard,499,2025-03-08,2025-07-20,Expired,True
SUB006427,USR005626,Premium,799,2025-07-21,2026-01-01,Active,True
SUB006428,USR005627,Basic,299,2025-06-12,2025-11-05,Expired,True
SUB006429,USR005628,Mobile,149,2025-06-11,2025-11-04,Cancelled,True
SUB006430,USR005629,Premium,799,2025-01-23,2025-06-21,Cancelled,False
SUB006431,USR005630,Standard,499,2025-03-24,2026-01-01,Active,False
SUB006432,USR005631,Standard,499,2025-05-16,2025-10-11,Cancelled,False
SUB006433,USR005632,Standard,499,2025-03-01,2025-11-17,Cancelled,True
SUB006434,USR005633,Standard,499,2025-07-15,2026-01-01,Active,True
SUB006435,USR005634,Basic,299,2025-03-28,2025-10-15,Expired,False
SUB006436,USR005635,Standard,499,2025-01-18,2025-04-18,Cancelled,True
SUB006437,USR005636,Mobile,149,2025-06-05,2025-10-28,Cancelled,False
SUB006438,USR005637,Mobile,149,2025-02-26,2025-10-14,Expired,True
SUB006439,USR005638,Standard,499,2025-04-25,2026-01-01,Active,False
SUB006440,USR005639,Standard,499,2025-06-14,2026-01-01,Active,True
SUB006441,USR005640,Standard,499,2025-07-24,2026-01-01,Active,True
SUB006442,USR005641,Premium,799,2025-01-13,2025-05-16,Expired,True
SUB006443,USR005642,Premium,799,2025-05-04,2026-01-01,Active,True
SUB006444,USR005643,Mobile,149,2025-03-25,2026-01-01,Active,False
SUB006445,USR005644,Standard,499,2025-02-16,2025-09-25,Cancelled,True
SUB006446,USR005645,Standard,499,2025-02-06,2025-06-01,Cancelled,True
SUB006447,USR005645,Mobile,149,2025-06-02,2025-08-02,Expired,True
SUB006448,USR005646,Standard,499,2025-02-20,2026-01-01,Active,True
SUB006449,USR005647,Premium,799,2025-03-02,2025-09-05,Cancelled,True
SUB006450,USR005648,Standard,499,2025-03-06,2025-12-20,Expired,True
SUB006451,USR005649,Premium,799,2025-07-28,2026-01-01,Active,True
SUB006452,USR005650,Mobile,149,2025-03-15,2026-01-01,Active,False
SUB006453,USR005651,Standard,499,2025-03-14,2026-01-01,Active,True
SUB006454,USR005652,Mobile,149,2025-06-17,2026-01-01,Active,True
SUB006455,USR005653,Basic,299,2025-02-17,2025-11-26,Expired,True
SUB006456,USR005654,Premium,799,2025-09-17,2026-01-01,Active,True
SUB006457,USR005655,Standard,499,2025-03-04,2025-11-17,Cancelled,False
SUB006458,USR005655,Basic,299,2025-11-18,2026-01-01,Active,True
SUB006459,USR005656,Standard,499,2025-05-13,2026-01-01,Active,True
SUB006460,USR005657,Premium,799,2025-07-21,2026-01-01,Active,True
SUB006461,USR005658,Basic,299,2025-04-29,2026-01-01,Active,False
SUB006462,USR005659,Basic,299,2025-01-17,2026-01-01,Active,True
SUB006463,USR005660,Premium,799,2025-03-18,2026-01-01,Active,True
SUB006464,USR005661,Mobile,149,2025-05-20,2026-01-01,Active,False
SUB006465,USR005662,Standard,499,2025-01-20,2025-10-29,Cancelled,True
SUB006466,USR005663,Basic,299,2025-01-19,2026-01-01,Active,False
SUB006467,USR005664,Standard,499,2025-07-13,2026-01-01,Active,True
SUB006468,USR005665,Mobile,149,2025-04-24,2025-10-19,Expired,True
SUB006469,USR005665,Standard,499,2025-10-20,2026-01-01,Active,True
SUB006470,USR005666,Premium,799,2025-01-30,2025-06-28,Cancelled,False
SUB006471,USR005666,Basic,299,2025-06-29,2025-09-22,Expired,False
SUB006472,USR005667,Basic,299,2025-03-06,2026-01-01,Active,False
SUB006473,USR005668,Basic,299,2025-04-06,2026-01-01,Active,True
SUB006474,USR005669,Premium,799,2025-05-04,2025-09-02,Expired,False
SUB006475,USR005670,Standard,499,2025-02-16,2025-11-09,Expired,False
SUB006476,USR005670,Basic,299,2025-11-10,2026-01-01,Active,True
SUB006477,USR005671,Premium,799,2025-05-17,2026-01-01,Active,True
SUB006478,USR005672,Standard,499,2025-05-10,2026-01-01,Active,True
SUB006479,USR005673,Basic,299,2025-04-03,2026-01-01,Active,True
SUB006480,USR005674,Premium,799,2025-03-24,2025-11-04,Cancelled,True
SUB006481,USR005674,Standard,499,2025-11-05,2026-01-01,Active,True
SUB006482,USR005675,Basic,299,2025-03-18,2026-01-01,Active,True
SUB006483,USR005676,Premium,799,2025-05-04,2025-10-15,Cancelled,True
SUB006484,USR005677,Premium,799,2025-03-07,2026-01-01,Active,True
SUB006485,USR005678,Standard,499,2025-04-02,2025-10-20,Cancelled,True
SUB006486,USR005678,Basic,299,2025-10-21,2026-01-01,Active,True
SUB006487,USR005679,Premium,799,2025-03-19,2026-01-01,Active,True
SUB006488,USR005680,Premium,799,2025-04-02,2025-08-23,Expired,True
SUB006489,USR005681,Mobile,149,2025-05-07,2026-01-01,Active,False
SUB006490,USR005682,Premium,799,2025-06-04,2026-01-01,Active,True
SUB006491,USR005683,Basic,299,2025-04-07,2026-01-01,Active,True
SUB006492,USR005684,Mobile,149,2025-09-12,2026-01-01,Active,True
SUB006493,USR005685,Premium,799,2025-04-09,2026-01-01,Active,True
SUB006494,USR005686,Mobile,149,2025-03-17,2026-01-01,Active,True
SUB006495,USR005687,Premium,799,2025-01-23,2026-01-01,Active,True
SUB006496,USR005688,Basic,299,2025-03-19,2025-07-30,Expired,False
SUB006497,USR005689,Mobile,149,2025-05-02,2026-01-01,Active,True
SUB006498,USR005690,Premium,799,2025-07-28,2026-01-01,Active,True
SUB006499,USR005691,Mobile,149,2025-04-14,2025-12-31,Expired,False
SUB006500,USR005692,Premium,799,2025-03-23,2025-06-23,Cancelled,True
SUB006501,USR005692,Premium,799,2025-06-24,2026-01-01,Active,True
SUB006502,USR005693,Standard,499,2025-04-03,2025-09-07,Cancelled,True
SUB006503,USR005694,Premium,799,2025-08-17,2026-01-01,Active,True
SUB006504,USR005695,Premium,799,2025-06-06,2026-01-01,Active,True
SUB006505,USR005696,Standard,499,2025-06-06,2025-10-22,Expired,True
SUB006506,USR005697,Mobile,149,2025-03-24,2026-01-01,Active,True
SUB006507,USR005698,Basic,299,2025-06-30,2026-01-01,Active,True
SUB006508,USR005699,Standard,499,2025-02-09,2025-12-31,Expired,True
SUB006509,USR005700,Basic,299,2025-07-04,2026-01-01,Active,False
SUB006510,USR005701,Basic,299,2025-03-14,2025-11-06,Cancelled,True
SUB006511,USR005701,Mobile,149,2025-11-07,2026-01-01,Active,False
SUB006512,USR005702,Basic,299,2025-04-05,2026-01-01,Active,True
SUB006513,USR005703,Basic,299,2025-03-07,2026-01-01,Active,True
SUB006514,USR005704,Premium,799,2025-05-20,2025-11-08,Cancelled,True
SUB006515,USR005705,Standard,499,2025-05-11,2026-01-01,Active,True
SUB006516,USR005706,Basic,299,2025-05-21,2025-09-30,Expired,True
SUB006517,USR005707,Standard,499,2025-02-04,2025-06-18,Cancelled,False
SUB006518,USR005708,Mobile,149,2025-02-22,2025-07-15,Cancelled,False
SUB006519,USR005708,Standard,499,2025-07-16,2025-11-27,Cancelled,False
SUB006520,USR005709,Standard,499,2025-04-24,2025-08-29,Expired,True
SUB006521,USR005710,Basic,299,2025-04-28,2026-01-01,Active,False
SUB006522,USR005711,Standard,499,2025-05-02,2026-01-01,Active,False
SUB006523,USR005712,Basic,299,2025-02-05,2025-12-02,Expired,False
SUB006524,USR005713,Mobile,149,2025-02-05,2025-07-14,Cancelled,True
SUB006525,USR005714,Standard,499,2025-04-22,2026-01-01,Active,True
SUB006526,USR005715,Premium,799,2025-09-21,2026-01-01,Active,True
SUB006527,USR005716,Premium,799,2025-02-11,2026-01-01,Active,False
SUB006528,USR005717,Premium,799,2025-02-01,2025-05-26,Cancelled,True
SUB006529,USR005718,Mobile,149,2025-03-29,2026-01-01,Active,True
SUB006530,USR005719,Basic,299,2025-07-05,2026-01-01,Active,True
SUB006531,USR005720,Standard,499,2025-06-19,2026-01-01,Active,False
SUB006532,USR005721,Standard,499,2025-04-06,2026-01-01,Active,True
SUB006533,USR005722,Mobile,149,2025-06-03,2025-10-06,Expired,True
SUB006534,USR005723,Mobile,149,2025-02-14,2025-05-19,Cancelled,False
SUB006535,USR005723,Basic,299,2025-05-20,2025-11-16,Expired,True
SUB006536,USR005724,Standard,499,2025-07-12,2025-12-08,Cancelled,True
SUB006537,USR005725,Standard,499,2025-03-14,2025-10-15,Cancelled,True
SUB006538,USR005725,Mobile,149,2025-10-16,2026-01-01,Active,True
SUB006539,USR005726,Basic,299,2025-04-24,2025-08-10,Cancelled,False
SUB006540,USR005727,Premium,799,2025-04-19,2025-12-24,Expired,False
SUB006541,USR005728,Standard,499,2025-05-07,2026-01-01,Active,True
SUB006542,USR005729,Mobile,149,2025-02-12,2026-01-01,Active,True
SUB006543,USR005730,Standard,499,2025-09-18,2026-01-01,Active,True
SUB006544,USR005731,Standard,499,2025-02-27,2026-01-01,Active,False
SUB006545,USR005732,Mobile,149,2025-07-15,2026-01-01,Active,False
SUB006546,USR005733,Basic,299,2025-05-25,2026-01-01,Active,True
SUB006547,USR005734,Basic,299,2025-03-24,2026-01-01,Active,True
SUB006548,USR005735,Basic,299,2025-01-30,2025-12-22,Expired,False
SUB006549,USR005735,Basic,299,2025-12-23,2026-01-01,Active,True
SUB006550,USR005736,Premium,799,2025-03-25,2026-01-01,Active,True
SUB006551,USR005737,Basic,299,2025-01-31,2025-06-07,Cancelled,False
SUB006552,USR005738,Basic,299,2025-03-12,2025-10-09,Expired,True
SUB006553,USR005738,Standard,499,2025-10-10,2026-01-01,Active,False
SUB006554,USR005739,Premium,799,2025-03-09,2025-12-31,Cancelled,False
SUB006555,USR005740,Standard,499,2025-01-27,2026-01-01,Active,True
SUB006556,USR005741,Mobile,149,2025-03-02,2025-08-22,Cancelled,True
SUB006557,USR005742,Basic,299,2025-07-24,2026-01-01,Active,False
SUB006558,USR005743,Standard,499,2025-02-25,2025-10-27,Expired,True
SUB006559,USR005744,Basic,299,2025-03-08,2026-01-01,Active,False
SUB006560,USR005745,Basic,299,2025-01-31,2025-10-16,Cancelled,True
SUB006561,USR005745,Mobile,149,2025-10-17,2026-01-01,Active,True
SUB006562,USR005746,Standard,499,2025-05-16,2025-09-30,Expired,True
SUB006563,USR005747,Basic,299,2025-03-25,2025-10-13,Cancelled,False
SUB006564,USR005748,Basic,299,2025-04-08,2026-01-01,Active,True
SUB006565,USR005749,Basic,299,2025-04-12,2026-01-01,Active,True
SUB006566,USR005750,Mobile,149,2025-03-30,2026-01-01,Active,True
SUB006567,USR005751,Standard,499,2025-07-16,2026-01-01,Active,False
SUB006568,USR005752,Standard,499,2025-03-07,2025-08-01,Cancelled,True
SUB006569,USR005752,Premium,799,2025-08-02,2025-10-03,Expired,False
SUB006570,USR005753,Premium,799,2025-06-13,2025-12-31,Cancelled,False
SUB006571,USR005754,Basic,299,2025-02-18,2025-06-01,Cancelled,False
SUB006572,USR005754,Standard,499,2025-06-02,2025-09-24,Expired,True
SUB006573,USR005755,Mobile,149,2025-05-21,2026-01-01,Active,True
SUB006574,USR005756,Mobile,149,2025-01-19,2025-06-17,Cancelled,False
SUB006575,USR005756,Standard,499,2025-06-18,2026-01-01,Active,False
SUB006576,USR005757,Mobile,149,2025-03-11,2026-01-01,Active,False
SUB006577,USR005758,Standard,499,2025-05-06,2026-01-01,Active,True
SUB006578,USR005759,Basic,299,2025-03-26,2026-01-01,Active,True
SUB006579,USR005760,Mobile,149,2025-09-08,2025-12-25,Expired,True
SUB006580,USR005761,Standard,499,2025-04-25,2025-12-06,Expired,True
SUB006581,USR005762,Basic,299,2025-04-05,2026-01-01,Active,True
SUB006582,USR005763,Premium,799,2025-05-04,2026-01-01,Active,False
SUB006583,USR005764,Premium,799,2025-04-19,2025-10-16,Expired,True
SUB006584,USR005765,Mobile,149,2025-03-12,2025-11-13,Expired,False
SUB006585,USR005766,Standard,499,2025-03-17,2025-12-11,Cancelled,True
SUB006586,USR005767,Standard,499,2025-05-25,2026-01-01,Active,True
SUB006587,USR005768,Mobile,149,2025-05-02,2025-12-10,Expired,False
SUB006588,USR005769,Basic,299,2025-02-05,2025-10-19,Expired,True
SUB006589,USR005770,Mobile,149,2025-04-26,2025-10-05,Cancelled,True
SUB006590,USR005771,Standard,499,2025-03-10,2026-01-01,Active,True
SUB006591,USR005772,Standard,499,2025-04-14,2025-10-25,Cancelled,True
SUB006592,USR005773,Basic,299,2025-03-31,2026-01-01,Active,True
SUB006593,USR005774,Standard,499,2025-01-27,2025-08-24,Cancelled,False
SUB006594,USR005775,Standard,499,2025-05-23,2025-11-23,Cancelled,True
SUB006595,USR005776,Premium,799,2025-07-02,2026-01-01,Active,False
SUB006596,USR005777,Basic,299,2025-07-18,2026-01-01,Active,True
SUB006597,USR005778,Premium,799,2025-02-15,2025-12-08,Cancelled,True
SUB006598,USR005778,Mobile,149,2025-12-09,2026-01-01,Active,True
SUB006599,USR005779,Basic,299,2025-03-13,2025-06-20,Cancelled,True
SUB006600,USR005780,Basic,299,2025-02-24,2025-09-15,Expired,True
SUB006601,USR005780,Basic,299,2025-09-16,2026-01-01,Active,True
SUB006602,USR005781,Standard,499,2025-03-02,2025-11-26,Cancelled,False
SUB006603,USR005782,Mobile,149,2025-04-03,2025-12-19,Cancelled,True
SUB006604,USR005783,Basic,299,2025-04-01,2025-10-09,Expired,False
SUB006605,USR005784,Standard,499,2025-07-13,2026-01-01,Active,True
SUB006606,USR005785,Basic,299,2025-02-21,2025-12-30,Expired,True
SUB006607,USR005786,Mobile,149,2025-06-23,2026-01-01,Active,True
SUB006608,USR005787,Standard,499,2025-05-08,2025-12-17,Expired,False
SUB006609,USR005788,Basic,299,2025-07-16,2025-10-23,Expired,True
SUB006610,USR005788,Premium,799,2025-10-24,2026-01-01,Active,True
SUB006611,USR005789,Premium,799,2025-04-20,2026-01-01,Active,False
SUB006612,USR005790,Basic,299,2025-03-15,2025-06-13,Cancelled,True
SUB006613,USR005790,Premium,799,2025-06-14,2025-10-24,Expired,True
SUB006614,USR005791,Standard,499,2025-01-13,2025-10-30,Cancelled,True
SUB006615,USR005791,Mobile,149,2025-10-31,2026-01-01,Active,True
SUB006616,USR005792,Standard,499,2025-02-21,2026-01-01,Active,True
SUB006617,USR005793,Standard,499,2025-02-19,2026-01-01,Active,False
SUB006618,USR005794,Premium,799,2025-03-06,2026-01-01,Active,True
SUB006619,USR005795,Mobile,149,2025-04-03,2026-01-01,Active,True
SUB006620,USR005796,Premium,799,2025-05-28,2025-11-26,Expired,True
SUB006621,USR005796,Basic,299,2025-11-27,2026-01-01,Active,True
SUB006622,USR005797,Mobile,149,2025-06-07,2026-01-01,Active,True
SUB006623,USR005798,Premium,799,2025-04-14,2025-08-30,Expired,False
SUB006624,USR005799,Basic,299,2025-02-03,2025-12-17,Cancelled,True
SUB006625,USR005799,Mobile,149,2025-12-18,2026-01-01,Active,True
SUB006626,USR005800,Mobile,149,2025-04-16,2026-01-01,Active,False
SUB006627,USR005801,Standard,499,2025-04-08,2025-12-04,Cancelled,False
SUB006628,USR005802,Standard,499,2025-04-23,2025-11-15,Expired,True
SUB006629,USR005803,Premium,799,2025-07-12,2025-11-03,Expired,True
SUB006630,USR005804,Premium,799,2025-02-04,2026-01-01,Active,True
SUB006631,USR005805,Basic,299,2025-03-30,2025-11-26,Expired,True
SUB006632,USR005806,Basic,299,2025-01-31,2025-10-05,Expired,False
SUB006633,USR005807,Standard,499,2025-03-12,2026-01-01,Active,True
SUB006634,USR005808,Standard,499,2025-02-02,2025-06-11,Expired,True
SUB006635,USR005808,Basic,299,2025-06-12,2026-01-01,Active,False
SUB006636,USR005809,Mobile,149,2025-05-01,2026-01-01,Active,True
SUB006637,USR005810,Standard,499,2025-06-09,2026-01-01,Active,True
SUB006638,USR005811,Basic,299,2025-04-22,2025-07-28,Expired,True
SUB006639,USR005812,Standard,499,2025-01-28,2025-08-23,Cancelled,False
SUB006640,USR005812,Standard,499,2025-08-24,2026-01-01,Active,True
SUB006641,USR005813,Standard,499,2025-03-22,2025-11-23,Cancelled,False
SUB006642,USR005813,Standard,499,2025-11-24,2026-01-01,Active,True
SUB006643,USR005814,Basic,299,2025-03-04,2025-08-11,Expired,False
SUB006644,USR005814,Premium,799,2025-08-12,2026-01-01,Active,False
SUB006645,USR005815,Mobile,149,2025-01-18,2025-10-07,Cancelled,False
SUB006646,USR005816,Basic,299,2025-07-29,2026-01-01,Active,False
SUB006647,USR005817,Basic,299,2025-07-23,2026-01-01,Active,True
SUB006648,USR005818,Basic,299,2025-02-14,2025-09-13,Expired,True
SUB006649,USR005819,Mobile,149,2025-05-19,2026-01-01,Active,False
SUB006650,USR005820,Standard,499,2025-04-04,2025-09-11,Expired,True
SUB006651,USR005821,Basic,299,2025-03-30,2026-01-01,Active,True
SUB006652,USR005822,Basic,299,2025-09-15,2026-01-01,Active,True
SUB006653,USR005823,Mobile,149,2025-05-13,2026-01-01,Active,True
SUB006654,USR005824,Mobile,149,2025-02-24,2025-08-17,Cancelled,True
SUB006655,USR005825,Standard,499,2025-04-02,2025-08-04,Expired,True
SUB006656,USR005825,Mobile,149,2025-08-05,2025-11-06,Cancelled,False
SUB006657,USR005826,Standard,499,2025-03-21,2026-01-01,Active,True
SUB006658,USR005827,Premium,799,2025-05-14,2026-01-01,Active,True
SUB006659,USR005828,Standard,499,2025-03-17,2025-11-02,Cancelled,True
SUB006660,USR005829,Mobile,149,2025-05-31,2025-10-02,Cancelled,True
SUB006661,USR005830,Standard,499,2025-04-23,2025-12-03,Expired,False
SUB006662,USR005830,Basic,299,2025-12-04,2026-01-01,Active,False
SUB006663,USR005831,Mobile,149,2025-01-11,2025-12-31,Expired,True
SUB006664,USR005832,Basic,299,2025-02-10,2025-10-05,Cancelled,True
SUB006665,USR005832,Mobile,149,2025-10-06,2026-01-01,Active,True
SUB006666,USR005833,Mobile,149,2025-02-27,2026-01-01,Active,False
SUB006667,USR005834,Standard,499,2025-03-31,2025-11-25,Expired,True
SUB006668,USR005835,Mobile,149,2025-02-18,2025-05-19,Expired,False
SUB006669,USR005836,Basic,299,2025-02-13,2025-07-20,Cancelled,True
SUB006670,USR005837,Standard,499,2025-05-27,2026-01-01,Active,False
SUB006671,USR005838,Basic,299,2025-06-06,2026-01-01,Active,True
SUB006672,USR005839,Standard,499,2025-03-29,2025-11-15,Expired,True
SUB006673,USR005839,Basic,299,2025-11-16,2026-01-01,Active,False
SUB006674,USR005840,Mobile,149,2025-03-23,2025-07-01,Cancelled,False
SUB006675,USR005841,Basic,299,2025-03-23,2026-01-01,Active,True
SUB006676,USR005842,Standard,499,2025-07-23,2026-01-01,Active,True
SUB006677,USR005843,Basic,299,2025-02-14,2025-08-25,Expired,True
SUB006678,USR005843,Standard,499,2025-08-26,2026-01-01,Active,False
SUB006679,USR005844,Basic,299,2025-09-02,2026-01-01,Active,True
SUB006680,USR005845,Premium,799,2025-03-03,2026-01-01,Active,True
SUB006681,USR005846,Basic,299,2025-03-26,2025-08-04,Expired,True
SUB006682,USR005847,Standard,499,2025-03-22,2026-01-01,Active,False
SUB006683,USR005848,Standard,499,2025-02-20,2025-05-31,Cancelled,True
SUB006684,USR005849,Mobile,149,2025-01-25,2025-05-03,Cancelled,True
SUB006685,USR005850,Basic,299,2025-03-11,2025-06-13,Expired,True
SUB006686,USR005851,Standard,499,2025-04-08,2026-01-01,Active,True
SUB006687,USR005852,Basic,299,2025-07-05,2025-10-05,Cancelled,True
SUB006688,USR005853,Mobile,149,2025-03-28,2026-01-01,Active,True
SUB006689,USR005854,Mobile,149,2025-04-09,2025-12-18,Cancelled,False
SUB006690,USR005855,Standard,499,2025-03-23,2025-09-05,Cancelled,True
SUB006691,USR005855,Mobile,149,2025-09-06,2026-01-01,Active,True
SUB006692,USR005856,Premium,799,2025-06-08,2026-01-01,Active,False
SUB006693,USR005857,Standard,499,2025-03-27,2026-01-01,Active,True
SUB006694,USR005858,Standard,499,2025-05-20,2026-01-01,Active,True
SUB006695,USR005859,Mobile,149,2025-03-05,2025-08-26,Cancelled,True
SUB006696,USR005859,Mobile,149,2025-08-27,2025-12-10,Expired,True
SUB006697,USR005860,Basic,299,2025-04-12,2026-01-01,Active,True
SUB006698,USR005861,Mobile,149,2025-06-29,2025-11-14,Expired,True
SUB006699,USR005862,Premium,799,2025-03-28,2025-10-26,Cancelled,True
SUB006700,USR005862,Standard,499,2025-10-27,2026-01-01,Active,True
SUB006701,USR005863,Mobile,149,2025-01-24,2025-09-04,Expired,True
SUB006702,USR005864,Basic,299,2025-04-23,2025-09-27,Cancelled,True
SUB006703,USR005864,Standard,499,2025-09-28,2026-01-01,Active,False
SUB006704,USR005865,Premium,799,2025-03-22,2026-01-01,Active,True
SUB006705,USR005866,Basic,299,2025-03-29,2025-11-04,Cancelled,False
SUB006706,USR005867,Standard,499,2025-04-24,2026-01-01,Active,True
SUB006707,USR005868,Basic,299,2025-06-29,2026-01-01,Active,True
SUB006708,USR005869,Standard,499,2025-02-28,2026-01-01,Active,False
SUB006709,USR005870,Mobile,149,2025-04-09,2025-08-02,Cancelled,True
SUB006710,USR005870,Mobile,149,2025-08-03,2026-01-01,Active,False
SUB006711,USR005871,Standard,499,2025-05-04,2026-01-01,Active,True
SUB006712,USR005872,Standard,499,2025-05-31,2026-01-01,Active,True
SUB006713,USR005873,Basic,299,2025-02-28,2026-01-01,Active,True
SUB006714,USR005874,Premium,799,2025-03-28,2025-12-05,Expired,False
SUB006715,USR005874,Basic,299,2025-12-06,2026-01-01,Active,False
SUB006716,USR005875,Basic,299,2025-02-10,2026-01-01,Active,False
SUB006717,USR005876,Standard,499,2025-04-09,2026-01-01,Active,False
SUB006718,USR005877,Standard,499,2025-05-06,2026-01-01,Active,True
SUB006719,USR005878,Standard,499,2025-02-15,2026-01-01,Active,True
SUB006720,USR005879,Standard,499,2025-05-18,2026-01-01,Active,False
SUB006721,USR005880,Mobile,149,2025-05-24,2025-09-13,Expired,True
SUB006722,USR005880,Basic,299,2025-09-14,2026-01-01,Active,True
SUB006723,USR005881,Standard,499,2025-04-17,2026-01-01,Active,True
SUB006724,USR005882,Mobile,149,2025-01-19,2025-12-07,Expired,True
SUB006725,USR005883,Standard,499,2025-05-08,2026-01-01,Active,True
SUB006726,USR005884,Premium,799,2025-01-30,2025-05-11,Cancelled,True
SUB006727,USR005885,Basic,299,2025-04-26,2026-01-01,Active,True
SUB006728,USR005886,Basic,299,2025-04-19,2026-01-01,Active,True
SUB006729,USR005887,Basic,299,2025-04-16,2025-12-17,Expired,True
SUB006730,USR005887,Standard,499,2025-12-18,2026-01-01,Active,False
SUB006731,USR005888,Mobile,149,2025-01-27,2026-01-01,Active,False
SUB006732,USR005889,Basic,299,2025-04-12,2026-01-01,Active,True
SUB006733,USR005890,Standard,499,2025-05-14,2025-09-07,Cancelled,True
SUB006734,USR005890,Mobile,149,2025-09-08,2026-01-01,Active,False
SUB006735,USR005891,Mobile,149,2025-02-22,2025-05-23,Cancelled,True
SUB006736,USR005892,Mobile,149,2025-06-03,2026-01-01,Active,True
SUB006737,USR005893,Standard,499,2025-02-10,2025-10-18,Cancelled,False
SUB006738,USR005893,Mobile,149,2025-10-19,2026-01-01,Active,True
SUB006739,USR005894,Basic,299,2025-04-25,2025-07-29,Cancelled,False
SUB006740,USR005894,Basic,299,2025-07-30,2025-10-24,Cancelled,True
SUB006741,USR005895,Mobile,149,2025-07-14,2026-01-01,Active,True
SUB006742,USR005896,Standard,499,2025-04-01,2025-11-15,Cancelled,False
SUB006743,USR005897,Standard,499,2025-01-27,2026-01-01,Active,False
SUB006744,USR005898,Basic,299,2025-06-03,2025-11-30,Cancelled,False
SUB006745,USR005899,Mobile,149,2025-04-14,2026-01-01,Active,True
SUB006746,USR005900,Premium,799,2025-08-03,2026-01-01,Active,False
SUB006747,USR005901,Premium,799,2025-02-23,2025-07-11,Cancelled,True
SUB006748,USR005902,Premium,799,2025-05-11,2026-01-01,Active,True
SUB006749,USR005903,Premium,799,2025-05-28,2025-12-17,Cancelled,False
SUB006750,USR005903,Standard,499,2025-12-18,2026-01-01,Active,False
SUB006751,USR005904,Basic,299,2025-02-02,2025-12-28,Expired,True
SUB006752,USR005905,Standard,499,2025-03-04,2025-10-11,Expired,False
SUB006753,USR005905,Standard,499,2025-10-12,2026-01-01,Active,True
SUB006754,USR005906,Mobile,149,2025-02-16,2025-09-28,Cancelled,True
SUB006755,USR005907,Basic,299,2025-06-22,2026-01-01,Active,True
SUB006756,USR005908,Premium,799,2025-04-16,2025-08-07,Expired,True
SUB006757,USR005908,Basic,299,2025-08-08,2025-11-20,Cancelled,True
SUB006758,USR005909,Standard,499,2025-05-22,2025-11-20,Expired,True
SUB006759,USR005910,Mobile,149,2025-06-08,2026-01-01,Active,False
SUB006760,USR005911,Standard,499,2025-01-11,2025-06-25,Cancelled,True
SUB006761,USR005912,Basic,299,2025-08-06,2026-01-01,Active,True
SUB006762,USR005913,Premium,799,2025-02-24,2025-09-21,Cancelled,True
SUB006763,USR005914,Basic,299,2025-06-08,2026-01-01,Active,True
SUB006764,USR005915,Basic,299,2025-07-06,2026-01-01,Active,True
SUB006765,USR005916,Mobile,149,2025-01-24,2025-07-29,Expired,False
SUB006766,USR005917,Basic,299,2025-06-25,2026-01-01,Active,True
SUB006767,USR005918,Mobile,149,2025-03-23,2026-01-01,Active,False
SUB006768,USR005919,Standard,499,2025-05-06,2026-01-01,Active,False
SUB006769,USR005920,Standard,499,2025-04-23,2026-01-01,Active,True
SUB006770,USR005921,Standard,499,2025-01-27,2025-11-18,Cancelled,True
SUB006771,USR005922,Standard,499,2025-06-14,2026-01-01,Active,False
SUB006772,USR005923,Mobile,149,2025-07-14,2026-01-01,Active,False
SUB006773,USR005924,Premium,799,2025-04-14,2026-01-01,Active,False
SUB006774,USR005925,Mobile,149,2025-01-15,2025-05-01,Expired,False
SUB006775,USR005926,Basic,299,2025-03-28,2025-08-24,Cancelled,False
SUB006776,USR005927,Standard,499,2025-06-06,2025-10-10,Expired,True
SUB006777,USR005928,Premium,799,2025-07-09,2026-01-01,Active,True
SUB006778,USR005929,Mobile,149,2025-03-30,2025-10-07,Cancelled,True
SUB006779,USR005929,Mobile,149,2025-10-08,2026-01-01,Active,False
SUB006780,USR005930,Basic,299,2025-02-14,2025-11-20,Expired,True
SUB006781,USR005931,Premium,799,2025-05-27,2026-01-01,Active,False
SUB006782,USR005932,Basic,299,2025-06-11,2026-01-01,Active,True
SUB006783,USR005933,Basic,299,2025-07-24,2026-01-01,Active,False
SUB006784,USR005934,Basic,299,2025-06-05,2025-10-11,Expired,True
SUB006785,USR005934,Basic,299,2025-10-12,2026-01-01,Active,True
SUB006786,USR005935,Standard,499,2025-04-05,2025-11-14,Cancelled,False
SUB006787,USR005936,Basic,299,2025-02-15,2025-09-04,Expired,True
SUB006788,USR005937,Premium,799,2025-02-01,2025-08-07,Expired,True
SUB006789,USR005937,Standard,499,2025-08-08,2025-11-09,Expired,False
SUB006790,USR005938,Premium,799,2025-05-20,2025-11-30,Cancelled,True
SUB006791,USR005939,Standard,499,2025-03-29,2026-01-01,Active,True
SUB006792,USR005940,Basic,299,2025-07-01,2025-11-07,Cancelled,False
SUB006793,USR005941,Premium,799,2025-05-29,2025-12-16,Expired,False
SUB006794,USR005941,Premium,799,2025-12-17,2026-01-01,Active,True
SUB006795,USR005942,Mobile,149,2025-03-05,2025-08-30,Expired,True
SUB006796,USR005943,Standard,499,2025-07-30,2025-12-19,Cancelled,True
SUB006797,USR005944,Standard,499,2025-06-11,2026-01-01,Active,False
SUB006798,USR005945,Basic,299,2025-05-15,2025-11-14,Cancelled,False
SUB006799,USR005946,Mobile,149,2025-05-20,2025-10-07,Cancelled,True
SUB006800,USR005947,Mobile,149,2025-08-07,2026-01-01,Active,True
SUB006801,USR005948,Premium,799,2025-05-01,2026-01-01,Active,True
SUB006802,USR005949,Mobile,149,2025-04-04,2025-11-29,Expired,False
SUB006803,USR005949,Basic,299,2025-11-30,2026-01-01,Active,True
SUB006804,USR005950,Basic,299,2025-04-12,2025-10-24,Cancelled,True
SUB006805,USR005950,Mobile,149,2025-10-25,2026-01-01,Active,True
SUB006806,USR005951,Standard,499,2025-06-16,2026-01-01,Active,False
SUB006807,USR005952,Mobile,149,2025-04-24,2026-01-01,Active,True
SUB006808,USR005953,Standard,499,2025-04-28,2025-12-06,Cancelled,True
SUB006809,USR005953,Standard,499,2025-12-07,2026-01-01,Active,False
SUB006810,USR005954,Standard,499,2025-02-05,2025-06-26,Expired,False
SUB006811,USR005955,Mobile,149,2025-01-23,2026-01-01,Active,False
SUB006812,USR005956,Standard,499,2025-03-13,2026-01-01,Active,True
SUB006813,USR005957,Basic,299,2025-03-07,2026-01-01,Active,True
SUB006814,USR005958,Basic,299,2025-06-18,2026-01-01,Active,False
SUB006815,USR005959,Standard,499,2025-02-25,2026-01-01,Active,False
SUB006816,USR005960,Mobile,149,2025-03-27,2025-08-14,Cancelled,False
SUB006817,USR005961,Mobile,149,2025-06-13,2026-01-01,Active,True
SUB006818,USR005962,Standard,499,2025-04-17,2025-10-08,Cancelled,False
SUB006819,USR005962,Premium,799,2025-10-09,2026-01-01,Active,False
SUB006820,USR005963,Basic,299,2025-03-02,2025-08-04,Cancelled,True
SUB006821,USR005964,Standard,499,2025-01-15,2025-06-14,Cancelled,False
SUB006822,USR005965,Basic,299,2025-04-23,2026-01-01,Active,True
SUB006823,USR005966,Standard,499,2025-06-03,2026-01-01,Active,False
SUB006824,USR005967,Basic,299,2025-06-19,2025-09-23,Expired,True
SUB006825,USR005968,Basic,299,2025-07-26,2026-01-01,Active,True
SUB006826,USR005969,Basic,299,2025-06-05,2026-01-01,Active,True
SUB006827,USR005970,Mobile,149,2025-07-08,2025-10-11,Expired,True
SUB006828,USR005971,Mobile,149,2025-02-16,2025-05-19,Expired,True
SUB006829,USR005972,Basic,299,2025-08-22,2026-01-01,Active,True
SUB006830,USR005973,Premium,799,2025-06-08,2025-09-25,Expired,True
SUB006831,USR005974,Mobile,149,2025-06-07,2025-11-01,Expired,True
SUB006832,USR005974,Standard,499,2025-11-02,2026-01-01,Active,True
SUB006833,USR005975,Standard,499,2025-05-02,2026-01-01,Active,True
SUB006834,USR005976,Standard,499,2025-03-07,2026-01-01,Active,True
SUB006835,USR005977,Basic,299,2025-02-21,2025-11-08,Cancelled,True
SUB006836,USR005977,Basic,299,2025-11-09,2026-01-01,Active,True
SUB006837,USR005978,Premium,799,2025-02-28,2025-10-14,Cancelled,False
SUB006838,USR005979,Premium,799,2025-05-04,2026-01-01,Active,True
SUB006839,USR005980,Premium,799,2025-05-09,2025-12-04,Expired,False
SUB006840,USR005981,Basic,299,2025-07-13,2026-01-01,Active,False
SUB006841,USR005982,Standard,499,2025-05-22,2025-11-24,Expired,True
SUB006842,USR005982,Premium,799,2025-11-25,2026-01-01,Active,True
SUB006843,USR005983,Premium,799,2025-07-13,2026-01-01,Active,True
SUB006844,USR005984,Premium,799,2025-03-18,2025-10-11,Expired,True
SUB006845,USR005984,Mobile,149,2025-10-12,2026-01-01,Active,True
SUB006846,USR005985,Mobile,149,2025-04-29,2025-08-30,Cancelled,True
SUB006847,USR005986,Basic,299,2025-08-30,2026-01-01,Active,False
SUB006848,USR005987,Premium,799,2025-02-08,2025-12-23,Expired,True
SUB006849,USR005988,Basic,299,2025-03-07,2026-01-01,Active,True
SUB006850,USR005989,Basic,299,2025-08-09,2026-01-01,Active,True
SUB006851,USR005990,Premium,799,2025-05-25,2026-01-01,Active,True
SUB006852,USR005991,Standard,499,2025-07-21,2026-01-01,Active,False
SUB006853,USR005992,Basic,299,2025-03-15,2026-01-01,Active,True
SUB006854,USR005993,Mobile,149,2025-02-08,2026-01-01,Active,True
SUB006855,USR005994,Basic,299,2025-03-23,2026-01-01,Active,True
SUB006856,USR005995,Basic,299,2025-08-04,2026-01-01,Active,True
SUB006857,USR005996,Premium,799,2025-08-12,2026-01-01,Active,True
SUB006858,USR005997,Premium,799,2025-03-23,2026-01-01,Active,True
SUB006859,USR005998,Standard,499,2025-07-13,2026-01-01,Active,False
SUB006860,USR005999,Basic,299,2025-06-25,2025-12-29,Expired,True
SUB006861,USR006000,Basic,299,2025-05-06,2025-11-30,Cancelled,False
SUB006862,USR006001,Basic,299,2025-03-13,2025-07-17,Expired,True
SUB006863,USR006002,Basic,299,2025-05-01,2025-09-11,Expired,False
SUB006864,USR006003,Mobile,149,2025-01-16,2025-11-07,Cancelled,True
SUB006865,USR006003,Standard,499,2025-11-08,2026-01-01,Active,True
SUB006866,USR006004,Mobile,149,2025-03-24,2025-07-15,Expired,True
SUB006867,USR006004,Basic,299,2025-07-16,2025-10-10,Expired,True
SUB006868,USR006005,Premium,799,2025-04-18,2026-01-01,Active,True
SUB006869,USR006006,Basic,299,2025-02-10,2025-10-16,Cancelled,False
SUB006870,USR006006,Basic,299,2025-10-17,2026-01-01,Active,True
SUB006871,USR006007,Mobile,149,2025-03-20,2026-01-01,Active,True
SUB006872,USR006008,Basic,299,2025-03-03,2025-07-16,Expired,True
SUB006873,USR006008,Standard,499,2025-07-17,2025-12-15,Expired,True
SUB006874,USR006009,Standard,499,2025-02-25,2026-01-01,Active,False
SUB006875,USR006010,Mobile,149,2025-07-26,2025-10-28,Expired,True
SUB006876,USR006010,Basic,299,2025-10-29,2026-01-01,Active,True
SUB006877,USR006011,Standard,499,2025-07-20,2025-12-01,Cancelled,True
SUB006878,USR006012,Premium,799,2025-04-01,2025-08-11,Cancelled,True
SUB006879,USR006013,Mobile,149,2025-04-14,2026-01-01,Active,True
SUB006880,USR006014,Basic,299,2025-05-18,2025-08-22,Expired,False
SUB006881,USR006014,Basic,299,2025-08-23,2026-01-01,Active,False
SUB006882,USR006015,Mobile,149,2025-04-02,2025-09-12,Expired,True
SUB006883,USR006016,Basic,299,2025-03-22,2025-09-03,Expired,False
SUB006884,USR006016,Mobile,149,2025-09-04,2025-11-18,Cancelled,True
SUB006885,USR006017,Standard,499,2025-04-12,2026-01-01,Active,False
SUB006886,USR006018,Basic,299,2025-01-17,2026-01-01,Active,False
SUB006887,USR006019,Basic,299,2025-04-03,2026-01-01,Active,True
SUB006888,USR006020,Basic,299,2025-05-10,2025-10-06,Expired,True
SUB006889,USR006021,Standard,499,2025-02-20,2025-08-26,Cancelled,True
SUB006890,USR006022,Standard,499,2025-03-17,2026-01-01,Active,False
SUB006891,USR006023,Basic,299,2025-04-29,2025-12-25,Expired,True
SUB006892,USR006024,Basic,299,2025-07-13,2026-01-01,Active,False
SUB006893,USR006025,Mobile,149,2025-04-09,2025-12-20,Cancelled,True
SUB006894,USR006026,Premium,799,2025-04-11,2025-08-27,Cancelled,False
SUB006895,USR006026,Basic,299,2025-08-28,2026-01-01,Active,False
SUB006896,USR006027,Standard,499,2025-02-22,2025-12-02,Cancelled,True
SUB006897,USR006028,Mobile,149,2025-04-14,2025-07-28,Cancelled,True
SUB006898,USR006029,Mobile,149,2025-05-07,2025-12-26,Expired,True
SUB006899,USR006030,Standard,499,2025-04-10,2025-10-12,Cancelled,True
SUB006900,USR006031,Premium,799,2025-01-23,2025-07-30,Cancelled,True
SUB006901,USR006032,Mobile,149,2025-04-16,2026-01-01,Active,True
SUB006902,USR006033,Premium,799,2025-02-25,2025-12-23,Cancelled,False
SUB006903,USR006034,Basic,299,2025-01-08,2025-04-16,Cancelled,True
SUB006904,USR006035,Standard,499,2025-02-24,2026-01-01,Active,False
SUB006905,USR006036,Standard,499,2025-06-04,2026-01-01,Active,True
SUB006906,USR006037,Premium,799,2025-02-27,2025-11-16,Expired,True
SUB006907,USR006038,Standard,499,2025-05-11,2026-01-01,Active,True
SUB006908,USR006039,Basic,299,2025-04-11,2025-12-29,Expired,False
SUB006909,USR006040,Standard,499,2025-04-08,2026-01-01,Active,True
SUB006910,USR006041,Standard,499,2025-03-10,2025-07-14,Cancelled,True
SUB006911,USR006042,Mobile,149,2025-07-10,2026-01-01,Active,True
SUB006912,USR006043,Basic,299,2025-07-29,2026-01-01,Active,False
SUB006913,USR006044,Mobile,149,2025-04-24,2025-12-17,Cancelled,True
SUB006914,USR006045,Mobile,149,2025-04-30,2025-08-01,Cancelled,True
SUB006915,USR006045,Standard,499,2025-08-02,2026-01-01,Active,True
SUB006916,USR006046,Mobile,149,2025-02-12,2025-06-12,Expired,True
SUB006917,USR006047,Mobile,149,2025-04-14,2025-12-29,Expired,False
SUB006918,USR006048,Standard,499,2025-04-11,2025-10-11,Cancelled,True
SUB006919,USR006049,Standard,499,2025-02-22,2025-10-06,Expired,False
SUB006920,USR006049,Basic,299,2025-10-07,2025-12-10,Expired,False
SUB006921,USR006050,Mobile,149,2025-08-06,2026-01-01,Active,True
SUB006922,USR006051,Standard,499,2025-04-29,2026-01-01,Active,False
SUB006923,USR006052,Basic,299,2025-05-14,2025-08-16,Expired,True
SUB006924,USR006052,Basic,299,2025-08-17,2026-01-01,Active,True
SUB006925,USR006053,Standard,499,2025-04-13,2025-10-16,Expired,True
SUB006926,USR006054,Standard,499,2025-05-22,2025-09-16,Expired,True
SUB006927,USR006054,Mobile,149,2025-09-17,2026-01-01,Active,True
SUB006928,USR006055,Standard,499,2025-03-24,2026-01-01,Active,True
SUB006929,USR006056,Basic,299,2025-05-27,2025-11-20,Expired,True
SUB006930,USR006057,Basic,299,2025-03-04,2025-11-06,Cancelled,True
SUB006931,USR006058,Standard,499,2025-06-22,2025-12-11,Cancelled,True
SUB006932,USR006059,Standard,499,2025-03-29,2025-11-29,Cancelled,True
SUB006933,USR006060,Standard,499,2025-05-23,2025-10-30,Cancelled,False
SUB006934,USR006060,Mobile,149,2025-10-31,2026-01-01,Active,True
SUB006935,USR006061,Premium,799,2025-04-23,2025-08-06,Cancelled,True
SUB006936,USR006062,Premium,799,2025-02-26,2025-10-25,Cancelled,True
SUB006937,USR006062,Standard,499,2025-10-26,2026-01-01,Active,True
SUB006938,USR006063,Premium,799,2025-07-19,2025-12-17,Cancelled,True
SUB006939,USR006064,Mobile,149,2025-04-09,2026-01-01,Active,False
SUB006940,USR006065,Mobile,149,2025-04-27,2026-01-01,Active,True
SUB006941,USR006066,Standard,499,2025-06-02,2025-09-21,Expired,True
SUB006942,USR006066,Mobile,149,2025-09-22,2026-01-01,Active,False
SUB006943,USR006067,Basic,299,2025-06-16,2026-01-01,Active,True
SUB006944,USR006068,Basic,299,2025-07-04,2026-01-01,Active,True
SUB006945,USR006069,Premium,799,2025-03-21,2026-01-01,Active,True
SUB006946,USR006070,Basic,299,2025-03-10,2026-01-01,Active,False
SUB006947,USR006071,Basic,299,2025-04-11,2025-09-20,Cancelled,True
SUB006948,USR006071,Basic,299,2025-09-21,2025-12-12,Cancelled,True
SUB006949,USR006072,Standard,499,2025-07-06,2026-01-01,Active,True
SUB006950,USR006073,Premium,799,2025-08-13,2026-01-01,Active,True
SUB006951,USR006074,Standard,499,2025-05-22,2026-01-01,Active,True
SUB006952,USR006075,Mobile,149,2025-01-21,2025-09-08,Expired,True
SUB006953,USR006076,Standard,499,2025-08-10,2026-01-01,Active,True
SUB006954,USR006077,Basic,299,2025-05-23,2026-01-01,Active,True
SUB006955,USR006078,Mobile,149,2025-03-25,2026-01-01,Active,True
SUB006956,USR006079,Premium,799,2025-04-13,2026-01-01,Active,True
SUB006957,USR006080,Mobile,149,2025-04-29,2026-01-01,Active,True
SUB006958,USR006081,Mobile,149,2025-08-03,2026-01-01,Active,True
SUB006959,USR006082,Basic,299,2025-06-23,2026-01-01,Active,True
SUB006960,USR006083,Premium,799,2025-01-23,2025-12-01,Expired,False
SUB006961,USR006084,Mobile,149,2025-04-23,2026-01-01,Active,False
SUB006962,USR006085,Standard,499,2025-02-23,2025-12-08,Cancelled,True
SUB006963,USR006086,Standard,499,2025-07-09,2026-01-01,Active,True
SUB006964,USR006087,Basic,299,2025-06-16,2026-01-01,Active,False
SUB006965,USR006088,Premium,799,2025-03-09,2025-07-29,Expired,True
SUB006966,USR006088,Standard,499,2025-07-30,2026-01-01,Active,True
SUB006967,USR006089,Premium,799,2025-05-01,2026-01-01,Active,False
SUB006968,USR006090,Standard,499,2025-07-19,2026-01-01,Active,True
SUB006969,USR006091,Basic,299,2025-06-08,2026-01-01,Active,True
SUB006970,USR006092,Standard,499,2025-04-13,2026-01-01,Active,True
SUB006971,USR006093,Basic,299,2025-03-30,2025-11-28,Cancelled,True
SUB006972,USR006094,Standard,499,2025-04-23,2026-01-01,Active,False
SUB006973,USR006095,Standard,499,2025-08-04,2026-01-01,Active,True
SUB006974,USR006096,Standard,499,2025-03-17,2026-01-01,Active,False
SUB006975,USR006097,Premium,799,2025-06-20,2025-10-28,Cancelled,False
SUB006976,USR006098,Standard,499,2025-02-03,2025-11-02,Expired,True
SUB006977,USR006099,Mobile,149,2025-05-22,2026-01-01,Active,True
SUB006978,USR006100,Premium,799,2025-01-28,2025-06-16,Expired,True
SUB006979,USR006101,Basic,299,2025-05-28,2025-08-31,Expired,True
SUB006980,USR006101,Basic,299,2025-09-01,2025-12-08,Expired,False
SUB006981,USR006102,Standard,499,2025-06-12,2025-10-14,Expired,True
SUB006982,USR006102,Mobile,149,2025-10-15,2025-12-14,Cancelled,True
SUB006983,USR006103,Standard,499,2025-03-06,2025-06-20,Expired,False
SUB006984,USR006104,Premium,799,2025-07-18,2026-01-01,Active,True
SUB006985,USR006105,Premium,799,2025-06-17,2026-01-01,Active,False
SUB006986,USR006106,Mobile,149,2025-04-07,2025-12-06,Cancelled,True
SUB006987,USR006106,Standard,499,2025-12-07,2026-01-01,Active,False
SUB006988,USR006107,Basic,299,2025-06-17,2025-10-25,Cancelled,True
SUB006989,USR006107,Basic,299,2025-10-26,2026-01-01,Active,True
SUB006990,USR006108,Standard,499,2025-01-12,2026-01-01,Active,True
SUB006991,USR006109,Standard,499,2025-07-29,2025-11-04,Cancelled,True
SUB006992,USR006109,Basic,299,2025-11-05,2026-01-01,Active,True
SUB006993,USR006110,Basic,299,2025-02-03,2025-10-02,Expired,True
SUB006994,USR006111,Mobile,149,2025-02-25,2025-07-13,Cancelled,True
SUB006995,USR006112,Mobile,149,2025-01-09,2026-01-01,Active,True
SUB006996,USR006113,Standard,499,2025-04-27,2025-11-23,Expired,True
SUB006997,USR006114,Premium,799,2025-02-03,2025-09-23,Cancelled,True
SUB006998,USR006114,Premium,799,2025-09-24,2026-01-01,Active,False
SUB006999,USR006115,Standard,499,2025-06-02,2026-01-01,Active,True
SUB007000,USR006116,Basic,299,2025-04-22,2026-01-01,Active,True
SUB007001,USR006117,Mobile,149,2025-01-28,2025-10-15,Cancelled,False
SUB007002,USR006118,Standard,499,2025-04-25,2026-01-01,Active,False
SUB007003,USR006119,Standard,499,2025-03-13,2026-01-01,Active,False
SUB007004,USR006120,Standard,499,2025-06-13,2026-01-01,Active,True
SUB007005,USR006121,Basic,299,2025-02-17,2025-10-19,Cancelled,True
SUB007006,USR006122,Standard,499,2025-03-29,2026-01-01,Active,True
SUB007007,USR006123,Standard,499,2025-03-24,2025-07-19,Expired,False
SUB007008,USR006124,Mobile,149,2025-05-05,2025-11-01,Expired,True
SUB007009,USR006124,Standard,499,2025-11-02,2026-01-01,Active,True
SUB007010,USR006125,Premium,799,2025-03-13,2025-08-12,Cancelled,True
SUB007011,USR006126,Standard,499,2025-07-17,2025-11-17,Cancelled,False
SUB007012,USR006127,Mobile,149,2025-06-08,2026-01-01,Active,True
SUB007013,USR006128,Mobile,149,2025-05-18,2026-01-01,Active,True
SUB007014,USR006129,Basic,299,2025-07-28,2026-01-01,Active,True
SUB007015,USR006130,Premium,799,2025-01-18,2025-09-03,Cancelled,False
SUB007016,USR006130,Basic,299,2025-09-04,2026-01-01,Active,True
SUB007017,USR006131,Standard,499,2025-06-02,2026-01-01,Active,True
SUB007018,USR006132,Standard,499,2025-06-20,2026-01-01,Active,True
SUB007019,USR006133,Premium,799,2025-03-17,2025-09-22,Cancelled,True
SUB007020,USR006134,Premium,799,2025-05-07,2025-11-26,Expired,True
SUB007021,USR006135,Mobile,149,2025-05-19,2026-01-01,Active,True
SUB007022,USR006136,Standard,499,2025-02-11,2025-08-18,Cancelled,True
SUB007023,USR006137,Mobile,149,2025-05-27,2026-01-01,Active,False
SUB007024,USR006138,Premium,799,2025-07-04,2026-01-01,Active,False
SUB007025,USR006139,Mobile,149,2025-04-03,2025-08-13,Cancelled,False
SUB007026,USR006140,Mobile,149,2025-02-12,2025-10-16,Cancelled,True
SUB007027,USR006140,Mobile,149,2025-10-17,2026-01-01,Active,True
SUB007028,USR006141,Mobile,149,2025-02-06,2025-08-30,Expired,True
SUB007029,USR006141,Standard,499,2025-08-31,2026-01-01,Active,False
SUB007030,USR006142,Basic,299,2025-03-15,2025-06-29,Cancelled,True
SUB007031,USR006142,Basic,299,2025-06-30,2025-12-12,Cancelled,True
SUB007032,USR006143,Basic,299,2025-07-23,2026-01-01,Active,True
SUB007033,USR006144,Premium,799,2025-05-13,2026-01-01,Active,True
SUB007034,USR006145,Basic,299,2025-05-02,2025-09-05,Expired,True
SUB007035,USR006146,Premium,799,2025-05-16,2025-10-11,Cancelled,True
SUB007036,USR006146,Premium,799,2025-10-12,2026-01-01,Active,False
SUB007037,USR006147,Basic,299,2025-06-26,2025-12-15,Expired,True
SUB007038,USR006147,Mobile,149,2025-12-16,2026-01-01,Active,True
SUB007039,USR006148,Mobile,149,2025-05-06,2025-11-19,Cancelled,True
SUB007040,USR006148,Standard,499,2025-11-20,2026-01-01,Active,True
SUB007041,USR006149,Basic,299,2025-09-28,2026-01-01,Active,True
SUB007042,USR006150,Standard,499,2025-04-27,2025-08-12,Cancelled,True
SUB007043,USR006151,Mobile,149,2025-07-16,2026-01-01,Active,True
SUB007044,USR006152,Basic,299,2025-08-05,2025-11-05,Expired,True
SUB007045,USR006153,Standard,499,2025-05-19,2025-09-22,Expired,False
SUB007046,USR006154,Basic,299,2025-04-05,2026-01-01,Active,True
SUB007047,USR006155,Basic,299,2025-03-18,2025-09-16,Expired,True
SUB007048,USR006156,Standard,499,2025-04-08,2025-11-24,Cancelled,True
SUB007049,USR006157,Basic,299,2025-04-16,2025-10-25,Cancelled,True
SUB007050,USR006157,Basic,299,2025-10-26,2026-01-01,Active,False
SUB007051,USR006158,Basic,299,2025-06-08,2026-01-01,Active,True
SUB007052,USR006159,Mobile,149,2025-03-17,2026-01-01,Active,True
SUB007053,USR006160,Premium,799,2025-03-09,2025-07-03,Expired,True
SUB007054,USR006161,Standard,499,2025-02-06,2025-12-22,Expired,False
SUB007055,USR006162,Standard,499,2025-07-17,2026-01-01,Active,True
SUB007056,USR006163,Premium,799,2025-04-27,2025-11-14,Cancelled,False
SUB007057,USR006164,Mobile,149,2025-01-22,2025-11-03,Expired,False
SUB007058,USR006165,Standard,499,2025-04-06,2025-10-17,Cancelled,True
SUB007059,USR006165,Mobile,149,2025-10-18,2026-01-01,Active,True
SUB007060,USR006166,Standard,499,2025-03-06,2026-01-01,Active,False
SUB007061,USR006167,Standard,499,2025-05-21,2025-11-08,Cancelled,True
SUB007062,USR006167,Basic,299,2025-11-09,2026-01-01,Active,True
SUB007063,USR006168,Basic,299,2025-01-01,2025-11-16,Expired,False
SUB007064,USR006169,Standard,499,2025-03-21,2026-01-01,Active,False
SUB007065,USR006170,Premium,799,2025-02-13,2025-08-24,Cancelled,True
SUB007066,USR006170,Mobile,149,2025-08-25,2025-11-15,Cancelled,True
SUB007067,USR006171,Premium,799,2025-03-29,2026-01-01,Active,False
SUB007068,USR006172,Standard,499,2025-05-24,2025-10-03,Expired,True
SUB007069,USR006173,Basic,299,2025-06-04,2026-01-01,Active,True
SUB007070,USR006174,Premium,799,2025-05-13,2025-08-21,Expired,False
SUB007071,USR006175,Mobile,149,2025-02-24,2026-01-01,Active,True
SUB007072,USR006176,Standard,499,2025-02-24,2026-01-01,Active,True
SUB007073,USR006177,Mobile,149,2025-02-19,2025-07-21,Expired,True
SUB007074,USR006178,Basic,299,2025-03-24,2025-09-02,Expired,True
SUB007075,USR006179,Mobile,149,2025-01-18,2025-07-12,Cancelled,True
SUB007076,USR006180,Premium,799,2025-02-01,2026-01-01,Active,True
SUB007077,USR006181,Mobile,149,2025-01-09,2025-11-30,Cancelled,True
SUB007078,USR006181,Mobile,149,2025-12-01,2026-01-01,Active,True
SUB007079,USR006182,Basic,299,2025-01-30,2025-06-13,Cancelled,True
SUB007080,USR006183,Premium,799,2025-02-24,2025-08-24,Expired,True
SUB007081,USR006184,Mobile,149,2025-02-27,2025-08-13,Expired,True
SUB007082,USR006184,Standard,499,2025-08-14,2026-01-01,Active,False
SUB007083,USR006185,Basic,299,2025-01-20,2025-07-20,Expired,False
SUB007084,USR006185,Basic,299,2025-07-21,2026-01-01,Active,True
SUB007085,USR006186,Mobile,149,2025-04-22,2026-01-01,Active,True
SUB007086,USR006187,Basic,299,2025-06-09,2025-11-12,Expired,False
SUB007087,USR006187,Basic,299,2025-11-13,2026-01-01,Active,False
SUB007088,USR006188,Standard,499,2025-07-23,2026-01-01,Active,True
SUB007089,USR006189,Standard,499,2025-06-15,2026-01-01,Active,False
SUB007090,USR006190,Basic,299,2025-03-07,2026-01-01,Active,True
SUB007091,USR006191,Premium,799,2025-06-17,2025-10-25,Expired,True
SUB007092,USR006192,Basic,299,2025-05-01,2025-12-21,Cancelled,False
SUB007093,USR006192,Mobile,149,2025-12-22,2026-01-01,Active,True
SUB007094,USR006193,Basic,299,2025-05-13,2026-01-01,Active,True
SUB007095,USR006194,Standard,499,2025-03-07,2025-08-18,Expired,True
SUB007096,USR006195,Basic,299,2025-02-11,2025-08-27,Expired,True
SUB007097,USR006196,Premium,799,2025-03-21,2026-01-01,Active,False
SUB007098,USR006197,Mobile,149,2025-02-01,2025-10-13,Expired,True
SUB007099,USR006198,Mobile,149,2025-05-16,2026-01-01,Active,True
SUB007100,USR006199,Basic,299,2025-04-01,2025-12-01,Expired,False
SUB007101,USR006200,Mobile,149,2025-04-13,2026-01-01,Active,True
SUB007102,USR006201,Basic,299,2025-07-25,2026-01-01,Active,True
SUB007103,USR006202,Standard,499,2025-02-11,2026-01-01,Active,False
SUB007104,USR006203,Basic,299,2025-01-14,2025-05-06,Cancelled,True
SUB007105,USR006204,Basic,299,2025-05-14,2026-01-01,Active,True
SUB007106,USR006205,Standard,499,2025-03-23,2025-12-08,Cancelled,False
SUB007107,USR006205,Basic,299,2025-12-09,2026-01-01,Active,False
SUB007108,USR006206,Standard,499,2025-04-23,2025-08-12,Cancelled,True
SUB007109,USR006206,Premium,799,2025-08-13,2026-01-01,Active,True
SUB007110,USR006207,Basic,299,2025-06-02,2025-09-11,Cancelled,False
SUB007111,USR006208,Standard,499,2025-09-16,2026-01-01,Active,False
SUB007112,USR006209,Standard,499,2025-06-27,2026-01-01,Active,False
SUB007113,USR006210,Mobile,149,2025-03-31,2025-10-03,Expired,True
SUB007114,USR006211,Standard,499,2025-02-24,2025-09-13,Expired,True
SUB007115,USR006212,Basic,299,2025-04-22,2026-01-01,Active,False
SUB007116,USR006213,Basic,299,2025-02-24,2025-12-17,Cancelled,True
SUB007117,USR006214,Premium,799,2025-05-25,2026-01-01,Active,True
SUB007118,USR006215,Basic,299,2025-08-13,2026-01-01,Active,True
SUB007119,USR006216,Mobile,149,2025-09-27,2026-01-01,Active,False
SUB007120,USR006217,Standard,499,2025-05-01,2025-11-13,Cancelled,False
SUB007121,USR006218,Premium,799,2025-03-11,2025-09-24,Cancelled,False
SUB007122,USR006218,Premium,799,2025-09-25,2026-01-01,Active,True
SUB007123,USR006219,Standard,499,2025-04-23,2026-01-01,Active,True
SUB007124,USR006220,Mobile,149,2025-04-07,2026-01-01,Active,True
SUB007125,USR006221,Standard,499,2025-02-05,2025-08-24,Expired,False
SUB007126,USR006222,Mobile,149,2025-04-27,2025-11-21,Cancelled,True
SUB007127,USR006222,Basic,299,2025-11-22,2026-01-01,Active,True
SUB007128,USR006223,Mobile,149,2025-03-04,2026-01-01,Active,True
SUB007129,USR006224,Basic,299,2025-04-05,2025-07-07,Cancelled,True
SUB007130,USR006225,Premium,799,2025-04-30,2026-01-01,Active,True
SUB007131,USR006226,Mobile,149,2025-08-03,2026-01-01,Active,True
SUB007132,USR006227,Basic,299,2025-07-17,2026-01-01,Active,False
SUB007133,USR006228,Standard,499,2025-03-10,2025-11-19,Cancelled,False
SUB007134,USR006229,Standard,499,2025-05-21,2026-01-01,Active,True
SUB007135,USR006230,Mobile,149,2025-07-08,2026-01-01,Active,True
SUB007136,USR006231,Mobile,149,2025-03-04,2025-12-29,Expired,False
SUB007137,USR006232,Standard,499,2025-05-08,2025-10-20,Expired,True
SUB007138,USR006233,Standard,499,2025-03-07,2025-06-14,Cancelled,False
SUB007139,USR006234,Premium,799,2025-04-22,2026-01-01,Active,False
SUB007140,USR006235,Premium,799,2025-05-11,2025-11-18,Expired,True
SUB007141,USR006235,Standard,499,2025-11-19,2026-01-01,Active,True
SUB007142,USR006236,Mobile,149,2025-07-03,2026-01-01,Active,False
SUB007143,USR006237,Basic,299,2025-08-14,2026-01-01,Active,True
SUB007144,USR006238,Standard,499,2025-07-12,2025-10-15,Expired,True
SUB007145,USR006239,Basic,299,2025-07-06,2025-12-20,Cancelled,True
SUB007146,USR006240,Standard,499,2025-04-13,2026-01-01,Active,False
SUB007147,USR006241,Premium,799,2025-02-20,2025-11-12,Cancelled,True
SUB007148,USR006242,Mobile,149,2025-01-25,2025-05-14,Cancelled,False
SUB007149,USR006243,Basic,299,2025-07-04,2025-12-13,Expired,True
SUB007150,USR006244,Basic,299,2025-06-30,2025-10-15,Cancelled,True
SUB007151,USR006244,Standard,499,2025-10-16,2026-01-01,Active,True
SUB007152,USR006245,Standard,499,2025-04-24,2025-12-27,Expired,True
SUB007153,USR006246,Basic,299,2025-07-21,2025-12-28,Expired,True
SUB007154,USR006247,Standard,499,2025-04-10,2026-01-01,Active,True
SUB007155,USR006248,Standard,499,2025-05-16,2025-09-05,Cancelled,True
SUB007156,USR006249,Standard,499,2025-08-18,2026-01-01,Active,True
SUB007157,USR006250,Basic,299,2025-01-19,2025-05-24,Cancelled,True
SUB007158,USR006251,Standard,499,2025-04-21,2026-01-01,Active,False
SUB007159,USR006252,Mobile,149,2025-03-11,2025-10-09,Expired,False
SUB007160,USR006253,Standard,499,2025-04-14,2025-09-29,Expired,True
SUB007161,USR006254,Standard,499,2025-04-06,2026-01-01,Active,True
SUB007162,USR006255,Basic,299,2025-03-24,2025-09-10,Expired,False
SUB007163,USR006256,Premium,799,2025-01-30,2026-01-01,Active,True
SUB007164,USR006257,Standard,499,2025-04-30,2026-01-01,Active,True
SUB007165,USR006258,Basic,299,2025-02-22,2025-12-27,Expired,True
SUB007166,USR006259,Basic,299,2025-05-18,2025-08-26,Expired,True
SUB007167,USR006260,Basic,299,2025-05-09,2026-01-01,Active,True
SUB007168,USR006261,Mobile,149,2025-05-06,2026-01-01,Active,True
SUB007169,USR006262,Standard,499,2025-04-21,2025-10-04,Expired,False
SUB007170,USR006262,Standard,499,2025-10-05,2026-01-01,Active,True
SUB007171,USR006263,Mobile,149,2025-05-28,2026-01-01,Active,True
SUB007172,USR006264,Basic,299,2025-02-24,2025-07-24,Expired,False
SUB007173,USR006264,Premium,799,2025-07-25,2026-01-01,Active,True
SUB007174,USR006265,Basic,299,2025-04-15,2026-01-01,Active,False
SUB007175,USR006266,Basic,299,2025-06-14,2026-01-01,Active,True
SUB007176,USR006267,Basic,299,2025-07-19,2026-01-01,Active,True
SUB007177,USR006268,Standard,499,2025-05-21,2025-10-02,Expired,False
SUB007178,USR006268,Mobile,149,2025-10-03,2026-01-01,Active,True
SUB007179,USR006269,Basic,299,2025-02-11,2025-08-27,Cancelled,False
SUB007180,USR006270,Standard,499,2025-03-20,2026-01-01,Active,True
SUB007181,USR006271,Basic,299,2025-03-15,2025-09-05,Expired,True
SUB007182,USR006272,Standard,499,2025-06-01,2026-01-01,Active,True
SUB007183,USR006273,Mobile,149,2025-03-11,2025-07-16,Cancelled,True
SUB007184,USR006274,Mobile,149,2025-01-14,2025-06-25,Cancelled,False
SUB007185,USR006274,Basic,299,2025-06-26,2025-09-29,Cancelled,True
SUB007186,USR006275,Mobile,149,2025-07-25,2026-01-01,Active,True
SUB007187,USR006276,Standard,499,2025-02-19,2025-11-25,Expired,False
SUB007188,USR006277,Premium,799,2025-04-06,2026-01-01,Active,True
SUB007189,USR006278,Basic,299,2025-05-21,2025-09-06,Expired,True
SUB007190,USR006279,Basic,299,2025-03-29,2025-11-17,Cancelled,False
SUB007191,USR006280,Premium,799,2025-03-30,2026-01-01,Active,True
SUB007192,USR006281,Standard,499,2025-10-13,2026-01-01,Active,True
SUB007193,USR006282,Basic,299,2025-03-18,2025-11-14,Cancelled,True
SUB007194,USR006283,Basic,299,2025-07-21,2025-10-27,Cancelled,False
SUB007195,USR006284,Standard,499,2025-03-14,2025-12-02,Cancelled,True
SUB007196,USR006285,Basic,299,2025-07-04,2026-01-01,Active,True
SUB007197,USR006286,Premium,799,2025-02-10,2025-07-14,Cancelled,True
SUB007198,USR006287,Standard,499,2025-02-18,2026-01-01,Active,False
SUB007199,USR006288,Mobile,149,2025-06-24,2026-01-01,Active,True
SUB007200,USR006289,Standard,499,2025-03-25,2026-01-01,Active,False
SUB007201,USR006290,Mobile,149,2025-09-08,2026-01-01,Active,False
SUB007202,USR006291,Basic,299,2025-04-28,2026-01-01,Active,True
SUB007203,USR006292,Basic,299,2025-05-18,2025-09-15,Cancelled,False
SUB007204,USR006292,Mobile,149,2025-09-16,2026-01-01,Active,True
SUB007205,USR006293,Standard,499,2025-03-16,2026-01-01,Active,False
SUB007206,USR006294,Standard,499,2025-02-09,2025-07-27,Expired,True
SUB007207,USR006295,Premium,799,2025-03-27,2025-11-15,Expired,True
SUB007208,USR006296,Standard,499,2025-01-17,2026-01-01,Active,True
SUB007209,USR006297,Standard,499,2025-06-03,2025-09-23,Cancelled,False
SUB007210,USR006298,Basic,299,2025-03-09,2026-01-01,Active,False
SUB007211,USR006299,Mobile,149,2025-04-26,2026-01-01,Active,False
SUB007212,USR006300,Standard,499,2025-05-18,2026-01-01,Active,True
SUB007213,USR006301,Standard,499,2025-03-07,2025-09-25,Cancelled,False
SUB007214,USR006301,Basic,299,2025-09-26,2026-01-01,Active,True
SUB007215,USR006302,Standard,499,2025-05-04,2025-11-13,Cancelled,True
SUB007216,USR006303,Standard,499,2025-04-02,2025-11-01,Expired,False
SUB007217,USR006304,Mobile,149,2025-03-21,2025-12-03,Cancelled,False
SUB007218,USR006305,Standard,499,2025-04-25,2025-09-13,Cancelled,False
SUB007219,USR006305,Mobile,149,2025-09-14,2025-11-18,Cancelled,True
SUB007220,USR006306,Mobile,149,2025-03-17,2025-12-03,Cancelled,True
SUB007221,USR006307,Standard,499,2025-08-06,2026-01-01,Active,True
SUB007222,USR006308,Standard,499,2025-02-03,2025-05-10,Expired,True
SUB007223,USR006309,Premium,799,2025-04-10,2026-01-01,Active,False
SUB007224,USR006310,Premium,799,2025-02-10,2025-11-04,Cancelled,True
SUB007225,USR006310,Premium,799,2025-11-05,2026-01-01,Active,True
SUB007226,USR006311,Basic,299,2025-09-06,2026-01-01,Active,True
SUB007227,USR006312,Mobile,149,2025-07-24,2026-01-01,Active,True
SUB007228,USR006313,Basic,299,2025-07-15,2026-01-01,Active,False
SUB007229,USR006314,Premium,799,2025-01-08,2025-12-15,Expired,True
SUB007230,USR006315,Basic,299,2025-05-20,2026-01-01,Active,True
SUB007231,USR006316,Standard,499,2025-04-03,2025-10-11,Cancelled,True
SUB007232,USR006316,Basic,299,2025-10-12,2025-12-31,Expired,False
SUB007233,USR006317,Standard,499,2025-06-22,2026-01-01,Active,False
SUB007234,USR006318,Standard,499,2025-04-17,2025-07-21,Expired,True
SUB007235,USR006319,Standard,499,2025-03-26,2025-12-26,Cancelled,True
SUB007236,USR006320,Basic,299,2025-05-24,2025-12-12,Cancelled,True
SUB007237,USR006321,Mobile,149,2025-06-10,2026-01-01,Active,True
SUB007238,USR006322,Standard,499,2025-04-16,2025-11-08,Cancelled,True
SUB007239,USR006323,Standard,499,2025-06-06,2025-09-07,Cancelled,True
SUB007240,USR006324,Standard,499,2025-04-06,2025-07-11,Expired,True
SUB007241,USR006325,Basic,299,2025-05-19,2026-01-01,Active,True
SUB007242,USR006326,Premium,799,2025-09-09,2026-01-01,Active,True
SUB007243,USR006327,Premium,799,2025-04-17,2025-11-12,Cancelled,True
SUB007244,USR006327,Basic,299,2025-11-13,2026-01-01,Active,False
SUB007245,USR006328,Basic,299,2025-06-28,2026-01-01,Active,False
SUB007246,USR006329,Basic,299,2025-05-28,2025-12-21,Cancelled,True
SUB007247,USR006330,Mobile,149,2025-03-24,2026-01-01,Active,True
SUB007248,USR006331,Standard,499,2025-04-26,2026-01-01,Active,False
SUB007249,USR006332,Standard,499,2025-03-12,2025-06-24,Expired,True
SUB007250,USR006333,Mobile,149,2025-03-09,2026-01-01,Active,True
SUB007251,USR006334,Basic,299,2025-04-04,2025-11-30,Cancelled,True
SUB007252,USR006335,Basic,299,2025-02-10,2025-12-09,Cancelled,False
SUB007253,USR006336,Premium,799,2025-05-23,2026-01-01,Active,True
SUB007254,USR006337,Premium,799,2025-04-04,2025-09-26,Cancelled,True
SUB007255,USR006338,Standard,499,2025-08-29,2026-01-01,Active,True
SUB007256,USR006339,Basic,299,2025-03-04,2025-08-12,Expired,False
SUB007257,USR006340,Mobile,149,2025-07-16,2026-01-01,Active,True
SUB007258,USR006341,Mobile,149,2025-09-29,2026-01-01,Active,True
SUB007259,USR006342,Basic,299,2025-05-13,2025-12-15,Cancelled,True
SUB007260,USR006343,Basic,299,2025-03-29,2025-11-17,Cancelled,False
SUB007261,USR006344,Standard,499,2025-04-16,2025-11-21,Cancelled,True
SUB007262,USR006344,Standard,499,2025-11-22,2026-01-01,Active,True
SUB007263,USR006345,Standard,499,2025-06-28,2026-01-01,Active,False
SUB007264,USR006346,Standard,499,2025-05-14,2026-01-01,Active,True
SUB007265,USR006347,Premium,799,2025-02-04,2026-01-01,Active,False
SUB007266,USR006348,Mobile,149,2025-02-14,2025-08-26,Cancelled,True
SUB007267,USR006348,Mobile,149,2025-08-27,2025-12-03,Cancelled,False
SUB007268,USR006349,Mobile,149,2025-08-07,2026-01-01,Active,True
SUB007269,USR006350,Standard,499,2025-01-21,2025-08-25,Expired,True
SUB007270,USR006351,Basic,299,2025-03-10,2025-12-02,Expired,True
SUB007271,USR006351,Standard,499,2025-12-03,2026-01-01,Active,False
SUB007272,USR006352,Premium,799,2025-07-27,2026-01-01,Active,True
SUB007273,USR006353,Mobile,149,2025-04-29,2026-01-01,Active,True
SUB007274,USR006354,Basic,299,2025-07-30,2026-01-01,Active,True
SUB007275,USR006355,Premium,799,2025-05-17,2025-11-19,Expired,True
SUB007276,USR006356,Standard,499,2025-03-18,2025-08-08,Expired,True
SUB007277,USR006357,Standard,499,2025-04-20,2025-10-19,Expired,True
SUB007278,USR006358,Basic,299,2025-02-09,2025-12-06,Expired,False
SUB007279,USR006359,Standard,499,2025-05-07,2025-10-20,Expired,True
SUB007280,USR006360,Mobile,149,2025-05-08,2025-11-30,Expired,False
SUB007281,USR006361,Basic,299,2025-01-06,2025-07-18,Expired,False
SUB007282,USR006361,Basic,299,2025-07-19,2025-10-15,Cancelled,True
SUB007283,USR006362,Mobile,149,2025-02-13,2025-06-13,Cancelled,True
SUB007284,USR006363,Mobile,149,2025-01-20,2025-04-30,Expired,True
SUB007285,USR006364,Standard,499,2025-06-04,2026-01-01,Active,True
SUB007286,USR006365,Mobile,149,2025-07-08,2026-01-01,Active,True
SUB007287,USR006366,Premium,799,2025-02-17,2025-10-09,Expired,True
SUB007288,USR006367,Mobile,149,2025-01-04,2025-10-22,Expired,True
SUB007289,USR006368,Mobile,149,2025-05-23,2025-08-29,Cancelled,True
SUB007290,USR006368,Mobile,149,2025-08-30,2026-01-01,Active,True
SUB007291,USR006369,Standard,499,2025-04-22,2026-01-01,Active,True
SUB007292,USR006370,Standard,499,2025-07-02,2026-01-01,Active,False
SUB007293,USR006371,Premium,799,2025-03-21,2026-01-01,Active,True
SUB007294,USR006372,Standard,499,2025-04-22,2025-10-29,Expired,True
SUB007295,USR006372,Standard,499,2025-10-30,2026-01-01,Active,False
SUB007296,USR006373,Mobile,149,2025-02-18,2025-11-01,Expired,True
SUB007297,USR006374,Mobile,149,2025-08-03,2026-01-01,Active,True
SUB007298,USR006375,Standard,499,2025-07-21,2026-01-01,Active,False
SUB007299,USR006376,Premium,799,2025-07-25,2026-01-01,Active,True
SUB007300,USR006377,Mobile,149,2025-03-30,2025-08-14,Expired,True
SUB007301,USR006378,Standard,499,2025-04-30,2025-09-28,Expired,True
SUB007302,USR006379,Premium,799,2025-01-16,2026-01-01,Active,True
SUB007303,USR006380,Basic,299,2025-03-15,2026-01-01,Active,False
SUB007304,USR006381,Basic,299,2025-02-15,2025-09-08,Cancelled,False
SUB007305,USR006382,Standard,499,2025-05-04,2026-01-01,Active,False
SUB007306,USR006383,Mobile,149,2025-06-01,2026-01-01,Active,True
SUB007307,USR006384,Standard,499,2025-05-26,2026-01-01,Active,True
SUB007308,USR006385,Premium,799,2025-05-10,2026-01-01,Active,True
SUB007309,USR006386,Basic,299,2025-05-13,2026-01-01,Active,False
SUB007310,USR006387,Standard,499,2025-05-18,2026-01-01,Active,False
SUB007311,USR006388,Standard,499,2025-05-01,2025-09-07,Expired,True
SUB007312,USR006388,Standard,499,2025-09-08,2026-01-01,Active,True
SUB007313,USR006389,Basic,299,2025-03-16,2025-09-16,Cancelled,True
SUB007314,USR006389,Premium,799,2025-09-17,2026-01-01,Active,False
SUB007315,USR006390,Basic,299,2025-02-16,2025-11-29,Expired,True
SUB007316,USR006391,Standard,499,2025-05-11,2025-09-02,Expired,False
SUB007317,USR006392,Standard,499,2025-02-01,2025-12-24,Cancelled,True
SUB007318,USR006392,Standard,499,2025-12-25,2026-01-01,Active,True
SUB007319,USR006393,Mobile,149,2025-05-21,2026-01-01,Active,True
SUB007320,USR006394,Basic,299,2025-07-03,2026-01-01,Active,True
SUB007321,USR006395,Standard,499,2025-03-09,2025-07-27,Expired,False
SUB007322,USR006396,Premium,799,2025-05-16,2026-01-01,Active,False
SUB007323,USR006397,Standard,499,2025-07-12,2025-12-16,Expired,True
SUB007324,USR006398,Basic,299,2025-01-23,2025-11-27,Expired,True
SUB007325,USR006398,Basic,299,2025-11-28,2026-01-01,Active,True
SUB007326,USR006399,Basic,299,2025-03-08,2026-01-01,Active,True
SUB007327,USR006400,Standard,499,2025-02-24,2026-01-01,Active,True
SUB007328,USR006401,Mobile,149,2025-03-24,2026-01-01,Active,True
SUB007329,USR006402,Premium,799,2025-05-24,2025-12-18,Cancelled,True
SUB007330,USR006403,Premium,799,2025-06-19,2026-01-01,Active,True
SUB007331,USR006404,Premium,799,2025-01-22,2026-01-01,Active,True
SUB007332,USR006405,Basic,299,2025-04-09,2026-01-01,Active,False
SUB007333,USR006406,Standard,499,2025-01-20,2026-01-01,Active,True
SUB007334,USR006407,Basic,299,2025-08-23,2026-01-01,Active,True
SUB007335,USR006408,Basic,299,2025-08-23,2025-12-11,Cancelled,True
SUB007336,USR006409,Premium,799,2025-03-25,2026-01-01,Active,True
SUB007337,USR006410,Premium,799,2025-01-30,2025-10-01,Expired,False
SUB007338,USR006411,Premium,799,2025-03-17,2026-01-01,Active,True
SUB007339,USR006412,Standard,499,2025-01-25,2026-01-01,Active,True
SUB007340,USR006413,Mobile,149,2025-04-24,2026-01-01,Active,True
SUB007341,USR006414,Mobile,149,2025-04-16,2025-11-03,Cancelled,True
SUB007342,USR006415,Mobile,149,2025-06-08,2026-01-01,Active,True
SUB007343,USR006416,Standard,499,2025-03-13,2025-09-14,Expired,False
SUB007344,USR006417,Basic,299,2025-03-01,2025-10-07,Expired,True
SUB007345,USR006418,Basic,299,2025-03-04,2026-01-01,Active,True
SUB007346,USR006419,Standard,499,2025-02-27,2025-10-09,Cancelled,True
SUB007347,USR006420,Premium,799,2025-04-27,2025-08-08,Expired,True
SUB007348,USR006421,Standard,499,2025-05-23,2025-10-28,Expired,True
SUB007349,USR006422,Standard,499,2025-05-19,2025-10-28,Expired,True
SUB007350,USR006422,Standard,499,2025-10-29,2026-01-01,Active,False
SUB007351,USR006423,Standard,499,2025-06-30,2025-11-06,Expired,True
SUB007352,USR006424,Basic,299,2025-05-02,2025-09-27,Cancelled,True
SUB007353,USR006425,Basic,299,2025-03-30,2026-01-01,Active,True
SUB007354,USR006426,Standard,499,2025-07-29,2025-11-22,Cancelled,True
SUB007355,USR006427,Premium,799,2025-05-17,2026-01-01,Active,True
SUB007356,USR006428,Basic,299,2025-01-26,2025-07-04,Cancelled,True
SUB007357,USR006429,Mobile,149,2025-06-29,2026-01-01,Active,True
SUB007358,USR006430,Premium,799,2025-01-31,2025-11-22,Cancelled,True
SUB007359,USR006430,Mobile,149,2025-11-23,2026-01-01,Active,True
SUB007360,USR006431,Standard,499,2025-03-10,2025-06-21,Expired,True
SUB007361,USR006432,Standard,499,2025-06-07,2026-01-01,Active,True
SUB007362,USR006433,Basic,299,2025-04-01,2025-12-07,Cancelled,True
SUB007363,USR006434,Basic,299,2025-02-21,2026-01-01,Active,True
SUB007364,USR006435,Premium,799,2025-03-23,2025-12-03,Cancelled,False
SUB007365,USR006436,Mobile,149,2025-06-22,2025-12-04,Expired,True
SUB007366,USR006437,Mobile,149,2025-03-02,2025-09-06,Cancelled,True
SUB007367,USR006437,Mobile,149,2025-09-07,2025-11-08,Expired,True
SUB007368,USR006438,Mobile,149,2025-03-18,2026-01-01,Active,False
SUB007369,USR006439,Standard,499,2025-09-09,2026-01-01,Active,True
SUB007370,USR006440,Standard,499,2025-03-25,2025-07-03,Expired,True
SUB007371,USR006441,Standard,499,2025-03-10,2026-01-01,Active,True
SUB007372,USR006442,Premium,799,2025-09-02,2026-01-01,Active,True
SUB007373,USR006443,Mobile,149,2025-05-23,2025-10-09,Cancelled,True
SUB007374,USR006444,Basic,299,2025-07-08,2026-01-01,Active,True
SUB007375,USR006445,Standard,499,2025-04-03,2026-01-01,Active,True
SUB007376,USR006446,Premium,799,2025-05-11,2025-11-13,Cancelled,True
SUB007377,USR006447,Standard,499,2025-08-08,2026-01-01,Active,True
SUB007378,USR006448,Mobile,149,2025-06-24,2026-01-01,Active,False
SUB007379,USR006449,Standard,499,2025-05-21,2026-01-01,Active,True
SUB007380,USR006450,Mobile,149,2025-03-16,2025-10-20,Cancelled,False
SUB007381,USR006451,Standard,499,2025-04-13,2025-08-08,Cancelled,True
SUB007382,USR006452,Standard,499,2025-05-31,2026-01-01,Active,True
SUB007383,USR006453,Mobile,149,2025-03-20,2025-07-03,Expired,False
SUB007384,USR006453,Basic,299,2025-07-04,2025-10-21,Cancelled,True
SUB007385,USR006454,Standard,499,2025-03-13,2026-01-01,Active,False
SUB007386,USR006455,Standard,499,2025-06-16,2025-11-16,Cancelled,False
SUB007387,USR006455,Standard,499,2025-11-17,2026-01-01,Active,False
SUB007388,USR006456,Mobile,149,2025-06-22,2026-01-01,Active,False
SUB007389,USR006457,Basic,299,2025-04-14,2025-10-18,Cancelled,True
SUB007390,USR006458,Mobile,149,2025-03-01,2025-09-24,Expired,False
SUB007391,USR006459,Mobile,149,2025-07-11,2026-01-01,Active,True
SUB007392,USR006460,Basic,299,2025-05-10,2026-01-01,Active,True
SUB007393,USR006461,Mobile,149,2025-02-25,2026-01-01,Active,True
SUB007394,USR006462,Basic,299,2025-09-04,2026-01-01,Active,False
SUB007395,USR006463,Mobile,149,2025-06-05,2025-12-27,Cancelled,True
SUB007396,USR006463,Standard,499,2025-12-28,2026-01-01,Active,False
SUB007397,USR006464,Basic,299,2025-02-28,2025-12-19,Cancelled,True
SUB007398,USR006465,Basic,299,2025-02-28,2025-09-10,Cancelled,True
SUB007399,USR006466,Basic,299,2025-03-10,2025-10-24,Cancelled,False
SUB007400,USR006467,Mobile,149,2025-05-13,2025-09-08,Expired,True
SUB007401,USR006468,Standard,499,2025-03-09,2025-10-19,Cancelled,True
SUB007402,USR006468,Standard,499,2025-10-20,2026-01-01,Active,True
SUB007403,USR006469,Premium,799,2025-05-20,2025-10-09,Expired,False
SUB007404,USR006470,Standard,499,2025-05-15,2026-01-01,Active,False
SUB007405,USR006471,Standard,499,2025-02-23,2025-09-04,Cancelled,True
SUB007406,USR006472,Standard,499,2025-03-28,2025-10-09,Expired,True
SUB007407,USR006473,Standard,499,2025-03-19,2025-07-08,Cancelled,True
SUB007408,USR006474,Premium,799,2025-04-04,2026-01-01,Active,True
SUB007409,USR006475,Mobile,149,2025-02-20,2025-07-31,Expired,True
SUB007410,USR006476,Mobile,149,2025-03-08,2026-01-01,Active,True
SUB007411,USR006477,Basic,299,2025-02-24,2025-08-07,Expired,True
SUB007412,USR006478,Standard,499,2025-04-24,2025-11-23,Cancelled,True
SUB007413,USR006479,Standard,499,2025-04-04,2025-09-20,Expired,True
SUB007414,USR006479,Mobile,149,2025-09-21,2026-01-01,Active,True
SUB007415,USR006480,Basic,299,2025-07-17,2026-01-01,Active,True
SUB007416,USR006481,Standard,499,2025-07-12,2025-12-17,Cancelled,False
SUB007417,USR006481,Premium,799,2025-12-18,2026-01-01,Active,False
SUB007418,USR006482,Basic,299,2025-04-23,2025-10-10,Cancelled,True
SUB007419,USR006483,Standard,499,2025-06-05,2026-01-01,Active,True
SUB007420,USR006484,Mobile,149,2025-05-19,2026-01-01,Active,False
SUB007421,USR006485,Standard,499,2025-02-18,2025-11-07,Expired,False
SUB007422,USR006486,Mobile,149,2025-03-31,2025-09-03,Cancelled,True
SUB007423,USR006487,Basic,299,2025-04-14,2025-07-17,Expired,True
SUB007424,USR006488,Standard,499,2025-05-15,2026-01-01,Active,True
SUB007425,USR006489,Standard,499,2025-04-10,2025-12-19,Expired,True
SUB007426,USR006490,Standard,499,2025-06-06,2026-01-01,Active,True
SUB007427,USR006491,Premium,799,2025-03-01,2026-01-01,Active,True
SUB007428,USR006492,Premium,799,2025-08-07,2026-01-01,Active,False
SUB007429,USR006493,Basic,299,2025-05-16,2025-09-08,Expired,True
SUB007430,USR006493,Standard,499,2025-09-09,2026-01-01,Active,True
SUB007431,USR006494,Standard,499,2025-06-12,2026-01-01,Active,True
SUB007432,USR006495,Standard,499,2025-01-30,2025-10-02,Expired,False
SUB007433,USR006496,Mobile,149,2025-05-14,2026-01-01,Active,True
SUB007434,USR006497,Standard,499,2025-08-02,2026-01-01,Active,True
SUB007435,USR006498,Standard,499,2025-03-05,2025-08-09,Cancelled,False
SUB007436,USR006499,Standard,499,2025-05-08,2025-11-09,Cancelled,False
SUB007437,USR006500,Basic,299,2025-04-21,2025-08-15,Cancelled,True
SUB007438,USR006501,Premium,799,2025-04-09,2025-10-28,Cancelled,True
SUB007439,USR006502,Premium,799,2025-04-15,2026-01-01,Active,True
SUB007440,USR006503,Basic,299,2025-02-07,2025-07-16,Expired,True
SUB007441,USR006504,Standard,499,2025-05-23,2025-11-02,Expired,True
SUB007442,USR006505,Basic,299,2025-03-05,2025-12-11,Cancelled,False
SUB007443,USR006506,Basic,299,2025-05-27,2026-01-01,Active,True
SUB007444,USR006507,Standard,499,2025-06-20,2025-09-26,Expired,False
SUB007445,USR006508,Basic,299,2025-03-14,2025-09-10,Cancelled,True
SUB007446,USR006509,Mobile,149,2025-05-07,2026-01-01,Active,True
SUB007447,USR006510,Standard,499,2025-09-04,2026-01-01,Active,False
SUB007448,USR006511,Standard,499,2025-05-02,2026-01-01,Active,True
SUB007449,USR006512,Standard,499,2025-04-10,2026-01-01,Active,False
SUB007450,USR006513,Mobile,149,2025-03-17,2025-08-06,Cancelled,False
SUB007451,USR006514,Standard,499,2025-04-22,2026-01-01,Active,True
SUB007452,USR006515,Standard,499,2025-02-06,2025-10-25,Cancelled,True
SUB007453,USR006515,Standard,499,2025-10-26,2026-01-01,Active,True
SUB007454,USR006516,Basic,299,2025-05-03,2025-08-30,Expired,True
SUB007455,USR006517,Premium,799,2025-04-13,2025-12-11,Cancelled,True
SUB007456,USR006518,Mobile,149,2025-03-01,2025-07-07,Expired,True
SUB007457,USR006518,Premium,799,2025-07-08,2026-01-01,Active,False
SUB007458,USR006519,Standard,499,2025-02-10,2025-10-16,Cancelled,True
SUB007459,USR006520,Basic,299,2025-03-11,2025-06-25,Cancelled,True
SUB007460,USR006521,Basic,299,2025-02-20,2025-08-10,Expired,True
SUB007461,USR006522,Basic,299,2025-05-23,2026-01-01,Active,True
SUB007462,USR006523,Standard,499,2025-01-22,2026-01-01,Active,False
SUB007463,USR006524,Basic,299,2025-01-31,2025-07-17,Cancelled,True
SUB007464,USR006525,Mobile,149,2025-06-22,2026-01-01,Active,False
SUB007465,USR006526,Premium,799,2025-03-11,2026-01-01,Active,True
SUB007466,USR006527,Standard,499,2025-06-12,2025-09-27,Cancelled,False
SUB007467,USR006528,Premium,799,2025-02-07,2026-01-01,Active,False
SUB007468,USR006529,Standard,499,2025-07-16,2026-01-01,Active,True
SUB007469,USR006530,Premium,799,2025-04-28,2025-10-01,Expired,False
SUB007470,USR006530,Basic,299,2025-10-02,2026-01-01,Active,True
SUB007471,USR006531,Standard,499,2025-05-12,2025-12-31,Cancelled,True
SUB007472,USR006532,Standard,499,2025-04-03,2025-09-29,Cancelled,True
SUB007473,USR006533,Mobile,149,2025-02-19,2025-12-16,Expired,False
SUB007474,USR006534,Premium,799,2025-04-01,2026-01-01,Active,True
SUB007475,USR006535,Premium,799,2025-06-03,2026-01-01,Active,True
SUB007476,USR006536,Premium,799,2025-03-07,2025-08-28,Cancelled,True
SUB007477,USR006537,Mobile,149,2025-01-24,2025-04-26,Expired,True
SUB007478,USR006538,Standard,499,2025-04-08,2025-12-01,Expired,True
SUB007479,USR006539,Standard,499,2025-03-09,2025-08-22,Expired,True
SUB007480,USR006540,Premium,799,2025-05-18,2026-01-01,Active,True
SUB007481,USR006541,Mobile,149,2025-05-10,2025-09-19,Expired,False
SUB007482,USR006542,Basic,299,2025-02-13,2025-09-04,Cancelled,True
SUB007483,USR006543,Premium,799,2025-06-04,2025-12-05,Expired,False
SUB007484,USR006544,Standard,499,2025-05-22,2026-01-01,Active,True
SUB007485,USR006545,Standard,499,2025-06-09,2025-10-06,Expired,True
SUB007486,USR006546,Mobile,149,2025-05-29,2026-01-01,Active,True
SUB007487,USR006547,Mobile,149,2025-05-27,2026-01-01,Active,True
SUB007488,USR006548,Basic,299,2025-07-06,2025-10-17,Expired,True
SUB007489,USR006549,Basic,299,2025-07-26,2026-01-01,Active,False
SUB007490,USR006550,Premium,799,2025-05-03,2025-11-20,Cancelled,False
SUB007491,USR006551,Basic,299,2025-05-16,2026-01-01,Active,True
SUB007492,USR006552,Basic,299,2025-03-20,2026-01-01,Active,False
SUB007493,USR006553,Standard,499,2025-02-08,2025-08-11,Expired,False
SUB007494,USR006554,Basic,299,2025-05-19,2026-01-01,Active,True
SUB007495,USR006555,Mobile,149,2025-05-15,2026-01-01,Active,True
SUB007496,USR006556,Standard,499,2025-05-05,2025-09-26,Cancelled,False
SUB007497,USR006557,Basic,299,2025-07-05,2025-11-26,Cancelled,True
SUB007498,USR006558,Standard,499,2025-01-25,2026-01-01,Active,True
SUB007499,USR006559,Standard,499,2025-06-04,2026-01-01,Active,True
SUB007500,USR006560,Basic,299,2025-02-15,2026-01-01,Active,True
SUB007501,USR006561,Basic,299,2025-05-24,2026-01-01,Active,True
SUB007502,USR006562,Basic,299,2025-01-24,2025-06-09,Cancelled,True
SUB007503,USR006562,Mobile,149,2025-06-10,2025-11-25,Expired,False
SUB007504,USR006563,Basic,299,2025-05-11,2026-01-01,Active,False
SUB007505,USR006564,Basic,299,2025-09-18,2026-01-01,Active,True
SUB007506,USR006565,Basic,299,2025-03-24,2025-07-30,Expired,True
SUB007507,USR006565,Basic,299,2025-07-31,2025-11-17,Expired,False
SUB007508,USR006566,Mobile,149,2025-03-19,2025-12-06,Expired,True
SUB007509,USR006567,Basic,299,2025-06-14,2026-01-01,Active,True
SUB007510,USR006568,Basic,299,2025-05-20,2026-01-01,Active,True
SUB007511,USR006569,Standard,499,2025-03-07,2025-08-14,Cancelled,False
SUB007512,USR006570,Basic,299,2025-04-29,2026-01-01,Active,True
SUB007513,USR006571,Basic,299,2025-04-24,2025-11-24,Cancelled,True
SUB007514,USR006571,Basic,299,2025-11-25,2026-01-01,Active,True
SUB007515,USR006572,Mobile,149,2025-05-31,2025-12-10,Expired,True
SUB007516,USR006573,Standard,499,2025-06-24,2025-10-26,Cancelled,True
SUB007517,USR006574,Basic,299,2025-05-23,2026-01-01,Active,False
SUB007518,USR006575,Standard,499,2025-05-29,2026-01-01,Active,False
SUB007519,USR006576,Standard,499,2025-03-25,2025-07-17,Expired,False
SUB007520,USR006577,Standard,499,2025-08-09,2025-12-21,Cancelled,False
SUB007521,USR006578,Standard,499,2025-04-21,2025-07-26,Expired,True
SUB007522,USR006579,Basic,299,2025-05-17,2025-11-03,Expired,True
SUB007523,USR006580,Standard,499,2025-06-28,2025-11-08,Expired,False
SUB007524,USR006581,Basic,299,2025-04-02,2025-09-18,Expired,False
SUB007525,USR006582,Mobile,149,2025-05-13,2026-01-01,Active,True
SUB007526,USR006583,Premium,799,2025-05-16,2025-09-05,Cancelled,False
SUB007527,USR006584,Premium,799,2025-08-17,2026-01-01,Active,True
SUB007528,USR006585,Basic,299,2025-02-27,2026-01-01,Active,True
SUB007529,USR006586,Premium,799,2025-02-01,2026-01-01,Active,True
SUB007530,USR006587,Standard,499,2025-04-21,2026-01-01,Active,True
SUB007531,USR006588,Premium,799,2025-04-27,2026-01-01,Active,False
SUB007532,USR006589,Standard,499,2025-01-14,2025-07-19,Expired,False
SUB007533,USR006590,Mobile,149,2025-05-14,2025-12-13,Cancelled,True
SUB007534,USR006590,Basic,299,2025-12-14,2026-01-01,Active,False
SUB007535,USR006591,Standard,499,2025-01-16,2025-09-07,Expired,True
SUB007536,USR006592,Basic,299,2025-04-07,2026-01-01,Active,True
SUB007537,USR006593,Basic,299,2025-05-30,2026-01-01,Active,False
SUB007538,USR006594,Basic,299,2025-02-18,2025-06-21,Cancelled,False
SUB007539,USR006594,Premium,799,2025-06-22,2025-12-01,Cancelled,False
SUB007540,USR006595,Standard,499,2025-05-21,2026-01-01,Active,True
SUB007541,USR006596,Basic,299,2025-04-05,2026-01-01,Active,False
SUB007542,USR006597,Standard,499,2025-04-25,2025-08-31,Expired,False
SUB007543,USR006598,Premium,799,2025-05-19,2026-01-01,Active,False
SUB007544,USR006599,Basic,299,2025-04-18,2026-01-01,Active,True
SUB007545,USR006600,Basic,299,2025-06-06,2026-01-01,Active,True
SUB007546,USR006601,Standard,499,2025-05-15,2025-10-20,Expired,True
SUB007547,USR006602,Standard,499,2025-06-10,2026-01-01,Active,True
SUB007548,USR006603,Standard,499,2025-01-19,2025-11-07,Expired,False
SUB007549,USR006603,Standard,499,2025-11-08,2026-01-01,Active,True
SUB007550,USR006604,Standard,499,2025-07-07,2026-01-01,Active,True
SUB007551,USR006605,Standard,499,2025-04-12,2025-11-24,Cancelled,False
SUB007552,USR006605,Basic,299,2025-11-25,2026-01-01,Active,False
SUB007553,USR006606,Standard,499,2025-03-04,2025-06-13,Expired,False
SUB007554,USR006606,Basic,299,2025-06-14,2025-10-29,Expired,True
SUB007555,USR006607,Premium,799,2025-02-16,2026-01-01,Active,True
SUB007556,USR006608,Basic,299,2025-03-08,2026-01-01,Active,True
SUB007557,USR006609,Standard,499,2025-04-28,2026-01-01,Active,True
SUB007558,USR006610,Basic,299,2025-03-15,2026-01-01,Active,True
SUB007559,USR006611,Mobile,149,2025-06-17,2026-01-01,Active,True
SUB007560,USR006612,Basic,299,2025-02-27,2025-12-20,Cancelled,True
SUB007561,USR006613,Standard,499,2025-05-10,2026-01-01,Active,True
SUB007562,USR006614,Mobile,149,2025-05-26,2026-01-01,Active,True
SUB007563,USR006615,Standard,499,2025-05-11,2026-01-01,Active,True
SUB007564,USR006616,Basic,299,2025-04-02,2026-01-01,Active,True
SUB007565,USR006617,Mobile,149,2025-03-16,2026-01-01,Active,True
SUB007566,USR006618,Mobile,149,2025-05-23,2026-01-01,Active,True
SUB007567,USR006619,Premium,799,2025-03-21,2026-01-01,Active,True
SUB007568,USR006620,Basic,299,2025-03-22,2025-08-03,Expired,True
SUB007569,USR006621,Standard,499,2025-03-22,2025-11-11,Expired,True
SUB007570,USR006621,Mobile,149,2025-11-12,2026-01-01,Active,True
SUB007571,USR006622,Basic,299,2025-06-21,2025-12-21,Expired,True
SUB007572,USR006623,Basic,299,2025-05-28,2026-01-01,Active,True
SUB007573,USR006624,Standard,499,2025-01-28,2026-01-01,Active,True
SUB007574,USR006625,Basic,299,2025-05-22,2025-11-17,Cancelled,True
SUB007575,USR006625,Mobile,149,2025-11-18,2026-01-01,Active,True
SUB007576,USR006626,Standard,499,2025-01-30,2025-07-28,Expired,True
SUB007577,USR006627,Premium,799,2025-04-12,2025-09-13,Cancelled,True
SUB007578,USR006628,Standard,499,2025-06-07,2026-01-01,Active,True
SUB007579,USR006629,Premium,799,2025-04-05,2026-01-01,Active,True
SUB007580,USR006630,Standard,499,2025-01-15,2025-12-10,Cancelled,True
SUB007581,USR006631,Premium,799,2025-07-04,2026-01-01,Active,False
SUB007582,USR006632,Standard,499,2025-06-23,2026-01-01,Active,True
SUB007583,USR006633,Premium,799,2025-04-18,2026-01-01,Active,True
SUB007584,USR006634,Standard,499,2025-04-22,2026-01-01,Active,True
SUB007585,USR006635,Standard,499,2025-06-09,2026-01-01,Active,True
SUB007586,USR006636,Basic,299,2025-02-11,2025-08-22,Cancelled,True
SUB007587,USR006637,Basic,299,2025-03-01,2026-01-01,Active,False
SUB007588,USR006638,Standard,499,2025-03-21,2026-01-01,Active,True
SUB007589,USR006639,Mobile,149,2025-10-03,2026-01-01,Active,True
SUB007590,USR006640,Standard,499,2025-04-30,2026-01-01,Active,False
SUB007591,USR006641,Basic,299,2025-06-13,2025-11-09,Expired,True
SUB007592,USR006642,Mobile,149,2025-05-30,2025-08-29,Cancelled,False
SUB007593,USR006643,Mobile,149,2025-05-04,2026-01-01,Active,False
SUB007594,USR006644,Basic,299,2025-01-26,2025-07-23,Cancelled,False
SUB007595,USR006644,Mobile,149,2025-07-24,2026-01-01,Active,True
SUB007596,USR006645,Standard,499,2025-02-02,2025-05-17,Cancelled,False
SUB007597,USR006645,Standard,499,2025-05-18,2025-08-22,Cancelled,True
SUB007598,USR006646,Mobile,149,2025-06-03,2025-12-30,Cancelled,True
SUB007599,USR006647,Basic,299,2025-06-03,2026-01-01,Active,False
SUB007600,USR006648,Standard,499,2025-04-13,2026-01-01,Active,False
SUB007601,USR006649,Basic,299,2025-04-11,2026-01-01,Active,False
SUB007602,USR006650,Basic,299,2025-01-26,2025-11-20,Cancelled,True
SUB007603,USR006651,Premium,799,2025-02-21,2025-06-10,Expired,False
SUB007604,USR006651,Standard,499,2025-06-11,2025-09-14,Cancelled,True
SUB007605,USR006652,Standard,499,2025-05-22,2025-09-01,Expired,False
SUB007606,USR006653,Basic,299,2025-03-29,2026-01-01,Active,True
SUB007607,USR006654,Standard,499,2025-06-01,2026-01-01,Active,True
SUB007608,USR006655,Premium,799,2025-05-04,2026-01-01,Active,True
SUB007609,USR006656,Basic,299,2025-04-17,2026-01-01,Active,True
SUB007610,USR006657,Premium,799,2025-02-14,2025-10-21,Expired,True
SUB007611,USR006657,Mobile,149,2025-10-22,2026-01-01,Active,False
SUB007612,USR006658,Premium,799,2025-03-31,2025-08-13,Expired,True
SUB007613,USR006659,Premium,799,2025-04-05,2025-11-01,Cancelled,True
SUB007614,USR006660,Premium,799,2025-04-20,2026-01-01,Active,True
SUB007615,USR006661,Mobile,149,2025-03-14,2025-09-19,Cancelled,False
SUB007616,USR006662,Premium,799,2025-05-17,2026-01-01,Active,True
SUB007617,USR006663,Basic,299,2025-07-30,2026-01-01,Active,True
SUB007618,USR006664,Premium,799,2025-03-10,2025-11-24,Cancelled,False
SUB007619,USR006665,Premium,799,2025-09-01,2026-01-01,Active,True
SUB007620,USR006666,Standard,499,2025-05-28,2026-01-01,Active,True
SUB007621,USR006667,Basic,299,2025-03-04,2026-01-01,Active,False
SUB007622,USR006668,Mobile,149,2025-02-22,2025-09-24,Cancelled,True
SUB007623,USR006669,Mobile,149,2025-07-21,2026-01-01,Active,True
SUB007624,USR006670,Basic,299,2025-01-31,2025-12-31,Cancelled,True
SUB007625,USR006671,Basic,299,2025-04-04,2026-01-01,Active,True
SUB007626,USR006672,Premium,799,2025-04-03,2025-10-05,Expired,True
SUB007627,USR006673,Premium,799,2025-04-12,2025-07-23,Cancelled,False
SUB007628,USR006674,Mobile,149,2025-06-05,2025-10-22,Expired,False
SUB007629,USR006675,Standard,499,2025-03-04,2025-09-05,Cancelled,True
SUB007630,USR006676,Standard,499,2025-03-27,2025-11-10,Expired,False
SUB007631,USR006677,Standard,499,2025-05-06,2026-01-01,Active,True
SUB007632,USR006678,Mobile,149,2025-05-04,2026-01-01,Active,True
SUB007633,USR006679,Mobile,149,2025-07-04,2025-10-28,Expired,False
SUB007634,USR006680,Basic,299,2025-02-13,2026-01-01,Active,True
SUB007635,USR006681,Standard,499,2025-05-26,2026-01-01,Active,True
SUB007636,USR006682,Basic,299,2025-04-08,2026-01-01,Active,True
SUB007637,USR006683,Standard,499,2025-05-09,2025-10-04,Expired,True
SUB007638,USR006684,Standard,499,2025-03-18,2025-12-09,Cancelled,True
SUB007639,USR006685,Standard,499,2025-06-08,2026-01-01,Active,True
SUB007640,USR006686,Basic,299,2025-03-12,2026-01-01,Active,True
SUB007641,USR006687,Mobile,149,2025-05-29,2026-01-01,Active,True
SUB007642,USR006688,Basic,299,2025-05-20,2025-11-26,Cancelled,False
SUB007643,USR006689,Mobile,149,2025-03-23,2025-12-21,Expired,True
SUB007644,USR006690,Basic,299,2025-08-20,2026-01-01,Active,True
SUB007645,USR006691,Mobile,149,2025-05-20,2025-11-21,Expired,False
SUB007646,USR006692,Mobile,149,2025-03-02,2025-05-31,Expired,True
SUB007647,USR006692,Standard,499,2025-06-01,2026-01-01,Active,True
SUB007648,USR006693,Premium,799,2025-04-26,2025-08-29,Expired,True
SUB007649,USR006693,Mobile,149,2025-08-30,2025-12-26,Expired,True
SUB007650,USR006694,Standard,499,2025-03-03,2025-12-14,Expired,True
SUB007651,USR006695,Basic,299,2025-05-21,2026-01-01,Active,True
SUB007652,USR006696,Basic,299,2025-06-15,2025-10-02,Cancelled,True
SUB007653,USR006697,Standard,499,2025-02-28,2025-06-04,Cancelled,False
SUB007654,USR006698,Standard,499,2025-01-23,2026-01-01,Active,True
SUB007655,USR006699,Standard,499,2025-01-20,2026-01-01,Active,True
SUB007656,USR006700,Premium,799,2025-07-21,2025-11-22,Expired,False
SUB007657,USR006700,Basic,299,2025-11-23,2026-01-01,Active,True
SUB007658,USR006701,Basic,299,2025-04-26,2025-10-18,Cancelled,True
SUB007659,USR006702,Mobile,149,2025-05-01,2026-01-01,Active,True
SUB007660,USR006703,Basic,299,2025-03-28,2025-09-25,Expired,False
SUB007661,USR006704,Premium,799,2025-03-08,2025-06-26,Expired,True
SUB007662,USR006705,Basic,299,2025-01-28,2025-11-18,Cancelled,False
SUB007663,USR006706,Standard,499,2025-07-23,2026-01-01,Active,False
SUB007664,USR006707,Standard,499,2025-02-16,2025-10-08,Cancelled,True
SUB007665,USR006707,Premium,799,2025-10-09,2025-12-16,Expired,True
SUB007666,USR006708,Basic,299,2025-05-09,2026-01-01,Active,True
SUB007667,USR006709,Premium,799,2025-06-02,2026-01-01,Active,False
SUB007668,USR006710,Basic,299,2025-03-24,2026-01-01,Active,True
SUB007669,USR006711,Standard,499,2025-02-25,2026-01-01,Active,True
SUB007670,USR006712,Standard,499,2025-05-16,2026-01-01,Active,True
SUB007671,USR006713,Standard,499,2025-03-12,2025-09-23,Expired,True
SUB007672,USR006713,Mobile,149,2025-09-24,2026-01-01,Active,True
SUB007673,USR006714,Standard,499,2025-02-18,2025-06-20,Cancelled,True
SUB007674,USR006714,Standard,499,2025-06-21,2026-01-01,Active,False
SUB007675,USR006715,Premium,799,2025-02-24,2026-01-01,Active,True
SUB007676,USR006716,Basic,299,2025-03-16,2025-07-25,Expired,True
SUB007677,USR006717,Standard,499,2025-01-28,2026-01-01,Active,True
SUB007678,USR006718,Basic,299,2025-01-14,2025-04-19,Expired,True
SUB007679,USR006719,Basic,299,2025-01-21,2026-01-01,Active,False
SUB007680,USR006720,Basic,299,2025-04-13,2026-01-01,Active,False
SUB007681,USR006721,Standard,499,2025-01-14,2025-11-22,Cancelled,True
SUB007682,USR006722,Basic,299,2025-01-15,2025-05-25,Cancelled,True
SUB007683,USR006723,Premium,799,2025-03-20,2026-01-01,Active,True
SUB007684,USR006724,Standard,499,2025-06-11,2026-01-01,Active,True
SUB007685,USR006725,Basic,299,2025-04-02,2025-10-12,Cancelled,True
SUB007686,USR006725,Standard,499,2025-10-13,2026-01-01,Active,True
SUB007687,USR006726,Basic,299,2025-03-17,2026-01-01,Active,True
SUB007688,USR006727,Basic,299,2025-03-03,2026-01-01,Active,True
SUB007689,USR006728,Mobile,149,2025-04-22,2026-01-01,Active,True
SUB007690,USR006729,Mobile,149,2025-05-12,2025-08-22,Expired,True
SUB007691,USR006730,Premium,799,2025-05-26,2026-01-01,Active,True
SUB007692,USR006731,Basic,299,2025-03-19,2026-01-01,Active,False
SUB007693,USR006732,Basic,299,2025-05-18,2026-01-01,Active,True
SUB007694,USR006733,Premium,799,2025-01-07,2025-11-30,Cancelled,True
SUB007695,USR006733,Mobile,149,2025-12-01,2026-01-01,Active,False
SUB007696,USR006734,Basic,299,2025-01-16,2025-07-26,Cancelled,False
SUB007697,USR006734,Basic,299,2025-07-27,2025-11-13,Expired,True
SUB007698,USR006735,Mobile,149,2025-05-15,2025-12-30,Cancelled,True
SUB007699,USR006736,Premium,799,2025-03-20,2025-12-19,Cancelled,True
SUB007700,USR006737,Premium,799,2025-04-25,2026-01-01,Active,False
SUB007701,USR006738,Basic,299,2025-02-15,2025-07-23,Cancelled,True
SUB007702,USR006739,Mobile,149,2025-05-10,2026-01-01,Active,True
SUB007703,USR006740,Standard,499,2025-07-15,2026-01-01,Active,True
SUB007704,USR006741,Standard,499,2025-04-05,2026-01-01,Active,False
SUB007705,USR006742,Basic,299,2025-04-25,2026-01-01,Active,False
SUB007706,USR006743,Basic,299,2025-04-18,2026-01-01,Active,True
SUB007707,USR006744,Premium,799,2025-02-21,2025-11-30,Expired,True
SUB007708,USR006745,Basic,299,2025-03-24,2025-10-11,Cancelled,True
SUB007709,USR006746,Mobile,149,2025-01-27,2025-09-10,Expired,True
SUB007710,USR006747,Basic,299,2025-08-21,2026-01-01,Active,True
SUB007711,USR006748,Basic,299,2025-05-23,2026-01-01,Active,True
SUB007712,USR006749,Standard,499,2025-05-13,2026-01-01,Active,True
SUB007713,USR006750,Basic,299,2025-04-20,2026-01-01,Active,True
SUB007714,USR006751,Standard,499,2025-09-01,2026-01-01,Active,True
SUB007715,USR006752,Standard,499,2025-01-11,2026-01-01,Active,True
SUB007716,USR006753,Mobile,149,2025-02-05,2026-01-01,Active,False
SUB007717,USR006754,Premium,799,2025-06-21,2025-10-07,Cancelled,False
SUB007718,USR006754,Premium,799,2025-10-08,2026-01-01,Active,True
SUB007719,USR006755,Standard,499,2025-06-24,2026-01-01,Active,True
SUB007720,USR006756,Basic,299,2025-04-02,2025-07-25,Cancelled,True
SUB007721,USR006757,Standard,499,2025-08-03,2026-01-01,Active,False
SUB007722,USR006758,Premium,799,2025-05-12,2026-01-01,Active,True
SUB007723,USR006759,Standard,499,2025-09-10,2026-01-01,Active,True
SUB007724,USR006760,Standard,499,2025-06-22,2026-01-01,Active,False
SUB007725,USR006761,Standard,499,2025-05-07,2025-08-28,Expired,True
SUB007726,USR006762,Basic,299,2025-03-26,2025-07-12,Cancelled,False
SUB007727,USR006762,Basic,299,2025-07-13,2026-01-01,Active,True
SUB007728,USR006763,Basic,299,2025-06-12,2026-01-01,Active,True
SUB007729,USR006764,Standard,499,2025-02-13,2025-11-11,Expired,False
SUB007730,USR006765,Standard,499,2025-03-07,2025-09-30,Expired,True
SUB007731,USR006765,Premium,799,2025-10-01,2026-01-01,Active,True
SUB007732,USR006766,Mobile,149,2025-04-04,2025-12-21,Cancelled,False
SUB007733,USR006766,Standard,499,2025-12-22,2026-01-01,Active,True
SUB007734,USR006767,Mobile,149,2025-07-07,2025-11-28,Cancelled,False
SUB007735,USR006768,Standard,499,2025-05-18,2025-09-20,Cancelled,True
SUB007736,USR006769,Mobile,149,2025-06-07,2025-11-23,Expired,True
SUB007737,USR006770,Premium,799,2025-06-08,2026-01-01,Active,True
SUB007738,USR006771,Premium,799,2025-07-03,2026-01-01,Active,True
SUB007739,USR006772,Basic,299,2025-04-19,2025-09-27,Cancelled,False
SUB007740,USR006773,Standard,499,2025-05-23,2026-01-01,Active,True
SUB007741,USR006774,Premium,799,2025-05-09,2026-01-01,Active,False
SUB007742,USR006775,Standard,499,2025-06-29,2026-01-01,Active,True
SUB007743,USR006776,Standard,499,2025-04-04,2025-11-20,Expired,True
SUB007744,USR006777,Basic,299,2025-03-11,2025-09-22,Expired,True
SUB007745,USR006778,Mobile,149,2025-01-25,2025-08-17,Cancelled,True
SUB007746,USR006779,Standard,499,2025-03-31,2025-09-14,Cancelled,True
SUB007747,USR006780,Basic,299,2025-03-09,2026-01-01,Active,False
SUB007748,USR006781,Premium,799,2025-04-22,2026-01-01,Active,True
SUB007749,USR006782,Mobile,149,2025-01-28,2025-09-22,Cancelled,False
SUB007750,USR006783,Mobile,149,2025-01-26,2025-10-19,Cancelled,True
SUB007751,USR006784,Basic,299,2025-02-19,2026-01-01,Active,True
SUB007752,USR006785,Mobile,149,2025-08-12,2026-01-01,Active,True
SUB007753,USR006786,Standard,499,2025-03-23,2026-01-01,Active,True
SUB007754,USR006787,Basic,299,2025-04-18,2025-11-14,Expired,True
SUB007755,USR006788,Standard,499,2025-07-05,2025-11-13,Expired,True
SUB007756,USR006788,Premium,799,2025-11-14,2026-01-01,Active,True
SUB007757,USR006789,Standard,499,2025-04-21,2025-09-22,Cancelled,True
SUB007758,USR006790,Basic,299,2025-04-24,2026-01-01,Active,True
SUB007759,USR006791,Basic,299,2025-02-23,2026-01-01,Active,True
SUB007760,USR006792,Premium,799,2025-07-27,2026-01-01,Active,True
SUB007761,USR006793,Basic,299,2025-03-09,2026-01-01,Active,True
SUB007762,USR006794,Mobile,149,2025-03-08,2025-12-12,Expired,True
SUB007763,USR006795,Basic,299,2025-05-12,2026-01-01,Active,False
SUB007764,USR006796,Mobile,149,2025-06-07,2026-01-01,Active,True
SUB007765,USR006797,Standard,499,2025-03-30,2026-01-01,Active,False
SUB007766,USR006798,Standard,499,2025-02-20,2026-01-01,Active,False
SUB007767,USR006799,Basic,299,2025-03-11,2026-01-01,Active,False
SUB007768,USR006800,Mobile,149,2025-04-08,2025-12-03,Cancelled,True
SUB007769,USR006800,Mobile,149,2025-12-04,2026-01-01,Active,True
SUB007770,USR006801,Mobile,149,2025-05-12,2026-01-01,Active,True
SUB007771,USR006802,Mobile,149,2025-03-03,2026-01-01,Active,True
SUB007772,USR006803,Basic,299,2025-10-25,2026-01-01,Active,True
SUB007773,USR006804,Basic,299,2025-08-11,2026-01-01,Active,True
SUB007774,USR006805,Basic,299,2025-04-08,2025-10-10,Cancelled,True
SUB007775,USR006806,Premium,799,2025-02-18,2025-07-01,Expired,True
SUB007776,USR006807,Basic,299,2025-02-11,2025-10-06,Cancelled,True
SUB007777,USR006807,Basic,299,2025-10-07,2026-01-01,Active,True
SUB007778,USR006808,Standard,499,2025-08-06,2026-01-01,Active,True
SUB007779,USR006809,Mobile,149,2025-06-01,2025-10-04,Expired,True
SUB007780,USR006810,Basic,299,2025-01-28,2026-01-01,Active,True
SUB007781,USR006811,Premium,799,2025-06-07,2026-01-01,Active,False
SUB007782,USR006812,Standard,499,2025-02-18,2025-09-22,Expired,True
SUB007783,USR006813,Standard,499,2025-02-27,2025-07-28,Expired,True
SUB007784,USR006813,Premium,799,2025-07-29,2025-11-29,Expired,False
SUB007785,USR006814,Standard,499,2025-05-31,2025-11-02,Expired,True
SUB007786,USR006815,Basic,299,2025-03-28,2026-01-01,Active,False
SUB007787,USR006816,Basic,299,2025-07-25,2026-01-01,Active,True
SUB007788,USR006817,Basic,299,2025-06-20,2025-12-05,Expired,False
SUB007789,USR006817,Premium,799,2025-12-06,2026-01-01,Active,True
SUB007790,USR006818,Standard,499,2025-04-28,2025-12-01,Expired,True
SUB007791,USR006819,Standard,499,2025-01-28,2025-06-18,Expired,False
SUB007792,USR006820,Standard,499,2025-03-30,2025-06-28,Expired,True
SUB007793,USR006820,Basic,299,2025-06-29,2025-11-09,Expired,True
SUB007794,USR006821,Basic,299,2025-02-25,2026-01-01,Active,True
SUB007795,USR006822,Basic,299,2025-03-25,2025-10-23,Expired,True
SUB007796,USR006822,Premium,799,2025-10-24,2026-01-01,Active,True
SUB007797,USR006823,Premium,799,2025-06-10,2026-01-01,Active,True
SUB007798,USR006824,Basic,299,2025-04-17,2025-11-13,Expired,True
SUB007799,USR006824,Mobile,149,2025-11-14,2026-01-01,Active,True
SUB007800,USR006825,Mobile,149,2025-03-16,2026-01-01,Active,True
SUB007801,USR006826,Basic,299,2025-03-15,2025-07-10,Cancelled,False
SUB007802,USR006827,Premium,799,2025-02-16,2025-11-06,Cancelled,True
SUB007803,USR006828,Standard,499,2025-03-03,2025-12-12,Cancelled,True
SUB007804,USR006829,Mobile,149,2025-05-01,2025-08-13,Expired,True
SUB007805,USR006830,Basic,299,2025-06-06,2026-01-01,Active,True
SUB007806,USR006831,Standard,499,2025-03-08,2025-12-22,Cancelled,True
SUB007807,USR006831,Mobile,149,2025-12-23,2026-01-01,Active,True
SUB007808,USR006832,Standard,499,2025-05-31,2026-01-01,Active,False
SUB007809,USR006833,Mobile,149,2025-04-07,2026-01-01,Active,True
SUB007810,USR006834,Mobile,149,2025-07-09,2026-01-01,Active,True
SUB007811,USR006835,Premium,799,2025-05-16,2026-01-01,Active,True
SUB007812,USR006836,Standard,499,2025-04-25,2025-10-30,Expired,False
SUB007813,USR006837,Mobile,149,2025-05-14,2026-01-01,Active,False
SUB007814,USR006838,Mobile,149,2025-06-03,2025-11-19,Cancelled,True
SUB007815,USR006838,Standard,499,2025-11-20,2026-01-01,Active,True
SUB007816,USR006839,Mobile,149,2025-03-25,2026-01-01,Active,True
SUB007817,USR006840,Premium,799,2025-08-19,2026-01-01,Active,True
SUB007818,USR006841,Basic,299,2025-02-21,2026-01-01,Active,False
SUB007819,USR006842,Standard,499,2025-05-08,2026-01-01,Active,True
SUB007820,USR006843,Basic,299,2025-05-20,2026-01-01,Active,False
SUB007821,USR006844,Basic,299,2025-06-06,2026-01-01,Active,False
SUB007822,USR006845,Basic,299,2025-02-07,2025-08-18,Cancelled,False
SUB007823,USR006846,Mobile,149,2025-09-08,2026-01-01,Active,True
SUB007824,USR006847,Mobile,149,2025-02-27,2025-08-28,Expired,True
SUB007825,USR006847,Basic,299,2025-08-29,2025-11-08,Cancelled,False
SUB007826,USR006848,Basic,299,2025-06-01,2025-12-10,Cancelled,True
SUB007827,USR006849,Basic,299,2025-05-07,2026-01-01,Active,True
SUB007828,USR006850,Basic,299,2025-06-09,2026-01-01,Active,True
SUB007829,USR006851,Mobile,149,2025-04-07,2026-01-01,Active,True
SUB007830,USR006852,Basic,299,2025-02-04,2025-06-20,Expired,False
SUB007831,USR006853,Basic,299,2025-06-15,2026-01-01,Active,True
SUB007832,USR006854,Mobile,149,2025-04-17,2025-10-28,Cancelled,False
SUB007833,USR006855,Mobile,149,2025-04-28,2026-01-01,Active,True
SUB007834,USR006856,Premium,799,2025-01-18,2025-11-08,Cancelled,False
SUB007835,USR006857,Basic,299,2025-08-23,2026-01-01,Active,True
SUB007836,USR006858,Mobile,149,2025-02-14,2025-07-02,Cancelled,False
SUB007837,USR006859,Basic,299,2025-03-05,2025-12-12,Cancelled,True
SUB007838,USR006859,Basic,299,2025-12-13,2026-01-01,Active,True
SUB007839,USR006860,Basic,299,2025-04-28,2026-01-01,Active,False
SUB007840,USR006861,Basic,299,2025-05-13,2025-09-25,Cancelled,True
SUB007841,USR006862,Standard,499,2025-06-14,2025-12-12,Expired,False
SUB007842,USR006863,Mobile,149,2025-02-17,2025-10-29,Expired,True
SUB007843,USR006864,Standard,499,2025-09-07,2026-01-01,Active,False
SUB007844,USR006865,Basic,299,2025-03-24,2026-01-01,Active,True
SUB007845,USR006866,Basic,299,2025-05-30,2026-01-01,Active,False
SUB007846,USR006867,Standard,499,2025-03-16,2026-01-01,Active,True
SUB007847,USR006868,Basic,299,2025-07-24,2026-01-01,Active,False
SUB007848,USR006869,Premium,799,2025-03-11,2025-09-15,Expired,True
SUB007849,USR006870,Standard,499,2025-03-27,2025-07-07,Cancelled,False
SUB007850,USR006871,Mobile,149,2025-06-20,2025-10-24,Cancelled,True
SUB007851,USR006872,Mobile,149,2025-07-11,2026-01-01,Active,False
SUB007852,USR006873,Standard,499,2025-05-29,2026-01-01,Active,False
SUB007853,USR006874,Basic,299,2025-04-13,2025-12-11,Cancelled,True
SUB007854,USR006875,Basic,299,2025-04-17,2025-12-09,Cancelled,True
SUB007855,USR006875,Premium,799,2025-12-10,2026-01-01,Active,False
SUB007856,USR006876,Standard,499,2025-06-23,2026-01-01,Active,True
SUB007857,USR006877,Standard,499,2025-07-13,2025-11-08,Expired,False
SUB007858,USR006877,Basic,299,2025-11-09,2026-01-01,Active,False
SUB007859,USR006878,Mobile,149,2025-03-07,2026-01-01,Active,True
SUB007860,USR006879,Basic,299,2025-01-25,2025-09-22,Cancelled,True
SUB007861,USR006880,Basic,299,2025-02-05,2026-01-01,Active,True
SUB007862,USR006881,Premium,799,2025-06-28,2026-01-01,Active,True
SUB007863,USR006882,Premium,799,2025-04-15,2026-01-01,Active,True
SUB007864,USR006883,Premium,799,2025-03-16,2025-09-30,Cancelled,False
SUB007865,USR006884,Standard,499,2025-03-09,2025-06-30,Cancelled,False
SUB007866,USR006885,Standard,499,2025-08-07,2026-01-01,Active,False
SUB007867,USR006886,Standard,499,2025-07-05,2026-01-01,Active,True
SUB007868,USR006887,Standard,499,2025-04-27,2025-11-21,Expired,True
SUB007869,USR006888,Standard,499,2025-06-09,2025-12-23,Expired,True
SUB007870,USR006889,Standard,499,2025-05-17,2026-01-01,Active,True
SUB007871,USR006890,Mobile,149,2025-03-21,2025-07-25,Expired,True
SUB007872,USR006891,Mobile,149,2025-05-16,2026-01-01,Active,True
SUB007873,USR006892,Standard,499,2025-04-07,2026-01-01,Active,False
SUB007874,USR006893,Mobile,149,2025-07-13,2026-01-01,Active,False
SUB007875,USR006894,Standard,499,2025-05-07,2026-01-01,Active,True
SUB007876,USR006895,Premium,799,2025-05-22,2025-12-16,Cancelled,True
SUB007877,USR006896,Mobile,149,2025-04-10,2026-01-01,Active,True
SUB007878,USR006897,Basic,299,2025-05-02,2025-12-13,Expired,True
SUB007879,USR006898,Mobile,149,2025-06-05,2026-01-01,Active,True
SUB007880,USR006899,Standard,499,2025-05-04,2025-09-15,Cancelled,False
SUB007881,USR006900,Mobile,149,2025-06-26,2026-01-01,Active,True
SUB007882,USR006901,Basic,299,2025-06-03,2026-01-01,Active,True
SUB007883,USR006902,Basic,299,2025-05-10,2025-12-27,Expired,True
SUB007884,USR006903,Standard,499,2025-04-18,2025-09-17,Expired,False
SUB007885,USR006903,Basic,299,2025-09-18,2026-01-01,Active,True
SUB007886,USR006904,Basic,299,2025-05-08,2025-12-18,Expired,True
SUB007887,USR006905,Mobile,149,2025-05-28,2026-01-01,Active,False
SUB007888,USR006906,Basic,299,2025-02-24,2025-11-21,Expired,True
SUB007889,USR006907,Standard,499,2025-03-25,2025-09-05,Expired,True
SUB007890,USR006907,Mobile,149,2025-09-06,2025-12-30,Expired,True
SUB007891,USR006908,Premium,799,2025-02-03,2025-10-06,Expired,False
SUB007892,USR006909,Premium,799,2025-05-17,2025-10-18,Expired,True
SUB007893,USR006910,Standard,499,2025-03-25,2025-12-02,Cancelled,True
SUB007894,USR006910,Standard,499,2025-12-03,2026-01-01,Active,True
SUB007895,USR006911,Basic,299,2025-03-02,2025-06-05,Cancelled,True
SUB007896,USR006912,Basic,299,2025-04-08,2025-07-13,Expired,False
SUB007897,USR006912,Mobile,149,2025-07-14,2026-01-01,Active,False
SUB007898,USR006913,Mobile,149,2025-02-10,2026-01-01,Active,True
SUB007899,USR006914,Standard,499,2025-02-10,2026-01-01,Active,True
SUB007900,USR006915,Basic,299,2025-03-14,2026-01-01,Active,True
SUB007901,USR006916,Mobile,149,2025-03-07,2026-01-01,Active,True
SUB007902,USR006917,Premium,799,2025-05-10,2026-01-01,Active,True
SUB007903,USR006918,Basic,299,2025-01-29,2025-09-09,Cancelled,True
SUB007904,USR006919,Basic,299,2025-04-18,2025-12-28,Expired,True
SUB007905,USR006920,Standard,499,2025-01-30,2025-12-06,Expired,True
SUB007906,USR006921,Standard,499,2025-07-16,2025-12-13,Expired,True
SUB007907,USR006921,Mobile,149,2025-12-14,2026-01-01,Active,False
SUB007908,USR006922,Mobile,149,2025-03-10,2026-01-01,Active,True
SUB007909,USR006923,Standard,499,2025-03-19,2025-07-20,Expired,False
SUB007910,USR006924,Standard,499,2025-07-03,2026-01-01,Active,False
SUB007911,USR006925,Standard,499,2025-02-05,2026-01-01,Active,True
SUB007912,USR006926,Standard,499,2025-05-20,2025-10-03,Cancelled,True
SUB007913,USR006927,Premium,799,2025-07-31,2026-01-01,Active,True
SUB007914,USR006928,Premium,799,2025-04-08,2026-01-01,Active,False
SUB007915,USR006929,Basic,299,2025-02-24,2025-12-17,Expired,True
SUB007916,USR006930,Mobile,149,2025-02-14,2025-11-25,Expired,True
SUB007917,USR006931,Mobile,149,2025-05-15,2025-11-23,Expired,False
SUB007918,USR006932,Standard,499,2025-04-05,2026-01-01,Active,True
SUB007919,USR006933,Standard,499,2025-01-13,2025-10-06,Expired,True
SUB007920,USR006934,Premium,799,2025-04-25,2026-01-01,Active,True
SUB007921,USR006935,Mobile,149,2025-04-27,2025-09-18,Expired,True
SUB007922,USR006936,Mobile,149,2025-03-11,2025-08-22,Cancelled,False
SUB007923,USR006937,Premium,799,2025-06-10,2025-12-06,Cancelled,True
SUB007924,USR006937,Basic,299,2025-12-07,2026-01-01,Active,True
SUB007925,USR006938,Mobile,149,2025-01-08,2026-01-01,Active,True
SUB007926,USR006939,Basic,299,2025-05-18,2025-09-11,Expired,True
SUB007927,USR006940,Standard,499,2025-06-16,2025-12-17,Expired,True
SUB007928,USR006941,Mobile,149,2025-07-06,2026-01-01,Active,False
SUB007929,USR006942,Premium,799,2025-05-24,2026-01-01,Active,True
SUB007930,USR006943,Mobile,149,2025-03-28,2025-06-28,Expired,True
SUB007931,USR006944,Mobile,149,2025-04-21,2025-09-27,Cancelled,True
SUB007932,USR006945,Premium,799,2025-02-22,2026-01-01,Active,True
SUB007933,USR006946,Standard,499,2025-03-13,2025-09-28,Cancelled,True
SUB007934,USR006947,Basic,299,2025-03-20,2025-10-26,Expired,False
SUB007935,USR006948,Premium,799,2025-05-11,2026-01-01,Active,False
SUB007936,USR006949,Mobile,149,2025-01-18,2025-11-09,Cancelled,True
SUB007937,USR006950,Premium,799,2025-04-26,2025-08-20,Expired,False
SUB007938,USR006951,Basic,299,2025-03-21,2026-01-01,Active,True
SUB007939,USR006952,Standard,499,2025-07-20,2025-11-30,Cancelled,True
SUB007940,USR006953,Premium,799,2025-05-14,2026-01-01,Active,True
SUB007941,USR006954,Premium,799,2025-01-29,2025-05-17,Expired,False
SUB007942,USR006955,Mobile,149,2025-05-08,2026-01-01,Active,False
SUB007943,USR006956,Mobile,149,2025-06-13,2025-12-29,Expired,True
SUB007944,USR006957,Basic,299,2025-04-28,2026-01-01,Active,False
SUB007945,USR006958,Mobile,149,2025-03-24,2025-07-27,Expired,True
SUB007946,USR006959,Basic,299,2025-05-10,2025-11-04,Expired,True
SUB007947,USR006959,Mobile,149,2025-11-05,2026-01-01,Active,True
SUB007948,USR006960,Mobile,149,2025-06-04,2025-09-13,Cancelled,False
SUB007949,USR006961,Premium,799,2025-09-23,2026-01-01,Active,True
SUB007950,USR006962,Standard,499,2025-07-12,2026-01-01,Active,True
SUB007951,USR006963,Standard,499,2025-05-28,2025-12-14,Cancelled,True
SUB007952,USR006964,Mobile,149,2025-04-22,2026-01-01,Active,True
SUB007953,USR006965,Mobile,149,2025-02-05,2025-12-25,Cancelled,True
SUB007954,USR006965,Standard,499,2025-12-26,2026-01-01,Active,True
SUB007955,USR006966,Premium,799,2025-05-08,2026-01-01,Active,True
SUB007956,USR006967,Standard,499,2025-03-22,2025-08-26,Expired,True
SUB007957,USR006967,Standard,499,2025-08-27,2026-01-01,Active,True
SUB007958,USR006968,Basic,299,2025-06-28,2026-01-01,Active,True
SUB007959,USR006969,Basic,299,2025-02-27,2026-01-01,Active,True
SUB007960,USR006970,Basic,299,2025-05-05,2026-01-01,Active,True
SUB007961,USR006971,Mobile,149,2025-07-20,2026-01-01,Active,False
SUB007962,USR006972,Premium,799,2025-05-02,2025-10-23,Expired,True
SUB007963,USR006973,Premium,799,2025-06-19,2025-11-03,Expired,True
SUB007964,USR006974,Standard,499,2025-06-04,2026-01-01,Active,True
SUB007965,USR006975,Premium,799,2025-09-09,2026-01-01,Active,True
SUB007966,USR006976,Mobile,149,2025-04-03,2025-12-25,Cancelled,True
SUB007967,USR006977,Mobile,149,2025-02-04,2025-06-25,Cancelled,False
SUB007968,USR006978,Premium,799,2025-02-09,2025-07-07,Cancelled,True
SUB007969,USR006979,Basic,299,2025-02-02,2025-08-02,Cancelled,True
SUB007970,USR006980,Basic,299,2025-03-20,2025-09-09,Expired,False
SUB007971,USR006980,Mobile,149,2025-09-10,2026-01-01,Active,True
SUB007972,USR006981,Mobile,149,2025-05-09,2025-08-31,Expired,True
SUB007973,USR006982,Mobile,149,2025-05-06,2025-08-21,Cancelled,True
SUB007974,USR006982,Mobile,149,2025-08-22,2026-01-01,Active,True
SUB007975,USR006983,Basic,299,2025-05-01,2026-01-01,Active,False
SUB007976,USR006984,Standard,499,2025-04-08,2025-11-30,Cancelled,False
SUB007977,USR006984,Standard,499,2025-12-01,2026-01-01,Active,True
SUB007978,USR006985,Standard,499,2025-09-16,2026-01-01,Active,False
SUB007979,USR006986,Basic,299,2025-05-03,2025-11-15,Cancelled,True
SUB007980,USR006987,Basic,299,2025-06-15,2026-01-01,Active,False
SUB007981,USR006988,Basic,299,2025-03-27,2025-07-03,Cancelled,True
SUB007982,USR006989,Standard,499,2025-05-14,2026-01-01,Active,True
SUB007983,USR006990,Standard,499,2025-03-08,2026-01-01,Active,True
SUB007984,USR006991,Premium,799,2025-01-23,2025-05-30,Expired,True
SUB007985,USR006992,Basic,299,2025-04-08,2026-01-01,Active,True
SUB007986,USR006993,Premium,799,2025-03-17,2026-01-01,Active,True
SUB007987,USR006994,Standard,499,2025-04-03,2026-01-01,Active,True
SUB007988,USR006995,Basic,299,2025-03-25,2025-10-14,Expired,True
SUB007989,USR006996,Standard,499,2025-02-14,2025-09-27,Cancelled,True
SUB007990,USR006997,Standard,499,2025-02-25,2025-10-25,Cancelled,True
SUB007991,USR006998,Standard,499,2025-02-17,2025-07-06,Expired,False
SUB007992,USR006999,Standard,499,2025-03-30,2025-11-18,Expired,False
SUB007993,USR007000,Basic,299,2025-01-05,2026-01-01,Active,True
SUB007994,USR007001,Standard,499,2025-03-07,2025-12-08,Expired,True
SUB007995,USR007001,Premium,799,2025-12-09,2026-01-01,Active,True
SUB007996,USR007002,Basic,299,2025-05-06,2025-09-19,Cancelled,False
SUB007997,USR007003,Mobile,149,2025-05-23,2026-01-01,Active,False
SUB007998,USR007004,Standard,499,2025-03-27,2026-01-01,Active,True
SUB007999,USR007005,Standard,499,2025-04-09,2025-12-16,Expired,True
SUB008000,USR007006,Basic,299,2025-05-11,2026-01-01,Active,True
SUB008001,USR007007,Basic,299,2025-06-20,2026-01-01,Active,False
SUB008002,USR007008,Mobile,149,2025-01-23,2026-01-01,Active,True
SUB008003,USR007009,Standard,499,2025-03-18,2025-11-05,Cancelled,True
SUB008004,USR007009,Basic,299,2025-11-06,2026-01-01,Active,True
SUB008005,USR007010,Standard,499,2025-05-02,2026-01-01,Active,True
SUB008006,USR007011,Standard,499,2025-03-28,2025-11-19,Cancelled,True
SUB008007,USR007012,Mobile,149,2025-02-12,2025-10-05,Cancelled,True
SUB008008,USR007013,Premium,799,2025-04-07,2025-12-24,Cancelled,False
SUB008009,USR007014,Mobile,149,2025-05-27,2026-01-01,Active,True
SUB008010,USR007015,Standard,499,2025-09-22,2026-01-01,Active,True
SUB008011,USR007016,Premium,799,2025-06-29,2026-01-01,Active,True
SUB008012,USR007017,Basic,299,2025-05-06,2025-08-20,Cancelled,True
SUB008013,USR007018,Mobile,149,2025-04-12,2025-11-18,Cancelled,True
SUB008014,USR007018,Mobile,149,2025-11-19,2026-01-01,Active,True
SUB008015,USR007019,Basic,299,2025-06-25,2026-01-01,Active,False
SUB008016,USR007020,Premium,799,2025-04-15,2025-09-09,Cancelled,False
SUB008017,USR007021,Mobile,149,2025-05-31,2026-01-01,Active,False
SUB008018,USR007022,Standard,499,2025-02-27,2025-06-19,Expired,True
SUB008019,USR007023,Mobile,149,2025-02-20,2025-07-11,Cancelled,False
SUB008020,USR007024,Mobile,149,2025-04-08,2025-12-26,Expired,True
SUB008021,USR007025,Standard,499,2025-02-01,2026-01-01,Active,False
SUB008022,USR007026,Mobile,149,2025-03-16,2026-01-01,Active,True
SUB008023,USR007027,Basic,299,2025-04-24,2025-11-10,Expired,False
SUB008024,USR007028,Mobile,149,2025-04-25,2026-01-01,Active,True
SUB008025,USR007029,Mobile,149,2025-04-14,2025-08-04,Cancelled,True
SUB008026,USR007030,Standard,499,2025-01-09,2025-10-29,Cancelled,False
SUB008027,USR007031,Standard,499,2025-04-07,2026-01-01,Active,True
SUB008028,USR007032,Standard,499,2025-08-05,2026-01-01,Active,True
SUB008029,USR007033,Premium,799,2025-05-24,2026-01-01,Active,True
SUB008030,USR007034,Premium,799,2025-02-06,2025-10-04,Expired,True
SUB008031,USR007035,Basic,299,2025-08-31,2026-01-01,Active,True
SUB008032,USR007036,Mobile,149,2025-03-25,2025-12-31,Cancelled,True
SUB008033,USR007037,Basic,299,2025-05-26,2025-09-14,Cancelled,True
SUB008034,USR007037,Standard,499,2025-09-15,2026-01-01,Active,True
SUB008035,USR007038,Mobile,149,2025-04-18,2025-09-09,Cancelled,True
SUB008036,USR007039,Standard,499,2025-04-11,2025-08-17,Cancelled,True
SUB008037,USR007039,Basic,299,2025-08-18,2026-01-01,Active,True
SUB008038,USR007040,Mobile,149,2025-02-14,2026-01-01,Active,True
SUB008039,USR007041,Standard,499,2025-02-07,2025-11-17,Cancelled,True
SUB008040,USR007042,Basic,299,2025-02-24,2025-10-04,Cancelled,False
SUB008041,USR007043,Premium,799,2025-02-26,2025-10-23,Expired,False
SUB008042,USR007044,Mobile,149,2025-03-19,2026-01-01,Active,True
SUB008043,USR007045,Basic,299,2025-03-30,2026-01-01,Active,True
SUB008044,USR007046,Basic,299,2025-07-16,2025-11-14,Cancelled,True
SUB008045,USR007047,Premium,799,2025-07-19,2026-01-01,Active,True
SUB008046,USR007048,Standard,499,2025-05-04,2026-01-01,Active,False
SUB008047,USR007049,Premium,799,2025-08-06,2026-01-01,Active,True
SUB008048,USR007050,Mobile,149,2025-08-09,2026-01-01,Active,True
SUB008049,USR007051,Basic,299,2025-03-21,2025-12-03,Expired,True
SUB008050,USR007052,Basic,299,2025-02-23,2025-12-02,Cancelled,True
SUB008051,USR007053,Standard,499,2025-05-28,2026-01-01,Active,True
SUB008052,USR007054,Basic,299,2025-03-23,2026-01-01,Active,False
SUB008053,USR007055,Standard,499,2025-07-04,2025-11-02,Expired,False
SUB008054,USR007056,Premium,799,2025-04-26,2026-01-01,Active,True
SUB008055,USR007057,Basic,299,2025-05-23,2026-01-01,Active,True
SUB008056,USR007058,Premium,799,2025-07-18,2026-01-01,Active,False
SUB008057,USR007059,Standard,499,2025-04-22,2026-01-01,Active,True
SUB008058,USR007060,Standard,499,2025-03-14,2025-11-30,Expired,True
SUB008059,USR007061,Mobile,149,2025-04-29,2025-09-08,Expired,True
SUB008060,USR007062,Standard,499,2025-02-10,2025-08-16,Cancelled,True
SUB008061,USR007063,Basic,299,2025-04-26,2025-10-20,Cancelled,False
SUB008062,USR007064,Basic,299,2025-05-13,2026-01-01,Active,False
SUB008063,USR007065,Standard,499,2025-03-23,2026-01-01,Active,True
SUB008064,USR007066,Standard,499,2025-05-25,2026-01-01,Active,True
SUB008065,USR007067,Premium,799,2025-03-13,2025-12-24,Expired,True
SUB008066,USR007068,Basic,299,2025-06-12,2026-01-01,Active,False
SUB008067,USR007069,Premium,799,2025-06-24,2025-12-10,Expired,False
SUB008068,USR007070,Mobile,149,2025-08-20,2026-01-01,Active,False
SUB008069,USR007071,Basic,299,2025-04-20,2025-11-06,Cancelled,True
SUB008070,USR007072,Standard,499,2025-03-29,2026-01-01,Active,True
SUB008071,USR007073,Mobile,149,2025-08-09,2026-01-01,Active,True
SUB008072,USR007074,Basic,299,2025-04-16,2025-09-09,Cancelled,True
SUB008073,USR007075,Standard,499,2025-04-09,2026-01-01,Active,True
SUB008074,USR007076,Basic,299,2025-03-15,2025-10-22,Expired,True
SUB008075,USR007077,Standard,499,2025-08-18,2026-01-01,Active,True
SUB008076,USR007078,Premium,799,2025-06-17,2026-01-01,Active,True
SUB008077,USR007079,Basic,299,2025-06-21,2026-01-01,Active,True
SUB008078,USR007080,Standard,499,2025-09-06,2026-01-01,Active,False
SUB008079,USR007081,Standard,499,2025-04-13,2026-01-01,Active,True
SUB008080,USR007082,Premium,799,2025-08-09,2026-01-01,Active,True
SUB008081,USR007083,Mobile,149,2025-07-10,2026-01-01,Active,True
SUB008082,USR007084,Basic,299,2025-04-03,2025-08-12,Cancelled,True
SUB008083,USR007084,Standard,499,2025-08-13,2025-11-09,Cancelled,True
SUB008084,USR007085,Basic,299,2025-05-14,2025-11-02,Cancelled,True
SUB008085,USR007086,Basic,299,2025-08-26,2026-01-01,Active,True
SUB008086,USR007087,Standard,499,2025-03-18,2026-01-01,Active,False
SUB008087,USR007088,Mobile,149,2025-06-23,2025-12-31,Cancelled,True
SUB008088,USR007089,Mobile,149,2025-02-14,2025-07-27,Expired,True
SUB008089,USR007089,Standard,499,2025-07-28,2026-01-01,Active,True
SUB008090,USR007090,Basic,299,2025-08-17,2026-01-01,Active,False
SUB008091,USR007091,Standard,499,2025-03-22,2026-01-01,Active,False
SUB008092,USR007092,Basic,299,2025-04-07,2025-08-21,Cancelled,False
SUB008093,USR007093,Standard,499,2025-04-07,2026-01-01,Active,True
SUB008094,USR007094,Standard,499,2025-02-23,2026-01-01,Active,False
SUB008095,USR007095,Standard,499,2025-05-11,2026-01-01,Active,False
SUB008096,USR007096,Premium,799,2025-05-12,2025-12-05,Expired,True
SUB008097,USR007096,Premium,799,2025-12-06,2026-01-01,Active,False
SUB008098,USR007097,Basic,299,2025-02-04,2025-05-26,Cancelled,True
SUB008099,USR007098,Mobile,149,2025-04-26,2025-10-16,Expired,True
SUB008100,USR007099,Mobile,149,2025-03-26,2025-09-02,Cancelled,False
SUB008101,USR007099,Mobile,149,2025-09-03,2026-01-01,Active,True
SUB008102,USR007100,Premium,799,2025-05-01,2026-01-01,Active,True
SUB008103,USR007101,Premium,799,2025-08-09,2026-01-01,Active,True
SUB008104,USR007102,Premium,799,2025-05-24,2026-01-01,Active,True
SUB008105,USR007103,Basic,299,2025-03-04,2025-10-15,Cancelled,True
SUB008106,USR007104,Basic,299,2025-03-15,2025-10-10,Expired,True
SUB008107,USR007105,Standard,499,2025-07-21,2026-01-01,Active,True
SUB008108,USR007106,Basic,299,2025-04-11,2026-01-01,Active,True
SUB008109,USR007107,Mobile,149,2025-02-08,2025-12-19,Expired,False
SUB008110,USR007108,Standard,499,2025-01-27,2026-01-01,Active,True
SUB008111,USR007109,Basic,299,2025-06-03,2026-01-01,Active,False
SUB008112,USR007110,Premium,799,2025-07-14,2026-01-01,Active,True
SUB008113,USR007111,Standard,499,2025-01-30,2025-12-17,Cancelled,False
SUB008114,USR007111,Premium,799,2025-12-18,2026-01-01,Active,True
SUB008115,USR007112,Standard,499,2025-05-21,2026-01-01,Active,True
SUB008116,USR007113,Standard,499,2025-05-05,2025-12-01,Expired,True
SUB008117,USR007114,Standard,499,2025-04-26,2025-10-07,Cancelled,True
SUB008118,USR007115,Basic,299,2025-07-01,2026-01-01,Active,False
SUB008119,USR007116,Premium,799,2025-01-26,2025-10-25,Expired,False
SUB008120,USR007116,Mobile,149,2025-10-26,2026-01-01,Active,False
SUB008121,USR007117,Mobile,149,2025-03-09,2026-01-01,Active,True
SUB008122,USR007118,Standard,499,2025-02-10,2026-01-01,Active,False
SUB008123,USR007119,Standard,499,2025-05-11,2026-01-01,Active,True
SUB008124,USR007120,Basic,299,2025-03-28,2025-10-25,Cancelled,True
SUB008125,USR007121,Premium,799,2025-05-25,2026-01-01,Active,True
SUB008126,USR007122,Mobile,149,2025-01-02,2026-01-01,Active,True
SUB008127,USR007123,Standard,499,2025-02-10,2025-10-28,Expired,False
SUB008128,USR007123,Mobile,149,2025-10-29,2026-01-01,Active,False
SUB008129,USR007124,Standard,499,2025-07-16,2026-01-01,Active,True
SUB008130,USR007125,Mobile,149,2025-05-02,2026-01-01,Active,True
SUB008131,USR007126,Mobile,149,2025-02-28,2025-08-17,Expired,True
SUB008132,USR007127,Mobile,149,2025-03-11,2025-11-06,Cancelled,True
SUB008133,USR007128,Standard,499,2025-08-19,2026-01-01,Active,True
SUB008134,USR007129,Mobile,149,2025-04-14,2025-11-10,Expired,True
SUB008135,USR007130,Standard,499,2025-04-01,2026-01-01,Active,True
SUB008136,USR007131,Premium,799,2025-07-09,2025-10-17,Expired,True
SUB008137,USR007132,Standard,499,2025-02-23,2025-10-03,Cancelled,False
SUB008138,USR007133,Standard,499,2025-04-14,2025-08-18,Cancelled,True
SUB008139,USR007134,Basic,299,2025-04-13,2026-01-01,Active,True
SUB008140,USR007135,Premium,799,2025-05-13,2026-01-01,Active,True
SUB008141,USR007136,Basic,299,2025-08-28,2025-12-11,Cancelled,False
SUB008142,USR007136,Standard,499,2025-12-12,2026-01-01,Active,False
SUB008143,USR007137,Basic,299,2025-01-18,2025-05-20,Cancelled,True
SUB008144,USR007138,Basic,299,2025-04-29,2025-11-21,Expired,True
SUB008145,USR007139,Basic,299,2025-03-05,2026-01-01,Active,True
SUB008146,USR007140,Standard,499,2025-04-17,2026-01-01,Active,False
SUB008147,USR007141,Standard,499,2025-07-08,2026-01-01,Active,True
SUB008148,USR007142,Mobile,149,2025-05-20,2026-01-01,Active,True
SUB008149,USR007143,Standard,499,2025-02-21,2026-01-01,Active,False
SUB008150,USR007144,Premium,799,2025-04-13,2026-01-01,Active,False
SUB008151,USR007145,Basic,299,2025-02-03,2025-12-29,Cancelled,True
SUB008152,USR007145,Standard,499,2025-12-30,2026-01-01,Active,True
SUB008153,USR007146,Mobile,149,2025-01-27,2025-10-19,Cancelled,True
SUB008154,USR007147,Basic,299,2025-02-03,2025-06-18,Cancelled,True
SUB008155,USR007148,Mobile,149,2025-06-15,2025-11-01,Expired,False
SUB008156,USR007148,Mobile,149,2025-11-02,2026-01-01,Active,True
SUB008157,USR007149,Basic,299,2025-04-11,2026-01-01,Active,False
SUB008158,USR007150,Basic,299,2025-07-05,2025-11-23,Expired,True
SUB008159,USR007150,Mobile,149,2025-11-24,2026-01-01,Active,True
SUB008160,USR007151,Standard,499,2025-03-30,2025-09-16,Cancelled,True
SUB008161,USR007152,Mobile,149,2025-07-14,2026-01-01,Active,True
SUB008162,USR007153,Standard,499,2025-02-16,2025-07-09,Cancelled,True
SUB008163,USR007153,Standard,499,2025-07-10,2025-10-12,Expired,True
SUB008164,USR007154,Basic,299,2025-06-10,2026-01-01,Active,True
SUB008165,USR007155,Mobile,149,2025-06-27,2026-01-01,Active,True
SUB008166,USR007156,Basic,299,2025-04-20,2025-08-01,Expired,False
SUB008167,USR007157,Basic,299,2025-02-06,2025-11-30,Expired,True
SUB008168,USR007157,Premium,799,2025-12-01,2026-01-01,Active,False
SUB008169,USR007158,Basic,299,2025-02-21,2026-01-01,Active,True
SUB008170,USR007159,Mobile,149,2025-03-09,2026-01-01,Active,True
SUB008171,USR007160,Premium,799,2025-05-29,2026-01-01,Active,True
SUB008172,USR007161,Basic,299,2025-08-31,2026-01-01,Active,True
SUB008173,USR007162,Premium,799,2025-01-24,2025-09-05,Expired,True
SUB008174,USR007163,Standard,499,2025-04-23,2025-10-16,Cancelled,True
SUB008175,USR007164,Basic,299,2025-02-23,2025-10-29,Expired,False
SUB008176,USR007164,Premium,799,2025-10-30,2026-01-01,Active,True
SUB008177,USR007165,Mobile,149,2025-05-05,2026-01-01,Active,True
SUB008178,USR007166,Mobile,149,2025-04-09,2025-11-12,Expired,True
SUB008179,USR007167,Mobile,149,2025-05-28,2026-01-01,Active,True
SUB008180,USR007168,Standard,499,2025-05-09,2026-01-01,Active,True
SUB008181,USR007169,Standard,499,2025-05-06,2026-01-01,Active,True
SUB008182,USR007170,Mobile,149,2025-06-18,2026-01-01,Active,True
SUB008183,USR007171,Basic,299,2025-05-08,2025-12-13,Expired,True
SUB008184,USR007172,Standard,499,2025-04-15,2025-09-20,Expired,True
SUB008185,USR007172,Mobile,149,2025-09-21,2026-01-01,Active,True
SUB008186,USR007173,Basic,299,2025-07-01,2025-11-12,Cancelled,True
SUB008187,USR007174,Standard,499,2025-06-08,2025-11-12,Expired,True
SUB008188,USR007175,Standard,499,2025-04-20,2025-09-24,Cancelled,True
SUB008189,USR007175,Basic,299,2025-09-25,2026-01-01,Active,False
SUB008190,USR007176,Premium,799,2025-05-16,2025-08-19,Cancelled,True
SUB008191,USR007177,Standard,499,2025-03-21,2026-01-01,Active,True
SUB008192,USR007178,Standard,499,2025-07-31,2026-01-01,Active,False
SUB008193,USR007179,Basic,299,2025-03-24,2026-01-01,Active,True
SUB008194,USR007180,Basic,299,2025-03-05,2026-01-01,Active,False
SUB008195,USR007181,Standard,499,2025-03-10,2025-07-18,Expired,True
SUB008196,USR007181,Basic,299,2025-07-19,2026-01-01,Active,True
SUB008197,USR007182,Standard,499,2025-06-24,2026-01-01,Active,True
SUB008198,USR007183,Premium,799,2025-05-26,2025-09-29,Cancelled,True
SUB008199,USR007184,Basic,299,2025-02-07,2025-06-22,Cancelled,True
SUB008200,USR007184,Mobile,149,2025-06-23,2025-11-11,Cancelled,False
SUB008201,USR007185,Basic,299,2025-05-16,2026-01-01,Active,True
SUB008202,USR007186,Standard,499,2025-03-17,2025-08-12,Expired,True
SUB008203,USR007187,Standard,499,2025-08-29,2025-12-17,Cancelled,True
SUB008204,USR007188,Basic,299,2025-01-25,2025-12-23,Cancelled,True
SUB008205,USR007188,Basic,299,2025-12-24,2026-01-01,Active,False
SUB008206,USR007189,Standard,499,2025-02-28,2025-07-09,Cancelled,True
SUB008207,USR007189,Basic,299,2025-07-10,2025-10-02,Cancelled,True
SUB008208,USR007190,Standard,499,2025-07-25,2025-11-08,Expired,True
SUB008209,USR007190,Standard,499,2025-11-09,2026-01-01,Active,False
SUB008210,USR007191,Standard,499,2025-05-30,2026-01-01,Active,False
SUB008211,USR007192,Mobile,149,2025-04-30,2025-11-20,Expired,False
SUB008212,USR007193,Standard,499,2025-04-07,2026-01-01,Active,True
SUB008213,USR007194,Premium,799,2025-05-04,2025-12-18,Expired,True
SUB008214,USR007195,Premium,799,2025-02-04,2025-05-08,Cancelled,True
SUB008215,USR007195,Basic,299,2025-05-09,2025-11-11,Cancelled,True
SUB008216,USR007196,Basic,299,2025-07-24,2026-01-01,Active,True
SUB008217,USR007197,Standard,499,2025-04-02,2026-01-01,Active,True
SUB008218,USR007198,Premium,799,2025-01-05,2025-12-28,Cancelled,True
SUB008219,USR007199,Standard,499,2025-04-27,2025-08-25,Expired,True
SUB008220,USR007200,Standard,499,2025-02-28,2025-10-25,Expired,True
SUB008221,USR007201,Standard,499,2025-05-30,2026-01-01,Active,False
SUB008222,USR007202,Basic,299,2025-06-13,2026-01-01,Active,False
SUB008223,USR007203,Premium,799,2025-05-14,2025-10-25,Cancelled,True
SUB008224,USR007204,Standard,499,2025-04-11,2025-11-04,Cancelled,False
SUB008225,USR007205,Basic,299,2025-04-15,2025-08-31,Expired,True
SUB008226,USR007205,Premium,799,2025-09-01,2026-01-01,Active,False
SUB008227,USR007206,Basic,299,2025-08-11,2026-01-01,Active,False
SUB008228,USR007207,Basic,299,2025-04-23,2026-01-01,Active,True
SUB008229,USR007208,Standard,499,2025-04-03,2025-11-28,Cancelled,True
SUB008230,USR007209,Basic,299,2025-02-07,2025-11-21,Expired,False
SUB008231,USR007210,Mobile,149,2025-03-15,2025-10-04,Cancelled,True
SUB008232,USR007211,Premium,799,2025-05-02,2026-01-01,Active,True
SUB008233,USR007212,Mobile,149,2025-06-03,2025-09-21,Expired,False
SUB008234,USR007213,Mobile,149,2025-03-12,2026-01-01,Active,True
SUB008235,USR007214,Standard,499,2025-08-04,2026-01-01,Active,True
SUB008236,USR007215,Mobile,149,2025-08-25,2026-01-01,Active,True
SUB008237,USR007216,Basic,299,2025-02-06,2026-01-01,Active,False
SUB008238,USR007217,Basic,299,2025-04-29,2025-10-08,Expired,True
SUB008239,USR007218,Basic,299,2025-04-06,2025-07-14,Expired,False
SUB008240,USR007219,Basic,299,2025-03-14,2026-01-01,Active,True
SUB008241,USR007220,Basic,299,2025-06-02,2026-01-01,Active,True
SUB008242,USR007221,Premium,799,2025-06-23,2026-01-01,Active,True
SUB008243,USR007222,Premium,799,2025-03-23,2025-08-05,Expired,True
SUB008244,USR007222,Mobile,149,2025-08-06,2026-01-01,Active,False
SUB008245,USR007223,Basic,299,2025-02-24,2025-06-28,Expired,True
SUB008246,USR007224,Basic,299,2025-04-02,2026-01-01,Active,False
SUB008247,USR007225,Premium,799,2025-04-26,2025-10-06,Expired,True
SUB008248,USR007226,Premium,799,2025-05-23,2025-11-01,Expired,True
SUB008249,USR007227,Basic,299,2025-05-09,2025-09-06,Expired,True
SUB008250,USR007228,Standard,499,2025-05-27,2026-01-01,Active,True
SUB008251,USR007229,Mobile,149,2025-05-27,2026-01-01,Active,True
SUB008252,USR007230,Basic,299,2025-03-26,2025-11-03,Expired,True
SUB008253,USR007231,Standard,499,2025-06-11,2026-01-01,Active,True
SUB008254,USR007232,Basic,299,2025-07-10,2026-01-01,Active,True
SUB008255,USR007233,Mobile,149,2025-02-15,2025-06-03,Expired,True
SUB008256,USR007234,Premium,799,2025-06-03,2025-11-13,Expired,True
SUB008257,USR007234,Basic,299,2025-11-14,2026-01-01,Active,True
SUB008258,USR007235,Standard,499,2025-03-08,2026-01-01,Active,False
SUB008259,USR007236,Basic,299,2025-02-27,2025-07-08,Expired,True
SUB008260,USR007237,Basic,299,2025-05-27,2026-01-01,Active,False
SUB008261,USR007238,Mobile,149,2025-02-13,2025-06-15,Cancelled,True
SUB008262,USR007239,Premium,799,2025-07-27,2025-11-27,Expired,False
SUB008263,USR007240,Standard,499,2025-04-19,2025-09-02,Cancelled,True
SUB008264,USR007240,Standard,499,2025-09-03,2026-01-01,Active,True
SUB008265,USR007241,Basic,299,2025-06-25,2026-01-01,Active,False
SUB008266,USR007242,Mobile,149,2025-06-17,2025-10-24,Cancelled,True
SUB008267,USR007243,Premium,799,2025-03-17,2025-10-09,Expired,True
SUB008268,USR007244,Basic,299,2025-04-14,2025-08-20,Cancelled,True
SUB008269,USR007245,Standard,499,2025-04-26,2026-01-01,Active,False
SUB008270,USR007246,Premium,799,2025-02-15,2026-01-01,Active,True
SUB008271,USR007247,Mobile,149,2025-04-05,2025-09-23,Cancelled,True
SUB008272,USR007248,Standard,499,2025-03-18,2026-01-01,Active,True
SUB008273,USR007249,Standard,499,2025-05-31,2025-12-12,Cancelled,True
SUB008274,USR007249,Basic,299,2025-12-13,2026-01-01,Active,True
SUB008275,USR007250,Standard,499,2025-03-20,2026-01-01,Active,True
SUB008276,USR007251,Standard,499,2025-04-16,2026-01-01,Active,True
SUB008277,USR007252,Basic,299,2025-03-21,2026-01-01,Active,False
SUB008278,USR007253,Premium,799,2025-04-21,2025-12-18,Cancelled,True
SUB008279,USR007253,Standard,499,2025-12-19,2026-01-01,Active,True
SUB008280,USR007254,Mobile,149,2025-05-02,2026-01-01,Active,True
SUB008281,USR007255,Mobile,149,2025-05-24,2026-01-01,Active,True
SUB008282,USR007256,Standard,499,2025-05-31,2025-12-05,Cancelled,False
SUB008283,USR007257,Basic,299,2025-07-17,2026-01-01,Active,False
SUB008284,USR007258,Standard,499,2025-07-02,2025-12-08,Expired,True
SUB008285,USR007259,Standard,499,2025-09-17,2026-01-01,Active,False
SUB008286,USR007260,Basic,299,2025-03-11,2025-07-15,Expired,True
SUB008287,USR007261,Basic,299,2025-05-20,2025-11-29,Cancelled,True
SUB008288,USR007262,Standard,499,2025-04-27,2025-09-19,Cancelled,True
SUB008289,USR007263,Standard,499,2025-05-11,2025-08-14,Expired,True
SUB008290,USR007264,Standard,499,2025-05-29,2025-12-21,Cancelled,True
SUB008291,USR007264,Standard,499,2025-12-22,2026-01-01,Active,True
SUB008292,USR007265,Mobile,149,2025-03-06,2026-01-01,Active,True
SUB008293,USR007266,Mobile,149,2025-04-03,2025-10-02,Cancelled,False
SUB008294,USR007267,Basic,299,2025-01-23,2026-01-01,Active,True
SUB008295,USR007268,Mobile,149,2025-06-02,2025-10-30,Cancelled,True
SUB008296,USR007268,Standard,499,2025-10-31,2026-01-01,Active,True
SUB008297,USR007269,Mobile,149,2025-02-19,2026-01-01,Active,True
SUB008298,USR007270,Mobile,149,2025-03-13,2025-07-04,Cancelled,True
SUB008299,USR007271,Standard,499,2025-02-23,2026-01-01,Active,True
SUB008300,USR007272,Premium,799,2025-05-27,2026-01-01,Active,False
SUB008301,USR007273,Mobile,149,2025-06-10,2026-01-01,Active,True
SUB008302,USR007274,Standard,499,2025-02-15,2026-01-01,Active,True
SUB008303,USR007275,Basic,299,2025-01-05,2025-07-18,Expired,False
SUB008304,USR007276,Premium,799,2025-06-07,2026-01-01,Active,True
SUB008305,USR007277,Basic,299,2025-07-31,2026-01-01,Active,True
SUB008306,USR007278,Basic,299,2025-06-16,2026-01-01,Active,True
SUB008307,USR007279,Basic,299,2025-07-05,2026-01-01,Active,True
SUB008308,USR007280,Basic,299,2025-03-27,2026-01-01,Active,True
SUB008309,USR007281,Basic,299,2025-06-11,2026-01-01,Active,True
SUB008310,USR007282,Standard,499,2025-07-22,2026-01-01,Active,True
SUB008311,USR007283,Standard,499,2025-02-07,2025-09-24,Expired,True
SUB008312,USR007283,Standard,499,2025-09-25,2026-01-01,Active,True
SUB008313,USR007284,Mobile,149,2025-09-17,2026-01-01,Active,True
SUB008314,USR007285,Premium,799,2025-04-29,2025-12-05,Cancelled,False
SUB008315,USR007285,Premium,799,2025-12-06,2026-01-01,Active,True
SUB008316,USR007286,Mobile,149,2025-03-24,2025-11-23,Expired,True
SUB008317,USR007287,Standard,499,2025-07-14,2026-01-01,Active,False
SUB008318,USR007288,Standard,499,2025-02-23,2025-07-18,Expired,False
SUB008319,USR007289,Standard,499,2025-04-18,2026-01-01,Active,True
SUB008320,USR007290,Premium,799,2025-03-25,2025-11-09,Cancelled,False
SUB008321,USR007291,Standard,499,2025-02-14,2025-09-21,Expired,False
SUB008322,USR007291,Basic,299,2025-09-22,2026-01-01,Active,True
SUB008323,USR007292,Premium,799,2025-07-13,2026-01-01,Active,False
SUB008324,USR007293,Basic,299,2025-03-20,2026-01-01,Active,True
SUB008325,USR007294,Mobile,149,2025-06-09,2026-01-01,Active,True
SUB008326,USR007295,Standard,499,2025-05-10,2026-01-01,Active,False
SUB008327,USR007296,Basic,299,2025-08-18,2026-01-01,Active,True
SUB008328,USR007297,Basic,299,2025-06-11,2026-01-01,Active,True
SUB008329,USR007298,Standard,499,2025-02-19,2025-11-15,Expired,True
SUB008330,USR007299,Basic,299,2025-03-27,2025-08-13,Expired,False
SUB008331,USR007300,Mobile,149,2025-02-15,2025-09-02,Expired,False
SUB008332,USR007300,Premium,799,2025-09-03,2026-01-01,Active,True
SUB008333,USR007301,Standard,499,2025-09-03,2026-01-01,Active,True
SUB008334,USR007302,Standard,499,2025-05-31,2026-01-01,Active,True
SUB008335,USR007303,Basic,299,2025-05-18,2026-01-01,Active,True
SUB008336,USR007304,Standard,499,2025-02-06,2025-10-01,Expired,True
SUB008337,USR007304,Mobile,149,2025-10-02,2025-12-28,Expired,True
SUB008338,USR007305,Basic,299,2025-03-25,2026-01-01,Active,True
SUB008339,USR007306,Standard,499,2025-02-07,2025-12-16,Cancelled,True
SUB008340,USR007307,Standard,499,2025-06-14,2026-01-01,Active,False
SUB008341,USR007308,Standard,499,2025-03-20,2025-07-12,Cancelled,True
SUB008342,USR007308,Premium,799,2025-07-13,2026-01-01,Active,False
SUB008343,USR007309,Basic,299,2025-04-24,2026-01-01,Active,True
SUB008344,USR007310,Mobile,149,2025-06-02,2026-01-01,Active,False
SUB008345,USR007311,Standard,499,2025-05-06,2025-08-31,Expired,True
SUB008346,USR007312,Mobile,149,2025-05-08,2025-11-16,Cancelled,True
SUB008347,USR007312,Premium,799,2025-11-17,2026-01-01,Active,False
SUB008348,USR007313,Standard,499,2025-02-27,2026-01-01,Active,False
SUB008349,USR007314,Basic,299,2025-05-24,2026-01-01,Active,True
SUB008350,USR007315,Basic,299,2025-01-30,2026-01-01,Active,False
SUB008351,USR007316,Standard,499,2025-04-02,2025-07-11,Cancelled,True
SUB008352,USR007317,Standard,499,2025-01-24,2025-06-25,Expired,False
SUB008353,USR007318,Premium,799,2025-06-08,2025-11-22,Expired,True
SUB008354,USR007318,Mobile,149,2025-11-23,2026-01-01,Active,True
SUB008355,USR007319,Standard,499,2025-04-20,2026-01-01,Active,False
SUB008356,USR007320,Basic,299,2025-06-01,2026-01-01,Active,True
SUB008357,USR007321,Mobile,149,2025-05-11,2026-01-01,Active,True
SUB008358,USR007322,Mobile,149,2025-03-13,2026-01-01,Active,True
SUB008359,USR007323,Mobile,149,2025-02-17,2025-08-10,Expired,True
SUB008360,USR007323,Basic,299,2025-08-11,2025-10-30,Cancelled,True
SUB008361,USR007324,Standard,499,2025-08-06,2026-01-01,Active,True
SUB008362,USR007325,Standard,499,2025-08-09,2026-01-01,Active,True
SUB008363,USR007326,Premium,799,2025-08-28,2026-01-01,Active,False
SUB008364,USR007327,Standard,499,2025-01-27,2026-01-01,Active,True
SUB008365,USR007328,Standard,499,2025-05-06,2026-01-01,Active,True
SUB008366,USR007329,Mobile,149,2025-06-13,2026-01-01,Active,True
SUB008367,USR007330,Basic,299,2025-02-17,2025-07-10,Expired,True
SUB008368,USR007331,Basic,299,2025-04-30,2025-12-19,Expired,False
SUB008369,USR007331,Premium,799,2025-12-20,2026-01-01,Active,True
SUB008370,USR007332,Premium,799,2025-04-13,2026-01-01,Active,True
SUB008371,USR007333,Standard,499,2025-03-14,2026-01-01,Active,True
SUB008372,USR007334,Premium,799,2025-01-21,2026-01-01,Active,True
SUB008373,USR007335,Mobile,149,2025-06-14,2025-12-18,Expired,True
SUB008374,USR007336,Mobile,149,2025-04-12,2025-09-04,Expired,True
SUB008375,USR007337,Standard,499,2025-08-17,2026-01-01,Active,True
SUB008376,USR007338,Standard,499,2025-05-29,2026-01-01,Active,True
SUB008377,USR007339,Basic,299,2025-06-14,2025-11-03,Expired,False
SUB008378,USR007339,Basic,299,2025-11-04,2026-01-01,Active,True
SUB008379,USR007340,Mobile,149,2025-03-26,2025-11-09,Cancelled,True
SUB008380,USR007341,Standard,499,2025-05-25,2025-09-08,Expired,True
SUB008381,USR007342,Basic,299,2025-06-23,2026-01-01,Active,False
SUB008382,USR007343,Standard,499,2025-02-05,2026-01-01,Active,True
SUB008383,USR007344,Basic,299,2025-02-24,2025-06-28,Cancelled,False
SUB008384,USR007344,Standard,499,2025-06-29,2026-01-01,Active,True
SUB008385,USR007345,Basic,299,2025-05-16,2026-01-01,Active,True
SUB008386,USR007346,Mobile,149,2025-07-01,2026-01-01,Active,True
SUB008387,USR007347,Standard,499,2025-08-07,2026-01-01,Active,True
SUB008388,USR007348,Standard,499,2025-03-01,2026-01-01,Active,False
SUB008389,USR007349,Standard,499,2025-02-17,2025-08-25,Expired,True
SUB008390,USR007350,Standard,499,2025-05-21,2026-01-01,Active,True
SUB008391,USR007351,Standard,499,2025-07-14,2026-01-01,Active,True
SUB008392,USR007352,Standard,499,2025-02-21,2026-01-01,Active,True
SUB008393,USR007353,Basic,299,2025-05-19,2026-01-01,Active,True
SUB008394,USR007354,Premium,799,2025-01-03,2025-08-05,Cancelled,False
SUB008395,USR007355,Standard,499,2025-06-20,2026-01-01,Active,False
SUB008396,USR007356,Basic,299,2025-08-01,2026-01-01,Active,True
SUB008397,USR007357,Standard,499,2025-01-30,2025-11-09,Expired,False
SUB008398,USR007358,Premium,799,2025-06-04,2026-01-01,Active,True
SUB008399,USR007359,Standard,499,2025-05-21,2025-11-18,Cancelled,False
SUB008400,USR007359,Premium,799,2025-11-19,2026-01-01,Active,True
SUB008401,USR007360,Basic,299,2025-05-02,2026-01-01,Active,False
SUB008402,USR007361,Basic,299,2025-04-13,2026-01-01,Active,False
SUB008403,USR007362,Standard,499,2025-03-09,2025-12-15,Expired,True
SUB008404,USR007362,Basic,299,2025-12-16,2026-01-01,Active,True
SUB008405,USR007363,Standard,499,2025-01-24,2025-07-09,Cancelled,True
SUB008406,USR007364,Standard,499,2025-05-31,2025-10-16,Expired,False
SUB008407,USR007364,Premium,799,2025-10-17,2026-01-01,Active,True
SUB008408,USR007365,Basic,299,2025-05-07,2025-10-06,Cancelled,False
SUB008409,USR007366,Premium,799,2025-04-25,2025-12-10,Cancelled,True
SUB008410,USR007367,Standard,499,2025-06-09,2026-01-01,Active,True
SUB008411,USR007368,Basic,299,2025-01-31,2025-08-23,Expired,True
SUB008412,USR007368,Basic,299,2025-08-24,2025-11-19,Cancelled,False
SUB008413,USR007369,Mobile,149,2025-08-26,2026-01-01,Active,False
SUB008414,USR007370,Standard,499,2025-08-09,2025-12-01,Expired,True
SUB008415,USR007371,Mobile,149,2025-02-04,2025-09-19,Expired,True
SUB008416,USR007372,Standard,499,2025-04-10,2025-08-21,Cancelled,False
SUB008417,USR007373,Mobile,149,2025-09-16,2026-01-01,Active,False
SUB008418,USR007374,Basic,299,2025-06-13,2026-01-01,Active,True
SUB008419,USR007375,Basic,299,2025-06-30,2025-12-12,Cancelled,True
SUB008420,USR007376,Basic,299,2025-04-26,2025-08-14,Expired,True
SUB008421,USR007376,Mobile,149,2025-08-15,2025-10-15,Cancelled,True
SUB008422,USR007377,Mobile,149,2025-04-16,2025-09-18,Expired,True
SUB008423,USR007377,Standard,499,2025-09-19,2026-01-01,Active,True
SUB008424,USR007378,Basic,299,2025-04-23,2025-09-11,Cancelled,True
SUB008425,USR007379,Standard,499,2025-03-15,2025-07-11,Expired,True
SUB008426,USR007380,Basic,299,2025-04-22,2026-01-01,Active,True
SUB008427,USR007381,Premium,799,2025-06-19,2025-11-19,Cancelled,True
SUB008428,USR007382,Basic,299,2025-02-22,2025-08-15,Expired,True
SUB008429,USR007383,Basic,299,2025-05-08,2025-11-13,Cancelled,False
SUB008430,USR007384,Mobile,149,2025-04-12,2026-01-01,Active,True
SUB008431,USR007385,Premium,799,2025-06-30,2026-01-01,Active,True
SUB008432,USR007386,Basic,299,2025-02-09,2025-07-10,Expired,False
SUB008433,USR007386,Basic,299,2025-07-11,2025-11-29,Cancelled,True
SUB008434,USR007387,Basic,299,2025-07-08,2026-01-01,Active,True
SUB008435,USR007388,Mobile,149,2025-06-05,2025-10-16,Expired,True
SUB008436,USR007388,Mobile,149,2025-10-17,2026-01-01,Active,True
SUB008437,USR007389,Basic,299,2025-04-09,2025-12-07,Cancelled,False
SUB008438,USR007390,Standard,499,2025-06-23,2025-11-05,Expired,False
SUB008439,USR007390,Premium,799,2025-11-06,2026-01-01,Active,True
SUB008440,USR007391,Standard,499,2025-02-12,2025-10-15,Cancelled,True
SUB008441,USR007392,Premium,799,2025-03-30,2026-01-01,Active,False
SUB008442,USR007393,Basic,299,2025-09-15,2026-01-01,Active,True
SUB008443,USR007394,Premium,799,2025-04-12,2025-09-01,Cancelled,True
SUB008444,USR007395,Mobile,149,2025-04-11,2025-09-06,Expired,True
SUB008445,USR007395,Premium,799,2025-09-07,2025-11-26,Expired,True
SUB008446,USR007396,Premium,799,2025-05-18,2026-01-01,Active,True
SUB008447,USR007397,Standard,499,2025-04-06,2025-09-13,Cancelled,True
SUB008448,USR007397,Standard,499,2025-09-14,2026-01-01,Active,False
SUB008449,USR007398,Mobile,149,2025-05-05,2025-08-16,Cancelled,True
SUB008450,USR007399,Mobile,149,2025-04-28,2026-01-01,Active,True
SUB008451,USR007400,Standard,499,2025-04-29,2025-11-09,Expired,True
SUB008452,USR007401,Standard,499,2025-02-25,2025-07-29,Cancelled,False
SUB008453,USR007401,Standard,499,2025-07-30,2026-01-01,Active,True
SUB008454,USR007402,Basic,299,2025-05-30,2025-10-15,Expired,True
SUB008455,USR007403,Premium,799,2025-03-08,2025-08-17,Expired,False
SUB008456,USR007403,Premium,799,2025-08-18,2026-01-01,Active,True
SUB008457,USR007404,Mobile,149,2025-04-15,2025-11-07,Cancelled,True
SUB008458,USR007405,Mobile,149,2025-03-13,2025-09-22,Cancelled,True
SUB008459,USR007406,Standard,499,2025-04-28,2026-01-01,Active,True
SUB008460,USR007407,Standard,499,2025-05-11,2025-08-17,Expired,True
SUB008461,USR007408,Basic,299,2025-04-26,2026-01-01,Active,False
SUB008462,USR007409,Standard,499,2025-03-22,2025-07-21,Cancelled,False
SUB008463,USR007409,Mobile,149,2025-07-22,2026-01-01,Active,True
SUB008464,USR007410,Mobile,149,2025-03-05,2025-12-26,Cancelled,True
SUB008465,USR007411,Premium,799,2025-01-07,2025-08-15,Expired,True
SUB008466,USR007412,Standard,499,2025-05-17,2025-10-20,Cancelled,True
SUB008467,USR007413,Basic,299,2025-03-10,2026-01-01,Active,False
SUB008468,USR007414,Basic,299,2025-06-22,2026-01-01,Active,False
SUB008469,USR007415,Standard,499,2025-05-25,2026-01-01,Active,True
SUB008470,USR007416,Premium,799,2025-03-23,2025-12-12,Expired,True
SUB008471,USR007416,Standard,499,2025-12-13,2026-01-01,Active,True
SUB008472,USR007417,Standard,499,2025-02-23,2025-08-19,Expired,True
SUB008473,USR007418,Standard,499,2025-03-18,2025-10-08,Expired,False
SUB008474,USR007419,Mobile,149,2025-08-09,2026-01-01,Active,False
SUB008475,USR007420,Standard,499,2025-06-12,2026-01-01,Active,True
SUB008476,USR007421,Standard,499,2025-03-29,2025-10-12,Cancelled,True
SUB008477,USR007422,Premium,799,2025-02-19,2025-06-14,Expired,True
SUB008478,USR007423,Basic,299,2025-04-24,2025-12-02,Expired,True
SUB008479,USR007424,Mobile,149,2025-03-30,2025-11-05,Cancelled,True
SUB008480,USR007425,Basic,299,2025-06-13,2026-01-01,Active,False
SUB008481,USR007426,Standard,499,2025-02-03,2025-09-12,Cancelled,False
SUB008482,USR007427,Premium,799,2025-04-28,2025-12-02,Expired,False
SUB008483,USR007427,Premium,799,2025-12-03,2026-01-01,Active,True
SUB008484,USR007428,Standard,499,2025-08-12,2026-01-01,Active,False
SUB008485,USR007429,Standard,499,2025-04-19,2025-07-26,Expired,True
SUB008486,USR007429,Basic,299,2025-07-27,2026-01-01,Active,True
SUB008487,USR007430,Mobile,149,2025-02-05,2025-06-25,Expired,False
SUB008488,USR007430,Standard,499,2025-06-26,2025-11-05,Expired,False
SUB008489,USR007431,Mobile,149,2025-04-07,2026-01-01,Active,True
SUB008490,USR007432,Standard,499,2025-03-28,2026-01-01,Active,False
SUB008491,USR007433,Basic,299,2025-03-12,2026-01-01,Active,False
SUB008492,USR007434,Premium,799,2025-04-10,2026-01-01,Active,False
SUB008493,USR007435,Basic,299,2025-04-23,2026-01-01,Active,False
SUB008494,USR007436,Standard,499,2025-06-30,2026-01-01,Active,False
SUB008495,USR007437,Standard,499,2025-05-19,2026-01-01,Active,True
SUB008496,USR007438,Standard,499,2025-06-07,2025-11-30,Cancelled,True
SUB008497,USR007439,Basic,299,2025-05-24,2026-01-01,Active,False
SUB008498,USR007440,Mobile,149,2025-02-08,2025-07-09,Expired,True
SUB008499,USR007441,Mobile,149,2025-04-22,2025-09-01,Expired,False
SUB008500,USR007442,Standard,499,2025-05-16,2026-01-01,Active,True
SUB008501,USR007443,Basic,299,2025-06-05,2025-12-25,Cancelled,True
SUB008502,USR007443,Standard,499,2025-12-26,2026-01-01,Active,False
SUB008503,USR007444,Standard,499,2025-08-12,2025-11-30,Cancelled,True
SUB008504,USR007445,Mobile,149,2025-03-26,2026-01-01,Active,True
SUB008505,USR007446,Basic,299,2025-03-25,2026-01-01,Active,True
SUB008506,USR007447,Basic,299,2025-04-26,2026-01-01,Active,False
SUB008507,USR007448,Premium,799,2025-03-16,2025-12-05,Cancelled,True
SUB008508,USR007448,Mobile,149,2025-12-06,2026-01-01,Active,False
SUB008509,USR007449,Mobile,149,2025-02-24,2026-01-01,Active,False
SUB008510,USR007450,Mobile,149,2025-02-26,2025-12-14,Cancelled,False
SUB008511,USR007451,Premium,799,2025-03-20,2025-12-21,Expired,True
SUB008512,USR007451,Standard,499,2025-12-22,2026-01-01,Active,True
SUB008513,USR007452,Mobile,149,2025-01-26,2025-11-08,Expired,True
SUB008514,USR007453,Basic,299,2025-08-22,2026-01-01,Active,True
SUB008515,USR007454,Basic,299,2025-04-08,2026-01-01,Active,True
SUB008516,USR007455,Premium,799,2025-03-29,2025-09-29,Expired,False
SUB008517,USR007456,Premium,799,2025-05-10,2025-12-02,Expired,True
SUB008518,USR007457,Premium,799,2025-01-20,2026-01-01,Active,False
SUB008519,USR007458,Basic,299,2025-08-14,2026-01-01,Active,True
SUB008520,USR007459,Standard,499,2025-05-20,2026-01-01,Active,True
SUB008521,USR007460,Basic,299,2025-04-18,2025-11-04,Cancelled,True
SUB008522,USR007461,Premium,799,2025-05-28,2025-10-24,Cancelled,False
SUB008523,USR007462,Premium,799,2025-04-19,2026-01-01,Active,True
SUB008524,USR007463,Basic,299,2025-04-26,2025-12-16,Expired,True
SUB008525,USR007464,Standard,499,2025-04-15,2025-09-03,Expired,True
SUB008526,USR007465,Standard,499,2025-01-30,2025-10-05,Cancelled,True
SUB008527,USR007465,Basic,299,2025-10-06,2026-01-01,Active,False
SUB008528,USR007466,Standard,499,2025-03-27,2026-01-01,Active,True
SUB008529,USR007467,Standard,499,2025-05-11,2026-01-01,Active,False
SUB008530,USR007468,Basic,299,2025-06-16,2025-09-27,Cancelled,False
SUB008531,USR007468,Premium,799,2025-09-28,2026-01-01,Active,True
SUB008532,USR007469,Mobile,149,2025-06-17,2026-01-01,Active,True
SUB008533,USR007470,Mobile,149,2025-03-02,2026-01-01,Active,False
SUB008534,USR007471,Basic,299,2025-04-12,2026-01-01,Active,True
SUB008535,USR007472,Premium,799,2025-01-12,2025-11-12,Expired,True
SUB008536,USR007472,Standard,499,2025-11-13,2026-01-01,Active,False
SUB008537,USR007473,Mobile,149,2025-05-20,2026-01-01,Active,False
SUB008538,USR007474,Basic,299,2025-06-25,2025-12-15,Cancelled,True
SUB008539,USR007475,Basic,299,2025-01-08,2025-08-18,Expired,True
SUB008540,USR007476,Standard,499,2025-03-31,2026-01-01,Active,True
SUB008541,USR007477,Mobile,149,2025-01-04,2025-06-23,Cancelled,True
SUB008542,USR007478,Standard,499,2025-07-23,2025-12-25,Cancelled,True
SUB008543,USR007478,Premium,799,2025-12-26,2026-01-01,Active,True
SUB008544,USR007479,Standard,499,2025-01-22,2025-07-20,Expired,True
SUB008545,USR007479,Standard,499,2025-07-21,2025-10-11,Expired,True
SUB008546,USR007480,Premium,799,2025-09-23,2026-01-01,Active,True
SUB008547,USR007481,Standard,499,2025-03-16,2025-06-27,Expired,False
SUB008548,USR007481,Basic,299,2025-06-28,2025-09-14,Cancelled,True
SUB008549,USR007482,Mobile,149,2025-05-22,2025-08-26,Cancelled,True
SUB008550,USR007483,Basic,299,2025-02-03,2025-12-03,Expired,True
SUB008551,USR007483,Mobile,149,2025-12-04,2026-01-01,Active,True
SUB008552,USR007484,Mobile,149,2025-04-06,2025-12-20,Cancelled,True
SUB008553,USR007484,Mobile,149,2025-12-21,2026-01-01,Active,True
SUB008554,USR007485,Basic,299,2025-03-20,2025-09-19,Expired,False
SUB008555,USR007486,Standard,499,2025-05-27,2026-01-01,Active,False
SUB008556,USR007487,Mobile,149,2025-03-15,2025-09-20,Cancelled,False
SUB008557,USR007488,Standard,499,2025-04-07,2026-01-01,Active,True
SUB008558,USR007489,Standard,499,2025-02-25,2025-06-09,Expired,True
SUB008559,USR007490,Basic,299,2025-04-19,2026-01-01,Active,True
SUB008560,USR007491,Standard,499,2025-02-18,2025-07-08,Cancelled,False
SUB008561,USR007492,Basic,299,2025-02-20,2026-01-01,Active,True
SUB008562,USR007493,Basic,299,2025-09-04,2026-01-01,Active,False
SUB008563,USR007494,Premium,799,2025-04-11,2025-12-05,Cancelled,True
SUB008564,USR007494,Premium,799,2025-12-06,2026-01-01,Active,False
SUB008565,USR007495,Basic,299,2025-04-29,2026-01-01,Active,True
SUB008566,USR007496,Basic,299,2025-02-04,2025-09-11,Cancelled,True
SUB008567,USR007497,Basic,299,2025-03-02,2026-01-01,Active,True
SUB008568,USR007498,Standard,499,2025-05-22,2025-10-31,Expired,True
SUB008569,USR007499,Standard,499,2025-02-24,2025-10-06,Expired,True
SUB008570,USR007500,Premium,799,2025-03-02,2026-01-01,Active,True
SUB008571,USR007501,Basic,299,2025-04-20,2025-10-30,Cancelled,False
SUB008572,USR007501,Standard,499,2025-10-31,2026-01-01,Active,True
SUB008573,USR007502,Standard,499,2025-03-25,2025-12-20,Expired,True
SUB008574,USR007503,Basic,299,2025-03-23,2026-01-01,Active,True
SUB008575,USR007504,Mobile,149,2025-09-21,2026-01-01,Active,True
SUB008576,USR007505,Mobile,149,2025-03-15,2025-09-21,Expired,True
SUB008577,USR007506,Premium,799,2025-05-07,2026-01-01,Active,True
SUB008578,USR007507,Mobile,149,2025-07-25,2026-01-01,Active,False
SUB008579,USR007508,Standard,499,2025-04-12,2026-01-01,Active,True
SUB008580,USR007509,Basic,299,2025-02-06,2026-01-01,Active,False
SUB008581,USR007510,Basic,299,2025-04-23,2025-08-08,Cancelled,True
SUB008582,USR007510,Mobile,149,2025-08-09,2026-01-01,Active,True
SUB008583,USR007511,Standard,499,2025-01-28,2025-11-21,Cancelled,True
SUB008584,USR007512,Standard,499,2025-01-04,2025-08-04,Expired,False
SUB008585,USR007513,Standard,499,2025-05-07,2025-08-13,Expired,True
SUB008586,USR007514,Standard,499,2025-03-01,2025-09-19,Expired,True
SUB008587,USR007515,Standard,499,2025-07-23,2026-01-01,Active,False
SUB008588,USR007516,Standard,499,2025-09-04,2026-01-01,Active,True
SUB008589,USR007517,Basic,299,2025-08-24,2026-01-01,Active,False
SUB008590,USR007518,Standard,499,2025-05-12,2025-10-10,Cancelled,True
SUB008591,USR007519,Standard,499,2025-06-29,2026-01-01,Active,True
SUB008592,USR007520,Standard,499,2025-02-04,2025-11-18,Cancelled,True
SUB008593,USR007520,Basic,299,2025-11-19,2026-01-01,Active,True
SUB008594,USR007521,Basic,299,2025-02-04,2026-01-01,Active,False
SUB008595,USR007522,Premium,799,2025-04-23,2026-01-01,Active,False
SUB008596,USR007523,Standard,499,2025-03-18,2025-12-18,Expired,True
SUB008597,USR007524,Basic,299,2025-04-30,2025-09-08,Cancelled,False
SUB008598,USR007525,Premium,799,2025-04-23,2025-10-13,Cancelled,True
SUB008599,USR007526,Basic,299,2025-07-30,2026-01-01,Active,True
SUB008600,USR007527,Basic,299,2025-04-24,2025-11-17,Cancelled,True
SUB008601,USR007528,Premium,799,2025-01-26,2025-08-05,Expired,True
SUB008602,USR007529,Basic,299,2025-06-03,2025-11-05,Cancelled,True
SUB008603,USR007529,Basic,299,2025-11-06,2026-01-01,Active,True
SUB008604,USR007530,Mobile,149,2025-02-23,2025-08-01,Expired,False
SUB008605,USR007531,Standard,499,2025-06-14,2025-11-02,Cancelled,True
SUB008606,USR007532,Standard,499,2025-05-16,2025-12-06,Cancelled,True
SUB008607,USR007533,Basic,299,2025-06-15,2026-01-01,Active,True
SUB008608,USR007534,Basic,299,2025-05-31,2026-01-01,Active,True
SUB008609,USR007535,Standard,499,2025-07-23,2026-01-01,Active,True
SUB008610,USR007536,Premium,799,2025-01-27,2025-12-02,Expired,True
SUB008611,USR007536,Standard,499,2025-12-03,2026-01-01,Active,False
SUB008612,USR007537,Mobile,149,2025-02-28,2025-06-05,Cancelled,False
SUB008613,USR007537,Premium,799,2025-06-06,2025-12-09,Expired,False
SUB008614,USR007538,Basic,299,2025-07-08,2026-01-01,Active,True
SUB008615,USR007539,Basic,299,2025-02-22,2025-08-16,Expired,True
SUB008616,USR007540,Basic,299,2025-02-16,2025-11-05,Expired,True
SUB008617,USR007541,Basic,299,2025-05-12,2026-01-01,Active,True
SUB008618,USR007542,Basic,299,2025-05-04,2025-09-20,Cancelled,True
SUB008619,USR007543,Standard,499,2025-06-21,2026-01-01,Active,False
SUB008620,USR007544,Basic,299,2025-02-17,2026-01-01,Active,True
SUB008621,USR007545,Basic,299,2025-06-21,2026-01-01,Active,True
SUB008622,USR007546,Standard,499,2025-06-09,2026-01-01,Active,False
SUB008623,USR007547,Mobile,149,2025-03-21,2026-01-01,Active,True
SUB008624,USR007548,Basic,299,2025-02-22,2026-01-01,Active,True
SUB008625,USR007549,Standard,499,2025-07-30,2026-01-01,Active,False
SUB008626,USR007550,Standard,499,2025-03-04,2026-01-01,Active,False
SUB008627,USR007551,Premium,799,2025-05-04,2025-12-09,Cancelled,True
SUB008628,USR007551,Standard,499,2025-12-10,2026-01-01,Active,True
SUB008629,USR007552,Premium,799,2025-02-12,2025-10-09,Expired,True
SUB008630,USR007553,Mobile,149,2025-04-14,2026-01-01,Active,True
SUB008631,USR007554,Standard,499,2025-04-24,2025-11-11,Expired,True
SUB008632,USR007555,Premium,799,2025-03-11,2025-07-19,Expired,True
SUB008633,USR007556,Standard,499,2025-05-03,2026-01-01,Active,True
SUB008634,USR007557,Standard,499,2025-03-29,2025-12-20,Expired,True
SUB008635,USR007557,Standard,499,2025-12-21,2026-01-01,Active,True
SUB008636,USR007558,Premium,799,2025-04-28,2026-01-01,Active,True
SUB008637,USR007559,Standard,499,2025-07-31,2026-01-01,Active,True
SUB008638,USR007560,Standard,499,2025-02-08,2026-01-01,Active,True
SUB008639,USR007561,Mobile,149,2025-04-11,2026-01-01,Active,False
SUB008640,USR007562,Standard,499,2025-03-09,2026-01-01,Active,False
SUB008641,USR007563,Mobile,149,2025-05-22,2026-01-01,Active,False
SUB008642,USR007564,Standard,499,2025-03-19,2025-07-19,Expired,True
SUB008643,USR007565,Standard,499,2025-02-23,2026-01-01,Active,False
SUB008644,USR007566,Standard,499,2025-02-10,2025-07-10,Cancelled,True
SUB008645,USR007566,Basic,299,2025-07-11,2025-10-12,Expired,False
SUB008646,USR007567,Basic,299,2025-03-04,2025-06-18,Cancelled,False
SUB008647,USR007567,Basic,299,2025-06-19,2026-01-01,Active,True
SUB008648,USR007568,Standard,499,2025-03-16,2025-12-03,Cancelled,True
SUB008649,USR007569,Basic,299,2025-03-31,2026-01-01,Active,False
SUB008650,USR007570,Standard,499,2025-02-14,2025-09-04,Cancelled,False
SUB008651,USR007571,Standard,499,2025-05-06,2025-10-28,Expired,True
SUB008652,USR007572,Basic,299,2025-07-21,2026-01-01,Active,True
SUB008653,USR007573,Basic,299,2025-06-07,2026-01-01,Active,False
SUB008654,USR007574,Mobile,149,2025-06-12,2026-01-01,Active,True
SUB008655,USR007575,Basic,299,2025-10-03,2026-01-01,Active,True
SUB008656,USR007576,Mobile,149,2025-07-08,2026-01-01,Active,True
SUB008657,USR007577,Mobile,149,2025-06-25,2026-01-01,Active,True
SUB008658,USR007578,Standard,499,2025-08-10,2025-11-13,Cancelled,True
SUB008659,USR007579,Basic,299,2025-01-20,2025-09-08,Expired,True
SUB008660,USR007580,Premium,799,2025-02-07,2025-08-09,Cancelled,True
SUB008661,USR007581,Standard,499,2025-03-07,2025-11-13,Cancelled,True
SUB008662,USR007582,Standard,499,2025-01-18,2026-01-01,Active,False
SUB008663,USR007583,Basic,299,2025-04-01,2025-08-02,Expired,True
SUB008664,USR007583,Basic,299,2025-08-03,2026-01-01,Active,True
SUB008665,USR007584,Basic,299,2025-02-28,2025-07-27,Expired,True
SUB008666,USR007584,Mobile,149,2025-07-28,2025-10-08,Expired,True
SUB008667,USR007585,Basic,299,2025-05-02,2026-01-01,Active,False
SUB008668,USR007586,Basic,299,2025-05-14,2026-01-01,Active,True
SUB008669,USR007587,Basic,299,2025-02-14,2025-10-05,Expired,True
SUB008670,USR007588,Standard,499,2025-05-29,2025-09-19,Cancelled,True
SUB008671,USR007589,Standard,499,2025-07-02,2026-01-01,Active,True
SUB008672,USR007590,Mobile,149,2025-05-02,2026-01-01,Active,True
SUB008673,USR007591,Premium,799,2025-07-25,2026-01-01,Active,False
SUB008674,USR007592,Standard,499,2025-03-05,2025-08-23,Cancelled,True
SUB008675,USR007592,Standard,499,2025-08-24,2026-01-01,Active,True
SUB008676,USR007593,Basic,299,2025-04-14,2026-01-01,Active,False
SUB008677,USR007594,Basic,299,2025-04-02,2025-12-09,Cancelled,False
SUB008678,USR007595,Standard,499,2025-07-19,2025-11-25,Expired,False
SUB008679,USR007596,Mobile,149,2025-02-21,2026-01-01,Active,False
SUB008680,USR007597,Standard,499,2025-05-22,2025-11-30,Cancelled,True
SUB008681,USR007598,Mobile,149,2025-08-12,2026-01-01,Active,True
SUB008682,USR007599,Standard,499,2025-10-13,2026-01-01,Active,True
SUB008683,USR007600,Standard,499,2025-03-22,2025-07-20,Cancelled,True
SUB008684,USR007601,Standard,499,2025-05-15,2025-12-10,Expired,True
SUB008685,USR007602,Premium,799,2025-05-31,2025-10-15,Expired,True
SUB008686,USR007603,Basic,299,2025-09-27,2026-01-01,Active,True
SUB008687,USR007604,Standard,499,2025-05-17,2025-11-06,Expired,True
SUB008688,USR007605,Standard,499,2025-05-16,2026-01-01,Active,True
SUB008689,USR007606,Basic,299,2025-05-06,2025-08-22,Cancelled,True
SUB008690,USR007606,Basic,299,2025-08-23,2026-01-01,Active,True
SUB008691,USR007607,Mobile,149,2025-01-21,2025-05-24,Cancelled,False
SUB008692,USR007607,Basic,299,2025-05-25,2025-09-01,Expired,True
SUB008693,USR007608,Standard,499,2025-06-17,2026-01-01,Active,False
SUB008694,USR007609,Premium,799,2025-05-02,2026-01-01,Active,True
SUB008695,USR007610,Basic,299,2025-02-05,2025-12-04,Expired,False
SUB008696,USR007611,Mobile,149,2025-08-03,2025-11-25,Expired,True
SUB008697,USR007612,Standard,499,2025-01-19,2025-10-27,Expired,True
SUB008698,USR007612,Premium,799,2025-10-28,2026-01-01,Active,False
SUB008699,USR007613,Premium,799,2025-03-17,2025-08-20,Expired,False
SUB008700,USR007613,Basic,299,2025-08-21,2025-12-24,Cancelled,True
SUB008701,USR007614,Basic,299,2025-06-06,2025-10-10,Expired,False
SUB008702,USR007614,Standard,499,2025-10-11,2026-01-01,Active,True
SUB008703,USR007615,Standard,499,2025-03-02,2026-01-01,Active,False
SUB008704,USR007616,Basic,299,2025-03-18,2026-01-01,Active,False
SUB008705,USR007617,Basic,299,2025-06-02,2025-10-15,Expired,True
SUB008706,USR007617,Standard,499,2025-10-16,2026-01-01,Active,True
SUB008707,USR007618,Basic,299,2025-04-06,2025-10-18,Expired,True
SUB008708,USR007619,Standard,499,2025-06-23,2025-10-25,Expired,True
SUB008709,USR007620,Basic,299,2025-05-11,2025-11-07,Cancelled,True
SUB008710,USR007621,Mobile,149,2025-03-25,2026-01-01,Active,True
SUB008711,USR007622,Standard,499,2025-01-21,2025-09-17,Cancelled,True
SUB008712,USR007623,Basic,299,2025-01-18,2025-10-08,Cancelled,False
SUB008713,USR007624,Basic,299,2025-03-17,2025-06-17,Expired,False
SUB008714,USR007625,Premium,799,2025-02-03,2025-10-05,Expired,False
SUB008715,USR007625,Standard,499,2025-10-06,2025-12-18,Cancelled,False
SUB008716,USR007626,Basic,299,2025-05-26,2025-12-13,Expired,False
SUB008717,USR007627,Basic,299,2025-03-15,2026-01-01,Active,True
SUB008718,USR007628,Standard,499,2025-03-31,2025-11-16,Expired,True
SUB008719,USR007629,Mobile,149,2025-06-14,2025-09-21,Expired,False
SUB008720,USR007630,Standard,499,2025-04-27,2025-10-14,Cancelled,True
SUB008721,USR007630,Standard,499,2025-10-15,2026-01-01,Active,True
SUB008722,USR007631,Mobile,149,2025-01-09,2025-08-05,Expired,True
SUB008723,USR007632,Standard,499,2025-06-16,2026-01-01,Active,True
SUB008724,USR007633,Standard,499,2025-04-12,2026-01-01,Active,True
SUB008725,USR007634,Basic,299,2025-04-14,2025-08-23,Cancelled,True
SUB008726,USR007635,Standard,499,2025-05-06,2026-01-01,Active,True
SUB008727,USR007636,Mobile,149,2025-02-17,2025-11-12,Cancelled,True
SUB008728,USR007637,Premium,799,2025-03-29,2025-11-18,Expired,True
SUB008729,USR007638,Standard,499,2025-02-28,2025-08-09,Expired,True
SUB008730,USR007639,Mobile,149,2025-02-01,2026-01-01,Active,True
SUB008731,USR007640,Mobile,149,2025-02-05,2026-01-01,Active,True
SUB008732,USR007641,Mobile,149,2025-03-01,2025-08-04,Cancelled,True
SUB008733,USR007642,Mobile,149,2025-02-03,2025-12-24,Expired,True
SUB008734,USR007643,Premium,799,2025-05-08,2026-01-01,Active,True
SUB008735,USR007644,Basic,299,2025-03-29,2025-11-18,Cancelled,False
SUB008736,USR007644,Basic,299,2025-11-19,2026-01-01,Active,True
SUB008737,USR007645,Mobile,149,2025-02-22,2025-07-19,Cancelled,True
SUB008738,USR007646,Mobile,149,2025-01-23,2025-12-23,Cancelled,False
SUB008739,USR007646,Mobile,149,2025-12-24,2026-01-01,Active,True
SUB008740,USR007647,Mobile,149,2025-02-20,2025-07-13,Cancelled,True
SUB008741,USR007648,Basic,299,2025-03-26,2026-01-01,Active,True
SUB008742,USR007649,Basic,299,2025-04-11,2026-01-01,Active,False
SUB008743,USR007650,Premium,799,2025-03-11,2025-06-09,Expired,False
SUB008744,USR007651,Standard,499,2025-01-27,2025-09-29,Expired,True
SUB008745,USR007651,Basic,299,2025-09-30,2026-01-01,Active,False
SUB008746,USR007652,Mobile,149,2025-03-23,2025-10-05,Cancelled,False
SUB008747,USR007653,Standard,499,2025-04-16,2026-01-01,Active,True
SUB008748,USR007654,Basic,299,2025-06-23,2026-01-01,Active,False
SUB008749,USR007655,Mobile,149,2025-05-13,2025-10-31,Expired,False
SUB008750,USR007655,Basic,299,2025-11-01,2026-01-01,Active,True
SUB008751,USR007656,Premium,799,2025-04-12,2026-01-01,Active,True
SUB008752,USR007657,Mobile,149,2025-05-03,2026-01-01,Active,True
SUB008753,USR007658,Basic,299,2025-05-31,2026-01-01,Active,True
SUB008754,USR007659,Standard,499,2025-05-08,2025-09-01,Cancelled,True
SUB008755,USR007659,Premium,799,2025-09-02,2026-01-01,Active,False
SUB008756,USR007660,Basic,299,2025-06-29,2026-01-01,Active,True
SUB008757,USR007661,Standard,499,2025-02-13,2025-05-31,Cancelled,True
SUB008758,USR007661,Premium,799,2025-06-01,2025-10-07,Expired,False
SUB008759,USR007662,Mobile,149,2025-02-10,2025-09-01,Expired,True
SUB008760,USR007663,Basic,299,2025-07-28,2025-10-29,Expired,False
SUB008761,USR007664,Standard,499,2025-04-26,2025-11-26,Cancelled,True
SUB008762,USR007665,Standard,499,2025-05-24,2026-01-01,Active,True
SUB008763,USR007666,Basic,299,2025-03-18,2025-11-30,Cancelled,True
SUB008764,USR007666,Basic,299,2025-12-01,2026-01-01,Active,True
SUB008765,USR007667,Premium,799,2025-02-20,2025-12-21,Cancelled,True
SUB008766,USR007668,Basic,299,2025-06-19,2025-09-26,Expired,True
SUB008767,USR007669,Standard,499,2025-02-06,2026-01-01,Active,False
SUB008768,USR007670,Standard,499,2025-07-26,2026-01-01,Active,True
SUB008769,USR007671,Premium,799,2025-03-06,2026-01-01,Active,True
SUB008770,USR007672,Mobile,149,2025-02-23,2026-01-01,Active,True
SUB008771,USR007673,Standard,499,2025-05-29,2026-01-01,Active,True
SUB008772,USR007674,Standard,499,2025-08-18,2026-01-01,Active,True
SUB008773,USR007675,Basic,299,2025-02-25,2025-06-27,Expired,True
SUB008774,USR007675,Standard,499,2025-06-28,2026-01-01,Active,True
SUB008775,USR007676,Basic,299,2025-02-07,2025-09-05,Expired,False
SUB008776,USR007677,Premium,799,2025-04-06,2025-07-25,Expired,True
SUB008777,USR007677,Mobile,149,2025-07-26,2026-01-01,Active,True
SUB008778,USR007678,Mobile,149,2025-05-06,2026-01-01,Active,True
SUB008779,USR007679,Premium,799,2025-04-07,2026-01-01,Active,True
SUB008780,USR007680,Standard,499,2025-07-04,2026-01-01,Active,True
SUB008781,USR007681,Standard,499,2025-04-12,2025-10-18,Cancelled,True
SUB008782,USR007681,Basic,299,2025-10-19,2026-01-01,Active,False
SUB008783,USR007682,Basic,299,2025-07-01,2025-11-16,Expired,True
SUB008784,USR007682,Standard,499,2025-11-17,2026-01-01,Active,False
SUB008785,USR007683,Mobile,149,2025-01-22,2026-01-01,Active,True
SUB008786,USR007684,Mobile,149,2025-04-13,2025-12-08,Expired,True
SUB008787,USR007685,Basic,299,2025-02-16,2025-08-13,Cancelled,True
SUB008788,USR007686,Standard,499,2025-05-24,2025-10-03,Cancelled,True
SUB008789,USR007687,Standard,499,2025-04-01,2025-09-28,Expired,True
SUB008790,USR007688,Standard,499,2025-05-16,2025-11-12,Expired,True
SUB008791,USR007688,Standard,499,2025-11-13,2026-01-01,Active,False
SUB008792,USR007689,Standard,499,2025-01-30,2025-05-27,Cancelled,True
SUB008793,USR007689,Mobile,149,2025-05-28,2025-09-06,Cancelled,False
SUB008794,USR007690,Standard,499,2025-04-09,2025-08-20,Expired,True
SUB008795,USR007691,Standard,499,2025-04-22,2025-10-23,Expired,True
SUB008796,USR007692,Basic,299,2025-03-16,2026-01-01,Active,True
SUB008797,USR007693,Mobile,149,2025-03-23,2025-10-11,Cancelled,False
SUB008798,USR007694,Mobile,149,2025-05-09,2025-09-11,Cancelled,True
SUB008799,USR007695,Mobile,149,2025-07-11,2026-01-01,Active,False
SUB008800,USR007696,Standard,499,2025-07-06,2026-01-01,Active,True
SUB008801,USR007697,Mobile,149,2025-06-26,2025-12-05,Cancelled,True
SUB008802,USR007697,Basic,299,2025-12-06,2026-01-01,Active,False
SUB008803,USR007698,Standard,499,2025-02-03,2025-12-02,Expired,False
SUB008804,USR007698,Premium,799,2025-12-03,2026-01-01,Active,True
SUB008805,USR007699,Standard,499,2025-05-22,2026-01-01,Active,True
SUB008806,USR007700,Mobile,149,2025-05-28,2026-01-01,Active,True
SUB008807,USR007701,Premium,799,2025-02-22,2025-07-02,Cancelled,True
SUB008808,USR007702,Mobile,149,2025-04-23,2026-01-01,Active,True
SUB008809,USR007703,Standard,499,2025-01-18,2025-05-30,Cancelled,False
SUB008810,USR007703,Premium,799,2025-05-31,2025-10-20,Cancelled,True
SUB008811,USR007704,Mobile,149,2025-08-08,2026-01-01,Active,False
SUB008812,USR007705,Premium,799,2025-04-03,2025-08-29,Cancelled,False
SUB008813,USR007706,Standard,499,2025-05-17,2026-01-01,Active,True
SUB008814,USR007707,Basic,299,2025-04-24,2025-08-13,Cancelled,True
SUB008815,USR007708,Basic,299,2025-04-13,2025-07-16,Expired,True
SUB008816,USR007709,Standard,499,2025-03-10,2025-10-09,Expired,False
SUB008817,USR007710,Standard,499,2025-04-24,2025-08-08,Expired,True
SUB008818,USR007710,Basic,299,2025-08-09,2025-12-12,Expired,True
SUB008819,USR007711,Premium,799,2025-01-29,2026-01-01,Active,True
SUB008820,USR007712,Mobile,149,2025-04-18,2026-01-01,Active,True
SUB008821,USR007713,Basic,299,2025-05-14,2025-12-12,Expired,False
SUB008822,USR007713,Mobile,149,2025-12-13,2026-01-01,Active,True
SUB008823,USR007714,Premium,799,2025-09-21,2026-01-01,Active,True
SUB008824,USR007715,Standard,499,2025-02-27,2026-01-01,Active,False
SUB008825,USR007716,Standard,499,2025-04-05,2025-10-10,Expired,True
SUB008826,USR007717,Standard,499,2025-07-13,2026-01-01,Active,False
SUB008827,USR007718,Standard,499,2025-03-31,2025-12-28,Expired,True
SUB008828,USR007718,Standard,499,2025-12-29,2026-01-01,Active,False
SUB008829,USR007719,Premium,799,2025-03-24,2025-12-27,Expired,True
SUB008830,USR007719,Mobile,149,2025-12-28,2026-01-01,Active,True
SUB008831,USR007720,Mobile,149,2025-05-10,2025-08-19,Expired,False
SUB008832,USR007721,Basic,299,2025-02-21,2025-12-29,Cancelled,False
SUB008833,USR007722,Mobile,149,2025-07-12,2026-01-01,Active,True
SUB008834,USR007723,Mobile,149,2025-08-02,2025-11-16,Cancelled,True
SUB008835,USR007724,Standard,499,2025-07-01,2026-01-01,Active,True
SUB008836,USR007725,Mobile,149,2025-03-16,2026-01-01,Active,True
SUB008837,USR007726,Premium,799,2025-05-21,2026-01-01,Active,True
SUB008838,USR007727,Premium,799,2025-03-20,2026-01-01,Active,True
SUB008839,USR007728,Premium,799,2025-04-20,2026-01-01,Active,True
SUB008840,USR007729,Basic,299,2025-04-05,2025-11-14,Expired,True
SUB008841,USR007729,Mobile,149,2025-11-15,2026-01-01,Active,True
SUB008842,USR007730,Basic,299,2025-02-19,2025-10-23,Cancelled,False
SUB008843,USR007731,Basic,299,2025-02-28,2026-01-01,Active,True
SUB008844,USR007732,Basic,299,2025-02-19,2025-09-07,Expired,True
SUB008845,USR007733,Standard,499,2025-03-04,2025-09-26,Cancelled,True
SUB008846,USR007733,Premium,799,2025-09-27,2026-01-01,Active,True
SUB008847,USR007734,Basic,299,2025-02-24,2025-11-13,Cancelled,True
SUB008848,USR007734,Premium,799,2025-11-14,2026-01-01,Active,True
SUB008849,USR007735,Premium,799,2025-07-31,2026-01-01,Active,True
SUB008850,USR007736,Standard,499,2025-04-20,2026-01-01,Active,True
SUB008851,USR007737,Mobile,149,2025-03-02,2025-07-11,Cancelled,True
SUB008852,USR007737,Basic,299,2025-07-12,2026-01-01,Active,True
SUB008853,USR007738,Mobile,149,2025-05-30,2026-01-01,Active,True
SUB008854,USR007739,Basic,299,2025-02-01,2026-01-01,Active,True
SUB008855,USR007740,Standard,499,2025-03-03,2025-10-02,Cancelled,True
SUB008856,USR007741,Basic,299,2025-06-28,2026-01-01,Active,True
SUB008857,USR007742,Basic,299,2025-03-27,2025-07-21,Cancelled,False
SUB008858,USR007743,Standard,499,2025-04-03,2025-07-15,Expired,True
SUB008859,USR007743,Basic,299,2025-07-16,2025-12-24,Cancelled,True
SUB008860,USR007744,Mobile,149,2025-03-06,2026-01-01,Active,True
SUB008861,USR007745,Premium,799,2025-06-12,2026-01-01,Active,False
SUB008862,USR007746,Premium,799,2025-04-20,2026-01-01,Active,False
SUB008863,USR007747,Mobile,149,2025-06-18,2026-01-01,Active,True
SUB008864,USR007748,Standard,499,2025-07-14,2026-01-01,Active,False
SUB008865,USR007749,Mobile,149,2025-01-27,2025-09-11,Cancelled,True
SUB008866,USR007750,Premium,799,2025-02-18,2026-01-01,Active,True
SUB008867,USR007751,Premium,799,2025-05-12,2026-01-01,Active,True
SUB008868,USR007752,Mobile,149,2025-02-01,2025-05-09,Expired,False
SUB008869,USR007752,Standard,499,2025-05-10,2025-08-27,Cancelled,True
SUB008870,USR007753,Basic,299,2025-05-05,2026-01-01,Active,False
SUB008871,USR007754,Mobile,149,2025-05-13,2026-01-01,Active,True
SUB008872,USR007755,Mobile,149,2025-02-13,2025-08-26,Cancelled,True
SUB008873,USR007755,Basic,299,2025-08-27,2026-01-01,Active,True
SUB008874,USR007756,Mobile,149,2025-04-26,2026-01-01,Active,False
SUB008875,USR007757,Mobile,149,2025-06-15,2026-01-01,Active,True
SUB008876,USR007758,Standard,499,2025-03-14,2025-06-27,Cancelled,True
SUB008877,USR007758,Standard,499,2025-06-28,2025-10-22,Cancelled,True
SUB008878,USR007759,Mobile,149,2025-03-15,2025-08-25,Cancelled,True
SUB008879,USR007760,Premium,799,2025-01-08,2025-09-18,Cancelled,True
SUB008880,USR007760,Premium,799,2025-09-19,2025-11-30,Expired,True
SUB008881,USR007761,Basic,299,2025-05-05,2026-01-01,Active,True
SUB008882,USR007762,Basic,299,2025-01-22,2025-12-14,Cancelled,False
SUB008883,USR007763,Premium,799,2025-06-05,2026-01-01,Active,True
SUB008884,USR007764,Mobile,149,2025-03-01,2026-01-01,Active,True
SUB008885,USR007765,Premium,799,2025-05-23,2026-01-01,Active,True
SUB008886,USR007766,Standard,499,2025-04-08,2025-11-17,Cancelled,False
SUB008887,USR007767,Mobile,149,2025-04-24,2026-01-01,Active,True
SUB008888,USR007768,Premium,799,2025-03-02,2026-01-01,Active,True
SUB008889,USR007769,Basic,299,2025-03-14,2025-07-22,Cancelled,True
SUB008890,USR007769,Basic,299,2025-07-23,2026-01-01,Active,True
SUB008891,USR007770,Standard,499,2025-02-06,2025-12-02,Expired,True
SUB008892,USR007771,Basic,299,2025-01-15,2025-12-30,Cancelled,True
SUB008893,USR007772,Standard,499,2025-04-04,2025-11-02,Expired,False
SUB008894,USR007773,Basic,299,2025-05-21,2026-01-01,Active,True
SUB008895,USR007774,Basic,299,2025-04-11,2025-08-07,Expired,True
SUB008896,USR007774,Basic,299,2025-08-08,2025-11-26,Cancelled,False
SUB008897,USR007775,Standard,499,2025-04-26,2026-01-01,Active,True
SUB008898,USR007776,Standard,499,2025-04-15,2025-10-22,Expired,False
SUB008899,USR007777,Mobile,149,2025-02-09,2025-06-10,Cancelled,False
SUB008900,USR007778,Standard,499,2025-05-16,2026-01-01,Active,True
SUB008901,USR007779,Mobile,149,2025-07-16,2026-01-01,Active,True
SUB008902,USR007780,Standard,499,2025-03-02,2025-12-10,Cancelled,True
SUB008903,USR007781,Premium,799,2025-02-19,2026-01-01,Active,True
SUB008904,USR007782,Basic,299,2025-06-07,2025-11-26,Cancelled,True
SUB008905,USR007783,Mobile,149,2025-01-29,2025-11-16,Expired,False
SUB008906,USR007783,Basic,299,2025-11-17,2026-01-01,Active,True
SUB008907,USR007784,Basic,299,2025-06-11,2026-01-01,Active,True
SUB008908,USR007785,Basic,299,2025-03-11,2025-08-17,Cancelled,True
SUB008909,USR007786,Basic,299,2025-04-08,2026-01-01,Active,False
SUB008910,USR007787,Standard,499,2025-03-13,2026-01-01,Active,True
SUB008911,USR007788,Mobile,149,2025-06-19,2026-01-01,Active,True
SUB008912,USR007789,Standard,499,2025-04-12,2026-01-01,Active,True
SUB008913,USR007790,Mobile,149,2025-04-09,2025-09-09,Expired,False
SUB008914,USR007791,Premium,799,2025-08-03,2026-01-01,Active,True
SUB008915,USR007792,Basic,299,2025-05-21,2025-08-23,Expired,True
SUB008916,USR007793,Premium,799,2025-03-17,2026-01-01,Active,True
SUB008917,USR007794,Standard,499,2025-04-04,2025-07-19,Expired,True
SUB008918,USR007795,Premium,799,2025-05-23,2025-10-02,Cancelled,True
SUB008919,USR007796,Standard,499,2025-02-24,2026-01-01,Active,True
SUB008920,USR007797,Basic,299,2025-03-05,2025-07-10,Cancelled,False
SUB008921,USR007798,Basic,299,2025-03-04,2026-01-01,Active,False
SUB008922,USR007799,Standard,499,2025-04-07,2025-12-07,Cancelled,True
SUB008923,USR007800,Premium,799,2025-03-12,2025-08-18,Cancelled,True
SUB008924,USR007801,Premium,799,2025-02-13,2026-01-01,Active,True
SUB008925,USR007802,Basic,299,2025-01-30,2025-08-31,Cancelled,True
SUB008926,USR007803,Mobile,149,2025-07-17,2026-01-01,Active,True
SUB008927,USR007804,Mobile,149,2025-04-23,2025-07-30,Expired,False
SUB008928,USR007804,Mobile,149,2025-07-31,2026-01-01,Active,True
SUB008929,USR007805,Mobile,149,2025-07-18,2026-01-01,Active,True
SUB008930,USR007806,Basic,299,2025-05-25,2026-01-01,Active,True
SUB008931,USR007807,Standard,499,2025-02-03,2026-01-01,Active,True
SUB008932,USR007808,Basic,299,2025-03-29,2025-11-25,Expired,True
SUB008933,USR007809,Basic,299,2025-05-18,2025-10-13,Expired,False
SUB008934,USR007809,Basic,299,2025-10-14,2026-01-01,Active,False
SUB008935,USR007810,Basic,299,2025-04-24,2025-10-11,Expired,True
SUB008936,USR007811,Mobile,149,2025-04-21,2025-10-17,Cancelled,True
SUB008937,USR007812,Mobile,149,2025-07-13,2026-01-01,Active,True
SUB008938,USR007813,Basic,299,2025-07-07,2026-01-01,Active,True
SUB008939,USR007814,Mobile,149,2025-03-22,2025-12-30,Cancelled,False
SUB008940,USR007814,Mobile,149,2025-12-31,2026-01-01,Active,True
SUB008941,USR007815,Mobile,149,2025-03-04,2025-12-09,Expired,False
SUB008942,USR007816,Basic,299,2025-05-16,2026-01-01,Active,False
SUB008943,USR007817,Mobile,149,2025-04-15,2025-11-09,Cancelled,True
SUB008944,USR007818,Mobile,149,2025-01-29,2026-01-01,Active,True
SUB008945,USR007819,Standard,499,2025-05-17,2026-01-01,Active,True
SUB008946,USR007820,Standard,499,2025-04-07,2025-12-16,Cancelled,True
SUB008947,USR007821,Standard,499,2025-03-10,2025-09-29,Cancelled,True
SUB008948,USR007822,Basic,299,2025-08-30,2026-01-01,Active,True
SUB008949,USR007823,Basic,299,2025-07-09,2025-12-05,Expired,True
SUB008950,USR007824,Standard,499,2025-07-01,2025-11-27,Cancelled,False
SUB008951,USR007825,Premium,799,2025-05-15,2025-12-29,Expired,True
SUB008952,USR007826,Basic,299,2025-03-17,2026-01-01,Active,True
SUB008953,USR007827,Basic,299,2025-03-23,2025-10-21,Cancelled,True
SUB008954,USR007828,Basic,299,2025-02-28,2025-05-31,Expired,True
SUB008955,USR007829,Mobile,149,2025-02-09,2025-07-14,Cancelled,True
SUB008956,USR007830,Basic,299,2025-08-10,2026-01-01,Active,True
SUB008957,USR007831,Basic,299,2025-08-13,2026-01-01,Active,False
SUB008958,USR007832,Standard,499,2025-04-08,2026-01-01,Active,True
SUB008959,USR007833,Basic,299,2025-07-20,2025-10-22,Cancelled,True
SUB008960,USR007834,Basic,299,2025-03-14,2025-10-11,Expired,True
SUB008961,USR007835,Mobile,149,2025-01-25,2025-12-22,Expired,True
SUB008962,USR007836,Standard,499,2025-07-17,2026-01-01,Active,True
SUB008963,USR007837,Basic,299,2025-04-06,2025-09-12,Cancelled,False
SUB008964,USR007837,Mobile,149,2025-09-13,2025-12-13,Cancelled,False
SUB008965,USR007838,Mobile,149,2025-04-10,2025-08-19,Expired,True
SUB008966,USR007839,Mobile,149,2025-03-03,2026-01-01,Active,True
SUB008967,USR007840,Basic,299,2025-06-12,2026-01-01,Active,False
SUB008968,USR007841,Mobile,149,2025-07-14,2026-01-01,Active,True
SUB008969,USR007842,Premium,799,2025-05-10,2026-01-01,Active,False
SUB008970,USR007843,Basic,299,2025-03-29,2025-09-05,Expired,True
SUB008971,USR007844,Standard,499,2025-04-08,2025-10-03,Cancelled,True
SUB008972,USR007845,Premium,799,2025-03-25,2025-09-07,Cancelled,True
SUB008973,USR007846,Standard,499,2025-07-13,2025-12-31,Expired,True
SUB008974,USR007847,Standard,499,2025-05-23,2025-12-10,Cancelled,True
SUB008975,USR007847,Standard,499,2025-12-11,2026-01-01,Active,True
SUB008976,USR007848,Premium,799,2025-03-19,2025-12-15,Cancelled,True
SUB008977,USR007849,Premium,799,2025-02-25,2026-01-01,Active,True
SUB008978,USR007850,Standard,499,2025-02-09,2025-06-21,Cancelled,True
SUB008979,USR007851,Premium,799,2025-02-10,2025-07-23,Expired,False
SUB008980,USR007852,Mobile,149,2025-01-27,2025-06-22,Cancelled,True
SUB008981,USR007852,Premium,799,2025-06-23,2025-11-21,Expired,True
SUB008982,USR007853,Standard,499,2025-03-28,2025-10-20,Cancelled,True
SUB008983,USR007854,Standard,499,2025-05-08,2025-12-18,Cancelled,False
SUB008984,USR007855,Standard,499,2025-06-21,2026-01-01,Active,True
SUB008985,USR007856,Standard,499,2025-08-09,2025-12-19,Expired,False
SUB008986,USR007857,Standard,499,2025-02-11,2026-01-01,Active,True
SUB008987,USR007858,Basic,299,2025-06-12,2026-01-01,Active,False
SUB008988,USR007859,Basic,299,2025-03-27,2025-09-08,Expired,True
SUB008989,USR007860,Basic,299,2025-04-18,2025-11-23,Cancelled,True
SUB008990,USR007861,Basic,299,2025-03-11,2026-01-01,Active,True
SUB008991,USR007862,Premium,799,2025-05-26,2026-01-01,Active,True
SUB008992,USR007863,Premium,799,2025-02-12,2025-08-21,Cancelled,True
SUB008993,USR007864,Basic,299,2025-06-04,2025-12-21,Cancelled,True
SUB008994,USR007864,Premium,799,2025-12-22,2026-01-01,Active,True
SUB008995,USR007865,Standard,499,2025-03-01,2025-12-09,Expired,False
SUB008996,USR007866,Mobile,149,2025-03-19,2026-01-01,Active,True
SUB008997,USR007867,Mobile,149,2025-02-15,2026-01-01,Active,True
SUB008998,USR007868,Basic,299,2025-02-28,2025-09-23,Cancelled,True
SUB008999,USR007869,Standard,499,2025-09-08,2026-01-01,Active,True
SUB009000,USR007870,Basic,299,2025-03-28,2026-01-01,Active,True
SUB009001,USR007871,Mobile,149,2025-09-24,2026-01-01,Active,False
SUB009002,USR007872,Premium,799,2025-03-14,2026-01-01,Active,True
SUB009003,USR007873,Mobile,149,2025-01-27,2026-01-01,Active,True
SUB009004,USR007874,Mobile,149,2025-03-30,2026-01-01,Active,True
SUB009005,USR007875,Premium,799,2025-04-07,2025-09-08,Expired,False
SUB009006,USR007875,Mobile,149,2025-09-09,2026-01-01,Active,True
SUB009007,USR007876,Premium,799,2025-07-14,2026-01-01,Active,True
SUB009008,USR007877,Basic,299,2025-07-24,2025-10-22,Expired,True
SUB009009,USR007878,Basic,299,2025-02-26,2025-10-19,Expired,False
SUB009010,USR007879,Standard,499,2025-02-22,2026-01-01,Active,False
SUB009011,USR007880,Basic,299,2025-04-26,2025-09-13,Cancelled,True
SUB009012,USR007881,Standard,499,2025-04-09,2025-08-18,Cancelled,False
SUB009013,USR007881,Mobile,149,2025-08-19,2026-01-01,Active,True
SUB009014,USR007882,Standard,499,2025-02-10,2025-08-16,Expired,True
SUB009015,USR007883,Mobile,149,2025-05-06,2026-01-01,Active,True
SUB009016,USR007884,Standard,499,2025-03-27,2026-01-01,Active,True
SUB009017,USR007885,Basic,299,2025-03-16,2025-08-17,Cancelled,True
SUB009018,USR007886,Basic,299,2025-08-14,2025-11-18,Expired,False
SUB009019,USR007887,Mobile,149,2025-04-16,2025-11-13,Expired,False
SUB009020,USR007887,Premium,799,2025-11-14,2026-01-01,Active,False
SUB009021,USR007888,Basic,299,2025-09-03,2026-01-01,Active,False
SUB009022,USR007889,Premium,799,2025-04-11,2025-12-30,Cancelled,False
SUB009023,USR007889,Basic,299,2025-12-31,2026-01-01,Active,False
SUB009024,USR007890,Premium,799,2025-03-29,2025-12-14,Cancelled,True
SUB009025,USR007890,Basic,299,2025-12-15,2026-01-01,Active,False
SUB009026,USR007891,Standard,499,2025-02-07,2025-12-15,Cancelled,True
SUB009027,USR007892,Basic,299,2025-03-05,2025-06-04,Cancelled,True
SUB009028,USR007893,Standard,499,2025-03-15,2026-01-01,Active,True
SUB009029,USR007894,Basic,299,2025-07-01,2026-01-01,Active,False
SUB009030,USR007895,Standard,499,2025-02-09,2025-09-23,Expired,True
SUB009031,USR007896,Standard,499,2025-07-30,2026-01-01,Active,True
SUB009032,USR007897,Standard,499,2025-02-01,2026-01-01,Active,True
SUB009033,USR007898,Standard,499,2025-05-29,2025-08-31,Expired,False
SUB009034,USR007898,Standard,499,2025-09-01,2025-12-11,Cancelled,True
SUB009035,USR007899,Basic,299,2025-02-27,2025-07-10,Cancelled,True
SUB009036,USR007900,Basic,299,2025-05-31,2026-01-01,Active,True
SUB009037,USR007901,Standard,499,2025-04-08,2025-10-02,Cancelled,True
SUB009038,USR007901,Standard,499,2025-10-03,2026-01-01,Active,True
SUB009039,USR007902,Basic,299,2025-04-13,2025-08-31,Cancelled,False
SUB009040,USR007903,Premium,799,2025-02-16,2026-01-01,Active,True
SUB009041,USR007904,Standard,499,2025-06-14,2025-09-25,Expired,False
SUB009042,USR007905,Standard,499,2025-03-01,2026-01-01,Active,True
SUB009043,USR007906,Basic,299,2025-02-11,2025-12-05,Expired,True
SUB009044,USR007906,Basic,299,2025-12-06,2026-01-01,Active,True
SUB009045,USR007907,Basic,299,2025-08-12,2025-12-19,Expired,True
SUB009046,USR007907,Premium,799,2025-12-20,2026-01-01,Active,True
SUB009047,USR007908,Mobile,149,2025-07-23,2025-11-30,Expired,False
SUB009048,USR007908,Basic,299,2025-12-01,2026-01-01,Active,True
SUB009049,USR007909,Mobile,149,2025-06-23,2026-01-01,Active,False
SUB009050,USR007910,Standard,499,2025-01-29,2025-12-19,Expired,True
SUB009051,USR007911,Premium,799,2025-03-16,2025-10-24,Cancelled,True
SUB009052,USR007912,Standard,499,2025-01-25,2025-09-18,Cancelled,False
SUB009053,USR007912,Mobile,149,2025-09-19,2025-12-06,Expired,True
SUB009054,USR007913,Basic,299,2025-04-02,2026-01-01,Active,True
SUB009055,USR007914,Basic,299,2025-05-11,2026-01-01,Active,True
SUB009056,USR007915,Standard,499,2025-06-13,2026-01-01,Active,True
SUB009057,USR007916,Basic,299,2025-03-31,2025-10-13,Cancelled,True
SUB009058,USR007917,Standard,499,2025-02-22,2026-01-01,Active,True
SUB009059,USR007918,Mobile,149,2025-04-15,2026-01-01,Active,True
SUB009060,USR007919,Basic,299,2025-02-24,2025-08-21,Cancelled,False
SUB009061,USR007920,Premium,799,2025-07-10,2026-01-01,Active,True
SUB009062,USR007921,Basic,299,2025-04-30,2025-10-09,Cancelled,True
SUB009063,USR007922,Standard,499,2025-04-21,2025-10-01,Expired,True
SUB009064,USR007923,Basic,299,2025-07-17,2026-01-01,Active,False
SUB009065,USR007924,Premium,799,2025-05-12,2026-01-01,Active,True
SUB009066,USR007925,Basic,299,2025-02-09,2025-12-20,Expired,True
SUB009067,USR007926,Basic,299,2025-03-06,2026-01-01,Active,True
SUB009068,USR007927,Mobile,149,2025-04-29,2025-12-07,Cancelled,True
SUB009069,USR007928,Standard,499,2025-03-05,2025-10-01,Cancelled,True
SUB009070,USR007929,Basic,299,2025-05-10,2025-09-28,Expired,True
SUB009071,USR007930,Basic,299,2025-06-16,2026-01-01,Active,True
SUB009072,USR007931,Standard,499,2025-03-15,2025-12-30,Expired,True
SUB009073,USR007931,Standard,499,2025-12-31,2026-01-01,Active,True
SUB009074,USR007932,Standard,499,2025-02-17,2025-12-21,Expired,True
SUB009075,USR007933,Premium,799,2025-01-31,2025-11-09,Expired,False
SUB009076,USR007934,Basic,299,2025-05-23,2026-01-01,Active,False
SUB009077,USR007935,Premium,799,2025-03-15,2025-12-18,Cancelled,True
SUB009078,USR007936,Basic,299,2025-06-10,2026-01-01,Active,True
SUB009079,USR007937,Premium,799,2025-02-11,2025-10-01,Cancelled,True
SUB009080,USR007938,Basic,299,2025-04-30,2026-01-01,Active,True
SUB009081,USR007939,Basic,299,2025-05-02,2026-01-01,Active,False
SUB009082,USR007940,Mobile,149,2025-01-25,2026-01-01,Active,True
SUB009083,USR007941,Basic,299,2025-03-27,2025-09-14,Cancelled,True
SUB009084,USR007942,Basic,299,2025-04-19,2025-08-10,Expired,True
SUB009085,USR007943,Premium,799,2025-04-05,2025-12-11,Cancelled,True
SUB009086,USR007944,Mobile,149,2025-05-24,2026-01-01,Active,False
SUB009087,USR007945,Mobile,149,2025-06-12,2026-01-01,Active,True
SUB009088,USR007946,Premium,799,2025-02-25,2025-06-19,Cancelled,False
SUB009089,USR007947,Mobile,149,2025-06-04,2025-12-08,Cancelled,True
SUB009090,USR007948,Basic,299,2025-03-10,2025-06-17,Cancelled,True
SUB009091,USR007948,Mobile,149,2025-06-18,2025-09-08,Expired,False
SUB009092,USR007949,Basic,299,2025-05-20,2026-01-01,Active,True
SUB009093,USR007950,Basic,299,2025-05-22,2026-01-01,Active,True
SUB009094,USR007951,Premium,799,2025-06-25,2026-01-01,Active,True
SUB009095,USR007952,Basic,299,2025-02-10,2025-06-16,Expired,True
SUB009096,USR007953,Mobile,149,2025-03-29,2026-01-01,Active,True
SUB009097,USR007954,Basic,299,2025-03-02,2026-01-01,Active,True
SUB009098,USR007955,Standard,499,2025-06-22,2025-10-06,Expired,True
SUB009099,USR007956,Mobile,149,2025-06-03,2026-01-01,Active,True
SUB009100,USR007957,Premium,799,2025-07-01,2026-01-01,Active,True
SUB009101,USR007958,Standard,499,2025-03-12,2025-07-13,Expired,True
SUB009102,USR007959,Standard,499,2025-02-22,2026-01-01,Active,False
SUB009103,USR007960,Basic,299,2025-04-26,2025-08-24,Cancelled,True
SUB009104,USR007960,Standard,499,2025-08-25,2026-01-01,Active,False
SUB009105,USR007961,Standard,499,2025-06-06,2025-12-18,Expired,True
SUB009106,USR007962,Standard,499,2025-02-06,2026-01-01,Active,False
SUB009107,USR007963,Mobile,149,2025-03-08,2025-11-18,Expired,False
SUB009108,USR007964,Premium,799,2025-04-18,2025-11-03,Expired,True
SUB009109,USR007964,Basic,299,2025-11-04,2026-01-01,Active,True
SUB009110,USR007965,Mobile,149,2025-05-07,2026-01-01,Active,False
SUB009111,USR007966,Mobile,149,2025-04-03,2025-11-05,Expired,True
SUB009112,USR007967,Standard,499,2025-05-21,2025-09-10,Cancelled,True
SUB009113,USR007968,Standard,499,2025-06-04,2026-01-01,Active,True
SUB009114,USR007969,Mobile,149,2025-08-06,2026-01-01,Active,True
SUB009115,USR007970,Basic,299,2025-04-11,2026-01-01,Active,False
SUB009116,USR007971,Standard,499,2025-06-19,2026-01-01,Active,True
SUB009117,USR007972,Basic,299,2025-03-13,2026-01-01,Active,True
SUB009118,USR007973,Standard,499,2025-05-31,2025-10-11,Expired,True
SUB009119,USR007974,Standard,499,2025-04-06,2026-01-01,Active,True
SUB009120,USR007975,Basic,299,2025-05-31,2025-11-25,Cancelled,False
SUB009121,USR007975,Basic,299,2025-11-26,2026-01-01,Active,True
SUB009122,USR007976,Standard,499,2025-04-07,2026-01-01,Active,False
SUB009123,USR007977,Premium,799,2025-02-08,2025-05-31,Cancelled,True
SUB009124,USR007978,Basic,299,2025-04-04,2025-11-16,Cancelled,True
SUB009125,USR007979,Standard,499,2025-06-17,2025-10-25,Expired,True
SUB009126,USR007980,Premium,799,2025-03-05,2025-09-12,Cancelled,True
SUB009127,USR007981,Standard,499,2025-03-31,2025-09-25,Cancelled,True
SUB009128,USR007982,Mobile,149,2025-03-08,2025-12-20,Expired,True
SUB009129,USR007983,Standard,499,2025-05-20,2025-10-05,Expired,True
SUB009130,USR007983,Premium,799,2025-10-06,2026-01-01,Active,False
SUB009131,USR007984,Premium,799,2025-06-08,2026-01-01,Active,True
SUB009132,USR007985,Basic,299,2025-03-07,2026-01-01,Active,True
SUB009133,USR007986,Basic,299,2025-04-05,2025-07-13,Expired,True
SUB009134,USR007987,Standard,499,2025-02-15,2025-12-26,Cancelled,True
SUB009135,USR007988,Premium,799,2025-05-12,2025-09-29,Cancelled,True
SUB009136,USR007989,Basic,299,2025-03-08,2025-08-24,Cancelled,False
SUB009137,USR007989,Basic,299,2025-08-25,2026-01-01,Active,True
SUB009138,USR007990,Mobile,149,2025-06-04,2026-01-01,Active,True
SUB009139,USR007991,Basic,299,2025-08-21,2026-01-01,Active,False
SUB009140,USR007992,Standard,499,2025-03-20,2025-06-27,Cancelled,True
SUB009141,USR007993,Standard,499,2025-03-10,2026-01-01,Active,True
SUB009142,USR007994,Standard,499,2025-04-20,2026-01-01,Active,True
SUB009143,USR007995,Mobile,149,2025-06-16,2026-01-01,Active,True
SUB009144,USR007996,Mobile,149,2025-02-11,2025-12-04,Expired,True
SUB009145,USR007997,Basic,299,2025-04-30,2025-10-05,Expired,True
SUB009146,USR007998,Mobile,149,2025-04-20,2026-01-01,Active,True
SUB009147,USR007999,Premium,799,2025-01-31,2026-01-01,Active,False
SUB009148,USR008000,Basic,299,2025-04-14,2025-09-06,Expired,True
SUB009149,USR008001,Standard,499,2025-02-19,2025-10-16,Expired,True
SUB009150,USR008002,Standard,499,2025-04-26,2025-09-25,Cancelled,True
SUB009151,USR008003,Standard,499,2025-06-05,2026-01-01,Active,True
SUB009152,USR008004,Standard,499,2025-06-12,2026-01-01,Active,False
SUB009153,USR008005,Premium,799,2025-04-11,2025-07-31,Cancelled,False
SUB009154,USR008006,Standard,499,2025-09-30,2026-01-01,Active,True
SUB009155,USR008007,Mobile,149,2025-05-19,2025-10-24,Cancelled,False
SUB009156,USR008008,Premium,799,2025-03-28,2025-12-20,Expired,True
SUB009157,USR008009,Premium,799,2025-02-12,2026-01-01,Active,True
SUB009158,USR008010,Basic,299,2025-04-23,2025-11-06,Cancelled,False
SUB009159,USR008010,Premium,799,2025-11-07,2026-01-01,Active,True
SUB009160,USR008011,Basic,299,2025-02-13,2025-06-18,Cancelled,True
SUB009161,USR008012,Premium,799,2025-04-18,2025-09-10,Cancelled,True
SUB009162,USR008012,Basic,299,2025-09-11,2025-12-14,Cancelled,False
SUB009163,USR008013,Premium,799,2025-07-30,2026-01-01,Active,False
SUB009164,USR008014,Mobile,149,2025-06-02,2026-01-01,Active,False
SUB009165,USR008015,Standard,499,2025-04-04,2026-01-01,Active,True
SUB009166,USR008016,Premium,799,2025-03-03,2025-06-05,Expired,False
SUB009167,USR008017,Standard,499,2025-04-04,2026-01-01,Active,True
SUB009168,USR008018,Premium,799,2025-02-15,2025-06-25,Cancelled,True
SUB009169,USR008018,Standard,499,2025-06-26,2025-11-13,Cancelled,True
SUB009170,USR008019,Basic,299,2025-01-29,2025-07-23,Expired,True
SUB009171,USR008019,Standard,499,2025-07-24,2025-10-25,Cancelled,True
SUB009172,USR008020,Premium,799,2025-03-04,2025-10-18,Cancelled,True
SUB009173,USR008021,Standard,499,2025-03-09,2025-07-18,Expired,False
SUB009174,USR008022,Basic,299,2025-06-02,2026-01-01,Active,True
SUB009175,USR008023,Premium,799,2025-07-13,2026-01-01,Active,True
SUB009176,USR008024,Mobile,149,2025-01-30,2026-01-01,Active,False
SUB009177,USR008025,Standard,499,2025-09-30,2026-01-01,Active,False
SUB009178,USR008026,Standard,499,2025-01-27,2025-07-11,Cancelled,False
SUB009179,USR008026,Mobile,149,2025-07-12,2025-10-09,Expired,True
SUB009180,USR008027,Mobile,149,2025-02-25,2025-12-24,Cancelled,False
SUB009181,USR008028,Premium,799,2025-05-11,2026-01-01,Active,True
SUB009182,USR008029,Premium,799,2025-04-14,2026-01-01,Active,True
SUB009183,USR008030,Basic,299,2025-04-09,2025-09-22,Cancelled,True
SUB009184,USR008030,Premium,799,2025-09-23,2026-01-01,Active,False
SUB009185,USR008031,Premium,799,2025-08-12,2026-01-01,Active,True
SUB009186,USR008032,Basic,299,2025-02-01,2025-11-07,Cancelled,True
SUB009187,USR008033,Mobile,149,2025-05-06,2025-10-19,Expired,True
SUB009188,USR008033,Basic,299,2025-10-20,2026-01-01,Active,True
SUB009189,USR008034,Basic,299,2025-06-24,2026-01-01,Active,True
SUB009190,USR008035,Standard,499,2025-06-12,2026-01-01,Active,True
SUB009191,USR008036,Mobile,149,2025-03-27,2026-01-01,Active,True
SUB009192,USR008037,Premium,799,2025-08-15,2026-01-01,Active,True
SUB009193,USR008038,Premium,799,2025-06-11,2025-12-06,Cancelled,True
SUB009194,USR008039,Standard,499,2025-02-10,2025-09-11,Cancelled,False
SUB009195,USR008040,Standard,499,2025-07-31,2026-01-01,Active,True
SUB009196,USR008041,Standard,499,2025-06-13,2026-01-01,Active,False
SUB009197,USR008042,Basic,299,2025-03-10,2026-01-01,Active,True
SUB009198,USR008043,Standard,499,2025-06-15,2025-11-11,Expired,True
SUB009199,USR008043,Standard,499,2025-11-12,2026-01-01,Active,False
SUB009200,USR008044,Mobile,149,2025-05-06,2026-01-01,Active,True
SUB009201,USR008045,Standard,499,2025-06-21,2026-01-01,Active,True
SUB009202,USR008046,Standard,499,2025-03-17,2025-08-13,Expired,False
SUB009203,USR008047,Mobile,149,2025-05-27,2025-09-15,Cancelled,True
SUB009204,USR008048,Standard,499,2025-04-03,2025-12-09,Cancelled,True
SUB009205,USR008049,Premium,799,2025-02-04,2026-01-01,Active,False
SUB009206,USR008050,Basic,299,2025-03-23,2026-01-01,Active,True
SUB009207,USR008051,Basic,299,2025-04-07,2026-01-01,Active,False
SUB009208,USR008052,Premium,799,2025-04-26,2026-01-01,Active,True
SUB009209,USR008053,Mobile,149,2025-02-16,2025-07-16,Expired,True
SUB009210,USR008054,Mobile,149,2025-02-08,2026-01-01,Active,False
SUB009211,USR008055,Standard,499,2025-01-18,2026-01-01,Active,True
SUB009212,USR008056,Standard,499,2025-09-04,2026-01-01,Active,False
SUB009213,USR008057,Mobile,149,2025-03-10,2025-07-20,Cancelled,True
SUB009214,USR008058,Premium,799,2025-06-07,2025-09-18,Expired,True
SUB009215,USR008058,Standard,499,2025-09-19,2025-12-02,Cancelled,True
SUB009216,USR008059,Basic,299,2025-04-13,2026-01-01,Active,False
SUB009217,USR008060,Basic,299,2025-04-22,2026-01-01,Active,True
SUB009218,USR008061,Basic,299,2025-03-18,2026-01-01,Active,True
SUB009219,USR008062,Basic,299,2025-04-13,2025-11-30,Expired,True
SUB009220,USR008063,Basic,299,2025-03-13,2025-09-07,Cancelled,False
SUB009221,USR008064,Mobile,149,2025-04-02,2025-10-06,Expired,True
SUB009222,USR008064,Mobile,149,2025-10-07,2026-01-01,Active,False
SUB009223,USR008065,Premium,799,2025-04-16,2025-08-02,Cancelled,True
SUB009224,USR008066,Standard,499,2025-07-16,2025-10-20,Expired,True
SUB009225,USR008067,Basic,299,2025-09-14,2026-01-01,Active,True
SUB009226,USR008068,Basic,299,2025-02-09,2025-10-12,Expired,True
SUB009227,USR008069,Basic,299,2025-04-18,2026-01-01,Active,True
SUB009228,USR008070,Mobile,149,2025-06-01,2025-09-21,Cancelled,False
SUB009229,USR008070,Premium,799,2025-09-22,2026-01-01,Active,True
SUB009230,USR008071,Premium,799,2025-05-31,2025-11-30,Expired,True
SUB009231,USR008072,Basic,299,2025-02-20,2026-01-01,Active,False
SUB009232,USR008073,Basic,299,2025-03-30,2025-09-03,Cancelled,True
SUB009233,USR008074,Standard,499,2025-04-23,2026-01-01,Active,True
SUB009234,USR008075,Basic,299,2025-03-18,2025-07-19,Expired,True
SUB009235,USR008076,Premium,799,2025-04-13,2026-01-01,Active,False
SUB009236,USR008077,Standard,499,2025-08-02,2026-01-01,Active,True
SUB009237,USR008078,Basic,299,2025-06-22,2025-12-15,Cancelled,False
SUB009238,USR008079,Standard,499,2025-06-19,2026-01-01,Active,True
SUB009239,USR008080,Mobile,149,2025-05-20,2026-01-01,Active,False
SUB009240,USR008081,Standard,499,2025-03-24,2025-08-30,Cancelled,False
SUB009241,USR008081,Standard,499,2025-08-31,2026-01-01,Active,True
SUB009242,USR008082,Premium,799,2025-03-21,2025-11-26,Cancelled,True
SUB009243,USR008083,Premium,799,2025-05-27,2025-12-29,Expired,True
SUB009244,USR008084,Standard,499,2025-04-28,2026-01-01,Active,True
SUB009245,USR008085,Basic,299,2025-06-19,2025-11-18,Expired,False
SUB009246,USR008085,Standard,499,2025-11-19,2026-01-01,Active,True
SUB009247,USR008086,Standard,499,2025-03-06,2026-01-01,Active,True
SUB009248,USR008087,Basic,299,2025-03-03,2025-07-20,Cancelled,True
SUB009249,USR008088,Premium,799,2025-04-11,2026-01-01,Active,True
SUB009250,USR008089,Premium,799,2025-07-21,2026-01-01,Active,True
SUB009251,USR008090,Standard,499,2025-02-11,2026-01-01,Active,True
SUB009252,USR008091,Basic,299,2025-07-10,2026-01-01,Active,False
SUB009253,USR008092,Mobile,149,2025-03-04,2026-01-01,Active,True
SUB009254,USR008093,Basic,299,2025-05-05,2025-11-17,Cancelled,True
SUB009255,USR008093,Basic,299,2025-11-18,2026-01-01,Active,False
SUB009256,USR008094,Basic,299,2025-06-19,2026-01-01,Active,True
SUB009257,USR008095,Standard,499,2025-06-19,2025-11-25,Expired,True
SUB009258,USR008096,Standard,499,2025-06-10,2026-01-01,Active,False
SUB009259,USR008097,Premium,799,2025-06-26,2026-01-01,Active,True
SUB009260,USR008098,Premium,799,2025-05-10,2026-01-01,Active,True
SUB009261,USR008099,Basic,299,2025-08-17,2026-01-01,Active,True
SUB009262,USR008100,Mobile,149,2025-02-18,2025-07-02,Cancelled,False
SUB009263,USR008100,Basic,299,2025-07-03,2026-01-01,Active,True
SUB009264,USR008101,Basic,299,2025-03-18,2025-11-26,Expired,False
SUB009265,USR008102,Basic,299,2025-04-24,2025-11-14,Cancelled,True
SUB009266,USR008102,Premium,799,2025-11-15,2026-01-01,Active,False
SUB009267,USR008103,Basic,299,2025-02-10,2025-08-22,Expired,True
SUB009268,USR008104,Basic,299,2025-05-01,2025-10-12,Cancelled,True
SUB009269,USR008105,Mobile,149,2025-03-01,2026-01-01,Active,False
SUB009270,USR008106,Premium,799,2025-03-11,2026-01-01,Active,False
SUB009271,USR008107,Mobile,149,2025-01-19,2026-01-01,Active,False
SUB009272,USR008108,Standard,499,2025-08-07,2025-12-30,Expired,True
SUB009273,USR008108,Standard,499,2025-12-31,2026-01-01,Active,False
SUB009274,USR008109,Standard,499,2025-04-05,2025-07-15,Expired,True
SUB009275,USR008110,Standard,499,2025-06-30,2025-12-18,Expired,True
SUB009276,USR008111,Basic,299,2025-02-27,2025-08-19,Expired,True
SUB009277,USR008112,Standard,499,2025-01-23,2025-08-05,Expired,True
SUB009278,USR008113,Basic,299,2025-02-11,2025-05-30,Expired,True
SUB009279,USR008113,Premium,799,2025-05-31,2025-11-08,Cancelled,False
SUB009280,USR008114,Mobile,149,2025-04-23,2025-10-18,Cancelled,True
SUB009281,USR008114,Standard,499,2025-10-19,2026-01-01,Active,False
SUB009282,USR008115,Standard,499,2025-07-10,2025-11-17,Cancelled,False
SUB009283,USR008116,Basic,299,2025-03-03,2026-01-01,Active,True
SUB009284,USR008117,Standard,499,2025-04-27,2026-01-01,Active,True
SUB009285,USR008118,Basic,299,2025-05-05,2026-01-01,Active,False
SUB009286,USR008119,Standard,499,2025-05-28,2026-01-01,Active,True
SUB009287,USR008120,Mobile,149,2025-03-13,2025-10-27,Cancelled,True
SUB009288,USR008121,Basic,299,2025-04-12,2026-01-01,Active,True
SUB009289,USR008122,Basic,299,2025-07-11,2025-12-30,Cancelled,False
SUB009290,USR008123,Mobile,149,2025-03-19,2025-08-27,Cancelled,False
SUB009291,USR008124,Standard,499,2025-04-17,2026-01-01,Active,False
SUB009292,USR008125,Standard,499,2025-01-20,2025-11-12,Cancelled,True
SUB009293,USR008125,Mobile,149,2025-11-13,2026-01-01,Active,True
SUB009294,USR008126,Premium,799,2025-04-06,2026-01-01,Active,True
SUB009295,USR008127,Mobile,149,2025-03-18,2026-01-01,Active,True
SUB009296,USR008128,Standard,499,2025-03-09,2026-01-01,Active,False
SUB009297,USR008129,Basic,299,2025-06-15,2026-01-01,Active,False
SUB009298,USR008130,Mobile,149,2025-06-09,2026-01-01,Active,True
SUB009299,USR008131,Basic,299,2025-08-28,2026-01-01,Active,False
SUB009300,USR008132,Mobile,149,2025-04-29,2025-12-11,Expired,True
SUB009301,USR008133,Standard,499,2025-06-21,2026-01-01,Active,True
SUB009302,USR008134,Standard,499,2025-03-08,2025-08-09,Expired,True
SUB009303,USR008134,Mobile,149,2025-08-10,2025-11-15,Expired,True
SUB009304,USR008135,Standard,499,2025-05-29,2026-01-01,Active,True
SUB009305,USR008136,Basic,299,2025-07-13,2026-01-01,Active,True
SUB009306,USR008137,Premium,799,2025-03-08,2025-10-20,Cancelled,True
SUB009307,USR008138,Premium,799,2025-02-23,2025-07-31,Expired,True
SUB009308,USR008139,Standard,499,2025-01-10,2025-06-18,Cancelled,True
SUB009309,USR008140,Standard,499,2025-06-03,2026-01-01,Active,True
SUB009310,USR008141,Standard,499,2025-01-30,2025-08-16,Expired,True
SUB009311,USR008142,Basic,299,2025-07-24,2026-01-01,Active,True
SUB009312,USR008143,Basic,299,2025-08-13,2026-01-01,Active,True
SUB009313,USR008144,Basic,299,2025-03-10,2025-09-24,Cancelled,True
SUB009314,USR008145,Standard,499,2025-06-13,2026-01-01,Active,True
SUB009315,USR008146,Standard,499,2025-02-16,2025-10-01,Cancelled,True
SUB009316,USR008147,Basic,299,2025-04-20,2026-01-01,Active,True
SUB009317,USR008148,Basic,299,2025-04-29,2025-12-07,Expired,True
SUB009318,USR008148,Premium,799,2025-12-08,2026-01-01,Active,True
SUB009319,USR008149,Basic,299,2025-05-09,2025-12-13,Cancelled,True
SUB009320,USR008150,Basic,299,2025-03-09,2025-12-25,Cancelled,False
SUB009321,USR008151,Premium,799,2025-03-16,2025-08-26,Expired,True
SUB009322,USR008152,Standard,499,2025-04-12,2026-01-01,Active,True
SUB009323,USR008153,Mobile,149,2025-01-21,2025-09-01,Cancelled,True
SUB009324,USR008154,Premium,799,2025-05-14,2026-01-01,Active,True
SUB009325,USR008155,Standard,499,2025-03-07,2025-06-05,Cancelled,True
SUB009326,USR008156,Standard,499,2025-06-01,2025-11-13,Expired,True
SUB009327,USR008156,Basic,299,2025-11-14,2026-01-01,Active,True
SUB009328,USR008157,Premium,799,2025-02-07,2025-10-05,Cancelled,True
SUB009329,USR008157,Mobile,149,2025-10-06,2026-01-01,Active,True
SUB009330,USR008158,Standard,499,2025-03-20,2026-01-01,Active,False
SUB009331,USR008159,Basic,299,2025-01-29,2025-05-27,Expired,False
SUB009332,USR008159,Basic,299,2025-05-28,2025-11-19,Expired,True
SUB009333,USR008160,Standard,499,2025-05-05,2026-01-01,Active,True
SUB009334,USR008161,Standard,499,2025-08-06,2026-01-01,Active,False
SUB009335,USR008162,Standard,499,2025-02-02,2025-05-25,Expired,True
SUB009336,USR008163,Mobile,149,2025-03-21,2026-01-01,Active,False
SUB009337,USR008164,Standard,499,2025-03-08,2026-01-01,Active,True
SUB009338,USR008165,Basic,299,2025-03-20,2025-06-29,Expired,True
SUB009339,USR008166,Basic,299,2025-03-07,2026-01-01,Active,True
SUB009340,USR008167,Basic,299,2025-03-15,2026-01-01,Active,False
SUB009341,USR008168,Standard,499,2025-02-22,2026-01-01,Active,True
SUB009342,USR008169,Mobile,149,2025-06-06,2026-01-01,Active,True
SUB009343,USR008170,Basic,299,2025-01-27,2025-07-21,Expired,True
SUB009344,USR008171,Basic,299,2025-05-29,2025-12-05,Expired,True
SUB009345,USR008172,Mobile,149,2025-02-03,2025-06-11,Expired,True
SUB009346,USR008172,Standard,499,2025-06-12,2025-09-15,Cancelled,True
SUB009347,USR008173,Basic,299,2025-01-24,2025-11-26,Expired,False
SUB009348,USR008173,Standard,499,2025-11-27,2026-01-01,Active,True
SUB009349,USR008174,Premium,799,2025-07-12,2025-11-28,Expired,False
SUB009350,USR008175,Mobile,149,2025-04-19,2025-12-19,Cancelled,True
SUB009351,USR008175,Standard,499,2025-12-20,2026-01-01,Active,True
SUB009352,USR008176,Premium,799,2025-05-13,2026-01-01,Active,True
SUB009353,USR008177,Mobile,149,2025-06-08,2025-11-04,Cancelled,False
SUB009354,USR008178,Standard,499,2025-01-15,2026-01-01,Active,True
SUB009355,USR008179,Basic,299,2025-01-24,2025-06-09,Cancelled,False
SUB009356,USR008180,Basic,299,2025-02-16,2026-01-01,Active,True
SUB009357,USR008181,Basic,299,2025-05-22,2026-01-01,Active,False
SUB009358,USR008182,Standard,499,2025-03-19,2025-07-19,Cancelled,False
SUB009359,USR008183,Mobile,149,2025-04-18,2025-08-12,Expired,True
SUB009360,USR008184,Standard,499,2025-05-01,2025-11-25,Expired,False
SUB009361,USR008184,Basic,299,2025-11-26,2026-01-01,Active,True
SUB009362,USR008185,Mobile,149,2025-04-14,2025-11-01,Cancelled,True
SUB009363,USR008186,Premium,799,2025-08-11,2025-12-11,Cancelled,True
SUB009364,USR008186,Standard,499,2025-12-12,2026-01-01,Active,True
SUB009365,USR008187,Standard,499,2025-06-20,2026-01-01,Active,True
SUB009366,USR008188,Basic,299,2025-06-14,2025-12-12,Cancelled,True
SUB009367,USR008188,Premium,799,2025-12-13,2026-01-01,Active,True
SUB009368,USR008189,Standard,499,2025-04-20,2026-01-01,Active,True
SUB009369,USR008190,Standard,499,2025-07-07,2026-01-01,Active,True
SUB009370,USR008191,Standard,499,2025-05-17,2026-01-01,Active,True
SUB009371,USR008192,Mobile,149,2025-07-16,2026-01-01,Active,False
SUB009372,USR008193,Basic,299,2025-07-27,2026-01-01,Active,False
SUB009373,USR008194,Premium,799,2025-02-07,2025-12-22,Cancelled,True
SUB009374,USR008195,Mobile,149,2025-05-04,2026-01-01,Active,True
SUB009375,USR008196,Basic,299,2025-06-02,2026-01-01,Active,False
SUB009376,USR008197,Basic,299,2025-04-20,2026-01-01,Active,True
SUB009377,USR008198,Premium,799,2025-06-17,2026-01-01,Active,True
SUB009378,USR008199,Standard,499,2025-05-17,2025-10-09,Expired,False
SUB009379,USR008200,Basic,299,2025-05-08,2025-09-23,Cancelled,True
SUB009380,USR008200,Standard,499,2025-09-24,2026-01-01,Active,True
SUB009381,USR008201,Mobile,149,2025-03-08,2025-11-08,Expired,True
SUB009382,USR008202,Basic,299,2025-01-21,2025-11-23,Cancelled,True
SUB009383,USR008203,Basic,299,2025-05-22,2026-01-01,Active,True
SUB009384,USR008204,Standard,499,2025-05-17,2026-01-01,Active,False
SUB009385,USR008205,Standard,499,2025-03-14,2025-09-14,Expired,True
SUB009386,USR008206,Basic,299,2025-04-13,2025-08-10,Expired,True
SUB009387,USR008206,Standard,499,2025-08-11,2025-12-23,Expired,False
SUB009388,USR008207,Standard,499,2025-04-15,2025-09-26,Cancelled,True
SUB009389,USR008208,Mobile,149,2025-06-23,2025-11-07,Expired,True
SUB009390,USR008208,Premium,799,2025-11-08,2026-01-01,Active,True
SUB009391,USR008209,Standard,499,2025-07-03,2026-01-01,Active,False
SUB009392,USR008210,Standard,499,2025-02-20,2025-07-06,Cancelled,True
SUB009393,USR008210,Basic,299,2025-07-07,2025-10-01,Cancelled,False
SUB009394,USR008211,Basic,299,2025-02-19,2026-01-01,Active,True
SUB009395,USR008212,Mobile,149,2025-04-21,2025-10-04,Cancelled,True
SUB009396,USR008213,Premium,799,2025-05-31,2026-01-01,Active,True
SUB009397,USR008214,Basic,299,2025-05-21,2026-01-01,Active,True
SUB009398,USR008215,Basic,299,2025-07-20,2026-01-01,Active,True
SUB009399,USR008216,Mobile,149,2025-09-28,2026-01-01,Active,True
SUB009400,USR008217,Basic,299,2025-01-19,2026-01-01,Active,True
SUB009401,USR008218,Basic,299,2025-04-10,2026-01-01,Active,False
SUB009402,USR008219,Standard,499,2025-01-29,2025-05-02,Expired,True
SUB009403,USR008220,Premium,799,2025-03-06,2025-06-18,Expired,True
SUB009404,USR008220,Standard,499,2025-06-19,2025-09-02,Expired,True
SUB009405,USR008221,Standard,499,2025-02-08,2025-11-24,Expired,False
SUB009406,USR008221,Mobile,149,2025-11-25,2026-01-01,Active,True
SUB009407,USR008222,Basic,299,2025-04-27,2026-01-01,Active,False
SUB009408,USR008223,Basic,299,2025-05-18,2025-09-02,Cancelled,True
SUB009409,USR008224,Mobile,149,2025-02-24,2025-12-21,Expired,False
SUB009410,USR008224,Basic,299,2025-12-22,2026-01-01,Active,False
SUB009411,USR008225,Standard,499,2025-03-30,2026-01-01,Active,False
SUB009412,USR008226,Basic,299,2025-04-12,2025-08-08,Cancelled,False
SUB009413,USR008227,Premium,799,2025-04-18,2025-07-20,Expired,True
SUB009414,USR008228,Standard,499,2025-02-07,2025-12-16,Expired,True
SUB009415,USR008228,Basic,299,2025-12-17,2026-01-01,Active,True
SUB009416,USR008229,Premium,799,2025-04-20,2026-01-01,Active,True
SUB009417,USR008230,Mobile,149,2025-02-12,2025-10-04,Cancelled,True
SUB009418,USR008231,Standard,499,2025-05-16,2025-09-10,Cancelled,True
SUB009419,USR008231,Premium,799,2025-09-11,2026-01-01,Active,False
SUB009420,USR008232,Premium,799,2025-07-17,2026-01-01,Active,True
SUB009421,USR008233,Standard,499,2025-05-21,2026-01-01,Active,False
SUB009422,USR008234,Basic,299,2025-02-06,2026-01-01,Active,True
SUB009423,USR008235,Basic,299,2025-06-02,2026-01-01,Active,False
SUB009424,USR008236,Mobile,149,2025-04-01,2026-01-01,Active,False
SUB009425,USR008237,Mobile,149,2025-01-19,2025-11-09,Cancelled,True
SUB009426,USR008238,Standard,499,2025-02-25,2025-09-22,Expired,False
SUB009427,USR008239,Mobile,149,2025-06-22,2026-01-01,Active,True
SUB009428,USR008240,Standard,499,2025-03-22,2026-01-01,Active,True
SUB009429,USR008241,Premium,799,2025-03-20,2025-11-16,Cancelled,True
SUB009430,USR008242,Mobile,149,2025-06-06,2026-01-01,Active,True
SUB009431,USR008243,Standard,499,2025-07-06,2026-01-01,Active,True
SUB009432,USR008244,Basic,299,2025-06-07,2026-01-01,Active,True
SUB009433,USR008245,Basic,299,2025-02-22,2025-09-26,Cancelled,True
SUB009434,USR008246,Standard,499,2025-03-06,2025-08-22,Expired,False
SUB009435,USR008247,Basic,299,2025-04-12,2025-09-09,Expired,True
SUB009436,USR008248,Premium,799,2025-07-27,2026-01-01,Active,True
SUB009437,USR008249,Basic,299,2025-06-04,2025-11-21,Cancelled,True
SUB009438,USR008250,Standard,499,2025-03-06,2026-01-01,Active,False
SUB009439,USR008251,Basic,299,2025-03-22,2026-01-01,Active,False
SUB009440,USR008252,Standard,499,2025-07-20,2026-01-01,Active,True
SUB009441,USR008253,Standard,499,2025-04-05,2026-01-01,Active,True
SUB009442,USR008254,Mobile,149,2025-04-21,2025-11-20,Expired,False
SUB009443,USR008255,Standard,499,2025-04-30,2025-11-05,Expired,True
SUB009444,USR008256,Basic,299,2025-08-28,2026-01-01,Active,False
SUB009445,USR008257,Basic,299,2025-06-04,2026-01-01,Active,True
SUB009446,USR008258,Basic,299,2025-04-16,2026-01-01,Active,True
SUB009447,USR008259,Mobile,149,2025-02-02,2025-11-30,Cancelled,True
SUB009448,USR008259,Basic,299,2025-12-01,2026-01-01,Active,True
SUB009449,USR008260,Mobile,149,2025-02-01,2026-01-01,Active,False
SUB009450,USR008261,Mobile,149,2025-03-10,2025-09-14,Cancelled,True
SUB009451,USR008262,Mobile,149,2025-01-23,2025-07-02,Expired,True
SUB009452,USR008262,Mobile,149,2025-07-03,2025-11-05,Expired,True
SUB009453,USR008263,Basic,299,2025-03-23,2025-08-31,Cancelled,True
SUB009454,USR008264,Mobile,149,2025-04-15,2026-01-01,Active,True
SUB009455,USR008265,Mobile,149,2025-04-24,2025-09-15,Expired,True
SUB009456,USR008266,Standard,499,2025-03-27,2026-01-01,Active,True
SUB009457,USR008267,Mobile,149,2025-03-15,2026-01-01,Active,False
SUB009458,USR008268,Standard,499,2025-02-26,2025-08-19,Cancelled,False
SUB009459,USR008269,Standard,499,2025-05-31,2026-01-01,Active,True
SUB009460,USR008270,Premium,799,2025-01-23,2025-05-07,Cancelled,False
SUB009461,USR008270,Standard,499,2025-05-08,2025-10-29,Cancelled,True
SUB009462,USR008271,Premium,799,2025-06-20,2025-11-01,Expired,True
SUB009463,USR008272,Premium,799,2025-02-01,2025-09-23,Expired,False
SUB009464,USR008272,Mobile,149,2025-09-24,2026-01-01,Active,True
SUB009465,USR008273,Standard,499,2025-05-18,2025-11-06,Cancelled,True
SUB009466,USR008273,Standard,499,2025-11-07,2026-01-01,Active,True
SUB009467,USR008274,Mobile,149,2025-05-19,2025-11-09,Expired,True
SUB009468,USR008275,Standard,499,2025-05-21,2026-01-01,Active,False
SUB009469,USR008276,Basic,299,2025-04-14,2026-01-01,Active,False
SUB009470,USR008277,Basic,299,2025-04-14,2025-12-03,Expired,True
SUB009471,USR008278,Mobile,149,2025-03-23,2025-12-01,Cancelled,False
SUB009472,USR008278,Basic,299,2025-12-02,2026-01-01,Active,False
SUB009473,USR008279,Basic,299,2025-01-09,2025-11-21,Cancelled,True
SUB009474,USR008280,Basic,299,2025-06-15,2026-01-01,Active,True
SUB009475,USR008281,Basic,299,2025-04-11,2026-01-01,Active,True
SUB009476,USR008282,Basic,299,2025-05-26,2026-01-01,Active,False
SUB009477,USR008283,Basic,299,2025-03-11,2026-01-01,Active,True
SUB009478,USR008284,Mobile,149,2025-03-05,2026-01-01,Active,True
SUB009479,USR008285,Mobile,149,2025-03-24,2025-11-06,Expired,True
SUB009480,USR008285,Premium,799,2025-11-07,2026-01-01,Active,False
SUB009481,USR008286,Standard,499,2025-02-27,2026-01-01,Active,True
SUB009482,USR008287,Standard,499,2025-07-03,2025-11-23,Cancelled,False
SUB009483,USR008288,Mobile,149,2025-04-08,2025-08-03,Cancelled,True
SUB009484,USR008288,Premium,799,2025-08-04,2025-10-23,Cancelled,True
SUB009485,USR008289,Basic,299,2025-06-14,2026-01-01,Active,True
SUB009486,USR008290,Mobile,149,2025-03-14,2026-01-01,Active,True
SUB009487,USR008291,Mobile,149,2025-06-18,2025-10-01,Cancelled,False
SUB009488,USR008291,Standard,499,2025-10-02,2026-01-01,Active,True
SUB009489,USR008292,Premium,799,2025-04-02,2025-09-12,Expired,True
SUB009490,USR008293,Standard,499,2025-06-15,2025-10-31,Cancelled,False
SUB009491,USR008293,Premium,799,2025-11-01,2026-01-01,Active,False
SUB009492,USR008294,Standard,499,2025-01-25,2026-01-01,Active,True
SUB009493,USR008295,Mobile,149,2025-04-12,2025-07-15,Expired,True
SUB009494,USR008296,Basic,299,2025-03-16,2025-10-17,Cancelled,True
SUB009495,USR008297,Basic,299,2025-04-18,2026-01-01,Active,True
SUB009496,USR008298,Basic,299,2025-06-29,2026-01-01,Active,True
SUB009497,USR008299,Basic,299,2025-04-04,2025-09-15,Cancelled,False
SUB009498,USR008299,Premium,799,2025-09-16,2026-01-01,Active,True
SUB009499,USR008300,Standard,499,2025-05-16,2025-12-28,Expired,True
SUB009500,USR008300,Basic,299,2025-12-29,2026-01-01,Active,False
SUB009501,USR008301,Basic,299,2025-03-09,2026-01-01,Active,True
SUB009502,USR008302,Basic,299,2025-04-27,2025-11-11,Cancelled,True
SUB009503,USR008303,Basic,299,2025-05-05,2026-01-01,Active,True
SUB009504,USR008304,Basic,299,2025-03-27,2026-01-01,Active,True
SUB009505,USR008305,Basic,299,2025-06-20,2026-01-01,Active,False
SUB009506,USR008306,Standard,499,2025-02-16,2025-12-10,Expired,True
SUB009507,USR008307,Premium,799,2025-04-18,2026-01-01,Active,False
SUB009508,USR008308,Mobile,149,2025-06-28,2025-10-15,Cancelled,False
SUB009509,USR008309,Basic,299,2025-06-08,2026-01-01,Active,True
SUB009510,USR008310,Basic,299,2025-03-11,2025-11-15,Expired,True
SUB009511,USR008311,Mobile,149,2025-02-02,2026-01-01,Active,False
SUB009512,USR008312,Basic,299,2025-09-24,2026-01-01,Active,True
SUB009513,USR008313,Basic,299,2025-07-16,2026-01-01,Active,True
SUB009514,USR008314,Standard,499,2025-04-22,2026-01-01,Active,True
SUB009515,USR008315,Mobile,149,2025-07-13,2026-01-01,Active,False
SUB009516,USR008316,Basic,299,2025-03-22,2026-01-01,Active,False
SUB009517,USR008317,Standard,499,2025-04-21,2025-08-09,Cancelled,True
SUB009518,USR008317,Premium,799,2025-08-10,2026-01-01,Active,False
SUB009519,USR008318,Standard,499,2025-06-09,2026-01-01,Active,False
SUB009520,USR008319,Mobile,149,2025-05-14,2026-01-01,Active,True
SUB009521,USR008320,Mobile,149,2025-03-15,2026-01-01,Active,True
SUB009522,USR008321,Standard,499,2025-09-09,2026-01-01,Active,False
SUB009523,USR008322,Basic,299,2025-03-15,2025-07-07,Expired,True
SUB009524,USR008322,Mobile,149,2025-07-08,2025-12-09,Cancelled,True
SUB009525,USR008323,Basic,299,2025-08-20,2026-01-01,Active,False
SUB009526,USR008324,Standard,499,2025-06-18,2026-01-01,Active,True
SUB009527,USR008325,Mobile,149,2025-05-10,2026-01-01,Active,True
SUB009528,USR008326,Standard,499,2025-05-24,2026-01-01,Active,True
SUB009529,USR008327,Premium,799,2025-06-11,2025-10-10,Cancelled,True
SUB009530,USR008328,Basic,299,2025-04-24,2025-12-19,Cancelled,True
SUB009531,USR008329,Standard,499,2025-04-01,2025-09-04,Expired,False
SUB009532,USR008330,Premium,799,2025-05-14,2026-01-01,Active,True
SUB009533,USR008331,Basic,299,2025-08-02,2026-01-01,Active,False
SUB009534,USR008332,Mobile,149,2025-03-06,2025-09-10,Cancelled,True
SUB009535,USR008333,Basic,299,2025-06-01,2025-12-10,Expired,False
SUB009536,USR008334,Mobile,149,2025-03-18,2026-01-01,Active,True
SUB009537,USR008335,Premium,799,2025-03-31,2025-11-03,Cancelled,False
SUB009538,USR008335,Mobile,149,2025-11-04,2026-01-01,Active,True
SUB009539,USR008336,Standard,499,2025-10-03,2026-01-01,Active,True
SUB009540,USR008337,Standard,499,2025-07-17,2026-01-01,Active,True
SUB009541,USR008338,Standard,499,2025-02-03,2025-12-09,Expired,False
SUB009542,USR008338,Basic,299,2025-12-10,2026-01-01,Active,True
SUB009543,USR008339,Standard,499,2025-05-31,2026-01-01,Active,True
SUB009544,USR008340,Mobile,149,2025-02-01,2026-01-01,Active,True
SUB009545,USR008341,Premium,799,2025-06-27,2026-01-01,Active,True
SUB009546,USR008342,Mobile,149,2025-01-25,2026-01-01,Active,True
SUB009547,USR008343,Premium,799,2025-01-19,2025-05-22,Cancelled,True
SUB009548,USR008343,Basic,299,2025-05-23,2025-12-28,Expired,True
SUB009549,USR008344,Mobile,149,2025-05-24,2025-10-23,Expired,True
SUB009550,USR008344,Basic,299,2025-10-24,2026-01-01,Active,False
SUB009551,USR008345,Basic,299,2025-03-02,2026-01-01,Active,False
SUB009552,USR008346,Standard,499,2025-07-27,2026-01-01,Active,True
SUB009553,USR008347,Mobile,149,2025-03-21,2026-01-01,Active,True
SUB009554,USR008348,Mobile,149,2025-06-01,2026-01-01,Active,False
SUB009555,USR008349,Mobile,149,2025-05-14,2026-01-01,Active,True
SUB009556,USR008350,Premium,799,2025-02-18,2026-01-01,Active,True
SUB009557,USR008351,Premium,799,2025-07-15,2025-11-15,Expired,True
SUB009558,USR008352,Basic,299,2025-03-31,2025-08-19,Expired,False
SUB009559,USR008353,Premium,799,2025-05-08,2026-01-01,Active,True
SUB009560,USR008354,Basic,299,2025-04-15,2025-10-27,Cancelled,True
SUB009561,USR008355,Standard,499,2025-07-30,2025-11-14,Cancelled,True
SUB009562,USR008356,Standard,499,2025-08-10,2026-01-01,Active,True
SUB009563,USR008357,Standard,499,2025-02-13,2025-09-21,Cancelled,False
SUB009564,USR008358,Premium,799,2025-03-06,2025-09-12,Cancelled,True
SUB009565,USR008358,Basic,299,2025-09-13,2025-12-19,Cancelled,True
SUB009566,USR008359,Standard,499,2025-02-19,2025-08-14,Cancelled,False
SUB009567,USR008360,Standard,499,2025-01-26,2025-05-13,Cancelled,True
SUB009568,USR008360,Mobile,149,2025-05-14,2025-12-28,Cancelled,True
SUB009569,USR008361,Mobile,149,2025-03-03,2025-09-14,Cancelled,True
SUB009570,USR008361,Premium,799,2025-09-15,2026-01-01,Active,True
SUB009571,USR008362,Standard,499,2025-02-04,2025-09-15,Cancelled,False
SUB009572,USR008363,Standard,499,2025-05-29,2025-10-17,Cancelled,True
SUB009573,USR008364,Standard,499,2025-01-12,2026-01-01,Active,False
SUB009574,USR008365,Mobile,149,2025-02-23,2025-08-16,Cancelled,True
SUB009575,USR008366,Standard,499,2025-04-19,2025-08-01,Cancelled,True
SUB009576,USR008366,Standard,499,2025-08-02,2026-01-01,Active,True
SUB009577,USR008367,Basic,299,2025-05-09,2025-12-08,Cancelled,False
SUB009578,USR008367,Basic,299,2025-12-09,2026-01-01,Active,False
SUB009579,USR008368,Basic,299,2025-04-06,2025-07-30,Cancelled,False
SUB009580,USR008368,Mobile,149,2025-07-31,2026-01-01,Active,False
SUB009581,USR008369,Premium,799,2025-03-09,2026-01-01,Active,False
SUB009582,USR008370,Standard,499,2025-04-18,2026-01-01,Active,True
SUB009583,USR008371,Mobile,149,2025-04-05,2026-01-01,Active,True
SUB009584,USR008372,Standard,499,2025-06-15,2025-12-27,Cancelled,False
SUB009585,USR008373,Basic,299,2025-03-24,2026-01-01,Active,True
SUB009586,USR008374,Basic,299,2025-04-15,2025-10-03,Expired,True
SUB009587,USR008375,Basic,299,2025-04-20,2025-07-30,Expired,True
SUB009588,USR008376,Basic,299,2025-02-10,2025-07-11,Expired,True
SUB009589,USR008377,Standard,499,2025-04-17,2025-08-17,Expired,True
SUB009590,USR008378,Basic,299,2025-06-08,2025-11-06,Cancelled,False
SUB009591,USR008378,Premium,799,2025-11-07,2026-01-01,Active,False
SUB009592,USR008379,Basic,299,2025-03-25,2025-12-12,Cancelled,True
SUB009593,USR008380,Basic,299,2025-03-22,2025-07-22,Cancelled,False
SUB009594,USR008381,Mobile,149,2025-01-18,2025-06-06,Expired,False
SUB009595,USR008382,Standard,499,2025-03-10,2025-06-09,Cancelled,True
SUB009596,USR008383,Basic,299,2025-07-12,2026-01-01,Active,False
SUB009597,USR008384,Mobile,149,2025-02-21,2025-09-13,Cancelled,False
SUB009598,USR008384,Premium,799,2025-09-14,2026-01-01,Active,False
SUB009599,USR008385,Mobile,149,2025-04-15,2026-01-01,Active,True
SUB009600,USR008386,Premium,799,2025-03-21,2025-09-02,Expired,True
SUB009601,USR008387,Mobile,149,2025-02-13,2025-08-20,Expired,True
SUB009602,USR008388,Standard,499,2025-01-15,2025-06-15,Expired,True
SUB009603,USR008388,Standard,499,2025-06-16,2025-11-12,Cancelled,True
SUB009604,USR008389,Basic,299,2025-04-30,2025-07-29,Expired,True
SUB009605,USR008390,Mobile,149,2025-04-04,2025-08-18,Cancelled,True
SUB009606,USR008391,Standard,499,2025-03-13,2025-08-03,Cancelled,False
SUB009607,USR008391,Mobile,149,2025-08-04,2025-11-05,Expired,True
SUB009608,USR008392,Standard,499,2025-04-04,2025-07-05,Expired,True
SUB009609,USR008393,Standard,499,2025-01-06,2026-01-01,Active,False
SUB009610,USR008394,Basic,299,2025-04-23,2026-01-01,Active,False
SUB009611,USR008395,Basic,299,2025-03-03,2025-06-13,Cancelled,True
SUB009612,USR008396,Mobile,149,2025-07-27,2026-01-01,Active,False
SUB009613,USR008397,Standard,499,2025-04-18,2025-12-19,Cancelled,True
SUB009614,USR008397,Basic,299,2025-12-20,2026-01-01,Active,True
SUB009615,USR008398,Basic,299,2025-03-15,2026-01-01,Active,True
SUB009616,USR008399,Basic,299,2025-02-19,2025-12-15,Expired,True
SUB009617,USR008400,Basic,299,2025-06-08,2025-11-23,Cancelled,True
SUB009618,USR008401,Standard,499,2025-09-13,2026-01-01,Active,True
SUB009619,USR008402,Standard,499,2025-07-21,2026-01-01,Active,False
SUB009620,USR008403,Basic,299,2025-03-29,2026-01-01,Active,True
SUB009621,USR008404,Standard,499,2025-04-05,2025-09-23,Expired,True
SUB009622,USR008405,Standard,499,2025-04-30,2026-01-01,Active,True
SUB009623,USR008406,Basic,299,2025-02-26,2025-10-02,Cancelled,True
SUB009624,USR008406,Premium,799,2025-10-03,2026-01-01,Active,True
SUB009625,USR008407,Standard,499,2025-05-11,2025-09-03,Cancelled,True
SUB009626,USR008407,Standard,499,2025-09-04,2026-01-01,Active,True
SUB009627,USR008408,Standard,499,2025-01-26,2025-09-18,Expired,True
SUB009628,USR008409,Basic,299,2025-09-16,2026-01-01,Active,True
SUB009629,USR008410,Standard,499,2025-03-31,2026-01-01,Active,False
SUB009630,USR008411,Basic,299,2025-05-18,2025-09-15,Cancelled,True
SUB009631,USR008411,Basic,299,2025-09-16,2026-01-01,Active,False
SUB009632,USR008412,Mobile,149,2025-02-17,2026-01-01,Active,False
SUB009633,USR008413,Standard,499,2025-07-02,2026-01-01,Active,True
SUB009634,USR008414,Standard,499,2025-03-01,2025-10-25,Cancelled,True
SUB009635,USR008415,Premium,799,2025-01-27,2026-01-01,Active,True
SUB009636,USR008416,Mobile,149,2025-06-02,2026-01-01,Active,True
SUB009637,USR008417,Premium,799,2025-09-29,2026-01-01,Active,False
SUB009638,USR008418,Basic,299,2025-04-28,2026-01-01,Active,False
SUB009639,USR008419,Mobile,149,2025-01-21,2025-10-06,Expired,False
SUB009640,USR008420,Mobile,149,2025-04-09,2026-01-01,Active,True
SUB009641,USR008421,Premium,799,2025-05-20,2026-01-01,Active,True
SUB009642,USR008422,Standard,499,2025-03-14,2025-08-31,Cancelled,False
SUB009643,USR008423,Standard,499,2025-07-05,2026-01-01,Active,True
SUB009644,USR008424,Standard,499,2025-08-31,2026-01-01,Active,True
SUB009645,USR008425,Basic,299,2025-04-21,2025-12-27,Cancelled,False
SUB009646,USR008426,Mobile,149,2025-03-17,2026-01-01,Active,True
SUB009647,USR008427,Mobile,149,2025-04-09,2026-01-01,Active,True
SUB009648,USR008428,Basic,299,2025-05-21,2025-09-27,Cancelled,True
SUB009649,USR008429,Premium,799,2025-03-18,2025-08-10,Cancelled,True
SUB009650,USR008430,Standard,499,2025-05-06,2025-11-11,Expired,True
SUB009651,USR008430,Mobile,149,2025-11-12,2026-01-01,Active,True
SUB009652,USR008431,Mobile,149,2025-01-05,2025-06-08,Expired,False
SUB009653,USR008431,Basic,299,2025-06-09,2025-08-11,Expired,True
SUB009654,USR008432,Basic,299,2025-03-10,2026-01-01,Active,True
SUB009655,USR008433,Premium,799,2025-04-22,2026-01-01,Active,True
SUB009656,USR008434,Standard,499,2025-03-04,2025-12-05,Expired,True
SUB009657,USR008435,Basic,299,2025-04-07,2026-01-01,Active,True
SUB009658,USR008436,Mobile,149,2025-04-29,2025-10-19,Cancelled,True
SUB009659,USR008437,Premium,799,2025-02-10,2025-10-20,Expired,False
SUB009660,USR008438,Standard,499,2025-03-02,2025-06-10,Expired,False
SUB009661,USR008439,Standard,499,2025-08-19,2026-01-01,Active,True
SUB009662,USR008440,Premium,799,2025-03-03,2026-01-01,Active,False
SUB009663,USR008441,Premium,799,2025-02-16,2026-01-01,Active,True
SUB009664,USR008442,Standard,499,2025-06-28,2025-12-25,Expired,True
SUB009665,USR008443,Basic,299,2025-05-20,2025-10-23,Cancelled,True
SUB009666,USR008444,Mobile,149,2025-06-12,2026-01-01,Active,True
SUB009667,USR008445,Basic,299,2025-06-06,2025-10-12,Cancelled,True
SUB009668,USR008446,Standard,499,2025-06-06,2026-01-01,Active,True
SUB009669,USR008447,Standard,499,2025-08-03,2026-01-01,Active,False
SUB009670,USR008448,Standard,499,2025-05-16,2026-01-01,Active,True
SUB009671,USR008449,Premium,799,2025-06-23,2026-01-01,Active,True
SUB009672,USR008450,Basic,299,2025-07-08,2025-11-06,Expired,True
SUB009673,USR008451,Standard,499,2025-01-18,2025-08-24,Cancelled,True
SUB009674,USR008452,Standard,499,2025-04-30,2026-01-01,Active,True
SUB009675,USR008453,Mobile,149,2025-04-02,2025-08-22,Expired,True
SUB009676,USR008454,Mobile,149,2025-02-06,2025-09-10,Expired,True
SUB009677,USR008455,Premium,799,2025-05-22,2026-01-01,Active,False
SUB009678,USR008456,Standard,499,2025-04-10,2026-01-01,Active,False
SUB009679,USR008457,Basic,299,2025-04-16,2025-10-23,Cancelled,True
SUB009680,USR008458,Mobile,149,2025-04-18,2025-11-11,Expired,False
SUB009681,USR008459,Premium,799,2025-05-02,2026-01-01,Active,True
SUB009682,USR008460,Standard,499,2025-04-22,2026-01-01,Active,True
SUB009683,USR008461,Standard,499,2025-03-08,2025-07-10,Expired,False
SUB009684,USR008462,Basic,299,2025-02-03,2026-01-01,Active,True
SUB009685,USR008463,Basic,299,2025-05-17,2026-01-01,Active,True
SUB009686,USR008464,Premium,799,2025-03-09,2025-09-08,Expired,True
SUB009687,USR008465,Basic,299,2025-02-04,2025-10-02,Expired,True
SUB009688,USR008466,Basic,299,2025-01-10,2025-09-07,Cancelled,True
SUB009689,USR008466,Standard,499,2025-09-08,2026-01-01,Active,False
SUB009690,USR008467,Premium,799,2025-04-16,2025-09-08,Cancelled,True
SUB009691,USR008468,Basic,299,2025-07-06,2026-01-01,Active,True
SUB009692,USR008469,Basic,299,2025-03-30,2026-01-01,Active,True
SUB009693,USR008470,Mobile,149,2025-05-27,2026-01-01,Active,False
SUB009694,USR008471,Mobile,149,2025-01-28,2025-05-02,Cancelled,False
SUB009695,USR008471,Basic,299,2025-05-03,2025-07-04,Expired,True
SUB009696,USR008472,Mobile,149,2025-03-08,2026-01-01,Active,True
SUB009697,USR008473,Standard,499,2025-04-06,2026-01-01,Active,True
SUB009698,USR008474,Basic,299,2025-03-23,2025-08-11,Cancelled,True
SUB009699,USR008474,Standard,499,2025-08-12,2026-01-01,Active,False
SUB009700,USR008475,Premium,799,2025-04-07,2025-09-29,Cancelled,False
SUB009701,USR008475,Basic,299,2025-09-30,2026-01-01,Active,True
SUB009702,USR008476,Mobile,149,2025-05-29,2025-11-11,Cancelled,True
SUB009703,USR008476,Mobile,149,2025-11-12,2026-01-01,Active,True
SUB009704,USR008477,Standard,499,2025-04-29,2025-08-31,Expired,True
SUB009705,USR008478,Basic,299,2025-02-12,2026-01-01,Active,False
SUB009706,USR008479,Standard,499,2025-02-27,2025-11-08,Expired,True
SUB009707,USR008480,Premium,799,2025-02-22,2026-01-01,Active,True
SUB009708,USR008481,Standard,499,2025-06-20,2026-01-01,Active,True
SUB009709,USR008482,Standard,499,2025-04-29,2026-01-01,Active,False
SUB009710,USR008483,Mobile,149,2025-03-20,2025-07-07,Expired,True
SUB009711,USR008483,Premium,799,2025-07-08,2025-09-08,Expired,True
SUB009712,USR008484,Basic,299,2025-02-20,2025-08-22,Cancelled,True
SUB009713,USR008485,Standard,499,2025-04-13,2026-01-01,Active,False
SUB009714,USR008486,Standard,499,2025-03-17,2025-10-11,Expired,True
SUB009715,USR008487,Premium,799,2025-04-09,2026-01-01,Active,True
SUB009716,USR008488,Premium,799,2025-05-13,2025-11-05,Expired,True
SUB009717,USR008488,Basic,299,2025-11-06,2026-01-01,Active,False
SUB009718,USR008489,Standard,499,2025-06-04,2026-01-01,Active,True
SUB009719,USR008490,Standard,499,2025-05-08,2026-01-01,Active,True
SUB009720,USR008491,Premium,799,2025-06-19,2025-12-19,Expired,True
SUB009721,USR008491,Mobile,149,2025-12-20,2026-01-01,Active,True
SUB009722,USR008492,Premium,799,2025-02-01,2025-07-23,Cancelled,False
SUB009723,USR008493,Standard,499,2025-04-27,2026-01-01,Active,False
SUB009724,USR008494,Premium,799,2025-06-12,2025-11-05,Expired,True
SUB009725,USR008495,Premium,799,2025-03-25,2025-09-28,Expired,True
SUB009726,USR008496,Basic,299,2025-01-18,2025-05-02,Expired,True
SUB009727,USR008496,Standard,499,2025-05-03,2025-09-22,Cancelled,True
SUB009728,USR008497,Standard,499,2025-03-19,2025-10-03,Expired,True
SUB009729,USR008498,Mobile,149,2025-06-05,2025-12-14,Expired,True
SUB009730,USR008499,Mobile,149,2025-06-26,2026-01-01,Active,True
SUB009731,USR008500,Basic,299,2025-03-04,2026-01-01,Active,True
SUB009732,USR008501,Basic,299,2025-03-13,2025-12-02,Cancelled,True
SUB009733,USR008502,Standard,499,2025-06-03,2025-10-27,Cancelled,True
SUB009734,USR008503,Basic,299,2025-03-07,2025-06-25,Expired,True
SUB009735,USR008504,Mobile,149,2025-05-10,2025-08-11,Cancelled,True
SUB009736,USR008504,Standard,499,2025-08-12,2026-01-01,Active,True
SUB009737,USR008505,Mobile,149,2025-03-02,2025-08-08,Cancelled,True
SUB009738,USR008506,Premium,799,2025-02-20,2026-01-01,Active,False
SUB009739,USR008507,Mobile,149,2025-03-03,2025-10-30,Expired,True
SUB009740,USR008508,Basic,299,2025-02-08,2025-07-18,Expired,True
SUB009741,USR008509,Basic,299,2025-05-16,2025-09-10,Cancelled,True
SUB009742,USR008510,Standard,499,2025-01-12,2025-11-24,Expired,True
SUB009743,USR008510,Premium,799,2025-11-25,2026-01-01,Active,True
SUB009744,USR008511,Basic,299,2025-03-03,2025-12-10,Expired,True
SUB009745,USR008512,Standard,499,2025-05-06,2025-10-11,Cancelled,True
SUB009746,USR008513,Basic,299,2025-05-28,2026-01-01,Active,True
SUB009747,USR008514,Mobile,149,2025-06-17,2026-01-01,Active,False
SUB009748,USR008515,Mobile,149,2025-02-18,2026-01-01,Active,False
SUB009749,USR008516,Standard,499,2025-06-22,2026-01-01,Active,True
SUB009750,USR008517,Mobile,149,2025-05-28,2026-01-01,Active,True
SUB009751,USR008518,Basic,299,2025-06-03,2026-01-01,Active,True
SUB009752,USR008519,Basic,299,2025-09-08,2026-01-01,Active,True
SUB009753,USR008520,Basic,299,2025-04-22,2026-01-01,Active,True
SUB009754,USR008521,Premium,799,2025-05-11,2026-01-01,Active,False
SUB009755,USR008522,Basic,299,2025-05-22,2026-01-01,Active,True
SUB009756,USR008523,Basic,299,2025-03-06,2025-06-11,Expired,True
SUB009757,USR008524,Mobile,149,2025-08-30,2026-01-01,Active,True
SUB009758,USR008525,Standard,499,2025-03-25,2025-08-24,Expired,False
SUB009759,USR008525,Standard,499,2025-08-25,2026-01-01,Active,True
SUB009760,USR008526,Basic,299,2025-05-14,2026-01-01,Active,False
SUB009761,USR008527,Standard,499,2025-02-28,2025-11-16,Cancelled,True
SUB009762,USR008528,Mobile,149,2025-01-19,2026-01-01,Active,True
SUB009763,USR008529,Mobile,149,2025-06-03,2025-09-09,Expired,True
SUB009764,USR008530,Basic,299,2025-05-11,2026-01-01,Active,True
SUB009765,USR008531,Standard,499,2025-01-29,2026-01-01,Active,True
SUB009766,USR008532,Basic,299,2025-04-05,2025-09-27,Cancelled,True
SUB009767,USR008533,Standard,499,2025-02-01,2025-09-30,Cancelled,False
SUB009768,USR008534,Basic,299,2025-03-04,2026-01-01,Active,True
SUB009769,USR008535,Standard,499,2025-04-14,2026-01-01,Active,True
SUB009770,USR008536,Basic,299,2025-02-06,2025-08-22,Cancelled,False
SUB009771,USR008536,Standard,499,2025-08-23,2026-01-01,Active,False
SUB009772,USR008537,Basic,299,2025-02-16,2025-09-15,Cancelled,True
SUB009773,USR008537,Basic,299,2025-09-16,2026-01-01,Active,True
SUB009774,USR008538,Mobile,149,2025-05-21,2026-01-01,Active,False
SUB009775,USR008539,Basic,299,2025-04-08,2025-11-24,Expired,True
SUB009776,USR008539,Standard,499,2025-11-25,2026-01-01,Active,True
SUB009777,USR008540,Mobile,149,2025-07-26,2026-01-01,Active,False
SUB009778,USR008541,Mobile,149,2025-06-11,2026-01-01,Active,False
SUB009779,USR008542,Basic,299,2025-03-18,2026-01-01,Active,False
SUB009780,USR008543,Standard,499,2025-09-23,2026-01-01,Active,True
SUB009781,USR008544,Mobile,149,2025-07-26,2026-01-01,Active,False
SUB009782,USR008545,Mobile,149,2025-04-25,2026-01-01,Active,True
SUB009783,USR008546,Premium,799,2025-02-24,2025-07-22,Cancelled,False
SUB009784,USR008547,Mobile,149,2025-06-07,2025-09-17,Expired,False
SUB009785,USR008548,Standard,499,2025-06-02,2026-01-01,Active,True
SUB009786,USR008549,Mobile,149,2025-03-26,2025-09-03,Cancelled,True
SUB009787,USR008550,Standard,499,2025-04-20,2026-01-01,Active,True
SUB009788,USR008551,Basic,299,2025-04-10,2025-09-06,Expired,True
SUB009789,USR008552,Premium,799,2025-07-05,2026-01-01,Active,True
SUB009790,USR008553,Standard,499,2025-06-18,2025-09-25,Expired,True
SUB009791,USR008554,Standard,499,2025-04-20,2026-01-01,Active,False
SUB009792,USR008555,Premium,799,2025-05-30,2025-12-14,Cancelled,False
SUB009793,USR008556,Basic,299,2025-03-21,2025-08-03,Cancelled,True
SUB009794,USR008557,Standard,499,2025-03-01,2026-01-01,Active,True
SUB009795,USR008558,Mobile,149,2025-04-04,2026-01-01,Active,False
SUB009796,USR008559,Basic,299,2025-08-01,2025-11-03,Cancelled,True
SUB009797,USR008560,Mobile,149,2025-02-10,2025-08-21,Cancelled,False
SUB009798,USR008561,Standard,499,2025-05-04,2025-12-26,Cancelled,True
SUB009799,USR008561,Premium,799,2025-12-27,2026-01-01,Active,True
SUB009800,USR008562,Basic,299,2025-03-15,2026-01-01,Active,True
SUB009801,USR008563,Mobile,149,2025-05-22,2025-12-12,Expired,True
SUB009802,USR008564,Standard,499,2025-01-13,2025-11-20,Expired,True
SUB009803,USR008565,Basic,299,2025-03-04,2026-01-01,Active,True
SUB009804,USR008566,Mobile,149,2025-04-16,2025-07-30,Cancelled,True
SUB009805,USR008567,Basic,299,2025-01-18,2025-10-15,Expired,True
SUB009806,USR008568,Standard,499,2025-09-07,2026-01-01,Active,True
SUB009807,USR008569,Premium,799,2025-07-07,2026-01-01,Active,True
SUB009808,USR008570,Mobile,149,2025-03-05,2025-10-18,Expired,True
SUB009809,USR008570,Premium,799,2025-10-19,2025-12-23,Expired,True
SUB009810,USR008571,Standard,499,2025-02-16,2025-08-28,Cancelled,False
SUB009811,USR008572,Mobile,149,2025-01-23,2025-05-05,Expired,False
SUB009812,USR008573,Premium,799,2025-03-31,2025-07-24,Expired,True
SUB009813,USR008574,Standard,499,2025-05-22,2026-01-01,Active,True
SUB009814,USR008575,Standard,499,2025-03-09,2026-01-01,Active,False
SUB009815,USR008576,Standard,499,2025-01-21,2025-06-11,Expired,True
SUB009816,USR008577,Basic,299,2025-04-18,2026-01-01,Active,True
SUB009817,USR008578,Standard,499,2025-03-03,2026-01-01,Active,True
SUB009818,USR008579,Mobile,149,2025-04-01,2025-11-26,Cancelled,True
SUB009819,USR008580,Mobile,149,2025-03-27,2025-11-02,Cancelled,True
SUB009820,USR008580,Standard,499,2025-11-03,2026-01-01,Active,True
SUB009821,USR008581,Basic,299,2025-03-27,2025-11-25,Cancelled,True
SUB009822,USR008581,Mobile,149,2025-11-26,2026-01-01,Active,False
SUB009823,USR008582,Basic,299,2025-07-02,2026-01-01,Active,True
SUB009824,USR008583,Standard,499,2025-07-01,2026-01-01,Active,True
SUB009825,USR008584,Mobile,149,2025-07-17,2026-01-01,Active,False
SUB009826,USR008585,Standard,499,2025-04-15,2026-01-01,Active,False
SUB009827,USR008586,Standard,499,2025-01-25,2025-08-02,Expired,True
SUB009828,USR008586,Standard,499,2025-08-03,2026-01-01,Active,False
SUB009829,USR008587,Mobile,149,2025-04-30,2026-01-01,Active,True
SUB009830,USR008588,Basic,299,2025-07-05,2025-10-22,Cancelled,True
SUB009831,USR008588,Basic,299,2025-10-23,2026-01-01,Active,True
SUB009832,USR008589,Basic,299,2025-05-25,2026-01-01,Active,False
SUB009833,USR008590,Mobile,149,2025-04-30,2026-01-01,Active,True
SUB009834,USR008591,Standard,499,2025-06-26,2026-01-01,Active,False
SUB009835,USR008592,Mobile,149,2025-06-17,2025-12-29,Expired,True
SUB009836,USR008593,Basic,299,2025-06-24,2026-01-01,Active,False
SUB009837,USR008594,Mobile,149,2025-04-18,2026-01-01,Active,True
SUB009838,USR008595,Basic,299,2025-06-19,2026-01-01,Active,True
SUB009839,USR008596,Basic,299,2025-02-17,2025-08-19,Cancelled,False
SUB009840,USR008596,Premium,799,2025-08-20,2026-01-01,Active,True
SUB009841,USR008597,Basic,299,2025-06-11,2026-01-01,Active,False
SUB009842,USR008598,Basic,299,2025-04-10,2026-01-01,Active,False
SUB009843,USR008599,Standard,499,2025-03-24,2026-01-01,Active,True
SUB009844,USR008600,Mobile,149,2025-03-10,2026-01-01,Active,False
SUB009845,USR008601,Mobile,149,2025-02-06,2025-11-14,Expired,True
SUB009846,USR008601,Standard,499,2025-11-15,2026-01-01,Active,True
SUB009847,USR008602,Standard,499,2025-03-01,2025-08-01,Cancelled,True
SUB009848,USR008603,Standard,499,2025-06-05,2026-01-01,Active,True
SUB009849,USR008604,Standard,499,2025-07-15,2026-01-01,Active,True
SUB009850,USR008605,Standard,499,2025-03-17,2025-07-12,Cancelled,True
SUB009851,USR008606,Basic,299,2025-02-05,2025-07-25,Expired,True
SUB009852,USR008607,Mobile,149,2025-05-16,2025-09-28,Cancelled,True
SUB009853,USR008608,Mobile,149,2025-04-11,2026-01-01,Active,True
SUB009854,USR008609,Basic,299,2025-02-01,2025-10-02,Cancelled,True
SUB009855,USR008609,Premium,799,2025-10-03,2025-12-19,Cancelled,False
SUB009856,USR008610,Basic,299,2025-03-24,2026-01-01,Active,True
SUB009857,USR008611,Basic,299,2025-07-07,2026-01-01,Active,True
SUB009858,USR008612,Premium,799,2025-03-04,2026-01-01,Active,True
SUB009859,USR008613,Basic,299,2025-05-25,2026-01-01,Active,True
SUB009860,USR008614,Basic,299,2025-03-10,2025-09-13,Expired,True
SUB009861,USR008615,Mobile,149,2025-05-24,2025-09-22,Expired,False
SUB009862,USR008616,Basic,299,2025-06-29,2026-01-01,Active,True
SUB009863,USR008617,Standard,499,2025-04-26,2025-09-14,Expired,False
SUB009864,USR008618,Basic,299,2025-01-28,2025-08-30,Cancelled,True
SUB009865,USR008619,Mobile,149,2025-06-11,2026-01-01,Active,False
SUB009866,USR008620,Basic,299,2025-05-07,2025-08-17,Cancelled,True
SUB009867,USR008620,Basic,299,2025-08-18,2026-01-01,Active,True
SUB009868,USR008621,Basic,299,2025-07-29,2026-01-01,Active,True
SUB009869,USR008622,Basic,299,2025-02-12,2025-08-05,Expired,False
SUB009870,USR008623,Standard,499,2025-04-12,2026-01-01,Active,True
SUB009871,USR008624,Basic,299,2025-09-10,2026-01-01,Active,True
SUB009872,USR008625,Standard,499,2025-03-03,2025-11-17,Cancelled,False
SUB009873,USR008626,Mobile,149,2025-02-07,2026-01-01,Active,True
SUB009874,USR008627,Basic,299,2025-05-08,2026-01-01,Active,False
SUB009875,USR008628,Premium,799,2025-05-13,2025-09-08,Cancelled,True
SUB009876,USR008629,Standard,499,2025-03-08,2025-06-28,Cancelled,False
SUB009877,USR008630,Basic,299,2025-06-23,2026-01-01,Active,True
SUB009878,USR008631,Mobile,149,2025-04-22,2025-09-20,Expired,True
SUB009879,USR008632,Mobile,149,2025-05-06,2025-08-08,Cancelled,True
SUB009880,USR008633,Basic,299,2025-05-13,2026-01-01,Active,True
SUB009881,USR008634,Premium,799,2025-05-13,2025-08-22,Cancelled,False
SUB009882,USR008634,Basic,299,2025-08-23,2025-10-31,Expired,True
SUB009883,USR008635,Standard,499,2025-06-22,2026-01-01,Active,True
SUB009884,USR008636,Mobile,149,2025-06-02,2026-01-01,Active,True
SUB009885,USR008637,Standard,499,2025-01-26,2025-09-07,Expired,True
SUB009886,USR008638,Standard,499,2025-03-14,2026-01-01,Active,True
SUB009887,USR008639,Standard,499,2025-05-22,2025-09-21,Cancelled,True
SUB009888,USR008640,Standard,499,2025-03-22,2025-12-13,Cancelled,True
SUB009889,USR008641,Basic,299,2025-03-26,2025-08-27,Expired,True
SUB009890,USR008642,Basic,299,2025-06-15,2026-01-01,Active,True
SUB009891,USR008643,Standard,499,2025-03-22,2025-09-19,Expired,True
SUB009892,USR008644,Standard,499,2025-04-05,2026-01-01,Active,True
SUB009893,USR008645,Premium,799,2025-04-13,2026-01-01,Active,False
SUB009894,USR008646,Mobile,149,2025-05-10,2026-01-01,Active,False
SUB009895,USR008647,Basic,299,2025-08-23,2026-01-01,Active,False
SUB009896,USR008648,Basic,299,2025-05-01,2026-01-01,Active,True
SUB009897,USR008649,Basic,299,2025-04-03,2025-08-31,Expired,False
SUB009898,USR008650,Standard,499,2025-02-25,2026-01-01,Active,True
SUB009899,USR008651,Premium,799,2025-05-10,2026-01-01,Active,False
SUB009900,USR008652,Premium,799,2025-03-12,2026-01-01,Active,True
SUB009901,USR008653,Premium,799,2025-03-14,2025-07-29,Expired,False
SUB009902,USR008654,Standard,499,2025-07-09,2026-01-01,Active,False
SUB009903,USR008655,Mobile,149,2025-03-31,2025-09-11,Cancelled,True
SUB009904,USR008656,Standard,499,2025-09-23,2026-01-01,Active,True
SUB009905,USR008657,Standard,499,2025-07-29,2026-01-01,Active,True
SUB009906,USR008658,Premium,799,2025-03-11,2026-01-01,Active,True
SUB009907,USR008659,Premium,799,2025-07-01,2025-12-30,Expired,True
SUB009908,USR008659,Standard,499,2025-12-31,2026-01-01,Active,True
SUB009909,USR008660,Basic,299,2025-03-29,2025-12-31,Cancelled,False
SUB009910,USR008661,Standard,499,2025-02-08,2026-01-01,Active,True
SUB009911,USR008662,Mobile,149,2025-04-02,2026-01-01,Active,False
SUB009912,USR008663,Premium,799,2025-07-10,2026-01-01,Active,False
SUB009913,USR008664,Standard,499,2025-03-07,2025-12-14,Cancelled,False
SUB009914,USR008664,Basic,299,2025-12-15,2026-01-01,Active,True
SUB009915,USR008665,Basic,299,2025-03-27,2025-12-16,Expired,False
SUB009916,USR008666,Mobile,149,2025-04-18,2026-01-01,Active,False
SUB009917,USR008667,Mobile,149,2025-05-28,2025-10-10,Cancelled,True
SUB009918,USR008668,Premium,799,2025-02-08,2025-08-03,Cancelled,True
SUB009919,USR008668,Basic,299,2025-08-04,2025-10-20,Expired,True
SUB009920,USR008669,Mobile,149,2025-06-19,2026-01-01,Active,False
SUB009921,USR008670,Standard,499,2025-03-05,2026-01-01,Active,True
SUB009922,USR008671,Premium,799,2025-07-16,2025-10-22,Expired,True
SUB009923,USR008671,Basic,299,2025-10-23,2026-01-01,Active,True
SUB009924,USR008672,Standard,499,2025-05-28,2026-01-01,Active,False
SUB009925,USR008673,Mobile,149,2025-07-13,2025-12-27,Expired,False
SUB009926,USR008673,Premium,799,2025-12-28,2026-01-01,Active,True
SUB009927,USR008674,Basic,299,2025-03-12,2025-08-16,Expired,True
SUB009928,USR008674,Mobile,149,2025-08-17,2026-01-01,Active,True
SUB009929,USR008675,Standard,499,2025-03-31,2025-07-12,Cancelled,True
SUB009930,USR008676,Basic,299,2025-05-10,2026-01-01,Active,False
SUB009931,USR008677,Standard,499,2025-06-21,2026-01-01,Active,True
SUB009932,USR008678,Premium,799,2025-04-10,2025-10-17,Cancelled,True
SUB009933,USR008678,Basic,299,2025-10-18,2026-01-01,Active,True
SUB009934,USR008679,Mobile,149,2025-07-07,2026-01-01,Active,True
SUB009935,USR008680,Mobile,149,2025-02-21,2026-01-01,Active,True
SUB009936,USR008681,Basic,299,2025-03-29,2026-01-01,Active,False
SUB009937,USR008682,Mobile,149,2025-05-02,2026-01-01,Active,True
SUB009938,USR008683,Standard,499,2025-03-28,2026-01-01,Active,True
SUB009939,USR008684,Mobile,149,2025-01-22,2025-11-03,Expired,True
SUB009940,USR008685,Mobile,149,2025-03-05,2025-09-23,Expired,False
SUB009941,USR008686,Premium,799,2025-03-12,2026-01-01,Active,True
SUB009942,USR008687,Basic,299,2025-04-23,2026-01-01,Active,True
SUB009943,USR008688,Standard,499,2025-04-04,2025-08-14,Expired,True
SUB009944,USR008688,Basic,299,2025-08-15,2026-01-01,Active,False
SUB009945,USR008689,Premium,799,2025-04-20,2025-10-23,Cancelled,False
SUB009946,USR008690,Mobile,149,2025-03-03,2026-01-01,Active,True
SUB009947,USR008691,Standard,499,2025-05-23,2026-01-01,Active,True
SUB009948,USR008692,Standard,499,2025-02-16,2026-01-01,Active,True
SUB009949,USR008693,Premium,799,2025-06-07,2025-10-06,Cancelled,False
SUB009950,USR008694,Standard,499,2025-08-15,2026-01-01,Active,True
SUB009951,USR008695,Standard,499,2025-06-30,2026-01-01,Active,True
SUB009952,USR008696,Mobile,149,2025-02-21,2025-12-17,Cancelled,True
SUB009953,USR008696,Standard,499,2025-12-18,2026-01-01,Active,True
SUB009954,USR008697,Mobile,149,2025-04-20,2026-01-01,Active,False
SUB009955,USR008698,Premium,799,2025-06-21,2026-01-01,Active,True
SUB009956,USR008699,Mobile,149,2025-04-13,2026-01-01,Active,True
SUB009957,USR008700,Basic,299,2025-08-13,2026-01-01,Active,True
SUB009958,USR008701,Premium,799,2025-04-12,2026-01-01,Active,True
SUB009959,USR008702,Standard,499,2025-06-13,2026-01-01,Active,True
SUB009960,USR008703,Mobile,149,2025-03-22,2025-11-20,Cancelled,True
SUB009961,USR008703,Premium,799,2025-11-21,2026-01-01,Active,False
SUB009962,USR008704,Standard,499,2025-05-21,2025-12-01,Cancelled,True
SUB009963,USR008705,Basic,299,2025-03-21,2025-09-29,Expired,True
SUB009964,USR008705,Standard,499,2025-09-30,2026-01-01,Active,True
SUB009965,USR008706,Mobile,149,2025-03-25,2026-01-01,Active,False
SUB009966,USR008707,Basic,299,2025-06-24,2025-10-03,Expired,True
SUB009967,USR008708,Standard,499,2025-01-12,2025-10-31,Expired,True
SUB009968,USR008709,Premium,799,2025-01-28,2026-01-01,Active,False
SUB009969,USR008710,Standard,499,2025-02-04,2026-01-01,Active,False
SUB009970,USR008711,Standard,499,2025-07-29,2025-11-15,Cancelled,True
SUB009971,USR008712,Mobile,149,2025-02-23,2025-10-08,Expired,False
SUB009972,USR008713,Standard,499,2025-10-09,2026-01-01,Active,True
SUB009973,USR008714,Mobile,149,2025-01-29,2026-01-01,Active,True
SUB009974,USR008715,Mobile,149,2025-01-20,2026-01-01,Active,False
SUB009975,USR008716,Basic,299,2025-03-09,2026-01-01,Active,True
SUB009976,USR008717,Premium,799,2025-04-07,2026-01-01,Active,False
SUB009977,USR008718,Basic,299,2025-06-01,2026-01-01,Active,False
SUB009978,USR008719,Premium,799,2025-03-07,2025-11-22,Expired,True
SUB009979,USR008719,Premium,799,2025-11-23,2026-01-01,Active,True
SUB009980,USR008720,Mobile,149,2025-07-24,2026-01-01,Active,False
SUB009981,USR008721,Basic,299,2025-06-23,2026-01-01,Active,True
SUB009982,USR008722,Standard,499,2025-03-24,2026-01-01,Active,False
SUB009983,USR008723,Basic,299,2025-06-05,2026-01-01,Active,True
SUB009984,USR008724,Basic,299,2025-03-24,2025-12-30,Expired,True
SUB009985,USR008725,Standard,499,2025-03-10,2025-06-23,Cancelled,True
SUB009986,USR008725,Standard,499,2025-06-24,2026-01-01,Active,True
SUB009987,USR008726,Standard,499,2025-06-06,2026-01-01,Active,True
SUB009988,USR008727,Standard,499,2025-03-19,2025-08-09,Expired,True
SUB009989,USR008727,Standard,499,2025-08-10,2026-01-01,Active,True
SUB009990,USR008728,Standard,499,2025-05-27,2026-01-01,Active,True
SUB009991,USR008729,Mobile,149,2025-04-14,2025-10-30,Cancelled,True
SUB009992,USR008730,Premium,799,2025-06-25,2025-10-12,Cancelled,True
SUB009993,USR008730,Mobile,149,2025-10-13,2026-01-01,Active,True
SUB009994,USR008731,Standard,499,2025-05-07,2026-01-01,Active,True
SUB009995,USR008732,Standard,499,2025-06-06,2026-01-01,Active,True
SUB009996,USR008733,Basic,299,2025-04-05,2025-09-30,Expired,True
SUB009997,USR008734,Standard,499,2025-07-13,2026-01-01,Active,True
SUB009998,USR008735,Standard,499,2025-03-03,2025-11-16,Cancelled,False
SUB009999,USR008736,Mobile,149,2025-06-03,2025-10-31,Cancelled,False
SUB010000,USR008737,Standard,499,2025-01-29,2026-01-01,Active,True
SUB010001,USR008738,Standard,499,2025-05-22,2026-01-01,Active,True
SUB010002,USR008739,Premium,799,2025-05-25,2026-01-01,Active,True
SUB010003,USR008740,Premium,799,2025-08-15,2026-01-01,Active,False
SUB010004,USR008741,Premium,799,2025-05-29,2026-01-01,Active,False
SUB010005,USR008742,Basic,299,2025-02-18,2025-10-25,Expired,True
SUB010006,USR008742,Basic,299,2025-10-26,2026-01-01,Active,True
SUB010007,USR008743,Premium,799,2025-04-23,2026-01-01,Active,False
SUB010008,USR008744,Standard,499,2025-03-08,2026-01-01,Active,False
SUB010009,USR008745,Premium,799,2025-03-02,2026-01-01,Active,True
SUB010010,USR008746,Mobile,149,2025-04-08,2025-10-13,Expired,False
SUB010011,USR008747,Premium,799,2025-01-07,2026-01-01,Active,False
SUB010012,USR008748,Premium,799,2025-08-06,2026-01-01,Active,True
SUB010013,USR008749,Mobile,149,2025-05-05,2026-01-01,Active,True
SUB010014,USR008750,Basic,299,2025-02-18,2025-06-08,Expired,False
SUB010015,USR008751,Basic,299,2025-03-13,2025-08-05,Cancelled,False
SUB010016,USR008752,Mobile,149,2025-04-11,2025-08-10,Expired,False
SUB010017,USR008752,Basic,299,2025-08-11,2026-01-01,Active,True
SUB010018,USR008753,Basic,299,2025-03-01,2025-06-28,Expired,True
SUB010019,USR008753,Premium,799,2025-06-29,2025-09-10,Expired,True
SUB010020,USR008754,Premium,799,2025-03-06,2025-10-29,Expired,True
SUB010021,USR008754,Standard,499,2025-10-30,2026-01-01,Active,True
SUB010022,USR008755,Basic,299,2025-04-17,2025-09-25,Expired,False
SUB010023,USR008756,Standard,499,2025-07-15,2025-11-20,Cancelled,False
SUB010024,USR008756,Premium,799,2025-11-21,2026-01-01,Active,False
SUB010025,USR008757,Premium,799,2025-06-30,2026-01-01,Active,True
SUB010026,USR008758,Standard,499,2025-05-31,2025-11-16,Expired,False
SUB010027,USR008759,Basic,299,2025-02-17,2026-01-01,Active,True
SUB010028,USR008760,Premium,799,2025-03-15,2025-10-03,Cancelled,False
SUB010029,USR008761,Standard,499,2025-05-25,2025-12-02,Cancelled,True
SUB010030,USR008762,Mobile,149,2025-03-03,2025-09-15,Cancelled,True
SUB010031,USR008762,Mobile,149,2025-09-16,2026-01-01,Active,True
SUB010032,USR008763,Standard,499,2025-05-11,2026-01-01,Active,True
SUB010033,USR008764,Standard,499,2025-01-17,2025-06-25,Cancelled,True
SUB010034,USR008764,Standard,499,2025-06-26,2025-12-07,Cancelled,True
SUB010035,USR008765,Standard,499,2025-05-12,2026-01-01,Active,True
SUB010036,USR008766,Mobile,149,2025-08-11,2026-01-01,Active,False
SUB010037,USR008767,Basic,299,2025-07-11,2026-01-01,Active,False
SUB010038,USR008768,Standard,499,2025-07-11,2025-10-15,Expired,True
SUB010039,USR008769,Standard,499,2025-06-02,2026-01-01,Active,False
SUB010040,USR008770,Premium,799,2025-05-01,2026-01-01,Active,True
SUB010041,USR008771,Standard,499,2025-08-17,2026-01-01,Active,True
SUB010042,USR008772,Standard,499,2025-03-06,2026-01-01,Active,True
SUB010043,USR008773,Basic,299,2025-05-27,2026-01-01,Active,False
SUB010044,USR008774,Standard,499,2025-06-17,2026-01-01,Active,False
SUB010045,USR008775,Standard,499,2025-03-08,2026-01-01,Active,False
SUB010046,USR008776,Basic,299,2025-04-11,2025-11-26,Expired,True
SUB010047,USR008776,Premium,799,2025-11-27,2026-01-01,Active,True
SUB010048,USR008777,Standard,499,2025-04-12,2025-08-18,Expired,False
SUB010049,USR008778,Standard,499,2025-07-02,2026-01-01,Active,True
SUB010050,USR008779,Premium,799,2025-04-08,2026-01-01,Active,True
SUB010051,USR008780,Premium,799,2025-03-22,2025-11-11,Cancelled,False
SUB010052,USR008781,Basic,299,2025-06-26,2025-10-08,Expired,False
SUB010053,USR008782,Basic,299,2025-08-09,2026-01-01,Active,True
SUB010054,USR008783,Premium,799,2025-08-03,2026-01-01,Active,True
SUB010055,USR008784,Standard,499,2025-02-03,2025-06-03,Expired,False
SUB010056,USR008785,Basic,299,2025-06-15,2026-01-01,Active,True
SUB010057,USR008786,Standard,499,2025-02-02,2025-07-08,Expired,True
SUB010058,USR008786,Basic,299,2025-07-09,2025-09-26,Expired,False
SUB010059,USR008787,Standard,499,2025-07-07,2026-01-01,Active,True
SUB010060,USR008788,Standard,499,2025-07-29,2026-01-01,Active,True
SUB010061,USR008789,Standard,499,2025-04-16,2026-01-01,Active,False
SUB010062,USR008790,Standard,499,2025-02-11,2026-01-01,Active,True
SUB010063,USR008791,Basic,299,2025-06-13,2026-01-01,Active,True
SUB010064,USR008792,Standard,499,2025-01-27,2025-04-29,Cancelled,False
SUB010065,USR008792,Basic,299,2025-04-30,2025-08-01,Cancelled,False
SUB010066,USR008793,Standard,499,2025-02-04,2025-09-01,Expired,False
SUB010067,USR008793,Mobile,149,2025-09-02,2026-01-01,Active,True
SUB010068,USR008794,Standard,499,2025-07-07,2025-12-26,Expired,True
SUB010069,USR008795,Standard,499,2025-02-12,2026-01-01,Active,True
SUB010070,USR008796,Standard,499,2025-08-23,2026-01-01,Active,True
SUB010071,USR008797,Standard,499,2025-07-21,2026-01-01,Active,True
SUB010072,USR008798,Premium,799,2025-03-19,2025-11-17,Cancelled,True
SUB010073,USR008799,Basic,299,2025-01-29,2026-01-01,Active,False
SUB010074,USR008800,Premium,799,2025-02-18,2025-12-17,Cancelled,False
SUB010075,USR008800,Basic,299,2025-12-18,2026-01-01,Active,False
SUB010076,USR008801,Premium,799,2025-06-29,2026-01-01,Active,True
SUB010077,USR008802,Standard,499,2025-09-26,2026-01-01,Active,True
SUB010078,USR008803,Premium,799,2025-03-15,2026-01-01,Active,True
SUB010079,USR008804,Standard,499,2025-07-23,2026-01-01,Active,True
SUB010080,USR008805,Basic,299,2025-05-15,2025-12-29,Cancelled,True
SUB010081,USR008806,Mobile,149,2025-05-01,2025-08-11,Expired,True
SUB010082,USR008807,Basic,299,2025-05-19,2025-08-21,Expired,True
SUB010083,USR008808,Basic,299,2025-05-13,2025-09-04,Expired,True
SUB010084,USR008809,Standard,499,2025-02-15,2026-01-01,Active,False
SUB010085,USR008810,Mobile,149,2025-06-08,2026-01-01,Active,True
SUB010086,USR008811,Standard,499,2025-06-25,2026-01-01,Active,True
SUB010087,USR008812,Basic,299,2025-02-22,2026-01-01,Active,True
SUB010088,USR008813,Mobile,149,2025-07-21,2026-01-01,Active,True
SUB010089,USR008814,Mobile,149,2025-04-14,2025-07-31,Cancelled,True
SUB010090,USR008814,Standard,499,2025-08-01,2026-01-01,Active,True
SUB010091,USR008815,Mobile,149,2025-01-21,2025-08-30,Expired,True
SUB010092,USR008816,Standard,499,2025-02-18,2025-09-22,Cancelled,True
SUB010093,USR008816,Standard,499,2025-09-23,2026-01-01,Active,True
SUB010094,USR008817,Basic,299,2025-02-12,2025-09-30,Cancelled,True
SUB010095,USR008818,Standard,499,2025-03-21,2026-01-01,Active,True
SUB010096,USR008819,Standard,499,2025-06-26,2025-12-05,Cancelled,True
SUB010097,USR008820,Standard,499,2025-06-11,2025-10-29,Expired,False
SUB010098,USR008821,Standard,499,2025-01-27,2025-09-17,Expired,True
SUB010099,USR008822,Premium,799,2025-02-08,2025-09-13,Cancelled,True
SUB010100,USR008823,Basic,299,2025-09-17,2026-01-01,Active,False
SUB010101,USR008824,Basic,299,2025-01-15,2025-11-05,Expired,True
SUB010102,USR008825,Mobile,149,2025-05-02,2026-01-01,Active,False
SUB010103,USR008826,Basic,299,2025-01-14,2025-05-14,Expired,False
SUB010104,USR008827,Mobile,149,2025-02-12,2025-12-20,Cancelled,True
SUB010105,USR008828,Basic,299,2025-08-10,2026-01-01,Active,False
SUB010106,USR008829,Basic,299,2025-05-01,2025-08-08,Cancelled,False
SUB010107,USR008830,Basic,299,2025-01-19,2025-05-25,Cancelled,True
SUB010108,USR008831,Premium,799,2025-03-02,2025-07-16,Cancelled,True
SUB010109,USR008831,Standard,499,2025-07-17,2026-01-01,Active,True
SUB010110,USR008832,Mobile,149,2025-02-08,2026-01-01,Active,True
SUB010111,USR008833,Standard,499,2025-06-29,2026-01-01,Active,False
SUB010112,USR008834,Premium,799,2025-03-17,2026-01-01,Active,True
SUB010113,USR008835,Basic,299,2025-04-17,2025-09-07,Cancelled,True
SUB010114,USR008835,Standard,499,2025-09-08,2026-01-01,Active,True
SUB010115,USR008836,Mobile,149,2025-04-24,2025-11-08,Cancelled,True
SUB010116,USR008837,Mobile,149,2025-07-19,2026-01-01,Active,True
SUB010117,USR008838,Basic,299,2025-06-17,2025-12-03,Expired,False
SUB010118,USR008839,Premium,799,2025-08-01,2026-01-01,Active,False
SUB010119,USR008840,Standard,499,2025-02-19,2025-11-02,Expired,False
SUB010120,USR008840,Mobile,149,2025-11-03,2026-01-01,Active,True
SUB010121,USR008841,Basic,299,2025-01-29,2026-01-01,Active,False
SUB010122,USR008842,Mobile,149,2025-04-09,2025-12-28,Expired,False
SUB010123,USR008843,Mobile,149,2025-08-30,2026-01-01,Active,False
SUB010124,USR008844,Mobile,149,2025-06-23,2026-01-01,Active,True
SUB010125,USR008845,Basic,299,2025-06-01,2026-01-01,Active,True
SUB010126,USR008846,Standard,499,2025-05-01,2026-01-01,Active,True
SUB010127,USR008847,Standard,499,2025-02-23,2025-07-12,Expired,True
SUB010128,USR008847,Mobile,149,2025-07-13,2026-01-01,Active,True
SUB010129,USR008848,Standard,499,2025-05-19,2025-12-11,Expired,False
SUB010130,USR008848,Basic,299,2025-12-12,2026-01-01,Active,True
SUB010131,USR008849,Mobile,149,2025-01-10,2025-11-21,Cancelled,True
SUB010132,USR008850,Mobile,149,2025-07-04,2026-01-01,Active,True
SUB010133,USR008851,Standard,499,2025-06-02,2026-01-01,Active,True
SUB010134,USR008852,Standard,499,2025-04-01,2025-07-06,Cancelled,True
SUB010135,USR008853,Standard,499,2025-05-22,2026-01-01,Active,False
SUB010136,USR008854,Basic,299,2025-03-07,2025-12-19,Expired,True
SUB010137,USR008854,Standard,499,2025-12-20,2026-01-01,Active,True
SUB010138,USR008855,Basic,299,2025-03-18,2025-07-13,Expired,True
SUB010139,USR008856,Standard,499,2025-06-09,2025-09-21,Expired,True
SUB010140,USR008857,Basic,299,2025-06-21,2026-01-01,Active,True
SUB010141,USR008858,Premium,799,2025-02-12,2026-01-01,Active,True
SUB010142,USR008859,Standard,499,2025-03-18,2025-11-11,Cancelled,True
SUB010143,USR008860,Basic,299,2025-04-12,2025-12-20,Cancelled,True
SUB010144,USR008861,Standard,499,2025-05-28,2025-09-08,Expired,True
SUB010145,USR008862,Standard,499,2025-03-16,2026-01-01,Active,True
SUB010146,USR008863,Mobile,149,2025-05-29,2025-10-03,Expired,True
SUB010147,USR008863,Basic,299,2025-10-04,2026-01-01,Active,True
SUB010148,USR008864,Basic,299,2025-08-12,2026-01-01,Active,True
SUB010149,USR008865,Standard,499,2025-02-11,2025-06-15,Expired,True
SUB010150,USR008866,Standard,499,2025-06-10,2026-01-01,Active,True
SUB010151,USR008867,Mobile,149,2025-02-09,2025-12-13,Cancelled,False
SUB010152,USR008867,Basic,299,2025-12-14,2026-01-01,Active,False
SUB010153,USR008868,Basic,299,2025-06-04,2026-01-01,Active,False
SUB010154,USR008869,Standard,499,2025-03-05,2025-12-06,Expired,True
SUB010155,USR008869,Mobile,149,2025-12-07,2026-01-01,Active,False
SUB010156,USR008870,Standard,499,2025-06-04,2026-01-01,Active,True
SUB010157,USR008871,Premium,799,2025-03-08,2025-12-17,Cancelled,False
SUB010158,USR008871,Standard,499,2025-12-18,2026-01-01,Active,True
SUB010159,USR008872,Standard,499,2025-03-08,2025-07-05,Expired,True
SUB010160,USR008873,Basic,299,2025-04-24,2026-01-01,Active,True
SUB010161,USR008874,Premium,799,2025-02-26,2025-10-16,Cancelled,True
SUB010162,USR008874,Basic,299,2025-10-17,2026-01-01,Active,True
SUB010163,USR008875,Standard,499,2025-02-03,2026-01-01,Active,True
SUB010164,USR008876,Premium,799,2025-02-08,2025-12-14,Cancelled,False
SUB010165,USR008877,Mobile,149,2025-02-03,2025-07-28,Expired,True
SUB010166,USR008878,Standard,499,2025-07-05,2025-11-09,Cancelled,False
SUB010167,USR008879,Standard,499,2025-04-24,2025-08-13,Expired,True
SUB010168,USR008880,Standard,499,2025-07-12,2026-01-01,Active,True
SUB010169,USR008881,Standard,499,2025-03-01,2025-12-07,Cancelled,True
SUB010170,USR008882,Basic,299,2025-03-10,2025-06-20,Cancelled,False
SUB010171,USR008883,Premium,799,2025-08-04,2026-01-01,Active,True
SUB010172,USR008884,Mobile,149,2025-02-10,2025-09-06,Cancelled,True
SUB010173,USR008884,Basic,299,2025-09-07,2026-01-01,Active,False
SUB010174,USR008885,Mobile,149,2025-04-11,2026-01-01,Active,False
SUB010175,USR008886,Standard,499,2025-06-13,2025-09-29,Cancelled,True
SUB010176,USR008887,Premium,799,2025-07-06,2025-11-30,Expired,True
SUB010177,USR008887,Premium,799,2025-12-01,2026-01-01,Active,True
SUB010178,USR008888,Premium,799,2025-02-14,2025-08-17,Expired,True
SUB010179,USR008889,Premium,799,2025-05-22,2026-01-01,Active,False
SUB010180,USR008890,Basic,299,2025-02-26,2025-06-15,Expired,False
SUB010181,USR008891,Basic,299,2025-09-23,2026-01-01,Active,True
SUB010182,USR008892,Premium,799,2025-03-02,2025-10-04,Expired,True
SUB010183,USR008893,Premium,799,2025-04-11,2026-01-01,Active,True
SUB010184,USR008894,Premium,799,2025-03-01,2026-01-01,Active,False
SUB010185,USR008895,Basic,299,2025-06-30,2026-01-01,Active,False
SUB010186,USR008896,Mobile,149,2025-07-09,2026-01-01,Active,True
SUB010187,USR008897,Mobile,149,2025-06-11,2026-01-01,Active,True
SUB010188,USR008898,Basic,299,2025-02-21,2026-01-01,Active,True
SUB010189,USR008899,Standard,499,2025-06-13,2025-12-25,Cancelled,True
SUB010190,USR008899,Premium,799,2025-12-26,2026-01-01,Active,True
SUB010191,USR008900,Mobile,149,2025-02-04,2025-12-28,Cancelled,False
SUB010192,USR008901,Mobile,149,2025-01-24,2025-10-01,Cancelled,True
SUB010193,USR008902,Basic,299,2025-04-13,2025-10-24,Expired,True
SUB010194,USR008902,Mobile,149,2025-10-25,2026-01-01,Active,True
SUB010195,USR008903,Mobile,149,2025-05-23,2026-01-01,Active,False
SUB010196,USR008904,Standard,499,2025-08-06,2026-01-01,Active,True
SUB010197,USR008905,Mobile,149,2025-01-18,2026-01-01,Active,False
SUB010198,USR008906,Basic,299,2025-02-07,2026-01-01,Active,False
SUB010199,USR008907,Mobile,149,2025-03-11,2026-01-01,Active,False
SUB010200,USR008908,Standard,499,2025-03-28,2026-01-01,Active,True
SUB010201,USR008909,Mobile,149,2025-08-14,2026-01-01,Active,False
SUB010202,USR008910,Premium,799,2025-04-22,2026-01-01,Active,True
SUB010203,USR008911,Standard,499,2025-05-07,2025-11-05,Expired,True
SUB010204,USR008911,Standard,499,2025-11-06,2026-01-01,Active,True
SUB010205,USR008912,Premium,799,2025-06-29,2026-01-01,Active,True
SUB010206,USR008913,Mobile,149,2025-06-19,2025-10-30,Expired,True
SUB010207,USR008914,Premium,799,2025-05-07,2026-01-01,Active,True
SUB010208,USR008915,Premium,799,2025-05-27,2025-12-24,Expired,True
SUB010209,USR008916,Standard,499,2025-05-25,2026-01-01,Active,True
SUB010210,USR008917,Standard,499,2025-01-05,2025-05-01,Expired,True
SUB010211,USR008918,Basic,299,2025-05-01,2026-01-01,Active,True
SUB010212,USR008919,Standard,499,2025-05-24,2025-11-26,Expired,True
SUB010213,USR008919,Standard,499,2025-11-27,2026-01-01,Active,False
SUB010214,USR008920,Standard,499,2025-06-26,2025-10-06,Expired,False
SUB010215,USR008920,Standard,499,2025-10-07,2026-01-01,Active,False
SUB010216,USR008921,Mobile,149,2025-06-12,2026-01-01,Active,True
SUB010217,USR008922,Mobile,149,2025-03-06,2026-01-01,Active,True
SUB010218,USR008923,Basic,299,2025-03-13,2026-01-01,Active,True
SUB010219,USR008924,Mobile,149,2025-01-28,2025-06-17,Expired,True
SUB010220,USR008924,Mobile,149,2025-06-18,2026-01-01,Active,False
SUB010221,USR008925,Basic,299,2025-02-05,2025-06-21,Expired,True
SUB010222,USR008925,Mobile,149,2025-06-22,2025-12-22,Cancelled,True
SUB010223,USR008926,Basic,299,2025-05-25,2025-09-08,Cancelled,True
SUB010224,USR008927,Basic,299,2025-03-28,2025-08-06,Expired,False
SUB010225,USR008928,Mobile,149,2025-07-04,2026-01-01,Active,False
SUB010226,USR008929,Basic,299,2025-02-13,2025-07-08,Expired,False
SUB010227,USR008929,Standard,499,2025-07-09,2025-09-21,Expired,False
SUB010228,USR008930,Standard,499,2025-01-26,2025-07-08,Cancelled,True
SUB010229,USR008931,Basic,299,2025-07-17,2026-01-01,Active,True
SUB010230,USR008932,Mobile,149,2025-03-25,2025-10-08,Cancelled,True
SUB010231,USR008933,Mobile,149,2025-03-26,2025-11-25,Cancelled,False
SUB010232,USR008934,Basic,299,2025-01-09,2026-01-01,Active,False
SUB010233,USR008935,Mobile,149,2025-05-08,2026-01-01,Active,True
SUB010234,USR008936,Mobile,149,2025-03-27,2026-01-01,Active,False
SUB010235,USR008937,Mobile,149,2025-02-10,2025-09-18,Expired,False
SUB010236,USR008937,Basic,299,2025-09-19,2026-01-01,Active,False
SUB010237,USR008938,Mobile,149,2025-05-02,2026-01-01,Active,False
SUB010238,USR008939,Premium,799,2025-06-20,2026-01-01,Active,False
SUB010239,USR008940,Mobile,149,2025-03-14,2026-01-01,Active,True
SUB010240,USR008941,Basic,299,2025-05-29,2026-01-01,Active,True
SUB010241,USR008942,Mobile,149,2025-05-30,2026-01-01,Active,True
SUB010242,USR008943,Basic,299,2025-01-15,2025-12-06,Expired,True
SUB010243,USR008943,Mobile,149,2025-12-07,2026-01-01,Active,True
SUB010244,USR008944,Premium,799,2025-02-04,2025-05-28,Cancelled,True
SUB010245,USR008945,Premium,799,2025-02-23,2025-09-05,Expired,True
SUB010246,USR008945,Standard,499,2025-09-06,2026-01-01,Active,True
SUB010247,USR008946,Mobile,149,2025-02-24,2025-09-26,Expired,True
SUB010248,USR008947,Standard,499,2025-04-09,2026-01-01,Active,True
SUB010249,USR008948,Standard,499,2025-06-20,2026-01-01,Active,True
SUB010250,USR008949,Basic,299,2025-04-15,2026-01-01,Active,True
SUB010251,USR008950,Premium,799,2025-05-09,2026-01-01,Active,False
SUB010252,USR008951,Premium,799,2025-05-26,2025-12-25,Cancelled,True
SUB010253,USR008952,Mobile,149,2025-04-19,2026-01-01,Active,False
SUB010254,USR008953,Basic,299,2025-03-06,2025-10-02,Cancelled,False
SUB010255,USR008954,Standard,499,2025-02-16,2025-07-22,Expired,True
SUB010256,USR008955,Mobile,149,2025-03-15,2025-09-15,Expired,False
SUB010257,USR008956,Standard,499,2025-06-27,2026-01-01,Active,True
SUB010258,USR008957,Mobile,149,2025-03-08,2025-09-09,Cancelled,True
SUB010259,USR008957,Premium,799,2025-09-10,2026-01-01,Active,False
SUB010260,USR008958,Standard,499,2025-01-20,2025-11-17,Expired,True
SUB010261,USR008959,Standard,499,2025-05-13,2026-01-01,Active,True
SUB010262,USR008960,Standard,499,2025-01-20,2026-01-01,Active,False
SUB010263,USR008961,Standard,499,2025-03-18,2026-01-01,Active,True
SUB010264,USR008962,Mobile,149,2025-03-04,2025-08-23,Cancelled,False
SUB010265,USR008962,Basic,299,2025-08-24,2025-12-06,Cancelled,True
SUB010266,USR008963,Standard,499,2025-04-10,2025-10-28,Cancelled,True
SUB010267,USR008964,Standard,499,2025-02-16,2025-06-05,Cancelled,True
SUB010268,USR008965,Premium,799,2025-04-01,2026-01-01,Active,True
SUB010269,USR008966,Mobile,149,2025-04-15,2025-09-18,Cancelled,True
SUB010270,USR008967,Premium,799,2025-01-14,2025-12-21,Cancelled,True
SUB010271,USR008968,Basic,299,2025-02-03,2025-07-21,Cancelled,True
SUB010272,USR008969,Basic,299,2025-06-05,2026-01-01,Active,True
SUB010273,USR008970,Premium,799,2025-04-17,2025-07-19,Expired,True
SUB010274,USR008971,Standard,499,2025-05-17,2025-10-13,Expired,True
SUB010275,USR008972,Basic,299,2025-03-26,2026-01-01,Active,False
SUB010276,USR008973,Basic,299,2025-09-06,2026-01-01,Active,True
SUB010277,USR008974,Basic,299,2025-02-25,2025-09-23,Cancelled,True
SUB010278,USR008975,Premium,799,2025-09-18,2026-01-01,Active,False
SUB010279,USR008976,Standard,499,2025-02-07,2025-10-21,Cancelled,True
SUB010280,USR008976,Basic,299,2025-10-22,2026-01-01,Active,False
SUB010281,USR008977,Standard,499,2025-05-30,2026-01-01,Active,True
SUB010282,USR008978,Standard,499,2025-06-03,2026-01-01,Active,True
SUB010283,USR008979,Premium,799,2025-05-07,2026-01-01,Active,False
SUB010284,USR008980,Basic,299,2025-05-10,2026-01-01,Active,True
SUB010285,USR008981,Mobile,149,2025-02-01,2025-08-30,Expired,True
SUB010286,USR008981,Basic,299,2025-08-31,2026-01-01,Active,True
SUB010287,USR008982,Mobile,149,2025-05-08,2026-01-01,Active,True
SUB010288,USR008983,Basic,299,2025-02-18,2025-08-22,Expired,True
SUB010289,USR008983,Standard,499,2025-08-23,2026-01-01,Active,True
SUB010290,USR008984,Premium,799,2025-03-16,2025-12-18,Expired,True
SUB010291,USR008984,Basic,299,2025-12-19,2026-01-01,Active,True
SUB010292,USR008985,Mobile,149,2025-04-07,2025-09-21,Cancelled,True
SUB010293,USR008985,Basic,299,2025-09-22,2025-12-14,Expired,True
SUB010294,USR008986,Premium,799,2025-05-23,2026-01-01,Active,True
SUB010295,USR008987,Basic,299,2025-02-19,2026-01-01,Active,False
SUB010296,USR008988,Premium,799,2025-01-17,2025-05-03,Cancelled,False
SUB010297,USR008989,Mobile,149,2025-05-30,2026-01-01,Active,True
SUB010298,USR008990,Standard,499,2025-07-21,2026-01-01,Active,False
SUB010299,USR008991,Basic,299,2025-07-02,2025-12-23,Cancelled,True
SUB010300,USR008992,Basic,299,2025-05-11,2025-10-17,Cancelled,True
SUB010301,USR008993,Mobile,149,2025-06-15,2026-01-01,Active,True
SUB010302,USR008994,Standard,499,2025-05-29,2025-12-09,Expired,False
SUB010303,USR008995,Standard,499,2025-06-16,2026-01-01,Active,False
SUB010304,USR008996,Basic,299,2025-06-20,2026-01-01,Active,True
SUB010305,USR008997,Standard,499,2025-02-23,2025-07-28,Cancelled,True
SUB010306,USR008998,Mobile,149,2025-04-19,2026-01-01,Active,True
SUB010307,USR008999,Standard,499,2025-09-14,2026-01-01,Active,True
SUB010308,USR009000,Mobile,149,2025-04-06,2025-07-26,Expired,True
SUB010309,USR009001,Premium,799,2025-05-03,2025-12-21,Expired,True
SUB010310,USR009002,Basic,299,2025-03-21,2025-07-17,Expired,True
SUB010311,USR009003,Basic,299,2025-07-17,2025-10-16,Expired,False
SUB010312,USR009004,Mobile,149,2025-03-09,2025-07-09,Cancelled,True
SUB010313,USR009005,Basic,299,2025-04-24,2026-01-01,Active,True
SUB010314,USR009006,Premium,799,2025-01-14,2025-05-17,Cancelled,True
SUB010315,USR009006,Premium,799,2025-05-18,2025-11-24,Cancelled,False
SUB010316,USR009007,Mobile,149,2025-02-05,2025-11-04,Expired,True
SUB010317,USR009008,Premium,799,2025-10-02,2026-01-01,Active,True
SUB010318,USR009009,Premium,799,2025-06-06,2025-10-24,Expired,True
SUB010319,USR009010,Standard,499,2025-03-17,2025-12-30,Expired,True
SUB010320,USR009011,Mobile,149,2025-03-02,2025-08-28,Cancelled,True
SUB010321,USR009012,Mobile,149,2025-05-05,2026-01-01,Active,True
SUB010322,USR009013,Mobile,149,2025-06-22,2025-11-20,Expired,True
SUB010323,USR009013,Standard,499,2025-11-21,2026-01-01,Active,True
SUB010324,USR009014,Mobile,149,2025-01-20,2025-11-16,Expired,True
SUB010325,USR009015,Mobile,149,2025-04-04,2026-01-01,Active,True
SUB010326,USR009016,Standard,499,2025-03-02,2025-12-27,Expired,True
SUB010327,USR009017,Standard,499,2025-07-06,2026-01-01,Active,True
SUB010328,USR009018,Standard,499,2025-02-07,2026-01-01,Active,True
SUB010329,USR009019,Basic,299,2025-03-17,2025-08-10,Cancelled,False
SUB010330,USR009020,Basic,299,2025-02-17,2025-07-24,Expired,True
SUB010331,USR009021,Standard,499,2025-04-09,2026-01-01,Active,True
SUB010332,USR009022,Mobile,149,2025-01-19,2026-01-01,Active,True
SUB010333,USR009023,Premium,799,2025-04-23,2025-10-08,Expired,False
SUB010334,USR009024,Mobile,149,2025-03-20,2026-01-01,Active,False
SUB010335,USR009025,Basic,299,2025-03-13,2025-11-30,Cancelled,True
SUB010336,USR009026,Standard,499,2025-03-06,2025-08-11,Cancelled,True
SUB010337,USR009027,Mobile,149,2025-03-08,2026-01-01,Active,True
SUB010338,USR009028,Mobile,149,2025-03-07,2025-11-09,Expired,True
SUB010339,USR009028,Basic,299,2025-11-10,2026-01-01,Active,True
SUB010340,USR009029,Standard,499,2025-04-02,2025-11-21,Expired,True
SUB010341,USR009030,Standard,499,2025-03-27,2025-10-25,Cancelled,True
SUB010342,USR009030,Standard,499,2025-10-26,2026-01-01,Active,True
SUB010343,USR009031,Standard,499,2025-01-22,2025-10-14,Expired,False
SUB010344,USR009031,Basic,299,2025-10-15,2026-01-01,Active,False
SUB010345,USR009032,Basic,299,2025-02-13,2026-01-01,Active,False
SUB010346,USR009033,Mobile,149,2025-02-01,2025-11-13,Cancelled,False
SUB010347,USR009034,Mobile,149,2025-02-12,2025-09-18,Cancelled,True
SUB010348,USR009035,Premium,799,2025-06-15,2025-11-22,Cancelled,True
SUB010349,USR009036,Basic,299,2025-03-10,2025-12-05,Cancelled,True
SUB010350,USR009037,Basic,299,2025-04-27,2025-09-02,Expired,True
SUB010351,USR009038,Basic,299,2025-03-31,2025-10-25,Expired,False
SUB010352,USR009039,Premium,799,2025-01-10,2026-01-01,Active,True
SUB010353,USR009040,Mobile,149,2025-02-09,2025-08-06,Cancelled,True
SUB010354,USR009040,Mobile,149,2025-08-07,2026-01-01,Active,False
SUB010355,USR009041,Premium,799,2025-03-25,2025-09-08,Cancelled,False
SUB010356,USR009042,Mobile,149,2025-02-06,2025-11-09,Cancelled,True
SUB010357,USR009043,Basic,299,2025-02-20,2026-01-01,Active,True
SUB010358,USR009044,Basic,299,2025-04-28,2025-09-26,Expired,True
SUB010359,USR009045,Standard,499,2025-07-03,2026-01-01,Active,False
SUB010360,USR009046,Standard,499,2025-04-12,2026-01-01,Active,False
SUB010361,USR009047,Premium,799,2025-05-18,2026-01-01,Active,True
SUB010362,USR009048,Standard,499,2025-03-23,2026-01-01,Active,False
SUB010363,USR009049,Premium,799,2025-05-07,2026-01-01,Active,False
SUB010364,USR009050,Standard,499,2025-03-17,2026-01-01,Active,True
SUB010365,USR009051,Basic,299,2025-08-09,2026-01-01,Active,True
SUB010366,USR009052,Basic,299,2025-02-22,2025-12-06,Expired,True
SUB010367,USR009052,Basic,299,2025-12-07,2026-01-01,Active,True
SUB010368,USR009053,Standard,499,2025-04-12,2026-01-01,Active,False
SUB010369,USR009054,Basic,299,2025-06-12,2026-01-01,Active,False
SUB010370,USR009055,Standard,499,2025-03-04,2026-01-01,Active,False
SUB010371,USR009056,Standard,499,2025-05-01,2025-09-02,Expired,False
SUB010372,USR009057,Mobile,149,2025-06-27,2026-01-01,Active,False
SUB010373,USR009058,Basic,299,2025-05-03,2025-12-26,Cancelled,False
SUB010374,USR009059,Premium,799,2025-02-19,2025-07-06,Cancelled,True
SUB010375,USR009060,Mobile,149,2025-02-28,2025-10-22,Expired,True
SUB010376,USR009061,Standard,499,2025-05-09,2025-11-19,Cancelled,True
SUB010377,USR009061,Standard,499,2025-11-20,2026-01-01,Active,True
SUB010378,USR009062,Mobile,149,2025-05-07,2025-11-20,Cancelled,False
SUB010379,USR009063,Mobile,149,2025-05-06,2025-09-09,Expired,True
SUB010380,USR009064,Basic,299,2025-08-30,2026-01-01,Active,True
SUB010381,USR009065,Basic,299,2025-06-27,2025-09-28,Cancelled,False
SUB010382,USR009066,Basic,299,2025-01-21,2025-12-02,Expired,False
SUB010383,USR009067,Basic,299,2025-03-04,2025-06-08,Expired,True
SUB010384,USR009068,Mobile,149,2025-04-30,2026-01-01,Active,True
SUB010385,USR009069,Mobile,149,2025-04-19,2026-01-01,Active,True
SUB010386,USR009070,Basic,299,2025-01-28,2025-10-17,Cancelled,True
SUB010387,USR009070,Basic,299,2025-10-18,2026-01-01,Active,False
SUB010388,USR009071,Standard,499,2025-03-14,2026-01-01,Active,False
SUB010389,USR009072,Standard,499,2025-06-17,2026-01-01,Active,False
SUB010390,USR009073,Mobile,149,2025-01-23,2025-08-17,Expired,True
SUB010391,USR009074,Mobile,149,2025-01-17,2025-10-30,Cancelled,True
SUB010392,USR009075,Basic,299,2025-05-28,2025-09-17,Expired,False
SUB010393,USR009076,Standard,499,2025-01-18,2025-05-15,Cancelled,True
SUB010394,USR009077,Basic,299,2025-07-06,2026-01-01,Active,True
SUB010395,USR009078,Basic,299,2025-05-07,2026-01-01,Active,False
SUB010396,USR009079,Mobile,149,2025-03-13,2025-10-23,Expired,True
SUB010397,USR009080,Standard,499,2025-04-03,2026-01-01,Active,True
SUB010398,USR009081,Basic,299,2025-06-04,2025-12-26,Cancelled,False
SUB010399,USR009081,Mobile,149,2025-12-27,2026-01-01,Active,True
SUB010400,USR009082,Mobile,149,2025-04-01,2026-01-01,Active,False
SUB010401,USR009083,Mobile,149,2025-04-09,2026-01-01,Active,True
SUB010402,USR009084,Standard,499,2025-06-02,2026-01-01,Active,False
SUB010403,USR009085,Standard,499,2025-07-31,2026-01-01,Active,True
SUB010404,USR009086,Standard,499,2025-03-09,2025-10-16,Expired,True
SUB010405,USR009087,Basic,299,2025-02-22,2025-07-19,Cancelled,True
SUB010406,USR009088,Premium,799,2025-08-26,2026-01-01,Active,False
SUB010407,USR009089,Standard,499,2025-01-27,2025-08-12,Cancelled,True
SUB010408,USR009089,Basic,299,2025-08-13,2026-01-01,Active,True
SUB010409,USR009090,Premium,799,2025-02-25,2026-01-01,Active,True
SUB010410,USR009091,Mobile,149,2025-01-27,2026-01-01,Active,True
SUB010411,USR009092,Premium,799,2025-05-03,2026-01-01,Active,False
SUB010412,USR009093,Mobile,149,2025-05-01,2026-01-01,Active,True
SUB010413,USR009094,Standard,499,2025-03-09,2026-01-01,Active,True
SUB010414,USR009095,Standard,499,2025-07-25,2026-01-01,Active,True
SUB010415,USR009096,Basic,299,2025-04-01,2025-10-05,Cancelled,True
SUB010416,USR009096,Basic,299,2025-10-06,2026-01-01,Active,True
SUB010417,USR009097,Mobile,149,2025-06-02,2025-09-20,Expired,True
SUB010418,USR009098,Standard,499,2025-05-01,2026-01-01,Active,True
SUB010419,USR009099,Basic,299,2025-03-31,2026-01-01,Active,True
SUB010420,USR009100,Standard,499,2025-06-03,2026-01-01,Active,True
SUB010421,USR009101,Standard,499,2025-07-06,2026-01-01,Active,False
SUB010422,USR009102,Premium,799,2025-02-24,2026-01-01,Active,False
SUB010423,USR009103,Mobile,149,2025-04-30,2025-09-06,Expired,True
SUB010424,USR009104,Premium,799,2025-03-01,2026-01-01,Active,True
SUB010425,USR009105,Mobile,149,2025-02-15,2025-11-12,Cancelled,True
SUB010426,USR009106,Standard,499,2025-03-11,2025-12-15,Cancelled,True
SUB010427,USR009107,Standard,499,2025-06-18,2026-01-01,Active,True
SUB010428,USR009108,Basic,299,2025-07-30,2025-12-02,Expired,False
SUB010429,USR009109,Premium,799,2025-08-26,2026-01-01,Active,False
SUB010430,USR009110,Premium,799,2025-04-20,2026-01-01,Active,True
SUB010431,USR009111,Standard,499,2025-06-29,2026-01-01,Active,True
SUB010432,USR009112,Standard,499,2025-03-18,2026-01-01,Active,False
SUB010433,USR009113,Basic,299,2025-03-13,2025-12-09,Cancelled,True
SUB010434,USR009113,Basic,299,2025-12-10,2026-01-01,Active,True
SUB010435,USR009114,Standard,499,2025-07-01,2026-01-01,Active,False
SUB010436,USR009115,Basic,299,2025-05-04,2025-11-04,Expired,True
SUB010437,USR009116,Basic,299,2025-08-09,2025-11-10,Cancelled,True
SUB010438,USR009117,Standard,499,2025-01-23,2025-09-30,Cancelled,True
SUB010439,USR009118,Basic,299,2025-07-09,2026-01-01,Active,True
SUB010440,USR009119,Premium,799,2025-03-30,2025-12-30,Expired,True
SUB010441,USR009119,Standard,499,2025-12-31,2026-01-01,Active,True
SUB010442,USR009120,Basic,299,2025-05-20,2025-09-25,Cancelled,False
SUB010443,USR009121,Standard,499,2025-04-15,2025-12-31,Cancelled,True
SUB010444,USR009122,Premium,799,2025-05-07,2026-01-01,Active,True
SUB010445,USR009123,Mobile,149,2025-05-12,2025-10-27,Expired,True
SUB010446,USR009124,Mobile,149,2025-05-31,2025-09-19,Cancelled,True
SUB010447,USR009125,Standard,499,2025-03-08,2025-07-15,Cancelled,True
SUB010448,USR009126,Basic,299,2025-02-03,2025-12-26,Cancelled,True
SUB010449,USR009126,Basic,299,2025-12-27,2026-01-01,Active,False
SUB010450,USR009127,Mobile,149,2025-06-18,2026-01-01,Active,False
SUB010451,USR009128,Premium,799,2025-03-28,2026-01-01,Active,True
SUB010452,USR009129,Basic,299,2025-02-04,2025-10-18,Expired,True
SUB010453,USR009130,Standard,499,2025-02-14,2025-09-28,Cancelled,True
SUB010454,USR009130,Basic,299,2025-09-29,2026-01-01,Active,True
SUB010455,USR009131,Premium,799,2025-04-09,2026-01-01,Active,True
SUB010456,USR009132,Standard,499,2025-04-07,2026-01-01,Active,True
SUB010457,USR009133,Standard,499,2025-01-26,2025-08-25,Expired,True
SUB010458,USR009134,Basic,299,2025-05-14,2026-01-01,Active,False
SUB010459,USR009135,Premium,799,2025-02-15,2026-01-01,Active,False
SUB010460,USR009136,Basic,299,2025-01-07,2025-08-11,Expired,True
SUB010461,USR009136,Standard,499,2025-08-12,2026-01-01,Active,True
SUB010462,USR009137,Mobile,149,2025-02-12,2025-09-02,Cancelled,True
SUB010463,USR009138,Mobile,149,2025-02-09,2026-01-01,Active,False
SUB010464,USR009139,Standard,499,2025-02-28,2025-07-15,Cancelled,True
SUB010465,USR009140,Basic,299,2025-02-24,2026-01-01,Active,False
SUB010466,USR009141,Standard,499,2025-03-04,2026-01-01,Active,False
SUB010467,USR009142,Standard,499,2025-06-14,2025-10-13,Cancelled,True
SUB010468,USR009143,Basic,299,2025-06-18,2026-01-01,Active,True
SUB010469,USR009144,Mobile,149,2025-04-02,2025-08-26,Cancelled,True
SUB010470,USR009144,Mobile,149,2025-08-27,2025-11-02,Cancelled,True
SUB010471,USR009145,Premium,799,2025-05-28,2026-01-01,Active,True
SUB010472,USR009146,Basic,299,2025-05-06,2025-12-01,Cancelled,True
SUB010473,USR009146,Basic,299,2025-12-02,2026-01-01,Active,False
SUB010474,USR009147,Basic,299,2025-04-19,2026-01-01,Active,True
SUB010475,USR009148,Mobile,149,2025-04-19,2026-01-01,Active,False
SUB010476,USR009149,Standard,499,2025-03-15,2025-09-22,Expired,True
SUB010477,USR009150,Basic,299,2025-06-20,2026-01-01,Active,True
SUB010478,USR009151,Premium,799,2025-03-05,2025-07-08,Expired,True
SUB010479,USR009152,Premium,799,2025-03-30,2026-01-01,Active,False
SUB010480,USR009153,Mobile,149,2025-06-30,2025-12-22,Cancelled,False
SUB010481,USR009154,Premium,799,2025-03-25,2025-12-20,Cancelled,True
SUB010482,USR009155,Mobile,149,2025-02-12,2025-06-22,Expired,True
SUB010483,USR009155,Premium,799,2025-06-23,2025-12-13,Expired,True
SUB010484,USR009156,Basic,299,2025-06-06,2025-09-20,Cancelled,False
SUB010485,USR009156,Basic,299,2025-09-21,2025-12-25,Expired,False
SUB010486,USR009157,Mobile,149,2025-04-22,2026-01-01,Active,False
SUB010487,USR009158,Mobile,149,2025-03-19,2025-11-08,Cancelled,False
SUB010488,USR009159,Mobile,149,2025-05-18,2026-01-01,Active,False
SUB010489,USR009160,Premium,799,2025-07-05,2026-01-01,Active,True
SUB010490,USR009161,Basic,299,2025-05-02,2026-01-01,Active,True
SUB010491,USR009162,Standard,499,2025-05-12,2026-01-01,Active,True
SUB010492,USR009163,Mobile,149,2025-07-12,2026-01-01,Active,True
SUB010493,USR009164,Premium,799,2025-07-21,2026-01-01,Active,True
SUB010494,USR009165,Mobile,149,2025-03-04,2025-11-15,Cancelled,True
SUB010495,USR009166,Basic,299,2025-01-20,2026-01-01,Active,True
SUB010496,USR009167,Mobile,149,2025-04-10,2025-09-26,Expired,True
SUB010497,USR009167,Basic,299,2025-09-27,2025-12-14,Expired,True
SUB010498,USR009168,Mobile,149,2025-03-19,2025-06-24,Cancelled,True
SUB010499,USR009169,Standard,499,2025-04-12,2026-01-01,Active,True
SUB010500,USR009170,Mobile,149,2025-05-14,2025-09-03,Cancelled,False
SUB010501,USR009171,Standard,499,2025-06-03,2026-01-01,Active,True
SUB010502,USR009172,Standard,499,2025-02-09,2025-07-08,Cancelled,True
SUB010503,USR009172,Basic,299,2025-07-09,2025-11-17,Expired,True
SUB010504,USR009173,Mobile,149,2025-06-19,2025-11-24,Cancelled,True
SUB010505,USR009173,Basic,299,2025-11-25,2026-01-01,Active,False
SUB010506,USR009174,Basic,299,2025-05-15,2026-01-01,Active,False
SUB010507,USR009175,Mobile,149,2025-04-11,2025-08-10,Cancelled,True
SUB010508,USR009176,Standard,499,2025-02-11,2025-05-23,Cancelled,True
SUB010509,USR009176,Basic,299,2025-05-24,2025-12-10,Cancelled,False
SUB010510,USR009177,Mobile,149,2025-03-25,2026-01-01,Active,True
SUB010511,USR009178,Standard,499,2025-04-23,2025-11-04,Expired,True
SUB010512,USR009178,Basic,299,2025-11-05,2026-01-01,Active,False
SUB010513,USR009179,Premium,799,2025-01-26,2025-08-18,Cancelled,True
SUB010514,USR009179,Mobile,149,2025-08-19,2025-10-26,Cancelled,True
SUB010515,USR009180,Standard,499,2025-06-06,2025-12-01,Cancelled,False
SUB010516,USR009181,Mobile,149,2025-07-01,2025-12-03,Expired,False
SUB010517,USR009181,Basic,299,2025-12-04,2026-01-01,Active,True
SUB010518,USR009182,Standard,499,2025-04-28,2026-01-01,Active,True
SUB010519,USR009183,Basic,299,2025-03-30,2026-01-01,Active,True
SUB010520,USR009184,Standard,499,2025-05-16,2025-08-22,Expired,True
SUB010521,USR009185,Basic,299,2025-05-20,2025-09-23,Expired,True
SUB010522,USR009186,Premium,799,2025-08-27,2026-01-01,Active,False
SUB010523,USR009187,Standard,499,2025-04-11,2025-08-31,Expired,False
SUB010524,USR009188,Standard,499,2025-03-20,2025-11-20,Cancelled,True
SUB010525,USR009189,Basic,299,2025-04-12,2025-11-23,Cancelled,True
SUB010526,USR009189,Basic,299,2025-11-24,2026-01-01,Active,True
SUB010527,USR009190,Standard,499,2025-03-31,2025-11-29,Cancelled,True
SUB010528,USR009190,Basic,299,2025-11-30,2026-01-01,Active,False
SUB010529,USR009191,Premium,799,2025-02-19,2025-07-14,Expired,False
SUB010530,USR009192,Basic,299,2025-03-24,2026-01-01,Active,False
SUB010531,USR009193,Standard,499,2025-04-14,2025-07-19,Expired,True
SUB010532,USR009194,Premium,799,2025-06-07,2025-12-11,Cancelled,True
SUB010533,USR009195,Basic,299,2025-01-29,2025-10-08,Cancelled,True
SUB010534,USR009196,Mobile,149,2025-05-27,2026-01-01,Active,False
SUB010535,USR009197,Basic,299,2025-08-14,2026-01-01,Active,True
SUB010536,USR009198,Premium,799,2025-04-14,2025-07-27,Expired,True
SUB010537,USR009198,Basic,299,2025-07-28,2026-01-01,Active,True
SUB010538,USR009199,Standard,499,2025-02-23,2025-11-02,Expired,True
SUB010539,USR009199,Standard,499,2025-11-03,2026-01-01,Active,True
SUB010540,USR009200,Premium,799,2025-06-25,2025-11-22,Expired,True
SUB010541,USR009200,Premium,799,2025-11-23,2026-01-01,Active,True
SUB010542,USR009201,Mobile,149,2025-04-28,2025-09-23,Cancelled,True
SUB010543,USR009201,Mobile,149,2025-09-24,2026-01-01,Active,False
SUB010544,USR009202,Mobile,149,2025-06-07,2025-10-29,Expired,True
SUB010545,USR009202,Premium,799,2025-10-30,2026-01-01,Active,True
SUB010546,USR009203,Mobile,149,2025-03-27,2025-11-19,Cancelled,True
SUB010547,USR009203,Mobile,149,2025-11-20,2026-01-01,Active,True
SUB010548,USR009204,Standard,499,2025-07-08,2026-01-01,Active,True
SUB010549,USR009205,Premium,799,2025-05-05,2025-09-08,Expired,True
SUB010550,USR009206,Mobile,149,2025-05-29,2026-01-01,Active,True
SUB010551,USR009207,Mobile,149,2025-04-18,2025-10-31,Cancelled,False
SUB010552,USR009208,Basic,299,2025-05-15,2025-11-20,Expired,False
SUB010553,USR009208,Premium,799,2025-11-21,2026-01-01,Active,True
SUB010554,USR009209,Standard,499,2025-01-03,2025-11-19,Cancelled,True
SUB010555,USR009210,Standard,499,2025-02-15,2025-12-13,Expired,False
SUB010556,USR009211,Mobile,149,2025-06-16,2026-01-01,Active,True
SUB010557,USR009212,Standard,499,2025-07-05,2026-01-01,Active,True
SUB010558,USR009213,Mobile,149,2025-02-26,2025-12-05,Cancelled,True
SUB010559,USR009214,Premium,799,2025-04-02,2025-10-19,Expired,False
SUB010560,USR009215,Basic,299,2025-05-07,2026-01-01,Active,True
SUB010561,USR009216,Mobile,149,2025-01-26,2025-10-24,Expired,False
SUB010562,USR009216,Basic,299,2025-10-25,2026-01-01,Active,True
SUB010563,USR009217,Basic,299,2025-01-27,2026-01-01,Active,True
SUB010564,USR009218,Mobile,149,2025-06-15,2026-01-01,Active,True
SUB010565,USR009219,Premium,799,2025-07-20,2026-01-01,Active,True
SUB010566,USR009220,Standard,499,2025-04-11,2025-08-13,Cancelled,True
SUB010567,USR009221,Mobile,149,2025-06-13,2026-01-01,Active,True
SUB010568,USR009222,Standard,499,2025-04-13,2025-09-09,Expired,True
SUB010569,USR009223,Basic,299,2025-04-29,2026-01-01,Active,True
SUB010570,USR009224,Basic,299,2025-03-29,2025-09-14,Cancelled,True
SUB010571,USR009224,Basic,299,2025-09-15,2026-01-01,Active,False
SUB010572,USR009225,Mobile,149,2025-05-01,2026-01-01,Active,True
SUB010573,USR009226,Premium,799,2025-05-13,2026-01-01,Active,False
SUB010574,USR009227,Premium,799,2025-02-21,2026-01-01,Active,True
SUB010575,USR009228,Standard,499,2025-03-03,2025-09-19,Cancelled,False
SUB010576,USR009229,Mobile,149,2025-01-12,2025-04-19,Cancelled,False
SUB010577,USR009229,Standard,499,2025-04-20,2025-09-20,Expired,True
SUB010578,USR009230,Basic,299,2025-04-18,2025-10-21,Expired,True
SUB010579,USR009231,Standard,499,2025-06-07,2025-10-30,Expired,False
SUB010580,USR009232,Mobile,149,2025-01-27,2025-06-21,Cancelled,True
SUB010581,USR009232,Premium,799,2025-06-22,2025-11-24,Cancelled,True
SUB010582,USR009233,Standard,499,2025-04-03,2025-12-31,Expired,True
SUB010583,USR009234,Mobile,149,2025-06-25,2026-01-01,Active,True
SUB010584,USR009235,Standard,499,2025-03-23,2025-09-19,Expired,True
SUB010585,USR009236,Standard,499,2025-01-16,2025-12-02,Cancelled,True
SUB010586,USR009237,Standard,499,2025-04-05,2025-10-11,Expired,True
SUB010587,USR009238,Premium,799,2025-03-13,2026-01-01,Active,True
SUB010588,USR009239,Standard,499,2025-02-13,2026-01-01,Active,False
SUB010589,USR009240,Mobile,149,2025-05-11,2025-11-11,Cancelled,True
SUB010590,USR009240,Standard,499,2025-11-12,2026-01-01,Active,True
SUB010591,USR009241,Standard,499,2025-02-23,2025-11-17,Cancelled,True
SUB010592,USR009242,Standard,499,2025-06-26,2026-01-01,Active,True
SUB010593,USR009243,Mobile,149,2025-04-03,2025-09-01,Expired,True
SUB010594,USR009243,Premium,799,2025-09-02,2026-01-01,Active,False
SUB010595,USR009244,Basic,299,2025-05-16,2026-01-01,Active,True
SUB010596,USR009245,Premium,799,2025-05-02,2026-01-01,Active,True
SUB010597,USR009246,Premium,799,2025-01-20,2026-01-01,Active,True
SUB010598,USR009247,Basic,299,2025-02-22,2025-09-17,Expired,True
SUB010599,USR009247,Standard,499,2025-09-18,2026-01-01,Active,True
SUB010600,USR009248,Standard,499,2025-03-20,2026-01-01,Active,True
SUB010601,USR009249,Standard,499,2025-02-26,2025-11-03,Cancelled,True
SUB010602,USR009250,Mobile,149,2025-04-19,2026-01-01,Active,True
SUB010603,USR009251,Basic,299,2025-04-01,2025-12-09,Cancelled,True
SUB010604,USR009251,Basic,299,2025-12-10,2026-01-01,Active,True
SUB010605,USR009252,Basic,299,2025-03-03,2026-01-01,Active,False
SUB010606,USR009253,Standard,499,2025-05-01,2026-01-01,Active,True
SUB010607,USR009254,Standard,499,2025-03-01,2025-06-24,Cancelled,True
SUB010608,USR009255,Basic,299,2025-05-31,2025-09-19,Cancelled,True
SUB010609,USR009255,Mobile,149,2025-09-20,2025-12-16,Cancelled,True
SUB010610,USR009256,Basic,299,2025-06-24,2026-01-01,Active,True
SUB010611,USR009257,Standard,499,2025-03-18,2025-10-11,Expired,True
SUB010612,USR009258,Mobile,149,2025-04-18,2026-01-01,Active,False
SUB010613,USR009259,Basic,299,2025-04-23,2025-11-22,Expired,False
SUB010614,USR009260,Mobile,149,2025-04-15,2025-11-07,Cancelled,True
SUB010615,USR009261,Basic,299,2025-04-17,2025-08-18,Cancelled,False
SUB010616,USR009262,Mobile,149,2025-02-10,2025-11-29,Expired,True
SUB010617,USR009263,Premium,799,2025-01-26,2025-05-29,Expired,True
SUB010618,USR009263,Standard,499,2025-05-30,2025-11-09,Expired,True
SUB010619,USR009264,Premium,799,2025-10-12,2026-01-01,Active,True
SUB010620,USR009265,Standard,499,2025-04-11,2025-12-16,Expired,True
SUB010621,USR009266,Mobile,149,2025-03-30,2025-11-14,Expired,True
SUB010622,USR009267,Basic,299,2025-04-04,2026-01-01,Active,False
SUB010623,USR009268,Basic,299,2025-04-17,2025-10-12,Expired,True
SUB010624,USR009268,Mobile,149,2025-10-13,2026-01-01,Active,True
SUB010625,USR009269,Premium,799,2025-02-04,2025-09-03,Cancelled,True
SUB010626,USR009269,Mobile,149,2025-09-04,2026-01-01,Active,True
SUB010627,USR009270,Standard,499,2025-03-29,2025-10-13,Cancelled,True
SUB010628,USR009271,Premium,799,2025-02-28,2025-07-23,Expired,True
SUB010629,USR009272,Premium,799,2025-01-26,2025-08-13,Expired,True
SUB010630,USR009273,Standard,499,2025-06-08,2026-01-01,Active,False
SUB010631,USR009274,Premium,799,2025-06-18,2025-10-18,Cancelled,True
SUB010632,USR009275,Basic,299,2025-05-05,2026-01-01,Active,True
SUB010633,USR009276,Basic,299,2025-04-01,2025-09-28,Expired,True
SUB010634,USR009276,Basic,299,2025-09-29,2026-01-01,Active,True
SUB010635,USR009277,Basic,299,2025-02-04,2025-05-13,Expired,True
SUB010636,USR009278,Mobile,149,2025-07-11,2026-01-01,Active,True
SUB010637,USR009279,Mobile,149,2025-01-23,2026-01-01,Active,False
SUB010638,USR009280,Basic,299,2025-03-10,2025-07-28,Cancelled,True
SUB010639,USR009281,Standard,499,2025-07-10,2026-01-01,Active,True
SUB010640,USR009282,Mobile,149,2025-03-28,2026-01-01,Active,False
SUB010641,USR009283,Standard,499,2025-02-16,2025-06-21,Expired,False
SUB010642,USR009284,Basic,299,2025-06-05,2025-12-10,Cancelled,False
SUB010643,USR009285,Mobile,149,2025-09-22,2026-01-01,Active,True
SUB010644,USR009286,Standard,499,2025-04-18,2025-11-08,Expired,True
SUB010645,USR009286,Basic,299,2025-11-09,2026-01-01,Active,True
SUB010646,USR009287,Basic,299,2025-07-03,2026-01-01,Active,False
SUB010647,USR009288,Mobile,149,2025-04-19,2025-10-25,Cancelled,True
SUB010648,USR009288,Basic,299,2025-10-26,2026-01-01,Active,True
SUB010649,USR009289,Basic,299,2025-05-30,2026-01-01,Active,True
SUB010650,USR009290,Standard,499,2025-04-20,2026-01-01,Active,True
SUB010651,USR009291,Basic,299,2025-09-21,2026-01-01,Active,True
SUB010652,USR009292,Standard,499,2025-01-09,2025-06-11,Expired,True
SUB010653,USR009292,Basic,299,2025-06-12,2025-09-29,Expired,False
SUB010654,USR009293,Standard,499,2025-05-22,2026-01-01,Active,True
SUB010655,USR009294,Mobile,149,2025-01-12,2026-01-01,Active,True
SUB010656,USR009295,Standard,499,2025-04-01,2025-12-11,Expired,True
SUB010657,USR009296,Standard,499,2025-04-04,2025-10-18,Cancelled,True
SUB010658,USR009297,Basic,299,2025-04-19,2026-01-01,Active,False
SUB010659,USR009298,Standard,499,2025-02-22,2025-08-29,Expired,True
SUB010660,USR009299,Mobile,149,2025-06-06,2026-01-01,Active,False
SUB010661,USR009300,Mobile,149,2025-02-16,2026-01-01,Active,False
SUB010662,USR009301,Mobile,149,2025-03-08,2025-08-16,Expired,False
SUB010663,USR009302,Mobile,149,2025-02-24,2025-05-25,Cancelled,False
SUB010664,USR009302,Standard,499,2025-05-26,2025-10-29,Expired,True
SUB010665,USR009303,Standard,499,2025-06-23,2026-01-01,Active,True
SUB010666,USR009304,Premium,799,2025-02-17,2026-01-01,Active,True
SUB010667,USR009305,Mobile,149,2025-09-27,2026-01-01,Active,True
SUB010668,USR009306,Basic,299,2025-03-11,2025-09-01,Cancelled,True
SUB010669,USR009307,Mobile,149,2025-03-23,2026-01-01,Active,True
SUB010670,USR009308,Standard,499,2025-05-16,2026-01-01,Active,True
SUB010671,USR009309,Premium,799,2025-05-09,2026-01-01,Active,True
SUB010672,USR009310,Premium,799,2025-07-14,2025-12-21,Cancelled,False
SUB010673,USR009310,Standard,499,2025-12-22,2026-01-01,Active,False
SUB010674,USR009311,Basic,299,2025-06-23,2026-01-01,Active,True
SUB010675,USR009312,Standard,499,2025-02-19,2026-01-01,Active,True
SUB010676,USR009313,Basic,299,2025-04-27,2026-01-01,Active,False
SUB010677,USR009314,Mobile,149,2025-05-07,2026-01-01,Active,True
SUB010678,USR009315,Standard,499,2025-01-22,2025-10-07,Cancelled,False
SUB010679,USR009316,Standard,499,2025-03-18,2026-01-01,Active,True
SUB010680,USR009317,Standard,499,2025-02-13,2026-01-01,Active,True
SUB010681,USR009318,Basic,299,2025-04-23,2026-01-01,Active,False
SUB010682,USR009319,Standard,499,2025-01-22,2025-08-10,Expired,True
SUB010683,USR009319,Mobile,149,2025-08-11,2026-01-01,Active,True
SUB010684,USR009320,Basic,299,2025-02-09,2025-10-31,Cancelled,True
SUB010685,USR009321,Standard,499,2025-04-25,2026-01-01,Active,True
SUB010686,USR009322,Basic,299,2025-02-25,2025-10-13,Cancelled,True
SUB010687,USR009323,Standard,499,2025-01-27,2026-01-01,Active,False
SUB010688,USR009324,Standard,499,2025-05-15,2026-01-01,Active,True
SUB010689,USR009325,Basic,299,2025-05-17,2025-08-22,Expired,True
SUB010690,USR009325,Standard,499,2025-08-23,2025-11-06,Expired,False
SUB010691,USR009326,Basic,299,2025-04-15,2026-01-01,Active,True
SUB010692,USR009327,Standard,499,2025-03-16,2025-08-30,Expired,False
SUB010693,USR009327,Premium,799,2025-08-31,2025-12-28,Cancelled,True
SUB010694,USR009328,Basic,299,2025-04-12,2025-12-21,Expired,True
SUB010695,USR009328,Mobile,149,2025-12-22,2026-01-01,Active,True
SUB010696,USR009329,Standard,499,2025-01-31,2025-12-03,Expired,True
SUB010697,USR009330,Standard,499,2025-06-07,2026-01-01,Active,False
SUB010698,USR009331,Premium,799,2025-06-24,2026-01-01,Active,True
SUB010699,USR009332,Standard,499,2025-03-24,2026-01-01,Active,True
SUB010700,USR009333,Basic,299,2025-06-09,2025-11-08,Cancelled,True
SUB010701,USR009333,Basic,299,2025-11-09,2026-01-01,Active,True
SUB010702,USR009334,Basic,299,2025-01-31,2025-10-22,Cancelled,True
SUB010703,USR009335,Basic,299,2025-10-15,2026-01-01,Active,True
SUB010704,USR009336,Standard,499,2025-04-04,2026-01-01,Active,True
SUB010705,USR009337,Standard,499,2025-03-10,2025-12-19,Cancelled,True
SUB010706,USR009338,Basic,299,2025-03-31,2025-08-13,Expired,False
SUB010707,USR009339,Basic,299,2025-07-14,2025-12-04,Cancelled,True
SUB010708,USR009340,Mobile,149,2025-07-06,2025-12-03,Cancelled,False
SUB010709,USR009340,Basic,299,2025-12-04,2026-01-01,Active,True
SUB010710,USR009341,Mobile,149,2025-04-17,2025-12-20,Expired,True
SUB010711,USR009342,Premium,799,2025-03-08,2026-01-01,Active,True
SUB010712,USR009343,Mobile,149,2025-02-16,2025-11-02,Expired,True
SUB010713,USR009344,Basic,299,2025-06-14,2026-01-01,Active,True
SUB010714,USR009345,Standard,499,2025-06-14,2026-01-01,Active,False
SUB010715,USR009346,Standard,499,2025-05-15,2026-01-01,Active,True
SUB010716,USR009347,Standard,499,2025-05-10,2025-11-25,Expired,False
SUB010717,USR009348,Mobile,149,2025-03-05,2026-01-01,Active,True
SUB010718,USR009349,Premium,799,2025-03-29,2025-09-03,Cancelled,True
SUB010719,USR009349,Mobile,149,2025-09-04,2026-01-01,Active,True
SUB010720,USR009350,Basic,299,2025-06-30,2026-01-01,Active,True
SUB010721,USR009351,Standard,499,2025-05-07,2025-08-11,Cancelled,True
SUB010722,USR009352,Basic,299,2025-05-27,2025-10-14,Expired,True
SUB010723,USR009353,Mobile,149,2025-04-27,2026-01-01,Active,True
SUB010724,USR009354,Basic,299,2025-05-15,2026-01-01,Active,True
SUB010725,USR009355,Basic,299,2025-08-06,2026-01-01,Active,True
SUB010726,USR009356,Mobile,149,2025-02-24,2026-01-01,Active,True
SUB010727,USR009357,Basic,299,2025-05-10,2026-01-01,Active,True
SUB010728,USR009358,Mobile,149,2025-05-22,2026-01-01,Active,True
SUB010729,USR009359,Premium,799,2025-04-21,2026-01-01,Active,False
SUB010730,USR009360,Basic,299,2025-02-06,2025-09-02,Expired,True
SUB010731,USR009360,Premium,799,2025-09-03,2025-11-22,Cancelled,True
SUB010732,USR009361,Mobile,149,2025-03-17,2026-01-01,Active,True
SUB010733,USR009362,Premium,799,2025-05-16,2025-10-11,Cancelled,True
SUB010734,USR009363,Basic,299,2025-04-30,2025-09-27,Expired,False
SUB010735,USR009363,Standard,499,2025-09-28,2026-01-01,Active,True
SUB010736,USR009364,Premium,799,2025-01-26,2026-01-01,Active,True
SUB010737,USR009365,Basic,299,2025-03-15,2026-01-01,Active,False
SUB010738,USR009366,Standard,499,2025-03-16,2025-10-18,Cancelled,True
SUB010739,USR009367,Mobile,149,2025-03-30,2025-08-17,Expired,True
SUB010740,USR009367,Mobile,149,2025-08-18,2026-01-01,Active,True
SUB010741,USR009368,Premium,799,2025-03-03,2026-01-01,Active,True
SUB010742,USR009369,Premium,799,2025-02-27,2026-01-01,Active,False
SUB010743,USR009370,Basic,299,2025-04-19,2026-01-01,Active,True
SUB010744,USR009371,Basic,299,2025-08-09,2025-12-04,Cancelled,True
SUB010745,USR009371,Standard,499,2025-12-05,2026-01-01,Active,True
SUB010746,USR009372,Basic,299,2025-04-07,2026-01-01,Active,False
SUB010747,USR009373,Standard,499,2025-06-04,2026-01-01,Active,True
SUB010748,USR009374,Basic,299,2025-04-14,2026-01-01,Active,False
SUB010749,USR009375,Standard,499,2025-03-04,2025-09-24,Cancelled,True
SUB010750,USR009376,Basic,299,2025-04-29,2026-01-01,Active,True
SUB010751,USR009377,Basic,299,2025-04-06,2025-07-20,Cancelled,True
SUB010752,USR009378,Mobile,149,2025-05-04,2025-09-02,Expired,True
SUB010753,USR009378,Premium,799,2025-09-03,2025-12-02,Expired,False
SUB010754,USR009379,Mobile,149,2025-02-20,2026-01-01,Active,False
SUB010755,USR009380,Standard,499,2025-05-17,2025-12-09,Cancelled,True
SUB010756,USR009380,Standard,499,2025-12-10,2026-01-01,Active,True
SUB010757,USR009381,Basic,299,2025-06-24,2025-11-30,Cancelled,False
SUB010758,USR009382,Standard,499,2025-05-20,2025-10-25,Expired,True
SUB010759,USR009383,Standard,499,2025-03-25,2025-07-15,Expired,True
SUB010760,USR009384,Standard,499,2025-04-10,2026-01-01,Active,False
SUB010761,USR009385,Premium,799,2025-01-26,2025-06-18,Cancelled,True
SUB010762,USR009385,Mobile,149,2025-06-19,2025-09-05,Expired,True
SUB010763,USR009386,Basic,299,2025-03-28,2025-10-20,Expired,False
SUB010764,USR009387,Mobile,149,2025-03-28,2025-08-21,Cancelled,True
SUB010765,USR009388,Basic,299,2025-06-06,2026-01-01,Active,True
SUB010766,USR009389,Standard,499,2025-03-12,2025-08-24,Cancelled,True
SUB010767,USR009390,Mobile,149,2025-06-07,2025-09-05,Expired,True
SUB010768,USR009391,Premium,799,2025-04-25,2025-08-25,Expired,False
SUB010769,USR009391,Mobile,149,2025-08-26,2026-01-01,Active,False
SUB010770,USR009392,Premium,799,2025-04-30,2025-09-07,Expired,False
SUB010771,USR009392,Mobile,149,2025-09-08,2026-01-01,Active,True
SUB010772,USR009393,Standard,499,2025-09-06,2026-01-01,Active,True
SUB010773,USR009394,Mobile,149,2025-06-07,2025-12-31,Expired,True
SUB010774,USR009395,Premium,799,2025-05-01,2026-01-01,Active,True
SUB010775,USR009396,Standard,499,2025-01-15,2026-01-01,Active,True
SUB010776,USR009397,Standard,499,2025-02-27,2025-08-16,Cancelled,True
SUB010777,USR009397,Standard,499,2025-08-17,2026-01-01,Active,True
SUB010778,USR009398,Basic,299,2025-03-06,2025-08-28,Expired,True
SUB010779,USR009398,Basic,299,2025-08-29,2026-01-01,Active,True
SUB010780,USR009399,Standard,499,2025-03-19,2026-01-01,Active,True
SUB010781,USR009400,Premium,799,2025-05-03,2026-01-01,Active,True
SUB010782,USR009401,Basic,299,2025-02-10,2025-08-20,Cancelled,True
SUB010783,USR009401,Standard,499,2025-08-21,2026-01-01,Active,True
SUB010784,USR009402,Basic,299,2025-06-09,2026-01-01,Active,False
SUB010785,USR009403,Premium,799,2025-03-03,2025-08-24,Expired,False
SUB010786,USR009404,Mobile,149,2025-03-27,2025-11-09,Expired,True
SUB010787,USR009405,Basic,299,2025-03-20,2025-07-21,Expired,True
SUB010788,USR009406,Premium,799,2025-03-21,2025-11-26,Cancelled,True
SUB010789,USR009406,Mobile,149,2025-11-27,2026-01-01,Active,True
SUB010790,USR009407,Standard,499,2025-04-03,2026-01-01,Active,True
SUB010791,USR009408,Standard,499,2025-08-06,2025-11-06,Cancelled,True
SUB010792,USR009409,Standard,499,2025-05-28,2025-12-15,Cancelled,True
SUB010793,USR009409,Mobile,149,2025-12-16,2026-01-01,Active,True
SUB010794,USR009410,Standard,499,2025-04-15,2025-11-05,Expired,True
SUB010795,USR009411,Basic,299,2025-04-12,2026-01-01,Active,True
SUB010796,USR009412,Standard,499,2025-01-23,2025-05-15,Expired,True
SUB010797,USR009413,Mobile,149,2025-04-09,2025-12-01,Expired,True
SUB010798,USR009414,Basic,299,2025-02-25,2025-10-27,Expired,True
SUB010799,USR009415,Basic,299,2025-03-14,2025-07-30,Expired,True
SUB010800,USR009416,Basic,299,2025-09-11,2026-01-01,Active,True
SUB010801,USR009417,Basic,299,2025-07-01,2026-01-01,Active,True
SUB010802,USR009418,Premium,799,2025-05-20,2026-01-01,Active,False
SUB010803,USR009419,Standard,499,2025-02-14,2025-06-05,Expired,True
SUB010804,USR009420,Mobile,149,2025-01-27,2026-01-01,Active,True
SUB010805,USR009421,Standard,499,2025-03-06,2025-09-12,Expired,False
SUB010806,USR009422,Basic,299,2025-02-01,2025-05-28,Cancelled,True
SUB010807,USR009423,Basic,299,2025-05-29,2026-01-01,Active,False
SUB010808,USR009424,Basic,299,2025-06-06,2026-01-01,Active,True
SUB010809,USR009425,Standard,499,2025-08-09,2026-01-01,Active,False
SUB010810,USR009426,Basic,299,2025-05-09,2025-10-14,Cancelled,False
SUB010811,USR009427,Basic,299,2025-03-01,2025-12-24,Cancelled,True
SUB010812,USR009428,Basic,299,2025-03-14,2026-01-01,Active,False
SUB010813,USR009429,Premium,799,2025-05-13,2026-01-01,Active,False
SUB010814,USR009430,Basic,299,2025-06-14,2025-12-17,Expired,True
SUB010815,USR009431,Premium,799,2025-05-24,2025-12-02,Cancelled,True
SUB010816,USR009432,Standard,499,2025-05-15,2025-08-30,Expired,True
SUB010817,USR009432,Basic,299,2025-08-31,2026-01-01,Active,True
SUB010818,USR009433,Basic,299,2025-01-24,2025-06-24,Cancelled,True
SUB010819,USR009434,Basic,299,2025-05-23,2026-01-01,Active,True
SUB010820,USR009435,Premium,799,2025-08-02,2026-01-01,Active,True
SUB010821,USR009436,Standard,499,2025-05-06,2025-12-19,Cancelled,True
SUB010822,USR009437,Mobile,149,2025-02-19,2025-09-11,Cancelled,False
SUB010823,USR009438,Premium,799,2025-03-26,2025-07-20,Expired,False
SUB010824,USR009439,Premium,799,2025-01-16,2025-05-20,Expired,True
SUB010825,USR009439,Premium,799,2025-05-21,2025-09-18,Cancelled,True
SUB010826,USR009440,Basic,299,2025-03-22,2025-07-19,Cancelled,False
SUB010827,USR009440,Standard,499,2025-07-20,2025-12-19,Expired,True
SUB010828,USR009441,Mobile,149,2025-02-06,2025-09-08,Cancelled,True
SUB010829,USR009442,Basic,299,2025-02-10,2025-11-10,Expired,True
SUB010830,USR009443,Standard,499,2025-03-09,2026-01-01,Active,True
SUB010831,USR009444,Mobile,149,2025-02-16,2026-01-01,Active,True
SUB010832,USR009445,Mobile,149,2025-03-10,2025-08-23,Cancelled,True
SUB010833,USR009446,Standard,499,2025-05-05,2025-08-22,Expired,True
SUB010834,USR009447,Standard,499,2025-06-29,2026-01-01,Active,True
SUB010835,USR009448,Basic,299,2025-03-26,2025-12-20,Expired,True
SUB010836,USR009449,Premium,799,2025-07-02,2026-01-01,Active,True
SUB010837,USR009450,Basic,299,2025-04-18,2025-12-13,Expired,True
SUB010838,USR009451,Basic,299,2025-05-12,2025-12-07,Cancelled,True
SUB010839,USR009452,Mobile,149,2025-04-11,2025-09-26,Cancelled,True
SUB010840,USR009452,Basic,299,2025-09-27,2025-12-24,Cancelled,False
SUB010841,USR009453,Mobile,149,2025-03-21,2025-09-26,Cancelled,True
SUB010842,USR009454,Premium,799,2025-06-14,2026-01-01,Active,False
SUB010843,USR009455,Mobile,149,2025-03-22,2026-01-01,Active,True
SUB010844,USR009456,Basic,299,2025-07-01,2026-01-01,Active,True
SUB010845,USR009457,Standard,499,2025-02-20,2025-11-27,Cancelled,True
SUB010846,USR009458,Mobile,149,2025-08-19,2026-01-01,Active,False
SUB010847,USR009459,Standard,499,2025-03-03,2025-08-11,Cancelled,True
SUB010848,USR009459,Mobile,149,2025-08-12,2025-11-01,Expired,True
SUB010849,USR009460,Basic,299,2025-02-16,2025-07-01,Cancelled,True
SUB010850,USR009460,Basic,299,2025-07-02,2025-09-02,Cancelled,False
SUB010851,USR009461,Premium,799,2025-04-11,2025-10-31,Expired,True
SUB010852,USR009462,Standard,499,2025-03-25,2025-10-01,Expired,True
SUB010853,USR009463,Premium,799,2025-07-18,2026-01-01,Active,False
SUB010854,USR009464,Standard,499,2025-02-28,2025-10-26,Cancelled,True
SUB010855,USR009465,Mobile,149,2025-05-08,2026-01-01,Active,True
SUB010856,USR009466,Standard,499,2025-07-01,2026-01-01,Active,True
SUB010857,USR009467,Standard,499,2025-03-04,2025-07-16,Cancelled,True
SUB010858,USR009468,Premium,799,2025-01-24,2025-06-06,Cancelled,True
SUB010859,USR009468,Mobile,149,2025-06-07,2025-09-09,Cancelled,True
SUB010860,USR009469,Basic,299,2025-01-22,2025-09-25,Cancelled,True
SUB010861,USR009470,Premium,799,2025-04-28,2026-01-01,Active,True
SUB010862,USR009471,Premium,799,2025-05-04,2026-01-01,Active,True
SUB010863,USR009472,Basic,299,2025-07-06,2026-01-01,Active,False
SUB010864,USR009473,Mobile,149,2025-04-02,2026-01-01,Active,True
SUB010865,USR009474,Basic,299,2025-02-28,2026-01-01,Active,False
SUB010866,USR009475,Mobile,149,2025-02-02,2025-08-27,Expired,True
SUB010867,USR009475,Standard,499,2025-08-28,2026-01-01,Active,False
SUB010868,USR009476,Basic,299,2025-03-31,2025-07-24,Expired,True
SUB010869,USR009477,Standard,499,2025-08-25,2026-01-01,Active,False
SUB010870,USR009478,Premium,799,2025-03-20,2025-12-15,Cancelled,False
SUB010871,USR009479,Premium,799,2025-02-04,2026-01-01,Active,False
SUB010872,USR009480,Standard,499,2025-05-05,2026-01-01,Active,True
SUB010873,USR009481,Standard,499,2025-05-12,2026-01-01,Active,True
SUB010874,USR009482,Standard,499,2025-05-22,2026-01-01,Active,False
SUB010875,USR009483,Mobile,149,2025-03-22,2026-01-01,Active,True
SUB010876,USR009484,Basic,299,2025-01-22,2025-09-08,Cancelled,True
SUB010877,USR009485,Basic,299,2025-06-02,2025-10-10,Expired,False
SUB010878,USR009486,Standard,499,2025-04-09,2026-01-01,Active,False
SUB010879,USR009487,Standard,499,2025-04-29,2025-12-09,Expired,True
SUB010880,USR009488,Basic,299,2025-07-12,2026-01-01,Active,False
SUB010881,USR009489,Premium,799,2025-04-15,2025-10-16,Expired,True
SUB010882,USR009490,Basic,299,2025-04-11,2025-11-23,Cancelled,False
SUB010883,USR009491,Basic,299,2025-05-13,2026-01-01,Active,True
SUB010884,USR009492,Basic,299,2025-04-03,2025-07-07,Cancelled,True
SUB010885,USR009493,Standard,499,2025-05-29,2026-01-01,Active,True
SUB010886,USR009494,Basic,299,2025-04-26,2026-01-01,Active,True
SUB010887,USR009495,Standard,499,2025-04-05,2025-11-28,Expired,True
SUB010888,USR009495,Standard,499,2025-11-29,2026-01-01,Active,False
SUB010889,USR009496,Basic,299,2025-06-06,2025-12-11,Cancelled,True
SUB010890,USR009497,Mobile,149,2025-05-19,2026-01-01,Active,False
SUB010891,USR009498,Standard,499,2025-04-19,2026-01-01,Active,True
SUB010892,USR009499,Basic,299,2025-02-28,2026-01-01,Active,True
SUB010893,USR009500,Basic,299,2025-06-11,2026-01-01,Active,True
SUB010894,USR009501,Basic,299,2025-02-13,2025-08-08,Cancelled,True
SUB010895,USR009502,Basic,299,2025-01-26,2025-05-20,Cancelled,True
SUB010896,USR009503,Mobile,149,2025-04-06,2025-07-10,Cancelled,True
SUB010897,USR009504,Premium,799,2025-07-07,2026-01-01,Active,True
SUB010898,USR009505,Basic,299,2025-07-03,2026-01-01,Active,False
SUB010899,USR009506,Premium,799,2025-07-07,2026-01-01,Active,True
SUB010900,USR009507,Basic,299,2025-03-22,2025-07-05,Expired,False
SUB010901,USR009508,Standard,499,2025-03-28,2026-01-01,Active,False
SUB010902,USR009509,Basic,299,2025-06-27,2026-01-01,Active,True
SUB010903,USR009510,Standard,499,2025-03-08,2025-10-21,Cancelled,True
SUB010904,USR009511,Standard,499,2025-03-19,2025-08-22,Expired,True
SUB010905,USR009512,Basic,299,2025-01-19,2025-10-01,Expired,False
SUB010906,USR009513,Basic,299,2025-05-25,2025-08-29,Expired,False
SUB010907,USR009514,Standard,499,2025-02-20,2025-08-04,Cancelled,False
SUB010908,USR009515,Standard,499,2025-03-22,2026-01-01,Active,False
SUB010909,USR009516,Mobile,149,2025-07-17,2025-10-19,Expired,True
SUB010910,USR009517,Basic,299,2025-06-30,2026-01-01,Active,True
SUB010911,USR009518,Premium,799,2025-03-02,2025-12-25,Cancelled,False
SUB010912,USR009519,Mobile,149,2025-04-16,2025-09-21,Expired,True
SUB010913,USR009519,Premium,799,2025-09-22,2025-11-27,Cancelled,True
SUB010914,USR009520,Mobile,149,2025-01-11,2025-06-27,Expired,True
SUB010915,USR009520,Mobile,149,2025-06-28,2025-10-18,Cancelled,False
SUB010916,USR009521,Premium,799,2025-01-19,2025-11-15,Expired,True
SUB010917,USR009522,Basic,299,2025-04-16,2025-11-01,Expired,False
SUB010918,USR009523,Mobile,149,2025-04-21,2026-01-01,Active,True
SUB010919,USR009524,Basic,299,2025-05-10,2025-10-04,Cancelled,True
SUB010920,USR009525,Standard,499,2025-05-25,2025-08-27,Expired,True
SUB010921,USR009525,Mobile,149,2025-08-28,2026-01-01,Active,True
SUB010922,USR009526,Premium,799,2025-01-24,2025-05-05,Expired,True
SUB010923,USR009527,Mobile,149,2025-05-11,2026-01-01,Active,True
SUB010924,USR009528,Premium,799,2025-03-22,2026-01-01,Active,True
SUB010925,USR009529,Standard,499,2025-04-06,2025-11-13,Cancelled,True
SUB010926,USR009530,Basic,299,2025-06-14,2026-01-01,Active,False
SUB010927,USR009531,Premium,799,2025-04-05,2026-01-01,Active,True
SUB010928,USR009532,Basic,299,2025-04-23,2025-10-30,Expired,False
SUB010929,USR009533,Standard,499,2025-07-01,2026-01-01,Active,False
SUB010930,USR009534,Standard,499,2025-02-16,2026-01-01,Active,True
SUB010931,USR009535,Basic,299,2025-05-27,2025-10-09,Cancelled,True
SUB010932,USR009536,Standard,499,2025-07-05,2026-01-01,Active,True
SUB010933,USR009537,Standard,499,2025-02-06,2026-01-01,Active,False
SUB010934,USR009538,Standard,499,2025-04-13,2026-01-01,Active,True
SUB010935,USR009539,Standard,499,2025-04-11,2026-01-01,Active,True
SUB010936,USR009540,Mobile,149,2025-05-04,2025-08-29,Cancelled,True
SUB010937,USR009541,Basic,299,2025-05-26,2026-01-01,Active,False
SUB010938,USR009542,Standard,499,2025-03-25,2026-01-01,Active,True
SUB010939,USR009543,Premium,799,2025-04-06,2025-12-16,Expired,True
SUB010940,USR009544,Basic,299,2025-04-09,2025-12-26,Expired,True
SUB010941,USR009545,Mobile,149,2025-01-24,2025-08-14,Expired,True
SUB010942,USR009545,Basic,299,2025-08-15,2025-10-19,Expired,True
SUB010943,USR009546,Standard,499,2025-07-14,2025-12-30,Expired,False
SUB010944,USR009547,Standard,499,2025-04-30,2025-09-10,Cancelled,False
SUB010945,USR009548,Standard,499,2025-02-14,2025-11-07,Cancelled,True
SUB010946,USR009549,Standard,499,2025-01-14,2026-01-01,Active,True
SUB010947,USR009550,Basic,299,2025-06-19,2025-10-04,Cancelled,True
SUB010948,USR009551,Standard,499,2025-05-30,2026-01-01,Active,True
SUB010949,USR009552,Standard,499,2025-05-13,2026-01-01,Active,True
SUB010950,USR009553,Basic,299,2025-04-14,2026-01-01,Active,True
SUB010951,USR009554,Basic,299,2025-03-19,2026-01-01,Active,True
SUB010952,USR009555,Premium,799,2025-02-14,2026-01-01,Active,False
SUB010953,USR009556,Basic,299,2025-04-05,2025-09-18,Cancelled,True
SUB010954,USR009557,Mobile,149,2025-02-04,2025-05-16,Cancelled,False
SUB010955,USR009558,Basic,299,2025-03-17,2026-01-01,Active,True
SUB010956,USR009559,Basic,299,2025-07-27,2025-12-26,Cancelled,True
SUB010957,USR009560,Basic,299,2025-02-26,2025-09-30,Expired,True
SUB010958,USR009561,Basic,299,2025-03-12,2026-01-01,Active,True
SUB010959,USR009562,Basic,299,2025-04-20,2026-01-01,Active,True
SUB010960,USR009563,Basic,299,2025-02-24,2025-07-11,Cancelled,True
SUB010961,USR009564,Mobile,149,2025-05-23,2025-11-20,Cancelled,False
SUB010962,USR009564,Standard,499,2025-11-21,2026-01-01,Active,True
SUB010963,USR009565,Standard,499,2025-03-21,2025-07-30,Expired,True
SUB010964,USR009565,Mobile,149,2025-07-31,2026-01-01,Active,False
SUB010965,USR009566,Basic,299,2025-08-13,2026-01-01,Active,False
SUB010966,USR009567,Basic,299,2025-09-21,2026-01-01,Active,True
SUB010967,USR009568,Mobile,149,2025-05-01,2026-01-01,Active,True
SUB010968,USR009569,Premium,799,2025-04-28,2026-01-01,Active,True
SUB010969,USR009570,Standard,499,2025-06-19,2026-01-01,Active,True
SUB010970,USR009571,Standard,499,2025-07-25,2026-01-01,Active,True
SUB010971,USR009572,Basic,299,2025-02-16,2025-09-27,Expired,True
SUB010972,USR009573,Mobile,149,2025-04-03,2025-10-04,Cancelled,False
SUB010973,USR009574,Basic,299,2025-05-22,2025-11-20,Expired,True
SUB010974,USR009575,Basic,299,2025-02-17,2025-08-05,Cancelled,True
SUB010975,USR009576,Basic,299,2025-05-11,2026-01-01,Active,True
SUB010976,USR009577,Standard,499,2025-05-04,2025-11-24,Expired,True
SUB010977,USR009578,Premium,799,2025-05-31,2026-01-01,Active,True
SUB010978,USR009579,Standard,499,2025-05-13,2025-12-31,Expired,True
SUB010979,USR009580,Mobile,149,2025-04-19,2025-09-23,Cancelled,True
SUB010980,USR009581,Standard,499,2025-03-30,2025-10-27,Expired,True
SUB010981,USR009581,Premium,799,2025-10-28,2026-01-01,Active,True
SUB010982,USR009582,Standard,499,2025-02-01,2025-10-26,Cancelled,False
SUB010983,USR009583,Standard,499,2025-01-24,2026-01-01,Active,True
SUB010984,USR009584,Basic,299,2025-02-25,2026-01-01,Active,True
SUB010985,USR009585,Premium,799,2025-06-11,2025-10-28,Expired,True
SUB010986,USR009585,Basic,299,2025-10-29,2026-01-01,Active,True
SUB010987,USR009586,Basic,299,2025-01-15,2025-10-04,Cancelled,True
SUB010988,USR009587,Mobile,149,2025-01-18,2025-04-24,Expired,True
SUB010989,USR009588,Standard,499,2025-03-29,2025-10-21,Expired,False
SUB010990,USR009589,Mobile,149,2025-07-19,2026-01-01,Active,True
SUB010991,USR009590,Standard,499,2025-02-06,2025-12-21,Expired,True
SUB010992,USR009591,Standard,499,2025-01-13,2025-10-17,Cancelled,True
SUB010993,USR009591,Standard,499,2025-10-18,2026-01-01,Active,True
SUB010994,USR009592,Mobile,149,2025-04-30,2025-10-16,Expired,True
SUB010995,USR009593,Standard,499,2025-02-13,2025-07-25,Cancelled,True
SUB010996,USR009594,Standard,499,2025-02-26,2025-10-25,Cancelled,False
SUB010997,USR009594,Standard,499,2025-10-26,2026-01-01,Active,False
SUB010998,USR009595,Standard,499,2025-03-08,2026-01-01,Active,False
SUB010999,USR009596,Mobile,149,2025-07-15,2026-01-01,Active,True
SUB011000,USR009597,Standard,499,2025-01-19,2025-04-28,Cancelled,False
SUB011001,USR009597,Premium,799,2025-04-29,2025-10-14,Expired,True
SUB011002,USR009598,Basic,299,2025-07-21,2025-11-25,Expired,True
SUB011003,USR009599,Mobile,149,2025-03-31,2025-11-26,Expired,True
SUB011004,USR009600,Premium,799,2025-03-07,2025-08-26,Cancelled,True
SUB011005,USR009600,Mobile,149,2025-08-27,2026-01-01,Active,True
SUB011006,USR009601,Mobile,149,2025-06-09,2026-01-01,Active,True
SUB011007,USR009602,Premium,799,2025-04-20,2025-08-19,Cancelled,True
SUB011008,USR009603,Mobile,149,2025-04-08,2026-01-01,Active,False
SUB011009,USR009604,Premium,799,2025-03-29,2025-07-29,Expired,True
SUB011010,USR009605,Mobile,149,2025-06-30,2026-01-01,Active,True
SUB011011,USR009606,Basic,299,2025-07-01,2026-01-01,Active,True
SUB011012,USR009607,Mobile,149,2025-04-25,2025-08-28,Cancelled,True
SUB011013,USR009608,Premium,799,2025-03-23,2025-12-14,Cancelled,True
SUB011014,USR009608,Basic,299,2025-12-15,2026-01-01,Active,False
SUB011015,USR009609,Standard,499,2025-05-30,2026-01-01,Active,True
SUB011016,USR009610,Standard,499,2025-02-19,2025-11-01,Expired,False
SUB011017,USR009610,Standard,499,2025-11-02,2026-01-01,Active,True
SUB011018,USR009611,Standard,499,2025-05-21,2025-12-15,Expired,False
SUB011019,USR009612,Premium,799,2025-05-12,2025-11-26,Expired,True
SUB011020,USR009612,Standard,499,2025-11-27,2026-01-01,Active,True
SUB011021,USR009613,Standard,499,2025-04-15,2026-01-01,Active,False
SUB011022,USR009614,Standard,499,2025-06-05,2026-01-01,Active,False
SUB011023,USR009615,Mobile,149,2025-04-21,2025-10-22,Expired,True
SUB011024,USR009616,Standard,499,2025-03-04,2026-01-01,Active,True
SUB011025,USR009617,Mobile,149,2025-03-22,2026-01-01,Active,True
SUB011026,USR009618,Mobile,149,2025-04-19,2025-09-11,Cancelled,True
SUB011027,USR009619,Premium,799,2025-04-19,2025-08-07,Cancelled,True
SUB011028,USR009620,Standard,499,2025-05-25,2025-09-07,Expired,True
SUB011029,USR009620,Standard,499,2025-09-08,2026-01-01,Active,True
SUB011030,USR009621,Basic,299,2025-03-04,2025-09-18,Cancelled,True
SUB011031,USR009622,Standard,499,2025-06-04,2025-10-05,Expired,True
SUB011032,USR009623,Basic,299,2025-08-29,2026-01-01,Active,True
SUB011033,USR009624,Basic,299,2025-03-03,2026-01-01,Active,True
SUB011034,USR009625,Mobile,149,2025-06-12,2026-01-01,Active,True
SUB011035,USR009626,Standard,499,2025-02-22,2025-10-15,Cancelled,True
SUB011036,USR009627,Standard,499,2025-03-09,2025-11-02,Cancelled,True
SUB011037,USR009627,Basic,299,2025-11-03,2026-01-01,Active,False
SUB011038,USR009628,Mobile,149,2025-04-14,2026-01-01,Active,True
SUB011039,USR009629,Mobile,149,2025-04-06,2025-09-25,Cancelled,True
SUB011040,USR009630,Standard,499,2025-02-02,2025-05-21,Cancelled,False
SUB011041,USR009631,Standard,499,2025-07-02,2026-01-01,Active,True
SUB011042,USR009632,Basic,299,2025-02-21,2025-08-18,Cancelled,True
SUB011043,USR009633,Standard,499,2025-05-08,2025-12-31,Cancelled,True
SUB011044,USR009634,Standard,499,2025-01-31,2025-11-15,Cancelled,True
SUB011045,USR009635,Mobile,149,2025-02-17,2025-11-16,Expired,False
SUB011046,USR009636,Mobile,149,2025-01-31,2026-01-01,Active,False
SUB011047,USR009637,Standard,499,2025-03-17,2025-11-11,Expired,True
SUB011048,USR009638,Mobile,149,2025-02-15,2026-01-01,Active,True
SUB011049,USR009639,Mobile,149,2025-05-06,2025-12-27,Expired,True
SUB011050,USR009640,Standard,499,2025-04-20,2026-01-01,Active,True
SUB011051,USR009641,Basic,299,2025-03-11,2025-07-23,Cancelled,False
SUB011052,USR009641,Standard,499,2025-07-24,2026-01-01,Active,True
SUB011053,USR009642,Basic,299,2025-03-12,2025-06-23,Cancelled,True
SUB011054,USR009643,Standard,499,2025-07-02,2025-11-11,Expired,False
SUB011055,USR009644,Mobile,149,2025-03-29,2025-11-03,Cancelled,True
SUB011056,USR009645,Basic,299,2025-03-27,2025-10-28,Expired,False
SUB011057,USR009645,Standard,499,2025-10-29,2026-01-01,Active,True
SUB011058,USR009646,Standard,499,2025-04-07,2026-01-01,Active,True
SUB011059,USR009647,Standard,499,2025-04-03,2025-09-18,Cancelled,True
SUB011060,USR009648,Premium,799,2025-02-23,2026-01-01,Active,True
SUB011061,USR009649,Premium,799,2025-05-30,2026-01-01,Active,False
SUB011062,USR009650,Standard,499,2025-07-01,2026-01-01,Active,True
SUB011063,USR009651,Mobile,149,2025-02-04,2026-01-01,Active,True
SUB011064,USR009652,Standard,499,2025-04-16,2026-01-01,Active,True
SUB011065,USR009653,Standard,499,2025-06-30,2026-01-01,Active,False
SUB011066,USR009654,Basic,299,2025-10-13,2026-01-01,Active,False
SUB011067,USR009655,Premium,799,2025-07-01,2026-01-01,Active,True
SUB011068,USR009656,Basic,299,2025-04-20,2025-08-30,Expired,True
SUB011069,USR009657,Mobile,149,2025-05-02,2026-01-01,Active,True
SUB011070,USR009658,Basic,299,2025-07-01,2025-10-16,Cancelled,False
SUB011071,USR009659,Standard,499,2025-01-11,2025-05-16,Cancelled,True
SUB011072,USR009660,Mobile,149,2025-03-18,2026-01-01,Active,True
SUB011073,USR009661,Basic,299,2025-01-29,2025-12-22,Cancelled,True
SUB011074,USR009662,Premium,799,2025-06-03,2026-01-01,Active,False
SUB011075,USR009663,Standard,499,2025-02-12,2025-11-21,Cancelled,True
SUB011076,USR009664,Mobile,149,2025-06-29,2026-01-01,Active,True
SUB011077,USR009665,Mobile,149,2025-02-28,2026-01-01,Active,False
SUB011078,USR009666,Premium,799,2025-06-27,2026-01-01,Active,False
SUB011079,USR009667,Basic,299,2025-06-14,2026-01-01,Active,True
SUB011080,USR009668,Standard,499,2025-05-01,2026-01-01,Active,True
SUB011081,USR009669,Standard,499,2025-08-21,2026-01-01,Active,True
SUB011082,USR009670,Mobile,149,2025-01-29,2025-06-07,Expired,True
SUB011083,USR009671,Premium,799,2025-07-17,2026-01-01,Active,True
SUB011084,USR009672,Basic,299,2025-03-09,2026-01-01,Active,True
SUB011085,USR009673,Standard,499,2025-04-13,2025-09-04,Cancelled,True
SUB011086,USR009674,Mobile,149,2025-04-12,2025-10-12,Expired,True
SUB011087,USR009675,Premium,799,2025-04-20,2025-08-26,Expired,True
SUB011088,USR009676,Basic,299,2025-03-19,2025-12-21,Expired,True
SUB011089,USR009676,Mobile,149,2025-12-22,2026-01-01,Active,True
SUB011090,USR009677,Standard,499,2025-03-27,2025-07-24,Cancelled,True
SUB011091,USR009678,Basic,299,2025-02-19,2026-01-01,Active,True
SUB011092,USR009679,Basic,299,2025-01-28,2025-07-03,Cancelled,True
SUB011093,USR009680,Standard,499,2025-05-19,2025-10-05,Cancelled,True
SUB011094,USR009681,Basic,299,2025-07-20,2026-01-01,Active,False
SUB011095,USR009682,Basic,299,2025-04-11,2026-01-01,Active,True
SUB011096,USR009683,Standard,499,2025-01-26,2025-08-30,Expired,True
SUB011097,USR009684,Mobile,149,2025-03-23,2025-10-22,Expired,True
SUB011098,USR009684,Mobile,149,2025-10-23,2026-01-01,Active,True
SUB011099,USR009685,Standard,499,2025-04-18,2025-10-20,Expired,True
SUB011100,USR009685,Mobile,149,2025-10-21,2026-01-01,Active,True
SUB011101,USR009686,Mobile,149,2025-02-02,2025-05-28,Expired,False
SUB011102,USR009687,Mobile,149,2025-05-08,2025-10-05,Cancelled,True
SUB011103,USR009688,Premium,799,2025-03-31,2025-09-30,Cancelled,True
SUB011104,USR009689,Basic,299,2025-03-05,2026-01-01,Active,True
SUB011105,USR009690,Premium,799,2025-01-15,2025-09-06,Cancelled,True
SUB011106,USR009691,Basic,299,2025-04-25,2026-01-01,Active,True
SUB011107,USR009692,Mobile,149,2025-04-28,2025-12-15,Expired,True
SUB011108,USR009692,Standard,499,2025-12-16,2026-01-01,Active,True
SUB011109,USR009693,Basic,299,2025-03-26,2026-01-01,Active,True
SUB011110,USR009694,Standard,499,2025-05-26,2025-09-08,Expired,False
SUB011111,USR009695,Standard,499,2025-06-18,2025-10-28,Expired,True
SUB011112,USR009696,Basic,299,2025-02-26,2025-09-13,Expired,True
SUB011113,USR009697,Standard,499,2025-02-12,2025-06-04,Expired,True
SUB011114,USR009698,Basic,299,2025-05-30,2025-12-17,Expired,True
SUB011115,USR009699,Basic,299,2025-03-15,2026-01-01,Active,True
SUB011116,USR009700,Premium,799,2025-04-07,2025-07-09,Expired,True
SUB011117,USR009701,Basic,299,2025-08-03,2026-01-01,Active,True
SUB011118,USR009702,Standard,499,2025-05-26,2025-10-24,Expired,False
SUB011119,USR009703,Mobile,149,2025-02-17,2025-05-22,Cancelled,True
SUB011120,USR009704,Standard,499,2025-02-25,2025-07-14,Cancelled,False
SUB011121,USR009705,Premium,799,2025-04-26,2025-10-17,Expired,False
SUB011122,USR009705,Standard,499,2025-10-18,2026-01-01,Active,False
SUB011123,USR009706,Standard,499,2025-05-09,2025-10-02,Expired,True
SUB011124,USR009707,Basic,299,2025-02-17,2025-10-12,Cancelled,True
SUB011125,USR009708,Basic,299,2025-05-27,2025-09-12,Expired,False
SUB011126,USR009709,Standard,499,2025-05-30,2026-01-01,Active,True
SUB011127,USR009710,Mobile,149,2025-05-26,2025-08-28,Cancelled,False
SUB011128,USR009711,Basic,299,2025-08-22,2025-11-30,Cancelled,True
SUB011129,USR009712,Mobile,149,2025-05-19,2025-09-11,Cancelled,False
SUB011130,USR009713,Standard,499,2025-02-01,2026-01-01,Active,True
SUB011131,USR009714,Premium,799,2025-02-20,2026-01-01,Active,False
SUB011132,USR009715,Mobile,149,2025-03-27,2025-09-18,Cancelled,False
SUB011133,USR009715,Basic,299,2025-09-19,2025-12-14,Cancelled,True
SUB011134,USR009716,Mobile,149,2025-02-20,2026-01-01,Active,True
SUB011135,USR009717,Mobile,149,2025-05-04,2026-01-01,Active,False
SUB011136,USR009718,Standard,499,2025-02-15,2025-09-08,Expired,True
SUB011137,USR009719,Basic,299,2025-03-07,2025-07-04,Cancelled,True
SUB011138,USR009720,Standard,499,2025-01-28,2025-07-03,Expired,True
SUB011139,USR009721,Mobile,149,2025-07-06,2025-11-17,Expired,False
SUB011140,USR009722,Standard,499,2025-03-31,2026-01-01,Active,True
SUB011141,USR009723,Basic,299,2025-07-23,2025-12-31,Expired,True
SUB011142,USR009724,Standard,499,2025-04-25,2026-01-01,Active,True
SUB011143,USR009725,Basic,299,2025-03-26,2025-08-24,Expired,True
SUB011144,USR009726,Standard,499,2025-05-08,2025-09-17,Expired,True
SUB011145,USR009727,Mobile,149,2025-02-13,2025-06-20,Expired,True
SUB011146,USR009728,Mobile,149,2025-02-27,2025-12-27,Cancelled,False
SUB011147,USR009729,Mobile,149,2025-07-03,2026-01-01,Active,True
SUB011148,USR009730,Basic,299,2025-06-08,2025-09-19,Expired,True
SUB011149,USR009730,Basic,299,2025-09-20,2026-01-01,Active,True
SUB011150,USR009731,Premium,799,2025-03-15,2025-07-15,Expired,True
SUB011151,USR009732,Basic,299,2025-02-25,2025-09-10,Cancelled,True
SUB011152,USR009733,Premium,799,2025-07-29,2026-01-01,Active,True
SUB011153,USR009734,Premium,799,2025-02-23,2025-10-04,Cancelled,True
SUB011154,USR009735,Standard,499,2025-05-15,2026-01-01,Active,True
SUB011155,USR009736,Mobile,149,2025-05-15,2026-01-01,Active,True
SUB011156,USR009737,Standard,499,2025-02-15,2026-01-01,Active,True
SUB011157,USR009738,Mobile,149,2025-04-01,2026-01-01,Active,True
SUB011158,USR009739,Basic,299,2025-04-22,2026-01-01,Active,False
SUB011159,USR009740,Standard,499,2025-05-14,2025-10-26,Expired,True
SUB011160,USR009741,Standard,499,2025-01-29,2025-12-12,Expired,True
SUB011161,USR009742,Basic,299,2025-03-09,2026-01-01,Active,False
SUB011162,USR009743,Basic,299,2025-05-22,2025-10-18,Cancelled,True
SUB011163,USR009744,Basic,299,2025-06-22,2026-01-01,Active,True
SUB011164,USR009745,Standard,499,2025-05-20,2025-12-15,Expired,True
SUB011165,USR009745,Standard,499,2025-12-16,2026-01-01,Active,False
SUB011166,USR009746,Premium,799,2025-01-13,2025-05-15,Cancelled,True
SUB011167,USR009746,Basic,299,2025-05-16,2025-12-04,Cancelled,True
SUB011168,USR009747,Mobile,149,2025-06-04,2025-09-11,Expired,True
SUB011169,USR009748,Basic,299,2025-03-17,2025-11-11,Expired,True
SUB011170,USR009748,Basic,299,2025-11-12,2026-01-01,Active,False
SUB011171,USR009749,Basic,299,2025-01-25,2025-06-11,Cancelled,False
SUB011172,USR009750,Basic,299,2025-05-12,2026-01-01,Active,True
SUB011173,USR009751,Mobile,149,2025-07-01,2026-01-01,Active,True
SUB011174,USR009752,Basic,299,2025-07-09,2026-01-01,Active,False
SUB011175,USR009753,Basic,299,2025-05-05,2026-01-01,Active,False
SUB011176,USR009754,Mobile,149,2025-04-24,2026-01-01,Active,True
SUB011177,USR009755,Standard,499,2025-03-30,2025-08-11,Cancelled,True
SUB011178,USR009755,Basic,299,2025-08-12,2025-10-12,Expired,True
SUB011179,USR009756,Mobile,149,2025-07-12,2026-01-01,Active,False
SUB011180,USR009757,Basic,299,2025-06-19,2026-01-01,Active,True
SUB011181,USR009758,Mobile,149,2025-04-23,2026-01-01,Active,True
SUB011182,USR009759,Basic,299,2025-01-07,2025-04-29,Expired,True
SUB011183,USR009759,Standard,499,2025-04-30,2025-11-06,Cancelled,True
SUB011184,USR009760,Basic,299,2025-07-01,2026-01-01,Active,True
SUB011185,USR009761,Mobile,149,2025-01-25,2026-01-01,Active,True
SUB011186,USR009762,Standard,499,2025-03-22,2026-01-01,Active,True
SUB011187,USR009763,Basic,299,2025-04-09,2026-01-01,Active,True
SUB011188,USR009764,Standard,499,2025-01-18,2026-01-01,Active,True
SUB011189,USR009765,Standard,499,2025-03-26,2025-12-19,Expired,False
SUB011190,USR009766,Basic,299,2025-02-16,2025-11-17,Cancelled,True
SUB011191,USR009766,Mobile,149,2025-11-18,2026-01-01,Active,True
SUB011192,USR009767,Basic,299,2025-04-09,2025-09-27,Cancelled,True
SUB011193,USR009768,Basic,299,2025-05-31,2026-01-01,Active,False
SUB011194,USR009769,Basic,299,2025-05-27,2026-01-01,Active,False
SUB011195,USR009770,Standard,499,2025-03-04,2025-10-14,Cancelled,False
SUB011196,USR009771,Standard,499,2025-06-20,2026-01-01,Active,True
SUB011197,USR009772,Basic,299,2025-06-28,2025-12-23,Expired,False
SUB011198,USR009773,Standard,499,2025-05-13,2026-01-01,Active,True
SUB011199,USR009774,Basic,299,2025-04-22,2026-01-01,Active,True
SUB011200,USR009775,Basic,299,2025-03-14,2025-12-15,Cancelled,True
SUB011201,USR009775,Standard,499,2025-12-16,2026-01-01,Active,True
SUB011202,USR009776,Basic,299,2025-02-18,2025-07-13,Cancelled,True
SUB011203,USR009777,Premium,799,2025-07-05,2026-01-01,Active,True
SUB011204,USR009778,Standard,499,2025-03-21,2026-01-01,Active,True
SUB011205,USR009779,Premium,799,2025-09-08,2026-01-01,Active,True
SUB011206,USR009780,Premium,799,2025-02-27,2026-01-01,Active,True
SUB011207,USR009781,Basic,299,2025-08-27,2026-01-01,Active,True
SUB011208,USR009782,Standard,499,2025-05-24,2026-01-01,Active,True
SUB011209,USR009783,Basic,299,2025-03-29,2025-11-15,Expired,True
SUB011210,USR009784,Basic,299,2025-05-06,2026-01-01,Active,False
SUB011211,USR009785,Standard,499,2025-04-20,2025-12-15,Cancelled,False
SUB011212,USR009786,Basic,299,2025-03-31,2025-11-03,Expired,True
SUB011213,USR009787,Basic,299,2025-02-17,2025-12-30,Expired,True
SUB011214,USR009787,Premium,799,2025-12-31,2026-01-01,Active,False
SUB011215,USR009788,Mobile,149,2025-01-20,2025-05-23,Cancelled,True
SUB011216,USR009788,Premium,799,2025-05-24,2025-12-31,Cancelled,True
SUB011217,USR009789,Basic,299,2025-06-14,2025-12-06,Cancelled,True
SUB011218,USR009790,Basic,299,2025-06-11,2026-01-01,Active,True
SUB011219,USR009791,Premium,799,2025-03-25,2026-01-01,Active,False
SUB011220,USR009792,Mobile,149,2025-03-23,2025-07-07,Cancelled,True
SUB011221,USR009792,Premium,799,2025-07-08,2025-09-15,Cancelled,True
SUB011222,USR009793,Premium,799,2025-07-01,2026-01-01,Active,True
SUB011223,USR009794,Mobile,149,2025-06-12,2026-01-01,Active,True
SUB011224,USR009795,Standard,499,2025-02-07,2026-01-01,Active,False
SUB011225,USR009796,Standard,499,2025-06-19,2026-01-01,Active,True
SUB011226,USR009797,Basic,299,2025-05-27,2026-01-01,Active,False
SUB011227,USR009798,Basic,299,2025-04-25,2025-12-14,Expired,True
SUB011228,USR009798,Basic,299,2025-12-15,2026-01-01,Active,True
SUB011229,USR009799,Standard,499,2025-02-07,2026-01-01,Active,True
SUB011230,USR009800,Standard,499,2025-01-29,2026-01-01,Active,True
SUB011231,USR009801,Mobile,149,2025-05-09,2025-12-01,Expired,False
SUB011232,USR009802,Standard,499,2025-04-16,2025-11-26,Cancelled,True
SUB011233,USR009803,Basic,299,2025-02-25,2025-07-27,Cancelled,True
SUB011234,USR009804,Mobile,149,2025-08-22,2026-01-01,Active,True
SUB011235,USR009805,Basic,299,2025-07-05,2025-11-15,Expired,False
SUB011236,USR009805,Basic,299,2025-11-16,2026-01-01,Active,True
SUB011237,USR009806,Standard,499,2025-02-08,2025-10-12,Expired,True
SUB011238,USR009807,Standard,499,2025-02-01,2026-01-01,Active,True
SUB011239,USR009808,Standard,499,2025-04-19,2026-01-01,Active,True
SUB011240,USR009809,Premium,799,2025-05-25,2026-01-01,Active,True
SUB011241,USR009810,Mobile,149,2025-06-14,2026-01-01,Active,True
SUB011242,USR009811,Basic,299,2025-05-20,2025-09-02,Cancelled,True
SUB011243,USR009811,Basic,299,2025-09-03,2026-01-01,Active,True
SUB011244,USR009812,Mobile,149,2025-05-01,2025-09-16,Expired,False
SUB011245,USR009813,Basic,299,2025-07-17,2026-01-01,Active,False
SUB011246,USR009814,Mobile,149,2025-08-31,2026-01-01,Active,True
SUB011247,USR009815,Mobile,149,2025-05-13,2026-01-01,Active,True
SUB011248,USR009816,Basic,299,2025-06-13,2025-09-29,Cancelled,True
SUB011249,USR009817,Mobile,149,2025-01-26,2026-01-01,Active,True
SUB011250,USR009818,Basic,299,2025-09-09,2026-01-01,Active,True
SUB011251,USR009819,Standard,499,2025-06-06,2026-01-01,Active,False
SUB011252,USR009820,Basic,299,2025-02-12,2025-05-20,Expired,True
SUB011253,USR009820,Premium,799,2025-05-21,2025-10-27,Expired,True
SUB011254,USR009821,Premium,799,2025-04-21,2025-12-10,Expired,True
SUB011255,USR009822,Standard,499,2025-04-10,2026-01-01,Active,True
SUB011256,USR009823,Standard,499,2025-07-10,2026-01-01,Active,True
SUB011257,USR009824,Basic,299,2025-06-18,2026-01-01,Active,False
SUB011258,USR009825,Premium,799,2025-01-26,2025-11-30,Cancelled,False
SUB011259,USR009826,Standard,499,2025-06-20,2026-01-01,Active,False
SUB011260,USR009827,Standard,499,2025-05-20,2025-10-15,Cancelled,True
SUB011261,USR009828,Standard,499,2025-04-05,2025-11-05,Expired,False
SUB011262,USR009828,Premium,799,2025-11-06,2026-01-01,Active,True
SUB011263,USR009829,Standard,499,2025-06-23,2026-01-01,Active,True
SUB011264,USR009830,Basic,299,2025-05-23,2026-01-01,Active,True
SUB011265,USR009831,Basic,299,2025-03-24,2025-12-02,Expired,True
SUB011266,USR009832,Premium,799,2025-05-07,2025-10-23,Cancelled,True
SUB011267,USR009833,Standard,499,2025-06-24,2026-01-01,Active,True
SUB011268,USR009834,Standard,499,2025-03-11,2025-11-20,Expired,False
SUB011269,USR009835,Mobile,149,2025-03-08,2026-01-01,Active,True
SUB011270,USR009836,Mobile,149,2025-04-05,2025-09-23,Expired,True
SUB011271,USR009837,Premium,799,2025-03-14,2025-12-21,Cancelled,True
SUB011272,USR009837,Standard,499,2025-12-22,2026-01-01,Active,True
SUB011273,USR009838,Standard,499,2025-05-08,2025-09-30,Expired,True
SUB011274,USR009839,Standard,499,2025-04-30,2026-01-01,Active,True
SUB011275,USR009840,Basic,299,2025-03-11,2025-09-27,Expired,True
SUB011276,USR009840,Basic,299,2025-09-28,2026-01-01,Active,True
SUB011277,USR009841,Basic,299,2025-02-04,2026-01-01,Active,True
SUB011278,USR009842,Basic,299,2025-04-23,2026-01-01,Active,False
SUB011279,USR009843,Mobile,149,2025-04-28,2026-01-01,Active,True
SUB011280,USR009844,Basic,299,2025-07-08,2026-01-01,Active,True
SUB011281,USR009845,Basic,299,2025-01-23,2026-01-01,Active,True
SUB011282,USR009846,Standard,499,2025-04-02,2025-12-02,Expired,True
SUB011283,USR009847,Basic,299,2025-01-18,2025-05-26,Expired,False
SUB011284,USR009848,Mobile,149,2025-01-20,2025-05-09,Cancelled,False
SUB011285,USR009848,Mobile,149,2025-05-10,2025-07-22,Cancelled,True
SUB011286,USR009849,Standard,499,2025-05-17,2026-01-01,Active,False
SUB011287,USR009850,Mobile,149,2025-04-28,2026-01-01,Active,True
SUB011288,USR009851,Basic,299,2025-03-10,2026-01-01,Active,True
SUB011289,USR009852,Basic,299,2025-03-20,2025-10-18,Expired,False
SUB011290,USR009852,Premium,799,2025-10-19,2026-01-01,Active,True
SUB011291,USR009853,Basic,299,2025-04-01,2026-01-01,Active,True
SUB011292,USR009854,Standard,499,2025-01-26,2025-07-29,Cancelled,True
SUB011293,USR009855,Mobile,149,2025-03-07,2025-08-29,Expired,True
SUB011294,USR009856,Mobile,149,2025-03-11,2026-01-01,Active,True
SUB011295,USR009857,Mobile,149,2025-06-24,2026-01-01,Active,True
SUB011296,USR009858,Basic,299,2025-05-11,2025-08-10,Expired,True
SUB011297,USR009859,Standard,499,2025-05-19,2026-01-01,Active,False
SUB011298,USR009860,Basic,299,2025-03-15,2026-01-01,Active,True
SUB011299,USR009861,Mobile,149,2025-03-27,2025-10-02,Cancelled,False
SUB011300,USR009862,Basic,299,2025-03-19,2025-09-14,Expired,False
SUB011301,USR009863,Basic,299,2025-01-23,2025-07-14,Expired,True
SUB011302,USR009864,Basic,299,2025-03-07,2025-12-08,Expired,True
SUB011303,USR009865,Standard,499,2025-07-09,2026-01-01,Active,False
SUB011304,USR009866,Premium,799,2025-04-22,2025-11-23,Expired,True
SUB011305,USR009866,Premium,799,2025-11-24,2026-01-01,Active,True
SUB011306,USR009867,Standard,499,2025-03-08,2025-06-08,Expired,True
SUB011307,USR009868,Standard,499,2025-05-18,2026-01-01,Active,True
SUB011308,USR009869,Premium,799,2025-08-07,2026-01-01,Active,True
SUB011309,USR009870,Premium,799,2025-06-19,2026-01-01,Active,False
SUB011310,USR009871,Basic,299,2025-03-10,2026-01-01,Active,True
SUB011311,USR009872,Basic,299,2025-03-26,2025-12-28,Expired,True
SUB011312,USR009873,Standard,499,2025-05-14,2025-11-11,Expired,True
SUB011313,USR009873,Mobile,149,2025-11-12,2026-01-01,Active,True
SUB011314,USR009874,Mobile,149,2025-06-19,2026-01-01,Active,True
SUB011315,USR009875,Mobile,149,2025-03-14,2025-09-30,Expired,False
SUB011316,USR009876,Premium,799,2025-01-27,2026-01-01,Active,True
SUB011317,USR009877,Premium,799,2025-04-04,2025-09-23,Cancelled,True
SUB011318,USR009878,Standard,499,2025-04-14,2026-01-01,Active,False
SUB011319,USR009879,Mobile,149,2025-02-13,2025-12-28,Expired,True
SUB011320,USR009880,Mobile,149,2025-06-16,2025-09-15,Expired,True
SUB011321,USR009881,Basic,299,2025-03-10,2026-01-01,Active,True
SUB011322,USR009882,Mobile,149,2025-04-18,2025-11-14,Cancelled,True
SUB011323,USR009883,Standard,499,2025-04-22,2025-12-29,Cancelled,True
SUB011324,USR009884,Standard,499,2025-03-13,2025-06-12,Expired,True
SUB011325,USR009884,Mobile,149,2025-06-13,2025-08-31,Cancelled,True
SUB011326,USR009885,Mobile,149,2025-07-21,2026-01-01,Active,True
SUB011327,USR009886,Standard,499,2025-05-27,2026-01-01,Active,True
SUB011328,USR009887,Basic,299,2025-02-20,2025-11-03,Expired,True
SUB011329,USR009888,Standard,499,2025-03-31,2026-01-01,Active,True
SUB011330,USR009889,Basic,299,2025-02-28,2026-01-01,Active,True
SUB011331,USR009890,Mobile,149,2025-02-27,2026-01-01,Active,True
SUB011332,USR009891,Mobile,149,2025-04-24,2026-01-01,Active,True
SUB011333,USR009892,Basic,299,2025-05-18,2026-01-01,Active,False
SUB011334,USR009893,Standard,499,2025-04-14,2026-01-01,Active,False
SUB011335,USR009894,Mobile,149,2025-05-20,2025-11-13,Expired,True
SUB011336,USR009894,Mobile,149,2025-11-14,2026-01-01,Active,False
SUB011337,USR009895,Standard,499,2025-04-25,2025-10-10,Expired,True
SUB011338,USR009896,Standard,499,2025-05-12,2026-01-01,Active,False
SUB011339,USR009897,Basic,299,2025-03-26,2026-01-01,Active,True
SUB011340,USR009898,Standard,499,2025-06-04,2026-01-01,Active,True
SUB011341,USR009899,Mobile,149,2025-04-30,2026-01-01,Active,True
SUB011342,USR009900,Standard,499,2025-04-17,2026-01-01,Active,True
SUB011343,USR009901,Mobile,149,2025-05-07,2026-01-01,Active,True
SUB011344,USR009902,Mobile,149,2025-02-22,2025-06-11,Cancelled,False
SUB011345,USR009903,Basic,299,2025-03-24,2026-01-01,Active,False
SUB011346,USR009904,Basic,299,2025-03-05,2026-01-01,Active,True
SUB011347,USR009905,Standard,499,2025-02-16,2026-01-01,Active,True
SUB011348,USR009906,Basic,299,2025-08-02,2025-12-24,Expired,True
SUB011349,USR009906,Basic,299,2025-12-25,2026-01-01,Active,True
SUB011350,USR009907,Basic,299,2025-04-20,2026-01-01,Active,True
SUB011351,USR009908,Mobile,149,2025-08-04,2026-01-01,Active,True
SUB011352,USR009909,Basic,299,2025-02-25,2025-09-23,Cancelled,True
SUB011353,USR009910,Mobile,149,2025-04-28,2026-01-01,Active,True
SUB011354,USR009911,Mobile,149,2025-03-14,2026-01-01,Active,False
SUB011355,USR009912,Basic,299,2025-02-22,2025-10-12,Expired,True
SUB011356,USR009913,Mobile,149,2025-03-29,2025-12-31,Expired,False
SUB011357,USR009914,Basic,299,2025-04-26,2026-01-01,Active,True
SUB011358,USR009915,Mobile,149,2025-09-20,2026-01-01,Active,True
SUB011359,USR009916,Basic,299,2025-05-03,2026-01-01,Active,True
SUB011360,USR009917,Standard,499,2025-07-21,2026-01-01,Active,False
SUB011361,USR009918,Premium,799,2025-06-15,2026-01-01,Active,True
SUB011362,USR009919,Basic,299,2025-01-21,2025-11-04,Expired,True
SUB011363,USR009919,Basic,299,2025-11-05,2026-01-01,Active,False
SUB011364,USR009920,Mobile,149,2025-06-05,2026-01-01,Active,True
SUB011365,USR009921,Premium,799,2025-06-13,2025-11-02,Expired,True
SUB011366,USR009921,Standard,499,2025-11-03,2026-01-01,Active,True
SUB011367,USR009922,Premium,799,2025-08-23,2025-12-26,Cancelled,True
SUB011368,USR009922,Basic,299,2025-12-27,2026-01-01,Active,True
SUB011369,USR009923,Mobile,149,2025-08-01,2025-10-31,Expired,True
SUB011370,USR009924,Premium,799,2025-04-09,2025-10-31,Expired,True
SUB011371,USR009924,Standard,499,2025-11-01,2026-01-01,Active,True
SUB011372,USR009925,Basic,299,2025-03-19,2026-01-01,Active,True
SUB011373,USR009926,Basic,299,2025-04-21,2025-12-14,Cancelled,False
SUB011374,USR009927,Basic,299,2025-06-05,2025-12-03,Expired,True
SUB011375,USR009928,Basic,299,2025-03-07,2025-10-20,Expired,True
SUB011376,USR009929,Standard,499,2025-07-07,2025-10-20,Cancelled,True
SUB011377,USR009930,Basic,299,2025-08-07,2026-01-01,Active,True
SUB011378,USR009931,Standard,499,2025-02-05,2026-01-01,Active,True
SUB011379,USR009932,Basic,299,2025-03-14,2025-08-05,Expired,True
SUB011380,USR009933,Standard,499,2025-01-25,2025-07-20,Expired,True
SUB011381,USR009934,Basic,299,2025-03-06,2025-10-23,Expired,True
SUB011382,USR009935,Basic,299,2025-05-16,2026-01-01,Active,False
SUB011383,USR009936,Mobile,149,2025-03-18,2026-01-01,Active,True
SUB011384,USR009937,Basic,299,2025-04-27,2026-01-01,Active,True
SUB011385,USR009938,Basic,299,2025-01-16,2025-12-13,Expired,True
SUB011386,USR009939,Mobile,149,2025-02-26,2025-08-23,Expired,False
SUB011387,USR009940,Basic,299,2025-02-03,2025-11-17,Cancelled,True
SUB011388,USR009941,Mobile,149,2025-02-05,2026-01-01,Active,True
SUB011389,USR009942,Basic,299,2025-05-06,2025-09-30,Expired,False
SUB011390,USR009942,Premium,799,2025-10-01,2026-01-01,Active,True
SUB011391,USR009943,Basic,299,2025-04-21,2025-07-28,Cancelled,True
SUB011392,USR009944,Mobile,149,2025-06-05,2026-01-01,Active,True
SUB011393,USR009945,Standard,499,2025-05-28,2025-10-22,Expired,False
SUB011394,USR009946,Mobile,149,2025-06-11,2026-01-01,Active,True
SUB011395,USR009947,Standard,499,2025-02-26,2025-12-07,Expired,True
SUB011396,USR009948,Standard,499,2025-06-08,2026-01-01,Active,False
SUB011397,USR009949,Mobile,149,2025-03-17,2025-10-25,Cancelled,True
SUB011398,USR009950,Mobile,149,2025-06-27,2026-01-01,Active,True
SUB011399,USR009951,Premium,799,2025-06-21,2025-09-28,Expired,True
SUB011400,USR009952,Mobile,149,2025-03-18,2025-06-26,Expired,True
SUB011401,USR009952,Premium,799,2025-06-27,2025-12-30,Expired,False
SUB011402,USR009953,Basic,299,2025-05-25,2025-10-27,Cancelled,False
SUB011403,USR009954,Premium,799,2025-05-23,2025-09-05,Cancelled,True
SUB011404,USR009955,Basic,299,2025-02-04,2026-01-01,Active,False
SUB011405,USR009956,Premium,799,2025-02-20,2026-01-01,Active,True
SUB011406,USR009957,Premium,799,2025-02-19,2026-01-01,Active,True
SUB011407,USR009958,Basic,299,2025-05-09,2025-09-14,Expired,True
SUB011408,USR009959,Mobile,149,2025-02-28,2026-01-01,Active,True
SUB011409,USR009960,Basic,299,2025-01-26,2025-12-09,Expired,True
SUB011410,USR009960,Mobile,149,2025-12-10,2026-01-01,Active,True
SUB011411,USR009961,Premium,799,2025-04-22,2025-11-20,Expired,True
SUB011412,USR009961,Mobile,149,2025-11-21,2026-01-01,Active,True
SUB011413,USR009962,Mobile,149,2025-05-22,2026-01-01,Active,True
SUB011414,USR009963,Mobile,149,2025-02-20,2026-01-01,Active,False
SUB011415,USR009964,Mobile,149,2025-05-21,2025-11-26,Cancelled,True
SUB011416,USR009965,Basic,299,2025-04-27,2026-01-01,Active,True
SUB011417,USR009966,Standard,499,2025-05-30,2026-01-01,Active,False
SUB011418,USR009967,Standard,499,2025-07-18,2026-01-01,Active,True
SUB011419,USR009968,Standard,499,2025-01-29,2025-08-13,Cancelled,False
SUB011420,USR009968,Mobile,149,2025-08-14,2026-01-01,Active,False
SUB011421,USR009969,Standard,499,2025-04-17,2025-07-25,Cancelled,False
SUB011422,USR009970,Standard,499,2025-03-15,2025-10-13,Cancelled,False
SUB011423,USR009971,Premium,799,2025-01-09,2025-11-05,Cancelled,False
SUB011424,USR009972,Mobile,149,2025-09-01,2026-01-01,Active,True
SUB011425,USR009973,Basic,299,2025-02-15,2025-06-29,Cancelled,False
SUB011426,USR009974,Standard,499,2025-03-29,2025-07-27,Expired,True
SUB011427,USR009975,Mobile,149,2025-02-21,2025-08-26,Cancelled,True
SUB011428,USR009976,Standard,499,2025-03-10,2025-12-14,Expired,False
SUB011429,USR009977,Basic,299,2025-07-03,2026-01-01,Active,False
SUB011430,USR009978,Mobile,149,2025-04-15,2026-01-01,Active,True
SUB011431,USR009979,Standard,499,2025-07-06,2025-10-08,Cancelled,True
SUB011432,USR009980,Premium,799,2025-04-23,2026-01-01,Active,True
SUB011433,USR009981,Mobile,149,2025-02-13,2025-12-26,Cancelled,True
SUB011434,USR009981,Standard,499,2025-12-27,2026-01-01,Active,False
SUB011435,USR009982,Mobile,149,2025-06-27,2025-10-05,Cancelled,True
SUB011436,USR009983,Mobile,149,2025-09-09,2026-01-01,Active,True
SUB011437,USR009984,Standard,499,2025-06-02,2025-10-06,Expired,True
SUB011438,USR009985,Basic,299,2025-07-18,2026-01-01,Active,True
SUB011439,USR009986,Mobile,149,2025-02-11,2025-05-17,Expired,True
SUB011440,USR009987,Standard,499,2025-03-04,2025-06-13,Cancelled,True
SUB011441,USR009988,Standard,499,2025-03-18,2026-01-01,Active,True
SUB011442,USR009989,Standard,499,2025-01-19,2025-09-08,Cancelled,False
SUB011443,USR009990,Standard,499,2025-02-08,2025-08-27,Expired,True
SUB011444,USR009990,Mobile,149,2025-08-28,2026-01-01,Active,True
SUB011445,USR009991,Standard,499,2025-07-28,2026-01-01,Active,True
SUB011446,USR009992,Basic,299,2025-06-18,2026-01-01,Active,False
SUB011447,USR009993,Mobile,149,2025-06-10,2025-12-05,Cancelled,True
SUB011448,USR009994,Standard,499,2025-07-08,2025-10-11,Cancelled,True
SUB011449,USR009994,Basic,299,2025-10-12,2025-12-30,Expired,False
SUB011450,USR009995,Premium,799,2025-03-18,2026-01-01,Active,True
SUB011451,USR009996,Mobile,149,2025-01-30,2025-11-24,Expired,True
SUB011452,USR009997,Basic,299,2025-01-26,2026-01-01,Active,True
SUB011453,USR009998,Standard,499,2025-04-12,2025-10-02,Cancelled,True
SUB011454,USR009999,Premium,799,2025-05-10,2026-01-01,Active,False
SUB011455,USR010000,Mobile,149,2025-04-14,2026-01-01,Active,True
