user_id,country,language,signup_date,acquisition_channel,age_group,account_status
USR000001,United States,German,2025-05-17,Paid Ads,25-34,Active
USR000002,United States,Spanish,2025-04-09,Organic Search,45-54,Active
USR000003,United States,Portuguese,2025-06-03,Organic Search,55+,Active
USR000004,India,English,2025-03-04,Social Media,18-24,Inactive
USR000005,UAE,Telugu,2025-08-02,Referral,55+,Active
USR000006,United Kingdom,French,2025-02-14,Social Media,25-34,Active
USR000007,United States,German,2025-07-09,Social Media,55+,Inactive
USR000008,United States,English,2025-03-12,Social Media,45-54,Inactive
USR000009,Singapore,German,2025-03-22,Social Media,45-54,Active
USR000010,Australia,Bengali,2025-05-30,Partner Bundle,25-34,Active
USR000011,India,Tamil,2025-07-25,Social Media,18-24,Active
USR000012,United States,Hindi,2025-02-04,Partner Bundle,25-34,Active
USR000013,India,Hindi,2025-05-17,Organic Search,25-34,Inactive
USR000014,Brazil,Portuguese,2025-04-19,App Store,25-34,Inactive
USR000015,United States,English,2025-02-22,Paid Ads,55+,Inactive
USR000016,India,Hindi,2025-05-18,Paid Ads,18-24,Active
USR000017,United States,Bengali,2025-02-22,Social Media,35-44,Active
USR000018,India,Tamil,2025-05-03,App Store,25-34,Active
USR000019,United Kingdom,Spanish,2025-03-09,Referral,18-24,Active
USR000020,India,Spanish,2025-03-25,Organic Search,25-34,Active
USR000021,India,Portuguese,2025-04-09,Social Media,55+,Active
USR000022,India,Hindi,2025-06-01,Organic Search,45-54,Active
USR000023,India,German,2025-02-28,Referral,35-44,Inactive
USR000024,United States,Telugu,2025-04-30,Paid Ads,18-24,Active
USR000025,France,Tamil,2025-03-21,Social Media,18-24,Active
USR000026,India,English,2025-03-17,Organic Search,35-44,Inactive
USR000027,India,Spanish,2025-05-19,Paid Ads,35-44,Active
USR000028,Germany,German,2025-03-19,Organic Search,55+,Active
USR000029,UAE,Spanish,2025-03-17,Partner Bundle,25-34,Active
USR000030,United States,Spanish,2025-04-20,App Store,35-44,Inactive
USR000031,India,German,2025-02-12,App Store,25-34,Active
USR000032,Germany,Bengali,2025-03-23,Social Media,18-24,Active
USR000033,India,Bengali,2025-05-01,Paid Ads,25-34,Active
USR000034,Singapore,Bengali,2025-01-19,Organic Search,25-34,Inactive
USR000035,UAE,Tamil,2025-02-16,Organic Search,25-34,Inactive
USR000036,United Kingdom,Portuguese,2025-03-24,Referral,25-34,Active
USR000037,India,German,2025-05-14,Referral,35-44,Active
USR000038,India,Telugu,2025-08-28,Paid Ads,35-44,Active
USR000039,Brazil,English,2025-03-09,Social Media,25-34,Active
USR000040,Germany,French,2025-01-29,Referral,25-34,Active
USR000041,India,English,2025-01-30,Organic Search,35-44,Inactive
USR000042,India,Hindi,2025-03-13,Referral,18-24,Active
USR000043,Canada,Tamil,2025-07-25,Paid Ads,45-54,Active
USR000044,Brazil,English,2025-01-26,Partner Bundle,55+,Active
USR000045,Australia,Portuguese,2025-04-01,Paid Ads,18-24,Active
USR000046,India,Tamil,2025-04-30,Partner Bundle,35-44,Active
USR000047,United States,Bengali,2025-03-02,Referral,25-34,Active
USR000048,India,Bengali,2025-05-31,Social Media,25-34,Active
USR000049,Singapore,Hindi,2025-06-27,App Store,25-34,Active
USR000050,India,Hindi,2025-02-07,Referral,25-34,Active
USR000051,Australia,Spanish,2025-05-19,Paid Ads,25-34,Active
USR000052,India,Bengali,2025-04-30,Partner Bundle,25-34,Inactive
USR000053,India,Bengali,2025-03-29,Paid Ads,25-34,Active
USR000054,Canada,German,2025-03-04,Organic Search,45-54,Active
USR000055,France,Hindi,2025-06-26,Organic Search,55+,Active
USR000056,India,French,2025-02-09,Organic Search,18-24,Inactive
USR000057,United States,French,2025-03-11,App Store,35-44,Inactive
USR000058,United Kingdom,Telugu,2025-05-13,Partner Bundle,35-44,Inactive
USR000059,Germany,French,2025-04-27,Paid Ads,25-34,Active
USR000060,Canada,Tamil,2025-06-23,Organic Search,35-44,Active
USR000061,India,Hindi,2025-02-23,Referral,45-54,Inactive
USR000062,United Kingdom,Hindi,2025-06-08,App Store,35-44,Inactive
USR000063,UAE,German,2025-05-01,Social Media,35-44,Inactive
USR000064,UAE,English,2025-04-22,Organic Search,18-24,Active
USR000065,United Kingdom,Hindi,2025-02-10,App Store,35-44,Active
USR000066,Brazil,Spanish,2025-05-09,Paid Ads,55+,Active
USR000067,India,Portuguese,2025-03-11,Referral,55+,Active
USR000068,United States,Portuguese,2025-10-11,App Store,25-34,Active
USR000069,Germany,Telugu,2025-02-21,App Store,45-54,Active
USR000070,India,German,2025-02-19,Paid Ads,35-44,Inactive
USR000071,Brazil,Hindi,2025-05-14,Partner Bundle,18-24,Active
USR000072,United States,Hindi,2025-01-15,Social Media,55+,Inactive
USR000073,United States,Bengali,2025-03-06,Paid Ads,35-44,Active
USR000074,India,Spanish,2025-04-10,App Store,18-24,Active
USR000075,India,Telugu,2025-04-11,Paid Ads,35-44,Active
USR000076,United Kingdom,Tamil,2025-01-28,Referral,35-44,Active
USR000077,United States,Tamil,2025-06-17,Paid Ads,25-34,Active
USR000078,India,Spanish,2025-07-21,Social Media,35-44,Active
USR000079,Germany,Tamil,2025-04-10,Social Media,55+,Inactive
USR000080,India,French,2025-01-26,Partner Bundle,25-34,Inactive
USR000081,France,English,2025-01-19,Organic Search,25-34,Active
USR000082,India,Bengali,2025-02-24,App Store,25-34,Active
USR000083,United States,Portuguese,2025-05-06,App Store,25-34,Active
USR000084,United States,Spanish,2025-02-15,Organic Search,45-54,Inactive
USR000085,United Kingdom,English,2025-02-14,Paid Ads,45-54,Active
USR000086,Germany,English,2025-05-05,Organic Search,18-24,Inactive
USR000087,Brazil,English,2025-03-31,Organic Search,18-24,Active
USR000088,India,Portuguese,2025-04-25,Partner Bundle,25-34,Active
USR000089,United Kingdom,German,2025-06-07,Social Media,25-34,Inactive
USR000090,United States,Spanish,2025-03-15,Organic Search,18-24,Active
USR000091,Brazil,Portuguese,2025-04-01,Referral,35-44,Active
USR000092,Germany,Portuguese,2025-03-09,Organic Search,35-44,Inactive
USR000093,United States,Tamil,2025-04-11,Social Media,25-34,Inactive
USR000094,United States,German,2025-04-03,Organic Search,25-34,Active
USR000095,India,English,2025-05-11,Organic Search,25-34,Active
USR000096,Germany,Tamil,2025-06-11,Referral,18-24,Inactive
USR000097,France,German,2025-05-27,Social Media,18-24,Active
USR000098,Brazil,Portuguese,2025-02-07,Organic Search,35-44,Active
USR000099,United Kingdom,Telugu,2025-03-23,Referral,25-34,Inactive
USR000100,Canada,Spanish,2025-03-08,Organic Search,35-44,Active
USR000101,United States,German,2025-04-02,Paid Ads,55+,Inactive
USR000102,United Kingdom,Tamil,2025-07-06,Organic Search,35-44,Active
USR000103,United States,Hindi,2025-02-19,Partner Bundle,55+,Active
USR000104,Australia,Telugu,2025-03-08,Paid Ads,35-44,Active
USR000105,India,Portuguese,2025-04-06,Partner Bundle,18-24,Active
USR000106,India,Portuguese,2025-03-19,Social Media,18-24,Inactive
USR000107,Australia,German,2025-03-04,Organic Search,35-44,Inactive
USR000108,Singapore,Bengali,2025-04-27,Organic Search,25-34,Active
USR000109,Canada,Portuguese,2025-04-13,Partner Bundle,25-34,Active
USR000110,Australia,Tamil,2025-03-08,Referral,35-44,Active
USR000111,France,French,2025-01-27,Organic Search,25-34,Active
USR000112,United States,French,2025-06-06,Referral,45-54,Active
USR000113,India,Spanish,2025-03-07,Social Media,25-34,Active
USR000114,Singapore,Portuguese,2025-08-24,Referral,18-24,Inactive
USR000115,Singapore,Tamil,2025-07-13,App Store,55+,Inactive
USR000116,United States,Bengali,2025-05-30,Organic Search,25-34,Active
USR000117,India,Hindi,2025-06-05,Social Media,25-34,Inactive
USR000118,UAE,French,2025-06-29,Social Media,45-54,Active
USR000119,Australia,Hindi,2025-06-18,Referral,45-54,Active
USR000120,India,Spanish,2025-05-05,Organic Search,18-24,Active
USR000121,India,Hindi,2025-05-13,Organic Search,45-54,Active
USR000122,Brazil,Portuguese,2025-07-26,Social Media,25-34,Inactive
USR000123,India,Portuguese,2025-04-24,App Store,35-44,Active
USR000124,India,Tamil,2025-02-24,Organic Search,18-24,Active
USR000125,United Kingdom,Telugu,2025-06-16,App Store,35-44,Active
USR000126,India,German,2025-05-14,Social Media,25-34,Active
USR000127,India,English,2025-01-26,Organic Search,18-24,Active
USR000128,United States,French,2025-03-28,Social Media,18-24,Active
USR000129,India,French,2025-03-27,Referral,25-34,Inactive
USR000130,Germany,Bengali,2025-07-25,Paid Ads,55+,Active
USR000131,United States,German,2025-03-27,Referral,18-24,Active
USR000132,India,Spanish,2025-02-25,App Store,25-34,Active
USR000133,India,English,2025-06-28,App Store,25-34,Inactive
USR000134,India,English,2025-03-06,Organic Search,25-34,Active
USR000135,India,German,2025-01-23,App Store,55+,Active
USR000136,Australia,Bengali,2025-05-15,Social Media,25-34,Active
USR000137,India,Portuguese,2025-04-30,Partner Bundle,35-44,Active
USR000138,United States,Hindi,2025-04-22,App Store,25-34,Active
USR000139,France,German,2025-05-17,Social Media,25-34,Active
USR000140,United States,French,2025-06-01,Paid Ads,25-34,Active
USR000141,United States,Spanish,2025-05-06,Organic Search,25-34,Active
USR000142,UAE,Bengali,2025-03-17,Social Media,45-54,Active
USR000143,UAE,Hindi,2025-02-16,Organic Search,18-24,Active
USR000144,UAE,Hindi,2025-01-25,Paid Ads,45-54,Active
USR000145,United Kingdom,German,2025-05-28,Organic Search,25-34,Active
USR000146,Brazil,English,2025-04-03,Social Media,35-44,Active
USR000147,France,Telugu,2025-03-07,App Store,45-54,Inactive
USR000148,United States,Portuguese,2025-01-28,Paid Ads,25-34,Active
USR000149,Canada,Hindi,2025-03-26,Social Media,18-24,Active
USR000150,India,English,2025-05-22,Paid Ads,35-44,Active
USR000151,United Kingdom,Portuguese,2025-05-08,Social Media,18-24,Active
USR000152,India,Hindi,2025-02-23,App Store,45-54,Active
USR000153,India,Portuguese,2025-03-25,Referral,35-44,Active
USR000154,India,Bengali,2025-02-23,Paid Ads,35-44,Active
USR000155,United States,Telugu,2025-01-27,Partner Bundle,18-24,Active
USR000156,United States,English,2025-08-09,App Store,55+,Active
USR000157,United Kingdom,French,2025-03-09,Social Media,18-24,Active
USR000158,India,Telugu,2025-07-03,App Store,25-34,Inactive
USR000159,Germany,Tamil,2025-03-25,Partner Bundle,55+,Active
USR000160,United Kingdom,English,2025-05-24,Social Media,18-24,Active
USR000161,Canada,Telugu,2025-05-31,App Store,35-44,Active
USR000162,India,Hindi,2025-04-24,Organic Search,18-24,Active
USR000163,France,Bengali,2025-05-20,Social Media,35-44,Active
USR000164,Canada,Hindi,2025-05-23,Paid Ads,45-54,Active
USR000165,UAE,French,2025-06-14,Organic Search,25-34,Active
USR000166,India,Tamil,2025-01-27,Organic Search,25-34,Inactive
USR000167,United States,Bengali,2025-02-28,Referral,55+,Active
USR000168,India,Spanish,2025-09-14,App Store,18-24,Active
USR000169,India,Tamil,2025-01-20,Referral,25-34,Active
USR000170,United States,Tamil,2025-03-10,Paid Ads,35-44,Active
USR000171,UAE,English,2025-04-21,Paid Ads,35-44,Active
USR000172,United Kingdom,Tamil,2025-05-07,Referral,25-34,Active
USR000173,India,English,2025-07-01,Social Media,45-54,Active
USR000174,Australia,Portuguese,2025-05-09,Social Media,45-54,Active
USR000175,India,French,2025-07-07,Social Media,45-54,Active
USR000176,United States,German,2025-03-10,Organic Search,18-24,Active
USR000177,United Kingdom,English,2025-01-12,Partner Bundle,35-44,Active
USR000178,United Kingdom,English,2025-06-21,Paid Ads,45-54,Active
USR000179,United Kingdom,Portuguese,2025-03-26,App Store,18-24,Active
USR000180,India,Tamil,2025-02-20,App Store,25-34,Inactive
USR000181,India,Tamil,2025-07-27,Organic Search,55+,Active
USR000182,Singapore,German,2025-02-25,Organic Search,25-34,Active
USR000183,Brazil,Tamil,2025-03-14,Partner Bundle,35-44,Active
USR000184,India,Bengali,2025-04-21,Referral,25-34,Inactive
USR000185,Canada,Telugu,2025-04-22,App Store,25-34,Active
USR000186,India,Telugu,2025-03-16,Referral,45-54,Active
USR000187,United States,Portuguese,2025-06-07,App Store,25-34,Active
USR000188,Germany,Portuguese,2025-02-22,Paid Ads,25-34,Active
USR000189,United States,Portuguese,2025-06-24,Organic Search,25-34,Active
USR000190,France,English,2025-08-10,Partner Bundle,25-34,Active
USR000191,Canada,Tamil,2025-04-30,Referral,45-54,Active
USR000192,Canada,German,2025-05-04,Referral,35-44,Active
USR000193,India,Bengali,2025-02-21,Referral,25-34,Active
USR000194,Australia,Bengali,2025-09-22,App Store,35-44,Active
USR000195,Brazil,Bengali,2025-02-20,Organic Search,18-24,Active
USR000196,United States,German,2025-04-17,Organic Search,35-44,Active
USR000197,India,English,2025-07-16,Social Media,25-34,Active
USR000198,Brazil,French,2025-03-03,Partner Bundle,35-44,Active
USR000199,India,Telugu,2025-04-14,Social Media,45-54,Inactive
USR000200,United States,Hindi,2025-02-23,Organic Search,25-34,Active
USR000201,India,Telugu,2025-05-29,Referral,18-24,Active
USR000202,India,German,2025-06-30,Paid Ads,18-24,Inactive
USR000203,India,Tamil,2025-02-19,Referral,45-54,Inactive
USR000204,United Kingdom,Tamil,2025-01-23,Social Media,35-44,Active
USR000205,United Kingdom,German,2025-01-07,Social Media,35-44,Active
USR000206,United Kingdom,Telugu,2025-03-04,Social Media,35-44,Active
USR000207,United Kingdom,French,2025-04-14,App Store,18-24,Active
USR000208,United States,English,2025-07-25,Referral,18-24,Active
USR000209,Germany,Portuguese,2025-04-30,Social Media,25-34,Active
USR000210,Singapore,Telugu,2025-04-13,Organic Search,55+,Active
USR000211,India,Portuguese,2025-06-08,Social Media,25-34,Active
USR000212,India,Portuguese,2025-05-19,Referral,45-54,Active
USR000213,United States,Telugu,2025-03-26,Referral,25-34,Active
USR000214,India,Hindi,2025-02-10,Paid Ads,35-44,Active
USR000215,UAE,Hindi,2025-06-14,Organic Search,18-24,Active
USR000216,India,French,2025-05-08,Referral,18-24,Active
USR000217,United Kingdom,Portuguese,2025-02-03,Social Media,25-34,Active
USR000218,India,Telugu,2025-05-03,Organic Search,35-44,Inactive
USR000219,United Kingdom,Portuguese,2025-03-10,Social Media,55+,Active
USR000220,India,French,2025-07-16,App Store,18-24,Inactive
USR000221,Germany,Portuguese,2025-02-24,App Store,55+,Active
USR000222,Brazil,Telugu,2025-06-16,Organic Search,25-34,Active
USR000223,India,Bengali,2025-08-03,Referral,35-44,Active
USR000224,India,English,2025-03-21,Referral,35-44,Active
USR000225,United States,Portuguese,2025-04-12,Organic Search,25-34,Active
USR000226,United Kingdom,Bengali,2025-05-10,Paid Ads,25-34,Active
USR000227,India,English,2025-04-29,Social Media,35-44,Active
USR000228,Germany,Bengali,2025-01-31,Social Media,18-24,Inactive
USR000229,India,German,2025-03-21,Referral,35-44,Active
USR000230,India,Spanish,2025-06-26,Referral,45-54,Inactive
USR000231,United Kingdom,Bengali,2025-04-01,Paid Ads,45-54,Active
USR000232,India,Spanish,2025-07-30,Referral,45-54,Inactive
USR000233,Australia,Bengali,2025-06-20,Organic Search,35-44,Active
USR000234,India,German,2025-03-29,App Store,35-44,Active
USR000235,France,Bengali,2025-03-16,Organic Search,35-44,Active
USR000236,United States,Spanish,2025-02-13,Paid Ads,25-34,Active
USR000237,United Kingdom,Tamil,2025-02-15,App Store,18-24,Active
USR000238,India,Tamil,2025-03-31,Paid Ads,18-24,Inactive
USR000239,India,French,2025-03-15,Social Media,25-34,Active
USR000240,Canada,German,2025-04-04,App Store,35-44,Active
USR000241,India,Telugu,2025-06-15,Social Media,55+,Inactive
USR000242,United States,English,2025-04-28,Paid Ads,45-54,Inactive
USR000243,United States,Bengali,2025-06-08,App Store,55+,Active
USR000244,India,Spanish,2025-04-07,Organic Search,18-24,Active
USR000245,Germany,Telugu,2025-04-24,Paid Ads,18-24,Active
USR000246,Singapore,Portuguese,2025-04-02,Partner Bundle,35-44,Active
USR000247,United States,Hindi,2025-03-27,Organic Search,18-24,Active
USR000248,Singapore,Telugu,2025-08-08,Organic Search,45-54,Active
USR000249,UAE,English,2025-03-15,Social Media,25-34,Active
USR000250,India,German,2025-05-09,Partner Bundle,45-54,Active
USR000251,India,Telugu,2025-03-04,Organic Search,25-34,Active
USR000252,United States,German,2025-08-04,Social Media,35-44,Active
USR000253,United Kingdom,German,2025-02-20,App Store,35-44,Active
USR000254,United States,Tamil,2025-02-26,Organic Search,25-34,Active
USR000255,India,Tamil,2025-06-22,Partner Bundle,25-34,Active
USR000256,United States,Hindi,2025-05-10,Paid Ads,35-44,Active
USR000257,Australia,Portuguese,2025-03-26,Partner Bundle,25-34,Inactive
USR000258,India,Spanish,2025-05-26,Organic Search,25-34,Active
USR000259,Australia,English,2025-04-08,Organic Search,25-34,Active
USR000260,Singapore,English,2025-03-17,Social Media,35-44,Inactive
USR000261,Germany,Portuguese,2025-03-26,Organic Search,18-24,Active
USR000262,India,Tamil,2025-07-18,Organic Search,55+,Active
USR000263,India,Telugu,2025-06-09,Partner Bundle,18-24,Active
USR000264,United States,Hindi,2025-05-13,Organic Search,25-34,Active
USR000265,Brazil,English,2025-04-19,Paid Ads,18-24,Active
USR000266,France,Hindi,2025-03-25,Paid Ads,45-54,Active
USR000267,United Kingdom,Spanish,2025-03-16,Organic Search,18-24,Active
USR000268,India,Spanish,2025-06-17,Organic Search,25-34,Active
USR000269,Australia,Bengali,2025-02-07,Social Media,25-34,Active
USR000270,France,French,2025-01-28,Paid Ads,45-54,Inactive
USR000271,Singapore,English,2025-05-23,Partner Bundle,35-44,Active
USR000272,United Kingdom,Hindi,2025-03-15,Referral,18-24,Active
USR000273,United States,Portuguese,2025-07-02,Partner Bundle,25-34,Active
USR000274,United Kingdom,Hindi,2025-06-14,Organic Search,25-34,Active
USR000275,Singapore,Portuguese,2025-04-15,Paid Ads,55+,Active
USR000276,Canada,German,2025-06-14,App Store,45-54,Active
USR000277,India,French,2025-06-22,Organic Search,18-24,Active
USR000278,Canada,French,2025-07-08,App Store,25-34,Active
USR000279,UAE,Spanish,2025-03-22,Social Media,25-34,Active
USR000280,United Kingdom,Hindi,2025-01-24,Partner Bundle,55+,Active
USR000281,United States,Bengali,2025-01-06,Organic Search,45-54,Active
USR000282,Australia,Tamil,2025-06-21,Referral,45-54,Active
USR000283,Canada,Portuguese,2025-04-11,App Store,25-34,Inactive
USR000284,India,Hindi,2025-02-19,Paid Ads,35-44,Active
USR000285,Australia,English,2025-04-25,Referral,25-34,Active
USR000286,United States,Bengali,2025-04-13,Referral,45-54,Active
USR000287,Singapore,Bengali,2025-04-20,Social Media,55+,Active
USR000288,Brazil,German,2025-03-28,Social Media,35-44,Inactive
USR000289,United States,Hindi,2025-05-31,Referral,25-34,Active
USR000290,Brazil,German,2025-02-17,Paid Ads,45-54,Active
USR000291,India,Bengali,2025-04-02,Organic Search,45-54,Active
USR000292,Canada,French,2025-03-05,Partner Bundle,18-24,Inactive
USR000293,India,Hindi,2025-05-23,Social Media,35-44,Active
USR000294,India,Spanish,2025-03-04,Social Media,35-44,Active
USR000295,UAE,Spanish,2025-02-07,Social Media,25-34,Active
USR000296,UAE,Portuguese,2025-05-06,Organic Search,18-24,Active
USR000297,United Kingdom,Spanish,2025-05-01,Organic Search,25-34,Inactive
USR000298,India,English,2025-02-02,App Store,18-24,Active
USR000299,United States,Telugu,2025-06-24,Social Media,25-34,Active
USR000300,UAE,English,2025-04-28,Organic Search,45-54,Inactive
USR000301,India,Tamil,2025-03-21,Paid Ads,45-54,Active
USR000302,India,French,2025-01-16,Partner Bundle,25-34,Active
USR000303,Germany,Telugu,2025-06-04,Partner Bundle,25-34,Inactive
USR000304,Singapore,Telugu,2025-04-29,Paid Ads,25-34,Active
USR000305,India,Telugu,2025-05-15,Organic Search,35-44,Active
USR000306,Germany,Tamil,2025-05-10,Organic Search,18-24,Inactive
USR000307,Canada,Telugu,2025-01-24,App Store,45-54,Active
USR000308,India,Bengali,2025-03-26,Partner Bundle,18-24,Inactive
USR000309,Germany,Spanish,2025-06-17,Paid Ads,18-24,Inactive
USR000310,Australia,German,2025-02-06,Partner Bundle,35-44,Active
USR000311,India,Portuguese,2025-04-07,App Store,25-34,Active
USR000312,United States,Bengali,2025-02-10,Organic Search,25-34,Active
USR000313,Germany,Tamil,2025-05-29,Organic Search,45-54,Active
USR000314,India,Portuguese,2025-04-11,Organic Search,25-34,Active
USR000315,United States,German,2025-05-27,Referral,45-54,Active
USR000316,India,Hindi,2025-05-19,Social Media,18-24,Active
USR000317,India,Portuguese,2025-07-31,Social Media,55+,Active
USR000318,India,German,2025-07-30,Organic Search,45-54,Active
USR000319,United States,Bengali,2025-02-03,Paid Ads,35-44,Active
USR000320,India,Bengali,2025-05-11,Organic Search,35-44,Inactive
USR000321,United States,French,2025-08-08,Social Media,25-34,Active
USR000322,India,French,2025-04-28,Social Media,35-44,Active
USR000323,Australia,English,2025-08-25,Organic Search,25-34,Active
USR000324,Australia,German,2025-03-30,Social Media,45-54,Active
USR000325,India,Portuguese,2025-06-17,Partner Bundle,45-54,Active
USR000326,Brazil,German,2025-08-12,Partner Bundle,35-44,Active
USR000327,Australia,German,2025-02-22,Organic Search,45-54,Active
USR000328,United Kingdom,Tamil,2025-04-04,Organic Search,25-34,Inactive
USR000329,United States,Tamil,2025-08-11,Referral,25-34,Active
USR000330,India,Bengali,2025-05-02,Organic Search,25-34,Active
USR000331,Brazil,English,2025-05-28,Partner Bundle,18-24,Active
USR000332,India,German,2025-06-20,Referral,25-34,Active
USR000333,Australia,Portuguese,2025-03-23,Social Media,35-44,Active
USR000334,United States,Spanish,2025-06-02,Partner Bundle,45-54,Active
USR000335,UAE,Telugu,2025-05-13,Social Media,55+,Active
USR000336,United States,Telugu,2025-03-13,Social Media,35-44,Active
USR000337,United States,Spanish,2025-03-28,Organic Search,45-54,Active
USR000338,Australia,Telugu,2025-08-17,Organic Search,25-34,Active
USR000339,India,Spanish,2025-02-27,Paid Ads,35-44,Inactive
USR000340,India,Tamil,2025-06-21,Paid Ads,55+,Active
USR000341,India,Bengali,2025-04-29,Social Media,35-44,Active
USR000342,India,Bengali,2025-06-19,Social Media,25-34,Inactive
USR000343,India,Tamil,2025-06-14,Social Media,25-34,Active
USR000344,Canada,Hindi,2025-04-26,Social Media,25-34,Active
USR000345,Germany,English,2025-03-17,Referral,25-34,Active
USR000346,Brazil,Spanish,2025-07-27,App Store,35-44,Active
USR000347,United States,Spanish,2025-07-03,Organic Search,35-44,Active
USR000348,India,Telugu,2025-05-05,Partner Bundle,35-44,Active
USR000349,UAE,French,2025-04-28,Organic Search,25-34,Active
USR000350,France,Hindi,2025-02-23,Partner Bundle,18-24,Active
USR000351,Canada,Hindi,2025-06-13,Organic Search,25-34,Active
USR000352,India,Telugu,2025-07-31,Partner Bundle,35-44,Active
USR000353,UAE,Bengali,2025-02-20,App Store,45-54,Inactive
USR000354,India,German,2025-02-26,Organic Search,18-24,Inactive
USR000355,India,Hindi,2025-03-27,Organic Search,25-34,Active
USR000356,Germany,Spanish,2025-03-13,Paid Ads,55+,Active
USR000357,United Kingdom,English,2025-04-16,App Store,25-34,Active
USR000358,India,French,2025-04-12,Paid Ads,18-24,Active
USR000359,Canada,Telugu,2025-02-19,Social Media,25-34,Inactive
USR000360,Germany,Portuguese,2025-08-07,Organic Search,45-54,Active
USR000361,France,Spanish,2025-02-24,Social Media,35-44,Active
USR000362,India,French,2025-04-14,Organic Search,25-34,Active
USR000363,India,Tamil,2025-03-07,Paid Ads,18-24,Active
USR000364,United States,English,2025-07-10,Organic Search,18-24,Active
USR000365,France,German,2025-04-06,App Store,25-34,Active
USR000366,India,German,2025-04-26,Referral,35-44,Active
USR000367,United States,Portuguese,2025-08-06,Referral,25-34,Active
USR000368,India,Portuguese,2025-03-30,Social Media,18-24,Inactive
USR000369,India,English,2025-05-08,Referral,25-34,Active
USR000370,UAE,Spanish,2025-03-04,Referral,25-34,Active
USR000371,India,French,2025-04-14,Organic Search,25-34,Active
USR000372,Germany,English,2025-05-27,Partner Bundle,35-44,Inactive
USR000373,United States,Portuguese,2025-02-21,Partner Bundle,35-44,Active
USR000374,India,Hindi,2025-04-01,Social Media,25-34,Active
USR000375,Singapore,German,2025-05-10,Organic Search,25-34,Active
USR000376,Canada,Spanish,2025-02-02,Social Media,25-34,Inactive
USR000377,Canada,French,2025-05-26,Partner Bundle,35-44,Inactive
USR000378,Germany,French,2025-05-06,Social Media,35-44,Active
USR000379,United States,Hindi,2025-03-21,Partner Bundle,25-34,Active
USR000380,United Kingdom,Hindi,2025-04-22,Organic Search,25-34,Active
USR000381,India,Bengali,2025-08-14,App Store,25-34,Inactive
USR000382,France,Hindi,2025-02-10,Paid Ads,25-34,Active
USR000383,United Kingdom,Telugu,2025-04-15,Paid Ads,25-34,Active
USR000384,India,English,2025-07-27,Organic Search,25-34,Active
USR000385,UAE,English,2025-03-05,Partner Bundle,18-24,Active
USR000386,United Kingdom,Spanish,2025-03-25,Organic Search,18-24,Inactive
USR000387,United States,Spanish,2025-06-23,Paid Ads,55+,Active
USR000388,India,Portuguese,2025-04-24,Paid Ads,25-34,Inactive
USR000389,UAE,Hindi,2025-03-23,Paid Ads,45-54,Active
USR000390,Brazil,French,2025-02-14,App Store,35-44,Active
USR000391,United Kingdom,Spanish,2025-06-11,Partner Bundle,35-44,Inactive
USR000392,United States,Telugu,2025-08-21,Organic Search,25-34,Active
USR000393,United States,Tamil,2025-04-24,Referral,35-44,Active
USR000394,India,Portuguese,2025-06-08,Partner Bundle,35-44,Active
USR000395,United Kingdom,Bengali,2025-03-19,App Store,35-44,Inactive
USR000396,India,Hindi,2025-03-01,Partner Bundle,55+,Inactive
USR000397,Singapore,Spanish,2025-02-09,Referral,25-34,Active
USR000398,India,English,2025-05-18,Paid Ads,25-34,Active
USR000399,Australia,Bengali,2025-07-11,Organic Search,35-44,Active
USR000400,India,Hindi,2025-04-05,Social Media,45-54,Active
USR000401,India,French,2025-06-06,Organic Search,25-34,Active
USR000402,United Kingdom,Hindi,2025-04-09,Paid Ads,45-54,Active
USR000403,Germany,Hindi,2025-05-27,Partner Bundle,45-54,Active
USR000404,Australia,Spanish,2025-04-05,Organic Search,25-34,Active
USR000405,India,German,2025-01-19,Social Media,25-34,Inactive
USR000406,India,Bengali,2025-03-05,Paid Ads,25-34,Inactive
USR000407,UAE,Hindi,2025-03-19,Paid Ads,25-34,Active
USR000408,Australia,German,2025-04-11,Social Media,18-24,Inactive
USR000409,Australia,French,2025-05-16,Organic Search,45-54,Active
USR000410,India,Spanish,2025-02-02,App Store,35-44,Active
USR000411,Germany,Tamil,2025-02-11,Organic Search,25-34,Active
USR000412,United States,Portuguese,2025-04-06,Organic Search,25-34,Inactive
USR000413,United States,Bengali,2025-07-16,Partner Bundle,35-44,Active
USR000414,India,Hindi,2025-05-10,Referral,25-34,Active
USR000415,India,English,2025-02-16,App Store,25-34,Active
USR000416,United States,Bengali,2025-01-31,Partner Bundle,18-24,Active
USR000417,India,German,2025-03-26,Partner Bundle,45-54,Active
USR000418,United States,Hindi,2025-04-09,Organic Search,35-44,Active
USR000419,Australia,English,2025-06-29,Organic Search,35-44,Active
USR000420,Brazil,Bengali,2025-02-11,Organic Search,35-44,Active
USR000421,India,Bengali,2025-05-24,Paid Ads,25-34,Inactive
USR000422,India,Tamil,2025-02-21,Organic Search,18-24,Active
USR000423,United States,German,2025-07-14,Referral,25-34,Active
USR000424,India,German,2025-06-16,App Store,25-34,Active
USR000425,India,Tamil,2025-06-12,Organic Search,35-44,Active
USR000426,United States,German,2025-06-23,Social Media,18-24,Active
USR000427,United Kingdom,Hindi,2025-03-22,Paid Ads,45-54,Active
USR000428,France,Telugu,2025-07-28,Organic Search,25-34,Active
USR000429,Brazil,French,2025-04-06,Paid Ads,45-54,Inactive
USR000430,Germany,Telugu,2025-05-21,Paid Ads,25-34,Active
USR000431,India,English,2025-07-25,Organic Search,18-24,Inactive
USR000432,Australia,Tamil,2025-01-26,Organic Search,35-44,Active
USR000433,United Kingdom,Hindi,2025-06-26,Organic Search,25-34,Active
USR000434,United States,Spanish,2025-05-29,Referral,25-34,Inactive
USR000435,Singapore,Spanish,2025-06-04,Social Media,45-54,Active
USR000436,Australia,English,2025-02-24,Social Media,25-34,Inactive
USR000437,Canada,German,2025-02-28,Organic Search,18-24,Inactive
USR000438,India,Bengali,2025-04-11,Social Media,25-34,Active
USR000439,UAE,Bengali,2025-04-16,Partner Bundle,18-24,Inactive
USR000440,Germany,Telugu,2025-03-21,Organic Search,25-34,Active
USR000441,India,Telugu,2025-07-12,Partner Bundle,25-34,Active
USR000442,India,Bengali,2025-01-06,App Store,18-24,Active
USR000443,India,Bengali,2025-03-31,Organic Search,45-54,Inactive
USR000444,India,German,2025-02-07,Paid Ads,25-34,Active
USR000445,Canada,Telugu,2025-07-26,Organic Search,25-34,Active
USR000446,India,Hindi,2025-05-11,Organic Search,18-24,Active
USR000447,Singapore,French,2025-04-02,Referral,35-44,Active
USR000448,France,Tamil,2025-02-19,Social Media,25-34,Active
USR000449,United States,Spanish,2025-05-08,App Store,45-54,Active
USR000450,United States,Hindi,2025-02-10,Partner Bundle,18-24,Active
USR000451,India,English,2025-05-08,Partner Bundle,18-24,Active
USR000452,India,French,2025-08-01,Organic Search,25-34,Active
USR000453,India,Hindi,2025-07-23,Paid Ads,45-54,Active
USR000454,United States,Spanish,2025-02-28,Referral,25-34,Active
USR000455,Singapore,Tamil,2025-07-19,Social Media,25-34,Active
USR000456,Singapore,Spanish,2025-01-20,Partner Bundle,45-54,Active
USR000457,Germany,Spanish,2025-03-30,Social Media,25-34,Active
USR000458,Canada,French,2025-03-02,Paid Ads,25-34,Active
USR000459,France,Spanish,2025-01-16,Referral,35-44,Inactive
USR000460,United States,Tamil,2025-06-07,Organic Search,25-34,Active
USR000461,India,Portuguese,2025-06-28,Organic Search,18-24,Active
USR000462,Canada,Bengali,2025-06-23,Paid Ads,55+,Active
USR000463,Singapore,Hindi,2025-04-29,App Store,25-34,Active
USR000464,India,Spanish,2025-05-06,Social Media,25-34,Active
USR000465,India,Bengali,2025-08-13,Organic Search,18-24,Active
USR000466,India,Spanish,2025-03-28,Partner Bundle,18-24,Active
USR000467,India,German,2025-05-09,Referral,25-34,Active
USR000468,India,Portuguese,2025-03-13,Organic Search,55+,Active
USR000469,United States,Hindi,2025-06-27,Organic Search,35-44,Active
USR000470,Singapore,Portuguese,2025-06-22,Organic Search,35-44,Active
USR000471,UAE,German,2025-05-07,Paid Ads,25-34,Active
USR000472,Singapore,Portuguese,2025-04-29,Paid Ads,45-54,Active
USR000473,India,French,2025-04-22,Referral,25-34,Active
USR000474,India,Bengali,2025-05-07,Referral,25-34,Active
USR000475,India,Bengali,2025-01-27,Social Media,55+,Active
USR000476,Singapore,Spanish,2025-05-10,Partner Bundle,35-44,Active
USR000477,India,German,2025-08-03,App Store,45-54,Inactive
USR000478,United Kingdom,English,2025-03-12,Partner Bundle,25-34,Active
USR000479,India,Tamil,2025-05-05,Social Media,18-24,Active
USR000480,India,Portuguese,2025-04-08,Partner Bundle,55+,Inactive
USR000481,India,English,2025-03-20,Organic Search,35-44,Inactive
USR000482,Australia,Hindi,2025-06-17,Organic Search,18-24,Active
USR000483,India,Telugu,2025-03-19,Social Media,35-44,Active
USR000484,India,Tamil,2025-06-11,Organic Search,25-34,Active
USR000485,United States,Spanish,2025-04-30,Referral,45-54,Inactive
USR000486,Canada,Hindi,2025-02-04,Social Media,25-34,Inactive
USR000487,United States,Telugu,2025-03-09,Organic Search,55+,Active
USR000488,Singapore,German,2025-04-24,App Store,25-34,Active
USR000489,United States,Tamil,2025-03-22,Referral,55+,Active
USR000490,India,Portuguese,2025-04-05,Organic Search,35-44,Active
USR000491,United Kingdom,Telugu,2025-04-14,Organic Search,55+,Active
USR000492,United States,French,2025-03-13,Social Media,35-44,Active
USR000493,Germany,Portuguese,2025-02-19,Partner Bundle,35-44,Active
USR000494,Singapore,Spanish,2025-05-16,Referral,18-24,Active
USR000495,France,French,2025-01-03,Organic Search,18-24,Inactive
USR000496,United States,Spanish,2025-03-26,Organic Search,18-24,Inactive
USR000497,India,Spanish,2025-05-16,Organic Search,25-34,Active
USR000498,Singapore,English,2025-07-05,App Store,25-34,Active
USR000499,United States,German,2025-04-02,Partner Bundle,25-34,Active
USR000500,Germany,French,2025-08-10,Organic Search,18-24,Active
USR000501,Brazil,Portuguese,2025-02-16,Organic Search,35-44,Active
USR000502,United Kingdom,French,2025-05-02,Organic Search,25-34,Active
USR000503,United States,Spanish,2025-04-06,App Store,55+,Active
USR000504,Australia,Tamil,2025-02-08,App Store,18-24,Active
USR000505,India,German,2025-05-25,Social Media,25-34,Active
USR000506,United States,French,2025-04-12,Partner Bundle,25-34,Inactive
USR000507,India,English,2025-02-11,Organic Search,25-34,Active
USR000508,India,Spanish,2025-05-15,Referral,25-34,Inactive
USR000509,United Kingdom,French,2025-01-28,Partner Bundle,18-24,Active
USR000510,United Kingdom,Bengali,2025-06-02,App Store,18-24,Inactive
USR000511,Germany,Portuguese,2025-03-06,Referral,35-44,Active
USR000512,UAE,Bengali,2025-09-14,Organic Search,45-54,Inactive
USR000513,India,Portuguese,2025-03-10,Partner Bundle,35-44,Active
USR000514,Germany,English,2025-04-12,Referral,25-34,Inactive
USR000515,United States,English,2025-05-12,Social Media,25-34,Active
USR000516,Canada,Spanish,2025-03-16,Social Media,35-44,Inactive
USR000517,France,French,2025-06-22,Social Media,18-24,Active
USR000518,India,Hindi,2025-04-25,Referral,18-24,Active
USR000519,United Kingdom,Telugu,2025-01-18,Organic Search,55+,Active
USR000520,United States,Portuguese,2025-02-03,Social Media,35-44,Active
USR000521,Germany,Tamil,2025-07-03,Social Media,35-44,Inactive
USR000522,Australia,French,2025-04-13,Referral,18-24,Active
USR000523,Germany,Tamil,2025-04-05,Organic Search,25-34,Active
USR000524,India,English,2025-04-11,Referral,25-34,Inactive
USR000525,Australia,Tamil,2025-02-15,Referral,25-34,Active
USR000526,United Kingdom,French,2025-04-02,Social Media,45-54,Active
USR000527,United States,Spanish,2025-04-09,Organic Search,35-44,Active
USR000528,United States,Tamil,2025-09-10,App Store,25-34,Active
USR000529,India,Portuguese,2025-04-15,Social Media,35-44,Active
USR000530,India,Bengali,2025-04-11,Social Media,35-44,Active
USR000531,India,Bengali,2025-04-16,Referral,25-34,Active
USR000532,India,Portuguese,2025-04-17,Organic Search,45-54,Active
USR000533,France,Tamil,2025-04-02,App Store,25-34,Active
USR000534,UAE,Bengali,2025-06-07,Referral,35-44,Active
USR000535,France,Telugu,2025-03-30,Paid Ads,25-34,Inactive
USR000536,France,English,2025-07-04,Paid Ads,35-44,Inactive
USR000537,India,Tamil,2025-03-31,App Store,25-34,Active
USR000538,United States,French,2025-06-16,App Store,25-34,Active
USR000539,UAE,Spanish,2025-06-11,Partner Bundle,55+,Active
USR000540,Germany,Spanish,2025-03-19,Social Media,35-44,Active
USR000541,India,Bengali,2025-02-05,Social Media,45-54,Active
USR000542,United States,English,2025-08-08,Organic Search,25-34,Active
USR000543,India,Telugu,2025-03-30,Partner Bundle,25-34,Active
USR000544,India,French,2025-04-27,Referral,18-24,Active
USR000545,United States,English,2025-03-06,Paid Ads,25-34,Active
USR000546,UAE,Hindi,2025-03-13,Social Media,55+,Active
USR000547,Canada,Telugu,2025-07-09,Referral,35-44,Inactive
USR000548,United States,English,2025-07-16,Referral,35-44,Active
USR000549,United States,Tamil,2025-05-14,App Store,35-44,Active
USR000550,France,French,2025-04-07,Referral,25-34,Active
USR000551,India,Spanish,2025-05-27,App Store,18-24,Active
USR000552,United Kingdom,Telugu,2025-03-18,Organic Search,18-24,Active
USR000553,India,Portuguese,2025-04-28,Organic Search,35-44,Active
USR000554,United States,German,2025-02-22,Organic Search,25-34,Active
USR000555,India,Tamil,2025-02-19,Organic Search,45-54,Active
USR000556,France,Telugu,2025-05-14,Organic Search,25-34,Active
USR000557,India,Tamil,2025-05-03,Organic Search,18-24,Active
USR000558,India,Tamil,2025-04-28,Social Media,55+,Inactive
USR000559,India,Spanish,2025-03-28,Organic Search,25-34,Active
USR000560,Canada,Spanish,2025-05-05,Social Media,45-54,Active
USR000561,Australia,German,2025-03-12,Partner Bundle,18-24,Inactive
USR000562,India,Telugu,2025-01-18,Referral,25-34,Active
USR000563,India,Tamil,2025-04-15,Partner Bundle,35-44,Active
USR000564,Germany,Hindi,2025-02-10,Paid Ads,25-34,Active
USR000565,Australia,Spanish,2025-06-06,Partner Bundle,35-44,Active
USR000566,France,German,2025-07-17,Paid Ads,45-54,Active
USR000567,Canada,Telugu,2025-08-22,App Store,35-44,Active
USR000568,Germany,Tamil,2025-04-16,Social Media,25-34,Active
USR000569,United States,Spanish,2025-03-05,Social Media,55+,Active
USR000570,United Kingdom,Telugu,2025-04-26,Partner Bundle,45-54,Active
USR000571,Germany,German,2025-04-11,Organic Search,35-44,Active
USR000572,India,French,2025-04-23,Social Media,25-34,Inactive
USR000573,United States,Tamil,2025-06-27,Paid Ads,25-34,Active
USR000574,Australia,Hindi,2025-03-26,Social Media,35-44,Active
USR000575,United Kingdom,Telugu,2025-04-17,Organic Search,25-34,Active
USR000576,Canada,Hindi,2025-02-23,App Store,55+,Active
USR000577,India,Telugu,2025-04-10,Social Media,35-44,Inactive
USR000578,India,Bengali,2025-08-15,Organic Search,25-34,Active
USR000579,India,Hindi,2025-03-09,Referral,35-44,Active
USR000580,Singapore,Bengali,2025-06-14,Organic Search,25-34,Inactive
USR000581,Singapore,Telugu,2025-04-03,App Store,18-24,Active
USR000582,India,Spanish,2025-06-16,Organic Search,25-34,Active
USR000583,India,Telugu,2025-06-10,Partner Bundle,45-54,Active
USR000584,India,English,2025-02-21,Paid Ads,18-24,Active
USR000585,India,Hindi,2025-06-03,Referral,45-54,Active
USR000586,India,German,2025-02-03,App Store,35-44,Active
USR000587,India,Portuguese,2025-02-11,Partner Bundle,35-44,Active
USR000588,Germany,English,2025-04-07,Organic Search,45-54,Active
USR000589,Australia,German,2025-07-21,Social Media,55+,Active
USR000590,India,Tamil,2025-05-15,Referral,25-34,Active
USR000591,Australia,Spanish,2025-02-27,Referral,45-54,Inactive
USR000592,United Kingdom,German,2025-01-21,Referral,25-34,Active
USR000593,India,Hindi,2025-05-25,Referral,18-24,Active
USR000594,Australia,Bengali,2025-04-17,App Store,35-44,Active
USR000595,India,Spanish,2025-04-27,Social Media,45-54,Active
USR000596,India,German,2025-05-12,Organic Search,18-24,Active
USR000597,India,English,2025-06-26,App Store,25-34,Active
USR000598,Singapore,German,2025-04-10,Paid Ads,35-44,Active
USR000599,Australia,English,2025-07-15,Organic Search,35-44,Active
USR000600,United States,Portuguese,2025-03-04,Organic Search,25-34,Active
USR000601,France,Hindi,2025-01-27,Social Media,35-44,Inactive
USR000602,India,Tamil,2025-06-25,Organic Search,25-34,Active
USR000603,Singapore,Portuguese,2025-02-12,Partner Bundle,35-44,Active
USR000604,Australia,Spanish,2025-04-25,Organic Search,25-34,Inactive
USR000605,United Kingdom,Tamil,2025-07-20,Paid Ads,25-34,Active
USR000606,Germany,English,2025-01-27,Paid Ads,25-34,Active
USR000607,Canada,Telugu,2025-05-15,Paid Ads,35-44,Inactive
USR000608,UAE,Hindi,2025-01-26,Referral,45-54,Inactive
USR000609,France,German,2025-04-17,Paid Ads,25-34,Active
USR000610,India,German,2025-01-06,Referral,25-34,Active
USR000611,India,English,2025-02-08,Social Media,35-44,Active
USR000612,India,Telugu,2025-03-05,App Store,18-24,Active
USR000613,India,French,2025-01-23,Social Media,45-54,Active
USR000614,United States,French,2025-05-23,Referral,25-34,Active
USR000615,India,Telugu,2025-05-06,Referral,45-54,Active
USR000616,India,English,2025-07-22,App Store,35-44,Active
USR000617,Germany,Tamil,2025-02-13,Referral,45-54,Active
USR000618,France,English,2025-03-28,Referral,18-24,Active
USR000619,India,Tamil,2025-02-01,Organic Search,25-34,Active
USR000620,India,Hindi,2025-03-11,Partner Bundle,25-34,Active
USR000621,India,English,2025-08-05,App Store,35-44,Active
USR000622,UAE,Bengali,2025-06-01,Social Media,18-24,Inactive
USR000623,United States,Telugu,2025-02-10,Paid Ads,35-44,Inactive
USR000624,Brazil,Hindi,2025-01-13,Referral,45-54,Active
USR000625,UAE,Hindi,2025-01-12,Organic Search,18-24,Active
USR000626,UAE,German,2025-05-26,Social Media,25-34,Active
USR000627,India,French,2025-03-04,App Store,25-34,Active
USR000628,United States,French,2025-09-22,App Store,55+,Active
USR000629,Brazil,Portuguese,2025-04-13,Organic Search,55+,Inactive
USR000630,India,English,2025-03-08,Organic Search,18-24,Active
USR000631,United Kingdom,Portuguese,2025-02-03,App Store,25-34,Active
USR000632,United States,Spanish,2025-06-19,Partner Bundle,18-24,Active
USR000633,United States,Bengali,2025-03-17,Social Media,35-44,Active
USR000634,UAE,German,2025-04-24,Social Media,35-44,Active
USR000635,United Kingdom,Spanish,2025-04-18,Social Media,35-44,Active
USR000636,Germany,Portuguese,2025-04-12,Organic Search,25-34,Active
USR000637,Canada,Portuguese,2025-06-04,Paid Ads,25-34,Active
USR000638,United Kingdom,Bengali,2025-02-05,Social Media,18-24,Active
USR000639,Germany,Spanish,2025-04-15,App Store,35-44,Active
USR000640,Brazil,Spanish,2025-03-23,App Store,25-34,Active
USR000641,Brazil,Spanish,2025-06-05,Partner Bundle,18-24,Inactive
USR000642,Germany,Tamil,2025-06-23,App Store,25-34,Active
USR000643,United States,Hindi,2025-02-20,App Store,18-24,Active
USR000644,India,Portuguese,2025-05-30,Social Media,25-34,Active
USR000645,India,Hindi,2025-02-07,Organic Search,18-24,Active
USR000646,India,Bengali,2025-04-06,Organic Search,55+,Inactive
USR000647,United States,French,2025-04-16,Referral,25-34,Inactive
USR000648,India,French,2025-06-17,Social Media,25-34,Active
USR000649,India,German,2025-05-31,App Store,35-44,Inactive
USR000650,India,English,2025-02-08,Referral,45-54,Active
USR000651,United Kingdom,French,2025-05-26,Organic Search,55+,Active
USR000652,India,Tamil,2025-04-23,Referral,25-34,Active
USR000653,Australia,Hindi,2025-08-11,App Store,25-34,Inactive
USR000654,India,Spanish,2025-03-11,App Store,18-24,Active
USR000655,Canada,French,2025-03-24,Organic Search,25-34,Inactive
USR000656,UAE,Spanish,2025-08-25,Organic Search,35-44,Active
USR000657,India,Portuguese,2025-07-03,Social Media,25-34,Inactive
USR000658,Brazil,Tamil,2025-02-07,Organic Search,45-54,Active
USR000659,Canada,German,2025-04-05,Paid Ads,25-34,Active
USR000660,India,German,2025-05-13,Social Media,25-34,Active
USR000661,India,Hindi,2025-06-07,Organic Search,35-44,Inactive
USR000662,UAE,Portuguese,2025-02-19,Organic Search,25-34,Active
USR000663,United Kingdom,Hindi,2025-07-25,Partner Bundle,45-54,Inactive
USR000664,India,German,2025-01-27,Organic Search,25-34,Inactive
USR000665,Singapore,Telugu,2025-02-17,Organic Search,25-34,Active
USR000666,Germany,Spanish,2025-07-16,Organic Search,25-34,Inactive
USR000667,Australia,Bengali,2025-04-15,Organic Search,45-54,Active
USR000668,UAE,German,2025-04-20,Paid Ads,45-54,Inactive
USR000669,Germany,Spanish,2025-05-10,Organic Search,45-54,Active
USR000670,India,Spanish,2025-02-26,Referral,45-54,Active
USR000671,United Kingdom,Spanish,2025-01-31,App Store,25-34,Inactive
USR000672,France,Spanish,2025-05-10,App Store,35-44,Active
USR000673,India,French,2025-05-26,Organic Search,45-54,Active
USR000674,India,English,2025-04-27,Organic Search,45-54,Active
USR000675,India,Spanish,2025-03-18,Paid Ads,25-34,Active
USR000676,India,German,2025-02-13,Organic Search,25-34,Active
USR000677,India,Bengali,2025-03-28,App Store,25-34,Active
USR000678,France,Bengali,2025-08-25,Social Media,35-44,Inactive
USR000679,France,Portuguese,2025-04-02,Organic Search,35-44,Inactive
USR000680,India,Portuguese,2025-03-27,Partner Bundle,35-44,Active
USR000681,Australia,Tamil,2025-04-09,Organic Search,35-44,Active
USR000682,Canada,Telugu,2025-03-30,Organic Search,45-54,Active
USR000683,India,French,2025-07-17,App Store,45-54,Active
USR000684,India,Spanish,2025-06-02,Social Media,18-24,Active
USR000685,India,Spanish,2025-03-10,Partner Bundle,35-44,Active
USR000686,Australia,Hindi,2025-03-25,Organic Search,18-24,Active
USR000687,India,Bengali,2025-04-09,Organic Search,18-24,Active
USR000688,India,Telugu,2025-04-21,Organic Search,25-34,Active
USR000689,India,Bengali,2025-03-01,Organic Search,25-34,Active
USR000690,UAE,Tamil,2025-03-14,Paid Ads,18-24,Active
USR000691,Germany,German,2025-07-24,Paid Ads,25-34,Active
USR000692,United States,English,2025-07-26,Social Media,18-24,Active
USR000693,Singapore,Bengali,2025-03-19,Organic Search,35-44,Active
USR000694,India,Hindi,2025-03-21,Paid Ads,45-54,Active
USR000695,Canada,English,2025-05-29,Organic Search,18-24,Active
USR000696,India,Portuguese,2025-01-24,Paid Ads,25-34,Active
USR000697,India,Bengali,2025-07-10,App Store,25-34,Active
USR000698,France,Portuguese,2025-03-07,Social Media,35-44,Active
USR000699,Germany,German,2025-05-16,Organic Search,45-54,Active
USR000700,India,Spanish,2025-01-24,Paid Ads,25-34,Active
USR000701,India,Bengali,2025-05-30,App Store,35-44,Active
USR000702,United States,French,2025-05-19,Referral,18-24,Active
USR000703,Germany,English,2025-05-11,Referral,35-44,Active
USR000704,India,Portuguese,2025-02-20,Partner Bundle,35-44,Active
USR000705,Canada,French,2025-03-15,Referral,35-44,Active
USR000706,UAE,Hindi,2025-04-28,Organic Search,35-44,Active
USR000707,India,Spanish,2025-03-08,Referral,25-34,Active
USR000708,UAE,Tamil,2025-03-02,Social Media,35-44,Active
USR000709,India,Portuguese,2025-07-05,Social Media,25-34,Active
USR000710,Canada,Tamil,2025-01-16,Social Media,25-34,Active
USR000711,Germany,French,2025-07-13,Partner Bundle,25-34,Active
USR000712,United States,English,2025-02-18,Organic Search,18-24,Active
USR000713,India,Hindi,2025-05-18,Paid Ads,35-44,Active
USR000714,Singapore,Telugu,2025-05-05,Partner Bundle,18-24,Active
USR000715,India,Spanish,2025-02-19,Organic Search,35-44,Active
USR000716,United Kingdom,Hindi,2025-03-09,Organic Search,35-44,Inactive
USR000717,United States,Tamil,2025-06-09,Social Media,25-34,Active
USR000718,United States,French,2025-03-30,Social Media,25-34,Active
USR000719,United Kingdom,English,2025-09-23,Partner Bundle,35-44,Active
USR000720,United Kingdom,Portuguese,2025-03-08,Social Media,18-24,Active
USR000721,India,Portuguese,2025-03-06,Organic Search,25-34,Active
USR000722,Canada,German,2025-02-11,Organic Search,25-34,Active
USR000723,India,Bengali,2025-03-04,Social Media,55+,Active
USR000724,India,Tamil,2025-04-09,Organic Search,25-34,Inactive
USR000725,United States,Telugu,2025-09-17,Organic Search,25-34,Active
USR000726,United Kingdom,Tamil,2025-03-06,Organic Search,35-44,Active
USR000727,India,Telugu,2025-01-15,Organic Search,25-34,Active
USR000728,United Kingdom,Spanish,2025-03-17,Organic Search,25-34,Active
USR000729,United States,Spanish,2025-04-15,Partner Bundle,55+,Active
USR000730,United States,Spanish,2025-07-12,Social Media,45-54,Active
USR000731,Canada,Tamil,2025-04-21,Paid Ads,35-44,Active
USR000732,Brazil,English,2025-03-22,Organic Search,25-34,Active
USR000733,United States,Portuguese,2025-03-08,App Store,25-34,Active
USR000734,Germany,Portuguese,2025-05-29,Organic Search,35-44,Active
USR000735,India,French,2025-04-13,Partner Bundle,25-34,Active
USR000736,Germany,Hindi,2025-05-28,App Store,25-34,Inactive
USR000737,Canada,Telugu,2025-02-12,Partner Bundle,25-34,Active
USR000738,Canada,Telugu,2025-03-20,Paid Ads,45-54,Active
USR000739,UAE,Tamil,2025-05-25,Paid Ads,45-54,Active
USR000740,India,Bengali,2025-01-31,App Store,25-34,Inactive
USR000741,United States,Spanish,2025-02-18,Paid Ads,25-34,Active
USR000742,India,Hindi,2025-04-04,Referral,25-34,Inactive
USR000743,Australia,English,2025-06-30,Social Media,18-24,Active
USR000744,France,Spanish,2025-07-27,Organic Search,45-54,Active
USR000745,United States,Bengali,2025-02-22,App Store,25-34,Inactive
USR000746,United States,Bengali,2025-05-10,Social Media,35-44,Active
USR000747,Canada,Telugu,2025-07-19,Organic Search,18-24,Active
USR000748,India,Hindi,2025-06-03,Referral,35-44,Active
USR000749,India,Spanish,2025-04-20,Paid Ads,18-24,Active
USR000750,United States,Telugu,2025-05-01,Organic Search,18-24,Active
USR000751,United States,Bengali,2025-02-26,Paid Ads,45-54,Inactive
USR000752,United States,Portuguese,2025-03-17,Organic Search,25-34,Active
USR000753,India,Tamil,2025-04-01,Organic Search,18-24,Active
USR000754,United Kingdom,Spanish,2025-03-29,Referral,35-44,Active
USR000755,Singapore,Portuguese,2025-03-24,Social Media,18-24,Inactive
USR000756,India,German,2025-02-16,Social Media,35-44,Inactive
USR000757,Canada,French,2025-07-18,Referral,45-54,Active
USR000758,Canada,Portuguese,2025-04-11,Partner Bundle,25-34,Active
USR000759,Singapore,Hindi,2025-03-27,Organic Search,35-44,Active
USR000760,Canada,French,2025-02-06,Referral,18-24,Active
USR000761,Canada,Tamil,2025-05-15,App Store,25-34,Active
USR000762,Germany,Tamil,2025-03-03,Organic Search,55+,Active
USR000763,India,German,2025-03-08,Organic Search,35-44,Inactive
USR000764,United Kingdom,Telugu,2025-03-15,Organic Search,25-34,Active
USR000765,United States,German,2025-05-28,Organic Search,18-24,Inactive
USR000766,United States,Tamil,2025-05-04,Organic Search,25-34,Active
USR000767,India,English,2025-01-22,Social Media,25-34,Active
USR000768,India,Bengali,2025-07-07,Referral,25-34,Active
USR000769,India,German,2025-05-05,Organic Search,25-34,Inactive
USR000770,Australia,German,2025-04-23,Organic Search,18-24,Active
USR000771,Singapore,Tamil,2025-02-24,Paid Ads,35-44,Active
USR000772,India,Tamil,2025-06-20,Partner Bundle,25-34,Active
USR000773,India,Bengali,2025-04-10,Organic Search,25-34,Active
USR000774,Brazil,French,2025-03-10,Referral,45-54,Active
USR000775,Australia,French,2025-02-03,Social Media,45-54,Active
USR000776,UAE,Spanish,2025-04-03,Referral,25-34,Active
USR000777,India,Portuguese,2025-07-06,Organic Search,18-24,Active
USR000778,Germany,Bengali,2025-03-12,Organic Search,45-54,Active
USR000779,France,German,2025-01-30,Paid Ads,25-34,Active
USR000780,India,Bengali,2025-03-16,App Store,25-34,Active
USR000781,India,Tamil,2025-03-10,Paid Ads,18-24,Active
USR000782,India,German,2025-04-17,Partner Bundle,35-44,Active
USR000783,India,Portuguese,2025-02-23,Paid Ads,35-44,Active
USR000784,Brazil,Portuguese,2025-03-04,Paid Ads,25-34,Active
USR000785,United States,Bengali,2025-02-04,Social Media,45-54,Active
USR000786,Germany,Spanish,2025-05-12,Organic Search,18-24,Inactive
USR000787,Germany,Portuguese,2025-03-06,Paid Ads,25-34,Active
USR000788,United States,Tamil,2025-02-25,Partner Bundle,25-34,Active
USR000789,Canada,Portuguese,2025-06-20,Partner Bundle,35-44,Active
USR000790,India,English,2025-07-15,Social Media,25-34,Active
USR000791,United States,English,2025-05-18,Referral,35-44,Inactive
USR000792,Brazil,Tamil,2025-07-13,Social Media,45-54,Active
USR000793,India,French,2025-06-15,Paid Ads,45-54,Active
USR000794,United States,German,2025-03-30,Paid Ads,18-24,Active
USR000795,Germany,German,2025-02-12,Organic Search,55+,Active
USR000796,Canada,Spanish,2025-03-13,App Store,35-44,Active
USR000797,Canada,Portuguese,2025-03-03,Referral,45-54,Active
USR000798,France,English,2025-05-19,Referral,35-44,Inactive
USR000799,India,Tamil,2025-03-31,Organic Search,25-34,Active
USR000800,Germany,Hindi,2025-01-20,Organic Search,35-44,Inactive
USR000801,UAE,Hindi,2025-03-15,Partner Bundle,25-34,Inactive
USR000802,India,Portuguese,2025-02-09,Partner Bundle,25-34,Active
USR000803,United Kingdom,Hindi,2025-04-05,App Store,35-44,Active
USR000804,United States,Portuguese,2025-06-19,Referral,35-44,Active
USR000805,India,Bengali,2025-02-09,Social Media,35-44,Active
USR000806,United States,Telugu,2025-07-12,Organic Search,18-24,Active
USR000807,Canada,Bengali,2025-04-11,Organic Search,25-34,Active
USR000808,Singapore,Portuguese,2025-05-19,Social Media,35-44,Active
USR000809,Canada,Portuguese,2025-02-28,App Store,25-34,Active
USR000810,France,Spanish,2025-04-09,Paid Ads,25-34,Active
USR000811,India,English,2025-07-12,Paid Ads,35-44,Inactive
USR000812,India,Bengali,2025-06-29,Organic Search,25-34,Active
USR000813,Brazil,French,2025-04-14,App Store,45-54,Inactive
USR000814,UAE,German,2025-03-27,App Store,35-44,Inactive
USR000815,India,Tamil,2025-04-23,Organic Search,25-34,Active
USR000816,Canada,Tamil,2025-05-01,Social Media,25-34,Active
USR000817,United States,Telugu,2025-07-26,Social Media,18-24,Active
USR000818,United States,Spanish,2025-03-04,Paid Ads,18-24,Active
USR000819,UAE,Hindi,2025-03-02,App Store,35-44,Active
USR000820,Australia,Portuguese,2025-03-24,Social Media,18-24,Active
USR000821,India,Hindi,2025-02-13,Organic Search,25-34,Active
USR000822,India,Portuguese,2025-05-16,Organic Search,45-54,Active
USR000823,India,French,2025-01-27,Paid Ads,25-34,Active
USR000824,Germany,English,2025-08-03,Referral,45-54,Active
USR000825,United States,Spanish,2025-04-26,Partner Bundle,18-24,Active
USR000826,Brazil,Hindi,2025-05-28,Partner Bundle,45-54,Active
USR000827,France,French,2025-01-20,Partner Bundle,55+,Active
USR000828,India,Hindi,2025-05-28,Organic Search,45-54,Active
USR000829,Germany,Tamil,2025-05-05,Social Media,25-34,Active
USR000830,United States,English,2025-05-12,Organic Search,18-24,Active
USR000831,India,German,2025-04-04,Organic Search,45-54,Active
USR000832,United States,Portuguese,2025-06-07,Partner Bundle,18-24,Inactive
USR000833,Brazil,English,2025-02-22,Partner Bundle,35-44,Active
USR000834,United States,French,2025-05-08,Social Media,25-34,Active
USR000835,Australia,Hindi,2025-01-30,Partner Bundle,55+,Active
USR000836,United States,Hindi,2025-02-10,Referral,25-34,Active
USR000837,United States,German,2025-07-26,Social Media,25-34,Active
USR000838,Germany,Hindi,2025-03-02,Referral,35-44,Inactive
USR000839,France,German,2025-02-17,Social Media,25-34,Active
USR000840,India,English,2025-05-25,Social Media,25-34,Active
USR000841,India,German,2025-07-07,Organic Search,25-34,Inactive
USR000842,United States,Spanish,2025-03-18,Referral,18-24,Active
USR000843,India,Hindi,2025-09-14,Referral,55+,Active
USR000844,Germany,French,2025-03-08,App Store,25-34,Active
USR000845,India,English,2025-06-22,Referral,35-44,Active
USR000846,Germany,Spanish,2025-04-25,App Store,18-24,Inactive
USR000847,United Kingdom,English,2025-03-20,Partner Bundle,25-34,Active
USR000848,India,Bengali,2025-05-26,Paid Ads,35-44,Active
USR000849,United States,German,2025-02-03,Organic Search,25-34,Inactive
USR000850,India,English,2025-04-10,Referral,35-44,Active
USR000851,India,Hindi,2025-03-26,App Store,18-24,Active
USR000852,Australia,Portuguese,2025-05-20,Referral,55+,Active
USR000853,United States,Telugu,2025-04-23,App Store,25-34,Active
USR000854,Canada,Spanish,2025-05-13,App Store,35-44,Inactive
USR000855,United States,English,2025-06-05,Organic Search,25-34,Active
USR000856,India,Hindi,2025-04-02,Social Media,25-34,Active
USR000857,United States,Telugu,2025-04-29,Paid Ads,35-44,Active
USR000858,Germany,Bengali,2025-08-08,Organic Search,25-34,Active
USR000859,India,German,2025-04-25,Social Media,35-44,Active
USR000860,Canada,French,2025-04-01,Organic Search,25-34,Active
USR000861,India,French,2025-06-17,Organic Search,35-44,Active
USR000862,India,German,2025-04-03,Social Media,35-44,Inactive
USR000863,United States,Telugu,2025-08-10,Referral,25-34,Inactive
USR000864,United States,Telugu,2025-07-09,Partner Bundle,18-24,Active
USR000865,Germany,French,2025-03-17,Social Media,55+,Active
USR000866,United States,English,2025-03-24,App Store,25-34,Active
USR000867,India,German,2025-06-17,Paid Ads,35-44,Active
USR000868,Canada,Telugu,2025-06-25,App Store,25-34,Active
USR000869,United States,French,2025-06-26,Paid Ads,35-44,Inactive
USR000870,India,Telugu,2025-04-10,Social Media,35-44,Active
USR000871,Germany,Bengali,2025-04-20,Organic Search,18-24,Active
USR000872,India,Hindi,2025-04-02,Partner Bundle,18-24,Active
USR000873,Singapore,Hindi,2025-04-06,Paid Ads,55+,Active
USR000874,India,German,2025-03-10,Social Media,35-44,Inactive
USR000875,United States,Spanish,2025-07-28,Referral,25-34,Active
USR000876,Singapore,French,2025-05-16,App Store,25-34,Active
USR000877,Germany,English,2025-05-15,Organic Search,55+,Active
USR000878,India,French,2025-07-02,Organic Search,35-44,Active
USR000879,United Kingdom,French,2025-01-25,Organic Search,25-34,Active
USR000880,India,French,2025-05-17,Organic Search,18-24,Active
USR000881,United States,Spanish,2025-07-12,Organic Search,35-44,Active
USR000882,Australia,Hindi,2025-02-12,Referral,45-54,Active
USR000883,United States,French,2025-07-03,Social Media,35-44,Active
USR000884,India,Bengali,2025-05-16,Organic Search,45-54,Active
USR000885,United Kingdom,Spanish,2025-04-28,Social Media,45-54,Active
USR000886,India,Tamil,2025-04-25,Referral,25-34,Active
USR000887,United States,Hindi,2025-02-22,Social Media,25-34,Inactive
USR000888,United States,English,2025-01-18,Organic Search,45-54,Active
USR000889,Canada,Telugu,2025-06-20,Social Media,25-34,Active
USR000890,United States,Tamil,2025-02-16,Referral,35-44,Active
USR000891,India,French,2025-03-17,Social Media,35-44,Active
USR000892,Singapore,Telugu,2025-09-13,Organic Search,25-34,Active
USR000893,Canada,Tamil,2025-04-26,Social Media,35-44,Active
USR000894,India,Hindi,2025-05-13,Paid Ads,35-44,Active
USR000895,Brazil,French,2025-03-18,App Store,45-54,Inactive
USR000896,UAE,Portuguese,2025-07-07,Social Media,45-54,Active
USR000897,India,Bengali,2025-01-28,Partner Bundle,25-34,Active
USR000898,Canada,Tamil,2025-06-09,App Store,25-34,Inactive
USR000899,United Kingdom,English,2025-02-07,Organic Search,45-54,Active
USR000900,India,Telugu,2025-08-23,Social Media,25-34,Inactive
USR000901,India,English,2025-05-22,Social Media,25-34,Inactive
USR000902,United Kingdom,Bengali,2025-02-20,Referral,35-44,Active
USR000903,India,Spanish,2025-04-16,Organic Search,18-24,Inactive
USR000904,France,Portuguese,2025-05-31,Organic Search,45-54,Active
USR000905,India,German,2025-03-14,Partner Bundle,55+,Active
USR000906,Singapore,Tamil,2025-03-25,Referral,35-44,Active
USR000907,France,French,2025-07-10,Partner Bundle,18-24,Active
USR000908,Australia,Tamil,2025-04-16,Organic Search,25-34,Active
USR000909,India,Portuguese,2025-07-05,Organic Search,18-24,Inactive
USR000910,Australia,Telugu,2025-05-09,Organic Search,25-34,Active
USR000911,United States,Hindi,2025-05-29,Social Media,55+,Active
USR000912,Canada,Tamil,2025-06-30,App Store,25-34,Active
USR000913,India,Portuguese,2025-07-28,Paid Ads,25-34,Active
USR000914,France,Bengali,2025-02-21,Organic Search,35-44,Active
USR000915,India,English,2025-06-06,Social Media,45-54,Inactive
USR000916,Australia,German,2025-08-18,Paid Ads,18-24,Active
USR000917,France,Tamil,2025-06-14,Social Media,35-44,Active
USR000918,Canada,Portuguese,2025-05-01,Referral,25-34,Active
USR000919,India,French,2025-07-12,Paid Ads,25-34,Active
USR000920,India,English,2025-09-04,Partner Bundle,25-34,Inactive
USR000921,United States,Tamil,2025-05-24,Social Media,45-54,Active
USR000922,India,Portuguese,2025-06-04,Paid Ads,45-54,Inactive
USR000923,India,Tamil,2025-05-23,Paid Ads,35-44,Active
USR000924,India,Telugu,2025-02-03,Referral,18-24,Inactive
USR000925,Germany,French,2025-06-11,App Store,55+,Inactive
USR000926,India,Hindi,2025-02-08,Referral,25-34,Active
USR000927,Singapore,Spanish,2025-06-02,Paid Ads,25-34,Active
USR000928,United States,English,2025-01-31,App Store,35-44,Active
USR000929,Germany,Hindi,2025-02-18,Referral,35-44,Inactive
USR000930,India,Telugu,2025-03-28,Referral,18-24,Active
USR000931,Singapore,Portuguese,2025-03-18,Referral,18-24,Active
USR000932,India,Portuguese,2025-06-23,App Store,25-34,Active
USR000933,India,Portuguese,2025-04-12,Organic Search,18-24,Active
USR000934,India,English,2025-02-14,App Store,45-54,Active
USR000935,India,Telugu,2025-03-11,Social Media,18-24,Active
USR000936,United States,Telugu,2025-04-30,Organic Search,55+,Active
USR000937,Germany,Portuguese,2025-04-23,App Store,18-24,Active
USR000938,India,Portuguese,2025-05-08,Organic Search,45-54,Active
USR000939,Australia,English,2025-06-13,Organic Search,25-34,Active
USR000940,Germany,German,2025-07-07,Paid Ads,35-44,Active
USR000941,UAE,Hindi,2025-05-24,Referral,25-34,Inactive
USR000942,India,Tamil,2025-04-12,Partner Bundle,18-24,Inactive
USR000943,India,Hindi,2025-03-23,Partner Bundle,35-44,Active
USR000944,India,Tamil,2025-08-17,Social Media,45-54,Inactive
USR000945,United States,Telugu,2025-04-28,Social Media,25-34,Inactive
USR000946,United States,Tamil,2025-05-17,Organic Search,45-54,Active
USR000947,United States,English,2025-03-21,Referral,25-34,Active
USR000948,India,French,2025-03-20,Social Media,35-44,Inactive
USR000949,Canada,Spanish,2025-02-20,Organic Search,35-44,Active
USR000950,India,German,2025-04-21,Social Media,45-54,Active
USR000951,United States,Telugu,2025-03-15,Organic Search,25-34,Inactive
USR000952,India,Spanish,2025-03-25,App Store,18-24,Inactive
USR000953,United Kingdom,English,2025-06-28,Partner Bundle,45-54,Active
USR000954,Canada,Portuguese,2025-02-04,Social Media,45-54,Active
USR000955,Germany,Tamil,2025-03-06,Paid Ads,18-24,Active
USR000956,UAE,Tamil,2025-05-11,Organic Search,18-24,Active
USR000957,Germany,French,2025-05-09,Social Media,45-54,Active
USR000958,India,English,2025-07-23,Referral,35-44,Active
USR000959,India,Portuguese,2025-01-22,Organic Search,25-34,Active
USR000960,Singapore,Telugu,2025-07-10,Social Media,45-54,Active
USR000961,Germany,Telugu,2025-02-16,Partner Bundle,25-34,Inactive
USR000962,Germany,Telugu,2025-03-31,Organic Search,25-34,Inactive
USR000963,Australia,Telugu,2025-02-02,Paid Ads,35-44,Active
USR000964,India,Bengali,2025-01-09,App Store,35-44,Active
USR000965,France,Bengali,2025-07-11,App Store,25-34,Active
USR000966,India,Spanish,2025-02-27,App Store,45-54,Active
USR000967,United States,Bengali,2025-06-03,Organic Search,55+,Active
USR000968,United States,French,2025-03-17,Partner Bundle,18-24,Inactive
USR000969,United Kingdom,Telugu,2025-07-27,Paid Ads,25-34,Active
USR000970,United States,German,2025-03-24,Partner Bundle,35-44,Active
USR000971,United States,French,2025-04-05,Partner Bundle,18-24,Active
USR000972,United Kingdom,French,2025-03-06,Social Media,25-34,Active
USR000973,United States,Tamil,2025-02-17,Referral,25-34,Active
USR000974,India,Hindi,2025-06-15,Paid Ads,35-44,Inactive
USR000975,Canada,German,2025-04-18,App Store,25-34,Active
USR000976,Germany,Bengali,2025-01-12,Partner Bundle,45-54,Active
USR000977,United States,Hindi,2025-07-31,Partner Bundle,25-34,Inactive
USR000978,Canada,German,2025-04-19,Social Media,35-44,Inactive
USR000979,United Kingdom,Telugu,2025-02-21,Paid Ads,45-54,Active
USR000980,India,German,2025-01-31,Organic Search,35-44,Active
USR000981,United States,Portuguese,2025-02-22,App Store,45-54,Active
USR000982,India,Portuguese,2025-05-07,Organic Search,18-24,Active
USR000983,Canada,Bengali,2025-06-22,Partner Bundle,35-44,Active
USR000984,United States,Portuguese,2025-03-31,Partner Bundle,25-34,Inactive
USR000985,India,Hindi,2025-10-13,Organic Search,45-54,Active
USR000986,United Kingdom,Spanish,2025-03-22,Referral,18-24,Active
USR000987,UAE,French,2025-04-12,Organic Search,45-54,Active
USR000988,United States,German,2025-02-12,Referral,18-24,Active
USR000989,Brazil,Hindi,2025-04-08,Social Media,35-44,Active
USR000990,Brazil,French,2025-06-23,Organic Search,35-44,Inactive
USR000991,Germany,French,2025-08-19,Social Media,25-34,Active
USR000992,France,German,2025-06-05,Organic Search,18-24,Active
USR000993,United States,Tamil,2025-01-23,Referral,35-44,Active
USR000994,United States,English,2025-02-10,Paid Ads,18-24,Active
USR000995,Brazil,Tamil,2025-01-23,Social Media,25-34,Inactive
USR000996,United States,Portuguese,2025-02-24,Organic Search,25-34,Active
USR000997,India,Spanish,2025-03-09,Organic Search,18-24,Active
USR000998,India,Hindi,2025-02-22,Organic Search,18-24,Active
USR000999,Australia,Bengali,2025-05-24,Paid Ads,18-24,Active
USR001000,United States,Hindi,2025-02-13,Organic Search,35-44,Active
USR001001,India,Bengali,2025-05-17,Partner Bundle,25-34,Active
USR001002,France,French,2025-06-09,Paid Ads,45-54,Active
USR001003,United States,Portuguese,2025-03-27,Social Media,18-24,Active
USR001004,United Kingdom,French,2025-07-09,Organic Search,35-44,Active
USR001005,India,English,2025-05-29,Paid Ads,18-24,Inactive
USR001006,India,Bengali,2025-03-08,App Store,45-54,Inactive
USR001007,India,English,2025-04-21,Referral,18-24,Active
USR001008,United States,German,2025-03-18,Organic Search,18-24,Active
USR001009,Germany,Telugu,2025-06-08,App Store,25-34,Active
USR001010,Australia,Spanish,2025-05-26,Partner Bundle,18-24,Active
USR001011,India,Tamil,2025-05-07,Organic Search,45-54,Active
USR001012,France,English,2025-02-03,App Store,18-24,Inactive
USR001013,India,Tamil,2025-03-09,Paid Ads,18-24,Active
USR001014,India,German,2025-03-01,Social Media,18-24,Active
USR001015,France,Hindi,2025-01-17,Paid Ads,45-54,Active
USR001016,India,French,2025-02-10,Organic Search,35-44,Inactive
USR001017,Australia,Telugu,2025-02-13,Paid Ads,35-44,Active
USR001018,India,Tamil,2025-03-28,Referral,35-44,Active
USR001019,India,Tamil,2025-06-03,Organic Search,55+,Active
USR001020,United Kingdom,Portuguese,2025-03-12,App Store,35-44,Inactive
USR001021,India,Hindi,2025-04-03,Organic Search,25-34,Active
USR001022,India,English,2025-03-28,Social Media,25-34,Inactive
USR001023,United States,Hindi,2025-04-09,Organic Search,25-34,Active
USR001024,India,Spanish,2025-04-14,Paid Ads,25-34,Active
USR001025,Germany,Portuguese,2025-07-05,Paid Ads,25-34,Active
USR001026,France,Portuguese,2025-03-27,Partner Bundle,25-34,Inactive
USR001027,United Kingdom,German,2025-07-04,Organic Search,18-24,Active
USR001028,India,Telugu,2025-04-15,Social Media,25-34,Active
USR001029,United States,Spanish,2025-04-06,Social Media,18-24,Active
USR001030,Australia,Hindi,2025-09-07,Organic Search,45-54,Active
USR001031,India,Tamil,2025-06-26,App Store,25-34,Active
USR001032,India,Tamil,2025-01-18,Organic Search,45-54,Active
USR001033,France,German,2025-05-07,Social Media,35-44,Inactive
USR001034,United States,English,2025-02-13,Organic Search,35-44,Active
USR001035,Canada,Hindi,2025-04-21,Paid Ads,18-24,Active
USR001036,India,Telugu,2025-02-22,Partner Bundle,18-24,Active
USR001037,Germany,Hindi,2025-04-29,Paid Ads,25-34,Active
USR001038,India,German,2025-08-14,App Store,18-24,Active
USR001039,UAE,French,2025-05-18,Organic Search,25-34,Active
USR001040,India,English,2025-03-22,Paid Ads,35-44,Active
USR001041,UAE,German,2025-03-17,Organic Search,35-44,Active
USR001042,United States,English,2025-07-12,Referral,35-44,Inactive
USR001043,Canada,Spanish,2025-05-17,Paid Ads,35-44,Active
USR001044,France,Portuguese,2025-07-13,Organic Search,18-24,Active
USR001045,India,Telugu,2025-05-25,Paid Ads,18-24,Inactive
USR001046,India,Hindi,2025-04-12,App Store,18-24,Active
USR001047,UAE,German,2025-05-18,App Store,45-54,Active
USR001048,United States,French,2025-08-23,Organic Search,25-34,Active
USR001049,Australia,Telugu,2025-04-14,Organic Search,25-34,Inactive
USR001050,India,French,2025-03-13,Paid Ads,35-44,Active
USR001051,Canada,Portuguese,2025-03-10,App Store,55+,Inactive
USR001052,India,Spanish,2025-05-28,Social Media,35-44,Active
USR001053,Australia,Tamil,2025-03-22,Partner Bundle,18-24,Inactive
USR001054,India,German,2025-04-02,Referral,45-54,Active
USR001055,United States,Bengali,2025-07-01,Organic Search,25-34,Active
USR001056,India,English,2025-02-13,Organic Search,45-54,Inactive
USR001057,Canada,Hindi,2025-04-17,App Store,35-44,Active
USR001058,India,Telugu,2025-07-06,Organic Search,25-34,Active
USR001059,United States,English,2025-05-05,Organic Search,25-34,Active
USR001060,Canada,German,2025-04-22,App Store,25-34,Active
USR001061,India,Bengali,2025-05-28,Organic Search,35-44,Active
USR001062,France,German,2025-05-01,App Store,55+,Active
USR001063,Australia,German,2025-04-04,Referral,25-34,Inactive
USR001064,United Kingdom,Portuguese,2025-01-20,Paid Ads,55+,Active
USR001065,India,German,2025-06-01,Partner Bundle,25-34,Inactive
USR001066,Canada,English,2025-02-04,App Store,18-24,Active
USR001067,India,Spanish,2025-06-04,Organic Search,55+,Active
USR001068,Germany,German,2025-01-20,App Store,25-34,Active
USR001069,India,Bengali,2025-02-25,Paid Ads,45-54,Active
USR001070,India,Hindi,2025-05-05,Social Media,18-24,Inactive
USR001071,India,French,2025-04-03,App Store,35-44,Active
USR001072,Brazil,French,2025-03-23,Organic Search,18-24,Active
USR001073,Germany,Spanish,2025-09-06,App Store,25-34,Inactive
USR001074,India,Tamil,2025-06-12,Paid Ads,35-44,Active
USR001075,Brazil,Hindi,2025-01-22,Organic Search,35-44,Active
USR001076,India,Spanish,2025-07-11,Organic Search,35-44,Active
USR001077,Australia,Hindi,2025-05-10,Referral,25-34,Active
USR001078,Canada,Bengali,2025-03-15,Social Media,35-44,Active
USR001079,France,Hindi,2025-06-02,App Store,45-54,Inactive
USR001080,United States,German,2025-04-16,App Store,25-34,Active
USR001081,United States,French,2025-06-16,Referral,35-44,Active
USR001082,Canada,English,2025-02-23,Organic Search,45-54,Active
USR001083,United States,Telugu,2025-03-10,Paid Ads,18-24,Active
USR001084,India,Tamil,2025-02-12,Referral,35-44,Active
USR001085,Australia,English,2025-03-03,Organic Search,25-34,Active
USR001086,Canada,Portuguese,2025-03-16,Paid Ads,25-34,Inactive
USR001087,United States,French,2025-05-07,App Store,25-34,Active
USR001088,India,English,2025-02-28,App Store,35-44,Active
USR001089,India,Bengali,2025-04-14,Organic Search,45-54,Active
USR001090,Australia,English,2025-06-29,Referral,35-44,Active
USR001091,Australia,Hindi,2025-05-20,Referral,25-34,Active
USR001092,France,German,2025-03-22,Partner Bundle,18-24,Active
USR001093,Germany,English,2025-01-07,Partner Bundle,55+,Active
USR001094,Germany,English,2025-04-18,Organic Search,25-34,Active
USR001095,India,Tamil,2025-03-18,Partner Bundle,25-34,Active
USR001096,India,English,2025-02-15,App Store,18-24,Inactive
USR001097,Germany,German,2025-04-22,Social Media,45-54,Inactive
USR001098,India,German,2025-06-22,Paid Ads,45-54,Active
USR001099,Brazil,Hindi,2025-03-06,Social Media,35-44,Active
USR001100,UAE,Spanish,2025-06-06,Partner Bundle,25-34,Active
USR001101,United Kingdom,Spanish,2025-04-01,Social Media,25-34,Active
USR001102,United States,Spanish,2025-05-07,Paid Ads,25-34,Active
USR001103,United Kingdom,Spanish,2025-06-27,Organic Search,25-34,Active
USR001104,Australia,French,2025-01-07,App Store,18-24,Active
USR001105,Germany,English,2025-05-30,Paid Ads,25-34,Active
USR001106,India,French,2025-09-04,App Store,25-34,Active
USR001107,Germany,French,2025-07-31,Social Media,18-24,Inactive
USR001108,Canada,Bengali,2025-02-16,Social Media,25-34,Active
USR001109,India,French,2025-05-03,Referral,45-54,Inactive
USR001110,India,German,2025-09-26,Social Media,25-34,Active
USR001111,United States,French,2025-03-27,Referral,25-34,Active
USR001112,India,German,2025-07-03,Social Media,35-44,Active
USR001113,India,Spanish,2025-04-28,Organic Search,18-24,Active
USR001114,India,Spanish,2025-03-31,Partner Bundle,18-24,Active
USR001115,Singapore,Bengali,2025-07-10,Organic Search,35-44,Active
USR001116,India,English,2025-07-01,Partner Bundle,35-44,Active
USR001117,United States,Spanish,2025-02-19,App Store,25-34,Active
USR001118,India,Hindi,2025-07-21,Social Media,25-34,Active
USR001119,Australia,Tamil,2025-01-03,Social Media,18-24,Inactive
USR001120,Australia,Bengali,2025-03-26,Organic Search,25-34,Active
USR001121,Germany,Tamil,2025-04-20,Organic Search,55+,Inactive
USR001122,United Kingdom,French,2025-03-26,Referral,25-34,Active
USR001123,United Kingdom,Spanish,2025-04-18,Organic Search,25-34,Active
USR001124,United States,French,2025-03-11,Referral,35-44,Active
USR001125,Canada,Bengali,2025-04-11,App Store,55+,Active
USR001126,India,Portuguese,2025-06-14,Paid Ads,25-34,Active
USR001127,Canada,Bengali,2025-04-25,Organic Search,18-24,Inactive
USR001128,India,Portuguese,2025-08-21,Partner Bundle,35-44,Active
USR001129,UAE,Bengali,2025-04-19,Social Media,45-54,Inactive
USR001130,United States,German,2025-04-03,Paid Ads,35-44,Active
USR001131,United Kingdom,German,2025-09-28,Social Media,25-34,Inactive
USR001132,United Kingdom,English,2025-07-01,Referral,25-34,Inactive
USR001133,Germany,Bengali,2025-05-27,Referral,25-34,Active
USR001134,United States,Hindi,2025-01-27,Organic Search,25-34,Active
USR001135,United States,Tamil,2025-08-04,Paid Ads,55+,Active
USR001136,India,Tamil,2025-06-12,Social Media,18-24,Active
USR001137,India,French,2025-02-15,Referral,25-34,Active
USR001138,India,Portuguese,2025-05-19,Referral,25-34,Active
USR001139,India,Spanish,2025-02-22,App Store,55+,Inactive
USR001140,UAE,Bengali,2025-07-19,Organic Search,18-24,Inactive
USR001141,Germany,Hindi,2025-07-22,Organic Search,25-34,Active
USR001142,India,German,2025-07-02,App Store,55+,Inactive
USR001143,India,Tamil,2025-03-16,Social Media,18-24,Inactive
USR001144,United States,Hindi,2025-06-21,App Store,45-54,Inactive
USR001145,United States,Telugu,2025-02-03,Partner Bundle,35-44,Active
USR001146,Germany,German,2025-04-23,Referral,45-54,Inactive
USR001147,United States,French,2025-03-30,Social Media,45-54,Inactive
USR001148,UAE,French,2025-03-24,App Store,35-44,Active
USR001149,India,Hindi,2025-02-09,Partner Bundle,35-44,Active
USR001150,United States,Portuguese,2025-04-24,Organic Search,18-24,Active
USR001151,Singapore,English,2025-02-21,Paid Ads,18-24,Inactive
USR001152,India,English,2025-03-18,App Store,35-44,Inactive
USR001153,United States,French,2025-05-29,Organic Search,35-44,Active
USR001154,India,Spanish,2025-04-20,Referral,45-54,Active
USR001155,United Kingdom,Portuguese,2025-03-22,Paid Ads,18-24,Active
USR001156,India,Telugu,2025-02-23,Paid Ads,55+,Active
USR001157,UAE,Hindi,2025-05-15,Organic Search,18-24,Active
USR001158,Singapore,French,2025-05-21,Organic Search,45-54,Inactive
USR001159,France,German,2025-03-09,Social Media,25-34,Active
USR001160,United States,French,2025-03-24,Social Media,25-34,Active
USR001161,Brazil,French,2025-04-25,Organic Search,45-54,Active
USR001162,Australia,French,2025-02-19,Referral,25-34,Active
USR001163,United States,Bengali,2025-05-05,Organic Search,35-44,Active
USR001164,India,Telugu,2025-02-15,Social Media,45-54,Active
USR001165,Canada,French,2025-02-27,Social Media,25-34,Active
USR001166,Australia,English,2025-01-04,App Store,18-24,Active
USR001167,India,Tamil,2025-02-24,App Store,35-44,Active
USR001168,United Kingdom,German,2025-01-20,Social Media,25-34,Active
USR001169,Brazil,German,2025-03-16,Social Media,45-54,Active
USR001170,India,Tamil,2025-03-09,App Store,18-24,Active
USR001171,India,Bengali,2025-01-22,Paid Ads,35-44,Active
USR001172,UAE,Tamil,2025-04-10,Paid Ads,25-34,Active
USR001173,India,Tamil,2025-07-23,Paid Ads,45-54,Active
USR001174,Singapore,Telugu,2025-09-03,Social Media,35-44,Inactive
USR001175,Germany,Bengali,2025-01-24,Partner Bundle,55+,Inactive
USR001176,United States,French,2025-05-03,App Store,18-24,Active
USR001177,India,Telugu,2025-05-15,Organic Search,25-34,Active
USR001178,India,Bengali,2025-06-01,Paid Ads,55+,Active
USR001179,United States,Tamil,2025-03-23,Organic Search,55+,Active
USR001180,Australia,Portuguese,2025-05-16,Referral,25-34,Active
USR001181,United States,Tamil,2025-06-07,Social Media,45-54,Active
USR001182,Australia,French,2025-08-10,Organic Search,45-54,Inactive
USR001183,Canada,Tamil,2025-04-27,Referral,55+,Active
USR001184,United Kingdom,Hindi,2025-01-17,App Store,25-34,Active
USR001185,Brazil,Bengali,2025-03-29,Organic Search,25-34,Active
USR001186,Australia,Tamil,2025-05-07,Partner Bundle,45-54,Active
USR001187,Singapore,French,2025-03-14,Organic Search,55+,Inactive
USR001188,India,Telugu,2025-05-30,Paid Ads,25-34,Inactive
USR001189,Australia,Bengali,2025-02-05,Partner Bundle,35-44,Active
USR001190,United Kingdom,Spanish,2025-08-27,Organic Search,35-44,Inactive
USR001191,Singapore,Spanish,2025-03-17,Organic Search,45-54,Active
USR001192,United States,Spanish,2025-02-09,Referral,35-44,Active
USR001193,India,Spanish,2025-02-21,Paid Ads,25-34,Active
USR001194,United States,Hindi,2025-07-12,Partner Bundle,25-34,Inactive
USR001195,India,German,2025-02-25,Paid Ads,55+,Active
USR001196,India,Tamil,2025-05-06,App Store,25-34,Active
USR001197,United States,English,2025-08-06,Social Media,25-34,Active
USR001198,UAE,Tamil,2025-02-19,Social Media,45-54,Inactive
USR001199,India,Telugu,2025-07-15,Referral,25-34,Active
USR001200,India,Hindi,2025-06-07,Paid Ads,25-34,Active
USR001201,France,English,2025-01-18,Referral,25-34,Active
USR001202,India,Telugu,2025-06-10,App Store,25-34,Inactive
USR001203,Brazil,Tamil,2025-06-26,Organic Search,25-34,Inactive
USR001204,India,Spanish,2025-01-15,Social Media,18-24,Active
USR001205,United States,Hindi,2025-04-10,Organic Search,35-44,Active
USR001206,India,Hindi,2025-04-20,Paid Ads,25-34,Inactive
USR001207,Brazil,Hindi,2025-03-21,Paid Ads,18-24,Active
USR001208,UAE,Bengali,2025-03-15,Paid Ads,35-44,Active
USR001209,France,English,2025-01-31,Partner Bundle,25-34,Active
USR001210,India,Spanish,2025-05-11,Partner Bundle,18-24,Active
USR001211,Brazil,Bengali,2025-01-04,Organic Search,55+,Active
USR001212,Singapore,Tamil,2025-04-16,Organic Search,18-24,Active
USR001213,United States,Telugu,2025-03-25,Organic Search,25-34,Active
USR001214,Canada,Hindi,2025-04-01,Referral,35-44,Active
USR001215,Brazil,Portuguese,2025-05-25,App Store,55+,Inactive
USR001216,United States,Telugu,2025-03-28,Organic Search,18-24,Inactive
USR001217,India,Spanish,2025-05-05,Referral,55+,Active
USR001218,UAE,Portuguese,2025-04-03,Paid Ads,45-54,Active
USR001219,United States,Spanish,2025-03-12,Social Media,35-44,Active
USR001220,Brazil,Bengali,2025-04-11,Paid Ads,18-24,Active
USR001221,United Kingdom,Telugu,2025-06-12,App Store,25-34,Active
USR001222,India,Spanish,2025-05-13,Organic Search,25-34,Active
USR001223,United States,German,2025-01-07,Paid Ads,35-44,Active
USR001224,Australia,Telugu,2025-05-20,Referral,18-24,Active
USR001225,India,Spanish,2025-05-12,App Store,45-54,Active
USR001226,United States,Hindi,2025-01-15,Organic Search,35-44,Active
USR001227,India,Portuguese,2025-06-05,App Store,45-54,Active
USR001228,Canada,Hindi,2025-04-20,Organic Search,25-34,Active
USR001229,Brazil,Spanish,2025-08-25,Referral,35-44,Active
USR001230,Canada,English,2025-02-21,Organic Search,45-54,Inactive
USR001231,Australia,English,2025-05-16,Organic Search,18-24,Active
USR001232,United States,English,2025-03-20,Referral,35-44,Active
USR001233,United Kingdom,Spanish,2025-07-15,Paid Ads,35-44,Active
USR001234,United Kingdom,Tamil,2025-04-07,Paid Ads,25-34,Active
USR001235,Germany,Spanish,2025-08-09,Partner Bundle,25-34,Active
USR001236,France,French,2025-02-01,Organic Search,18-24,Inactive
USR001237,Canada,Hindi,2025-04-24,Paid Ads,25-34,Inactive
USR001238,Brazil,Telugu,2025-05-18,Organic Search,35-44,Active
USR001239,France,French,2025-06-01,Social Media,35-44,Inactive
USR001240,India,English,2025-07-21,Social Media,18-24,Active
USR001241,United States,French,2025-05-01,Organic Search,25-34,Active
USR001242,UAE,French,2025-01-23,Referral,25-34,Active
USR001243,Singapore,Spanish,2025-03-03,Organic Search,25-34,Active
USR001244,United States,Bengali,2025-02-07,Social Media,25-34,Active
USR001245,Australia,Telugu,2025-08-29,App Store,25-34,Active
USR001246,United States,Spanish,2025-04-10,Social Media,35-44,Inactive
USR001247,India,French,2025-03-21,Partner Bundle,25-34,Active
USR001248,UAE,Bengali,2025-05-10,Organic Search,18-24,Active
USR001249,Singapore,Spanish,2025-05-22,Partner Bundle,25-34,Active
USR001250,United States,German,2025-04-16,Social Media,18-24,Active
USR001251,India,German,2025-05-12,Partner Bundle,25-34,Active
USR001252,France,German,2025-06-13,Social Media,18-24,Active
USR001253,United States,German,2025-02-20,App Store,55+,Active
USR001254,India,Portuguese,2025-05-02,Social Media,45-54,Active
USR001255,India,German,2025-05-03,Paid Ads,35-44,Active
USR001256,India,Portuguese,2025-06-21,Organic Search,25-34,Active
USR001257,Canada,Portuguese,2025-06-22,Referral,18-24,Active
USR001258,India,French,2025-03-10,Social Media,45-54,Active
USR001259,India,Portuguese,2025-01-29,Partner Bundle,18-24,Active
USR001260,Singapore,Hindi,2025-04-12,App Store,35-44,Active
USR001261,Brazil,Spanish,2025-05-16,Organic Search,25-34,Active
USR001262,India,English,2025-07-15,Organic Search,25-34,Active
USR001263,India,Telugu,2025-02-13,Referral,35-44,Active
USR001264,United Kingdom,Portuguese,2025-01-25,Social Media,18-24,Active
USR001265,India,Spanish,2025-02-21,Organic Search,18-24,Active
USR001266,India,Bengali,2025-01-23,Social Media,35-44,Inactive
USR001267,India,English,2025-05-09,Organic Search,45-54,Active
USR001268,Singapore,Tamil,2025-04-27,Referral,25-34,Active
USR001269,Brazil,Tamil,2025-05-23,Social Media,18-24,Active
USR001270,France,German,2025-02-22,App Store,45-54,Inactive
USR001271,Australia,French,2025-06-09,Organic Search,45-54,Inactive
USR001272,Australia,Spanish,2025-03-01,Social Media,45-54,Active
USR001273,United States,French,2025-05-02,Referral,18-24,Active
USR001274,United Kingdom,Telugu,2025-09-01,Organic Search,45-54,Active
USR001275,Canada,Telugu,2025-02-24,Organic Search,35-44,Active
USR001276,Australia,Spanish,2025-03-06,Organic Search,35-44,Inactive
USR001277,India,Spanish,2025-02-23,Organic Search,25-34,Inactive
USR001278,India,Spanish,2025-03-11,Organic Search,25-34,Active
USR001279,Brazil,German,2025-03-06,Paid Ads,18-24,Active
USR001280,India,English,2025-03-15,Referral,25-34,Active
USR001281,India,Telugu,2025-03-28,Organic Search,35-44,Active
USR001282,United States,Bengali,2025-05-15,Organic Search,25-34,Active
USR001283,India,Telugu,2025-06-25,Social Media,18-24,Active
USR001284,India,Bengali,2025-05-07,Social Media,35-44,Active
USR001285,India,Portuguese,2025-04-09,Organic Search,25-34,Active
USR001286,Canada,French,2025-01-18,Organic Search,18-24,Active
USR001287,India,Spanish,2025-08-27,Organic Search,35-44,Active
USR001288,Canada,Telugu,2025-04-21,App Store,45-54,Active
USR001289,India,Portuguese,2025-04-21,Organic Search,35-44,Active
USR001290,India,Portuguese,2025-07-18,Organic Search,45-54,Active
USR001291,UAE,Bengali,2025-03-19,Referral,25-34,Active
USR001292,Germany,Spanish,2025-04-11,Partner Bundle,18-24,Active
USR001293,Canada,Tamil,2025-06-11,Referral,35-44,Active
USR001294,India,Hindi,2025-06-29,Organic Search,45-54,Active
USR001295,India,Tamil,2025-04-11,Organic Search,25-34,Active
USR001296,France,German,2025-04-23,App Store,25-34,Active
USR001297,India,French,2025-07-30,App Store,35-44,Inactive
USR001298,France,Spanish,2025-04-03,App Store,35-44,Inactive
USR001299,United Kingdom,Bengali,2025-04-01,Referral,45-54,Inactive
USR001300,Australia,Tamil,2025-05-14,Social Media,35-44,Active
USR001301,Canada,Portuguese,2025-03-29,Organic Search,25-34,Active
USR001302,United States,Spanish,2025-04-12,Referral,25-34,Inactive
USR001303,India,German,2025-05-21,Paid Ads,45-54,Inactive
USR001304,Canada,French,2025-06-06,Referral,25-34,Active
USR001305,Germany,Tamil,2025-02-25,Organic Search,18-24,Active
USR001306,India,Hindi,2025-04-20,Partner Bundle,25-34,Active
USR001307,United States,Tamil,2025-06-22,Social Media,25-34,Active
USR001308,United States,Spanish,2025-05-18,App Store,35-44,Active
USR001309,United Kingdom,Bengali,2025-04-27,Social Media,18-24,Active
USR001310,India,Tamil,2025-05-16,Organic Search,25-34,Active
USR001311,Singapore,Bengali,2025-02-14,Paid Ads,35-44,Inactive
USR001312,United Kingdom,Telugu,2025-03-28,Partner Bundle,45-54,Active
USR001313,Singapore,Tamil,2025-03-02,Organic Search,18-24,Active
USR001314,France,Portuguese,2025-04-23,Referral,25-34,Active
USR001315,India,Portuguese,2025-07-17,App Store,18-24,Active
USR001316,India,French,2025-02-25,Social Media,35-44,Active
USR001317,UAE,Bengali,2025-04-16,Social Media,18-24,Inactive
USR001318,United Kingdom,Spanish,2025-03-08,Social Media,18-24,Active
USR001319,India,German,2025-02-20,Referral,25-34,Inactive
USR001320,Singapore,Spanish,2025-05-05,Referral,18-24,Active
USR001321,United States,French,2025-02-16,Referral,45-54,Active
USR001322,India,German,2025-05-07,App Store,45-54,Active
USR001323,United States,Bengali,2025-05-18,Organic Search,25-34,Active
USR001324,France,Bengali,2025-03-08,Organic Search,35-44,Active
USR001325,India,Spanish,2025-04-18,Organic Search,18-24,Active
USR001326,United States,Bengali,2025-08-29,Paid Ads,25-34,Inactive
USR001327,India,French,2025-01-16,Organic Search,18-24,Inactive
USR001328,France,Hindi,2025-03-29,Social Media,25-34,Active
USR001329,Germany,Spanish,2025-08-17,App Store,25-34,Active
USR001330,United States,Bengali,2025-05-14,Organic Search,35-44,Active
USR001331,Canada,German,2025-06-13,Referral,35-44,Inactive
USR001332,United States,Hindi,2025-07-15,Referral,25-34,Active
USR001333,United Kingdom,Telugu,2025-06-26,Organic Search,25-34,Inactive
USR001334,Brazil,German,2025-05-11,Organic Search,45-54,Active
USR001335,United Kingdom,Tamil,2025-05-30,Partner Bundle,25-34,Active
USR001336,Brazil,Hindi,2025-03-01,Partner Bundle,35-44,Active
USR001337,Australia,Telugu,2025-04-02,App Store,25-34,Active
USR001338,India,English,2025-07-22,Social Media,18-24,Active
USR001339,Germany,German,2025-07-26,Referral,18-24,Inactive
USR001340,India,Portuguese,2025-04-22,App Store,35-44,Inactive
USR001341,United Kingdom,Telugu,2025-04-16,Paid Ads,25-34,Active
USR001342,United Kingdom,Portuguese,2025-02-28,Partner Bundle,18-24,Active
USR001343,UAE,Portuguese,2025-05-27,Social Media,35-44,Active
USR001344,India,English,2025-01-16,Paid Ads,25-34,Active
USR001345,UAE,Bengali,2025-03-02,Referral,18-24,Active
USR001346,Singapore,Telugu,2025-05-07,Partner Bundle,55+,Active
USR001347,India,Hindi,2025-04-25,App Store,25-34,Active
USR001348,UAE,Spanish,2025-04-19,Organic Search,35-44,Active
USR001349,India,Tamil,2025-04-04,Organic Search,55+,Inactive
USR001350,India,Spanish,2025-01-25,Social Media,35-44,Active
USR001351,Brazil,Bengali,2025-07-21,Referral,25-34,Active
USR001352,United States,French,2025-03-11,App Store,25-34,Active
USR001353,Canada,Telugu,2025-04-28,Organic Search,18-24,Inactive
USR001354,United Kingdom,French,2025-08-02,Partner Bundle,18-24,Active
USR001355,India,Hindi,2025-06-14,Referral,25-34,Active
USR001356,Canada,Telugu,2025-08-10,App Store,18-24,Active
USR001357,India,Bengali,2025-03-12,App Store,18-24,Active
USR001358,India,English,2025-03-22,Partner Bundle,45-54,Inactive
USR001359,Singapore,German,2025-07-04,Paid Ads,25-34,Inactive
USR001360,Brazil,Bengali,2025-04-11,App Store,25-34,Active
USR001361,United States,English,2025-02-27,App Store,18-24,Inactive
USR001362,India,Spanish,2025-08-19,Referral,25-34,Active
USR001363,United States,Hindi,2025-03-14,Social Media,35-44,Active
USR001364,UAE,Spanish,2025-04-21,Partner Bundle,55+,Active
USR001365,India,Spanish,2025-04-14,Organic Search,35-44,Active
USR001366,India,Spanish,2025-05-10,Partner Bundle,25-34,Active
USR001367,UAE,English,2025-03-05,Referral,25-34,Inactive
USR001368,United States,Spanish,2025-01-16,Social Media,18-24,Active
USR001369,India,Hindi,2025-05-13,Referral,35-44,Active
USR001370,India,Portuguese,2025-05-10,Paid Ads,25-34,Inactive
USR001371,UAE,Bengali,2025-02-03,Organic Search,55+,Inactive
USR001372,United States,Tamil,2025-03-30,Paid Ads,35-44,Inactive
USR001373,India,Telugu,2025-02-03,Partner Bundle,25-34,Active
USR001374,UAE,English,2025-06-05,Partner Bundle,25-34,Active
USR001375,France,Telugu,2025-02-06,Referral,18-24,Inactive
USR001376,India,Bengali,2025-05-16,Social Media,25-34,Inactive
USR001377,United Kingdom,Bengali,2025-05-29,Referral,35-44,Active
USR001378,India,Tamil,2025-04-11,Organic Search,25-34,Active
USR001379,United Kingdom,Telugu,2025-08-12,Partner Bundle,18-24,Active
USR001380,India,Hindi,2025-01-08,App Store,35-44,Active
USR001381,India,French,2025-06-15,Organic Search,18-24,Active
USR001382,United Kingdom,Bengali,2025-05-09,Referral,18-24,Active
USR001383,United Kingdom,French,2025-06-28,Organic Search,35-44,Active
USR001384,United States,Bengali,2025-08-10,Organic Search,35-44,Active
USR001385,India,French,2025-04-18,Organic Search,25-34,Inactive
USR001386,Brazil,Portuguese,2025-04-07,Organic Search,35-44,Active
USR001387,India,English,2025-07-24,Referral,18-24,Active
USR001388,Canada,Tamil,2025-03-10,Partner Bundle,25-34,Active
USR001389,India,English,2025-06-05,Organic Search,35-44,Active
USR001390,Canada,Tamil,2025-05-09,App Store,25-34,Active
USR001391,India,French,2025-07-26,Organic Search,45-54,Active
USR001392,India,Bengali,2025-01-27,Organic Search,18-24,Active
USR001393,Canada,Bengali,2025-01-24,Paid Ads,45-54,Active
USR001394,India,Portuguese,2025-03-22,Referral,25-34,Active
USR001395,United Kingdom,Telugu,2025-04-16,Social Media,18-24,Active
USR001396,India,Bengali,2025-05-20,Referral,18-24,Inactive
USR001397,India,Spanish,2025-02-24,Paid Ads,18-24,Active
USR001398,Australia,French,2025-01-17,App Store,35-44,Active
USR001399,India,French,2025-09-16,Organic Search,25-34,Active
USR001400,India,Tamil,2025-03-20,Organic Search,18-24,Active
USR001401,India,Telugu,2025-06-30,Organic Search,35-44,Inactive
USR001402,India,Portuguese,2025-02-19,Organic Search,25-34,Active
USR001403,India,Tamil,2025-04-02,App Store,25-34,Active
USR001404,India,Hindi,2025-02-06,Organic Search,18-24,Inactive
USR001405,India,Telugu,2025-08-26,Paid Ads,25-34,Inactive
USR001406,UAE,Portuguese,2025-03-14,Partner Bundle,18-24,Active
USR001407,India,Bengali,2025-01-29,App Store,25-34,Active
USR001408,UAE,French,2025-07-24,Organic Search,25-34,Active
USR001409,France,Hindi,2025-03-21,Partner Bundle,35-44,Active
USR001410,India,Bengali,2025-07-31,Partner Bundle,55+,Active
USR001411,India,Tamil,2025-05-25,Paid Ads,55+,Active
USR001412,India,Bengali,2025-05-01,Referral,25-34,Inactive
USR001413,United Kingdom,Portuguese,2025-06-04,Referral,45-54,Active
USR001414,Canada,Spanish,2025-03-08,App Store,25-34,Active
USR001415,Canada,Bengali,2025-03-16,Referral,18-24,Active
USR001416,United Kingdom,Bengali,2025-04-26,Social Media,35-44,Active
USR001417,India,German,2025-06-13,Partner Bundle,25-34,Active
USR001418,France,Tamil,2025-04-20,Organic Search,35-44,Active
USR001419,India,German,2025-01-18,Paid Ads,25-34,Inactive
USR001420,Brazil,Tamil,2025-05-08,Referral,25-34,Active
USR001421,United States,English,2025-03-30,Paid Ads,45-54,Active
USR001422,India,Hindi,2025-04-20,Paid Ads,45-54,Active
USR001423,UAE,Bengali,2025-04-07,Organic Search,18-24,Active
USR001424,United Kingdom,English,2025-04-05,Organic Search,35-44,Inactive
USR001425,Australia,Portuguese,2025-04-20,Organic Search,25-34,Active
USR001426,United States,Telugu,2025-06-24,Partner Bundle,35-44,Inactive
USR001427,UAE,English,2025-02-15,Referral,25-34,Active
USR001428,Singapore,German,2025-03-27,Organic Search,35-44,Active
USR001429,United States,Hindi,2025-02-10,Social Media,25-34,Active
USR001430,India,English,2025-03-28,Social Media,35-44,Inactive
USR001431,Canada,English,2025-04-20,Organic Search,18-24,Active
USR001432,Brazil,German,2025-02-17,App Store,18-24,Active
USR001433,Canada,French,2025-05-05,App Store,25-34,Active
USR001434,Brazil,German,2025-05-07,Referral,55+,Active
USR001435,United States,Tamil,2025-02-25,Referral,45-54,Inactive
USR001436,Singapore,English,2025-04-05,Social Media,35-44,Active
USR001437,India,Hindi,2025-01-18,Referral,25-34,Active
USR001438,United States,Hindi,2025-02-22,Paid Ads,18-24,Active
USR001439,United States,German,2025-03-18,App Store,35-44,Active
USR001440,Canada,Portuguese,2025-03-12,Referral,25-34,Active
USR001441,India,Telugu,2025-01-26,Organic Search,25-34,Active
USR001442,Singapore,French,2025-02-10,App Store,25-34,Active
USR001443,UAE,German,2025-03-27,Social Media,18-24,Active
USR001444,Germany,Telugu,2025-07-07,Paid Ads,35-44,Active
USR001445,India,Portuguese,2025-06-08,Organic Search,55+,Active
USR001446,India,Telugu,2025-04-15,Organic Search,18-24,Active
USR001447,United States,Hindi,2025-05-21,Organic Search,45-54,Inactive
USR001448,Germany,French,2025-07-12,Social Media,25-34,Active
USR001449,India,French,2025-02-07,Referral,18-24,Inactive
USR001450,Canada,Portuguese,2025-07-24,Social Media,35-44,Active
USR001451,United Kingdom,Bengali,2025-06-01,Organic Search,55+,Active
USR001452,Australia,Tamil,2025-06-21,Partner Bundle,55+,Active
USR001453,United States,Bengali,2025-02-09,Partner Bundle,35-44,Inactive
USR001454,Australia,Telugu,2025-03-18,Referral,25-34,Active
USR001455,India,Bengali,2025-06-21,Social Media,25-34,Active
USR001456,India,Telugu,2025-04-14,App Store,35-44,Active
USR001457,UAE,Hindi,2025-04-11,Paid Ads,35-44,Active
USR001458,India,Tamil,2025-07-12,Referral,18-24,Inactive
USR001459,Brazil,French,2025-03-30,Partner Bundle,25-34,Active
USR001460,India,French,2025-05-09,Social Media,25-34,Inactive
USR001461,United States,Tamil,2025-07-19,Organic Search,45-54,Active
USR001462,India,Bengali,2025-08-01,Partner Bundle,35-44,Active
USR001463,Brazil,German,2025-02-24,App Store,25-34,Active
USR001464,Brazil,Spanish,2025-03-26,Partner Bundle,25-34,Active
USR001465,India,English,2025-06-02,Partner Bundle,18-24,Active
USR001466,India,German,2025-08-13,Social Media,18-24,Active
USR001467,Australia,Spanish,2025-02-23,App Store,25-34,Active
USR001468,UAE,Spanish,2025-06-03,App Store,18-24,Active
USR001469,Canada,French,2025-04-06,Referral,55+,Active
USR001470,UAE,Portuguese,2025-07-15,Paid Ads,35-44,Inactive
USR001471,India,French,2025-03-01,Referral,35-44,Active
USR001472,Canada,German,2025-07-17,Organic Search,35-44,Active
USR001473,Australia,German,2025-06-08,Referral,35-44,Active
USR001474,India,English,2025-03-25,Organic Search,18-24,Active
USR001475,Germany,Telugu,2025-01-28,Social Media,25-34,Active
USR001476,Singapore,Hindi,2025-05-17,Organic Search,25-34,Active
USR001477,UAE,Tamil,2025-04-08,Social Media,25-34,Active
USR001478,India,French,2025-01-21,Social Media,25-34,Active
USR001479,India,German,2025-07-21,App Store,25-34,Inactive
USR001480,United States,German,2025-03-29,Referral,35-44,Active
USR001481,India,French,2025-07-14,Referral,18-24,Active
USR001482,Brazil,Hindi,2025-05-21,Partner Bundle,25-34,Inactive
USR001483,India,Bengali,2025-07-20,Referral,55+,Active
USR001484,Germany,English,2025-01-09,Organic Search,25-34,Active
USR001485,United States,Portuguese,2025-04-28,Organic Search,35-44,Active
USR001486,United Kingdom,Tamil,2025-08-30,Social Media,35-44,Active
USR001487,India,French,2025-02-27,Organic Search,25-34,Inactive
USR001488,India,Tamil,2025-04-27,App Store,18-24,Active
USR001489,United States,Portuguese,2025-02-09,Paid Ads,45-54,Active
USR001490,Canada,Portuguese,2025-08-22,Organic Search,35-44,Inactive
USR001491,Germany,Spanish,2025-03-26,Organic Search,35-44,Inactive
USR001492,India,Bengali,2025-04-30,Social Media,55+,Inactive
USR001493,India,English,2025-04-17,Organic Search,18-24,Active
USR001494,Australia,Portuguese,2025-06-05,Organic Search,25-34,Active
USR001495,France,Telugu,2025-03-07,Partner Bundle,35-44,Inactive
USR001496,India,Telugu,2025-04-26,Referral,45-54,Inactive
USR001497,India,Tamil,2025-04-14,App Store,18-24,Active
USR001498,India,English,2025-01-25,Social Media,35-44,Inactive
USR001499,India,Hindi,2025-01-17,Social Media,55+,Active
USR001500,India,Spanish,2025-05-09,App Store,35-44,Inactive
USR001501,United Kingdom,English,2025-01-19,Paid Ads,25-34,Inactive
USR001502,UAE,German,2025-04-03,Paid Ads,45-54,Active
USR001503,India,German,2025-02-20,Paid Ads,45-54,Active
USR001504,Germany,Tamil,2025-04-29,Referral,35-44,Active
USR001505,United Kingdom,Telugu,2025-06-06,Partner Bundle,35-44,Active
USR001506,Singapore,Portuguese,2025-06-05,Partner Bundle,25-34,Active
USR001507,Germany,Telugu,2025-05-17,Paid Ads,25-34,Active
USR001508,France,Tamil,2025-05-03,Paid Ads,35-44,Active
USR001509,Canada,Portuguese,2025-06-18,Organic Search,18-24,Active
USR001510,France,Hindi,2025-05-05,Referral,45-54,Active
USR001511,United States,Tamil,2025-03-16,Referral,45-54,Active
USR001512,India,German,2025-01-18,Organic Search,18-24,Active
USR001513,Singapore,Tamil,2025-07-08,Paid Ads,35-44,Active
USR001514,Australia,English,2025-08-26,Organic Search,18-24,Active
USR001515,India,German,2025-03-20,Social Media,25-34,Active
USR001516,UAE,Bengali,2025-03-21,Partner Bundle,35-44,Inactive
USR001517,United States,Spanish,2025-01-18,Social Media,25-34,Active
USR001518,India,Spanish,2025-03-23,Referral,45-54,Inactive
USR001519,Canada,Telugu,2025-04-11,Social Media,45-54,Inactive
USR001520,United Kingdom,Telugu,2025-02-22,Organic Search,35-44,Inactive
USR001521,United Kingdom,Hindi,2025-02-20,Paid Ads,35-44,Active
USR001522,India,Bengali,2025-04-17,Organic Search,18-24,Active
USR001523,Brazil,German,2025-04-06,Organic Search,25-34,Active
USR001524,Brazil,Portuguese,2025-02-24,Social Media,35-44,Active
USR001525,India,English,2025-07-08,Paid Ads,55+,Active
USR001526,India,French,2025-01-06,Referral,55+,Inactive
USR001527,India,Bengali,2025-06-28,Organic Search,18-24,Active
USR001528,France,Portuguese,2025-02-25,App Store,25-34,Active
USR001529,UAE,Portuguese,2025-04-06,Organic Search,18-24,Active
USR001530,United States,English,2025-05-08,Paid Ads,45-54,Inactive
USR001531,France,English,2025-04-18,Referral,35-44,Active
USR001532,Australia,Telugu,2025-03-26,Partner Bundle,45-54,Active
USR001533,United States,Tamil,2025-03-18,Referral,25-34,Inactive
USR001534,United States,Telugu,2025-04-08,App Store,18-24,Inactive
USR001535,India,Bengali,2025-06-13,Organic Search,35-44,Active
USR001536,India,Tamil,2025-05-20,Referral,45-54,Active
USR001537,United Kingdom,Telugu,2025-02-14,Referral,18-24,Inactive
USR001538,India,Telugu,2025-07-24,Social Media,45-54,Active
USR001539,India,Telugu,2025-02-02,Organic Search,35-44,Inactive
USR001540,India,Hindi,2025-06-30,Paid Ads,18-24,Inactive
USR001541,United Kingdom,Spanish,2025-05-21,Social Media,35-44,Inactive
USR001542,Brazil,Portuguese,2025-02-03,Social Media,18-24,Active
USR001543,UAE,English,2025-06-23,Organic Search,18-24,Active
USR001544,Australia,Bengali,2025-05-23,App Store,18-24,Active
USR001545,Germany,Telugu,2025-05-10,Social Media,35-44,Inactive
USR001546,United States,Tamil,2025-03-02,Organic Search,25-34,Active
USR001547,India,English,2025-04-18,Referral,25-34,Active
USR001548,United States,Portuguese,2025-03-02,App Store,35-44,Active
USR001549,India,Hindi,2025-04-24,Referral,18-24,Active
USR001550,Canada,German,2025-02-10,Partner Bundle,35-44,Active
USR001551,India,Portuguese,2025-08-04,Partner Bundle,35-44,Active
USR001552,Germany,Bengali,2025-04-19,Partner Bundle,45-54,Active
USR001553,India,French,2025-03-26,Referral,35-44,Inactive
USR001554,India,Bengali,2025-05-18,Paid Ads,35-44,Active
USR001555,Brazil,Portuguese,2025-08-04,Social Media,35-44,Active
USR001556,India,German,2025-03-06,Referral,18-24,Active
USR001557,United States,English,2025-06-01,Organic Search,25-34,Active
USR001558,India,Tamil,2025-04-25,Organic Search,35-44,Active
USR001559,India,French,2025-04-07,Social Media,35-44,Inactive
USR001560,Canada,Tamil,2025-01-11,Social Media,25-34,Active
USR001561,Canada,English,2025-05-12,Organic Search,35-44,Inactive
USR001562,India,French,2025-06-06,Organic Search,25-34,Active
USR001563,UAE,German,2025-07-05,Referral,35-44,Active
USR001564,Australia,Tamil,2025-06-06,Referral,25-34,Active
USR001565,India,German,2025-03-30,Referral,25-34,Inactive
USR001566,India,Hindi,2025-02-24,Organic Search,55+,Active
USR001567,Germany,Spanish,2025-01-13,Partner Bundle,35-44,Active
USR001568,Australia,German,2025-06-09,Social Media,45-54,Active
USR001569,India,Telugu,2025-05-05,Social Media,25-34,Active
USR001570,United States,French,2025-04-13,Referral,55+,Active
USR001571,India,Tamil,2025-02-25,Paid Ads,35-44,Active
USR001572,India,Portuguese,2025-01-24,Social Media,35-44,Active
USR001573,India,Telugu,2025-08-16,Organic Search,18-24,Active
USR001574,Brazil,Spanish,2025-07-21,App Store,18-24,Active
USR001575,Germany,German,2025-08-14,Organic Search,35-44,Inactive
USR001576,Germany,Portuguese,2025-08-05,Social Media,35-44,Active
USR001577,India,German,2025-04-16,Paid Ads,25-34,Active
USR001578,India,Spanish,2025-03-02,Partner Bundle,25-34,Active
USR001579,India,Bengali,2025-03-25,Organic Search,35-44,Active
USR001580,United Kingdom,Telugu,2025-03-01,Referral,18-24,Active
USR001581,India,German,2025-03-08,Partner Bundle,35-44,Active
USR001582,India,German,2025-05-15,Organic Search,25-34,Active
USR001583,India,English,2025-02-18,Organic Search,18-24,Active
USR001584,UAE,Bengali,2025-04-27,Referral,18-24,Active
USR001585,United Kingdom,Tamil,2025-02-04,Organic Search,25-34,Active
USR001586,India,German,2025-04-18,App Store,35-44,Active
USR001587,Germany,Telugu,2025-04-15,Paid Ads,25-34,Active
USR001588,Germany,Hindi,2025-07-29,Organic Search,18-24,Active
USR001589,India,Spanish,2025-02-09,Referral,45-54,Active
USR001590,India,Portuguese,2025-03-11,Organic Search,25-34,Active
USR001591,France,German,2025-03-16,App Store,25-34,Active
USR001592,India,Tamil,2025-06-12,Organic Search,35-44,Active
USR001593,France,Bengali,2025-04-30,Paid Ads,25-34,Active
USR001594,India,Spanish,2025-05-20,Organic Search,25-34,Inactive
USR001595,United States,English,2025-04-27,Referral,25-34,Inactive
USR001596,India,French,2025-02-15,Partner Bundle,25-34,Active
USR001597,Canada,Hindi,2025-03-04,Organic Search,25-34,Inactive
USR001598,Brazil,Portuguese,2025-05-29,Social Media,55+,Inactive
USR001599,United States,French,2025-05-08,App Store,25-34,Active
USR001600,India,Portuguese,2025-03-21,Referral,35-44,Active
USR001601,India,Telugu,2025-01-20,Paid Ads,25-34,Active
USR001602,UAE,Telugu,2025-02-19,App Store,35-44,Active
USR001603,Germany,English,2025-05-17,App Store,25-34,Active
USR001604,India,Hindi,2025-02-25,Social Media,35-44,Active
USR001605,Brazil,Telugu,2025-07-30,Social Media,25-34,Active
USR001606,Canada,German,2025-09-24,Referral,45-54,Active
USR001607,India,Telugu,2025-04-02,Organic Search,25-34,Active
USR001608,United Kingdom,Spanish,2025-06-10,App Store,45-54,Active
USR001609,United States,Bengali,2025-05-10,Organic Search,25-34,Inactive
USR001610,France,French,2025-06-09,Organic Search,35-44,Active
USR001611,United States,Bengali,2025-08-25,Partner Bundle,18-24,Active
USR001612,UAE,Tamil,2025-04-19,Social Media,25-34,Active
USR001613,France,Portuguese,2025-01-06,Organic Search,35-44,Inactive
USR001614,Canada,Tamil,2025-05-17,Social Media,25-34,Active
USR001615,India,French,2025-07-13,Paid Ads,25-34,Active
USR001616,Brazil,Spanish,2025-01-24,Social Media,25-34,Active
USR001617,United Kingdom,French,2025-08-13,App Store,25-34,Inactive
USR001618,UAE,Telugu,2025-08-30,Organic Search,35-44,Active
USR001619,India,Bengali,2025-06-13,Organic Search,18-24,Inactive
USR001620,Brazil,Hindi,2025-02-01,Organic Search,45-54,Active
USR001621,France,Portuguese,2025-04-19,Social Media,55+,Active
USR001622,Singapore,Telugu,2025-02-27,Organic Search,18-24,Active
USR001623,India,Telugu,2025-05-30,Referral,25-34,Active
USR001624,United States,French,2025-02-16,Partner Bundle,55+,Active
USR001625,India,Telugu,2025-07-13,App Store,18-24,Active
USR001626,India,Hindi,2025-04-04,Partner Bundle,18-24,Active
USR001627,India,Spanish,2025-03-28,App Store,45-54,Active
USR001628,Brazil,Hindi,2025-03-16,Organic Search,35-44,Active
USR001629,Canada,German,2025-03-18,Organic Search,35-44,Active
USR001630,India,English,2025-04-07,Paid Ads,25-34,Active
USR001631,Brazil,Hindi,2025-01-16,Referral,25-34,Active
USR001632,Australia,Tamil,2025-05-26,Organic Search,18-24,Active
USR001633,UAE,Tamil,2025-03-11,Partner Bundle,18-24,Active
USR001634,Singapore,Bengali,2025-06-09,Social Media,25-34,Active
USR001635,Germany,Portuguese,2025-06-18,App Store,35-44,Active
USR001636,India,Portuguese,2025-06-17,Organic Search,25-34,Active
USR001637,Brazil,Telugu,2025-05-15,Organic Search,25-34,Active
USR001638,India,English,2025-05-08,Social Media,25-34,Active
USR001639,Canada,French,2025-07-10,Organic Search,45-54,Inactive
USR001640,France,Telugu,2025-05-15,Partner Bundle,35-44,Active
USR001641,India,Hindi,2025-05-13,App Store,35-44,Active
USR001642,United Kingdom,Portuguese,2025-05-30,Social Media,35-44,Active
USR001643,United States,English,2025-08-19,Partner Bundle,25-34,Active
USR001644,India,Portuguese,2025-08-30,Organic Search,45-54,Inactive
USR001645,India,Telugu,2025-01-28,Paid Ads,25-34,Active
USR001646,UAE,Tamil,2025-06-27,Organic Search,18-24,Active
USR001647,India,Telugu,2025-02-14,Social Media,45-54,Inactive
USR001648,UAE,Hindi,2025-04-20,Organic Search,25-34,Inactive
USR001649,United Kingdom,Hindi,2025-02-16,Social Media,45-54,Active
USR001650,Canada,Spanish,2025-03-19,Social Media,25-34,Active
USR001651,France,Tamil,2025-01-27,Social Media,25-34,Active
USR001652,United States,English,2025-06-19,Social Media,55+,Active
USR001653,United States,French,2025-05-28,Referral,55+,Active
USR001654,India,Bengali,2025-09-06,Organic Search,55+,Active
USR001655,United Kingdom,Bengali,2025-06-12,Organic Search,18-24,Inactive
USR001656,United Kingdom,German,2025-01-27,Paid Ads,35-44,Active
USR001657,India,Telugu,2025-07-06,Referral,18-24,Inactive
USR001658,United Kingdom,German,2025-03-02,Organic Search,35-44,Inactive
USR001659,United States,French,2025-05-01,App Store,35-44,Inactive
USR001660,Germany,Tamil,2025-02-11,Partner Bundle,55+,Active
USR001661,United Kingdom,Bengali,2025-08-10,Referral,45-54,Active
USR001662,Singapore,English,2025-03-04,Referral,25-34,Active
USR001663,United States,Spanish,2025-03-09,App Store,25-34,Active
USR001664,UAE,French,2025-07-22,Partner Bundle,25-34,Active
USR001665,United Kingdom,German,2025-03-20,Partner Bundle,18-24,Inactive
USR001666,United Kingdom,English,2025-07-21,Partner Bundle,25-34,Active
USR001667,United States,Portuguese,2025-04-13,App Store,18-24,Inactive
USR001668,United States,Bengali,2025-03-24,Social Media,35-44,Active
USR001669,Singapore,Hindi,2025-01-24,Paid Ads,25-34,Active
USR001670,India,German,2025-06-21,Paid Ads,18-24,Active
USR001671,India,Portuguese,2025-08-21,Organic Search,25-34,Inactive
USR001672,France,Spanish,2025-04-27,Organic Search,25-34,Active
USR001673,United Kingdom,German,2025-08-13,Paid Ads,25-34,Inactive
USR001674,India,Portuguese,2025-03-02,Paid Ads,35-44,Active
USR001675,United States,Tamil,2025-05-16,App Store,45-54,Active
USR001676,United Kingdom,German,2025-03-16,Organic Search,55+,Active
USR001677,United Kingdom,Bengali,2025-07-23,Partner Bundle,45-54,Active
USR001678,France,German,2025-03-24,Organic Search,25-34,Active
USR001679,United States,Portuguese,2025-05-05,Organic Search,18-24,Active
USR001680,Canada,Spanish,2025-06-22,Social Media,35-44,Active
USR001681,France,English,2025-07-28,App Store,25-34,Active
USR001682,France,French,2025-08-12,Organic Search,25-34,Active
USR001683,India,Telugu,2025-01-22,Organic Search,25-34,Active
USR001684,United States,Spanish,2025-06-19,Partner Bundle,18-24,Active
USR001685,United Kingdom,Bengali,2025-04-21,Organic Search,18-24,Active
USR001686,UAE,Hindi,2025-04-30,Organic Search,45-54,Inactive
USR001687,Germany,Portuguese,2025-05-11,Social Media,25-34,Active
USR001688,United Kingdom,Spanish,2025-02-13,Partner Bundle,35-44,Active
USR001689,Brazil,Tamil,2025-05-28,App Store,35-44,Active
USR001690,United States,Telugu,2025-03-07,Referral,25-34,Active
USR001691,France,German,2025-02-06,Social Media,35-44,Active
USR001692,France,German,2025-06-15,Partner Bundle,35-44,Active
USR001693,UAE,English,2025-06-19,Organic Search,18-24,Active
USR001694,Brazil,French,2025-07-06,Referral,18-24,Active
USR001695,United States,English,2025-04-02,Social Media,35-44,Active
USR001696,India,Portuguese,2025-08-05,Partner Bundle,25-34,Active
USR001697,United States,Portuguese,2025-04-26,Paid Ads,18-24,Inactive
USR001698,France,German,2025-07-15,Referral,25-34,Active
USR001699,France,German,2025-07-07,Referral,45-54,Active
USR001700,India,German,2025-03-20,Partner Bundle,25-34,Inactive
USR001701,India,Telugu,2025-03-22,App Store,25-34,Inactive
USR001702,United States,Tamil,2025-05-02,Referral,25-34,Active
USR001703,United States,Hindi,2025-08-24,Partner Bundle,25-34,Active
USR001704,India,Spanish,2025-04-02,Social Media,35-44,Active
USR001705,Germany,German,2025-05-05,Paid Ads,18-24,Active
USR001706,India,Telugu,2025-05-14,Organic Search,45-54,Active
USR001707,Canada,Hindi,2025-03-24,Referral,35-44,Inactive
USR001708,India,French,2025-07-31,Organic Search,35-44,Active
USR001709,UAE,English,2025-03-22,Referral,18-24,Active
USR001710,Australia,Telugu,2025-05-20,Organic Search,35-44,Active
USR001711,United States,Hindi,2025-05-29,Social Media,35-44,Inactive
USR001712,Canada,Bengali,2025-06-18,App Store,25-34,Active
USR001713,India,English,2025-05-12,Organic Search,35-44,Inactive
USR001714,Brazil,Hindi,2025-03-06,Referral,25-34,Inactive
USR001715,Germany,Bengali,2025-07-31,Organic Search,35-44,Active
USR001716,Germany,German,2025-01-05,Referral,35-44,Active
USR001717,India,German,2025-04-10,Paid Ads,35-44,Active
USR001718,India,Telugu,2025-04-26,Organic Search,25-34,Active
USR001719,United Kingdom,French,2025-05-26,Organic Search,45-54,Active
USR001720,India,Portuguese,2025-03-19,Organic Search,45-54,Active
USR001721,Germany,Spanish,2025-05-31,Paid Ads,18-24,Inactive
USR001722,United States,Bengali,2025-05-12,Social Media,45-54,Active
USR001723,India,Spanish,2025-06-08,Social Media,35-44,Inactive
USR001724,India,Bengali,2025-06-18,Paid Ads,35-44,Inactive
USR001725,Brazil,English,2025-05-26,Referral,18-24,Inactive
USR001726,Brazil,Telugu,2025-06-26,Paid Ads,25-34,Active
USR001727,India,English,2025-05-15,Partner Bundle,25-34,Active
USR001728,India,Hindi,2025-03-05,Referral,25-34,Inactive
USR001729,United States,English,2025-02-24,Paid Ads,45-54,Active
USR001730,India,Spanish,2025-05-17,Paid Ads,25-34,Active
USR001731,Singapore,Portuguese,2025-02-27,Referral,35-44,Inactive
USR001732,Australia,English,2025-01-16,Paid Ads,25-34,Active
USR001733,Brazil,Spanish,2025-08-03,App Store,45-54,Inactive
USR001734,UAE,Hindi,2025-08-25,App Store,25-34,Active
USR001735,Germany,German,2025-03-01,Organic Search,25-34,Active
USR001736,Australia,Telugu,2025-03-26,Partner Bundle,35-44,Active
USR001737,UAE,Tamil,2025-03-09,App Store,35-44,Active
USR001738,Canada,German,2025-05-16,Partner Bundle,55+,Active
USR001739,India,Spanish,2025-03-04,Organic Search,35-44,Active
USR001740,Canada,Telugu,2025-03-20,Referral,18-24,Active
USR001741,United States,Portuguese,2025-06-10,Social Media,45-54,Active
USR001742,Brazil,Hindi,2025-02-11,Social Media,25-34,Active
USR001743,United States,Tamil,2025-04-25,Social Media,18-24,Active
USR001744,India,German,2025-02-06,Partner Bundle,55+,Active
USR001745,India,Portuguese,2025-02-22,Paid Ads,35-44,Active
USR001746,Singapore,Bengali,2025-02-02,Social Media,45-54,Inactive
USR001747,Brazil,Portuguese,2025-04-17,Social Media,18-24,Inactive
USR001748,Australia,Telugu,2025-04-23,Referral,35-44,Active
USR001749,India,German,2025-01-12,Social Media,35-44,Active
USR001750,India,French,2025-04-09,Organic Search,25-34,Active
USR001751,United States,Bengali,2025-02-01,Social Media,25-34,Active
USR001752,Brazil,Hindi,2025-08-24,Organic Search,25-34,Active
USR001753,UAE,English,2025-06-18,App Store,35-44,Inactive
USR001754,Singapore,Spanish,2025-05-17,App Store,35-44,Active
USR001755,Canada,Telugu,2025-06-21,Partner Bundle,25-34,Active
USR001756,France,English,2025-03-30,Social Media,25-34,Inactive
USR001757,India,German,2025-06-10,Paid Ads,18-24,Inactive
USR001758,India,German,2025-02-27,App Store,55+,Active
USR001759,Singapore,Spanish,2025-04-12,Social Media,35-44,Active
USR001760,India,English,2025-02-19,Paid Ads,55+,Active
USR001761,Australia,German,2025-09-24,Social Media,45-54,Active
USR001762,Canada,Bengali,2025-01-17,Social Media,45-54,Active
USR001763,India,Portuguese,2025-02-08,App Store,18-24,Active
USR001764,India,Tamil,2025-02-27,Paid Ads,35-44,Active
USR001765,India,English,2025-07-29,Paid Ads,25-34,Active
USR001766,Germany,German,2025-04-06,Organic Search,45-54,Active
USR001767,India,Hindi,2025-03-04,Social Media,45-54,Active
USR001768,United States,English,2025-05-29,App Store,18-24,Active
USR001769,Canada,Spanish,2025-08-14,Organic Search,45-54,Active
USR001770,India,German,2025-04-08,Partner Bundle,55+,Active
USR001771,India,Portuguese,2025-02-04,App Store,25-34,Active
USR001772,United States,Telugu,2025-02-09,Organic Search,25-34,Active
USR001773,India,Tamil,2025-06-20,Organic Search,18-24,Inactive
USR001774,Canada,Portuguese,2025-06-08,Organic Search,35-44,Inactive
USR001775,Brazil,Tamil,2025-03-10,Organic Search,45-54,Inactive
USR001776,India,French,2025-03-30,Organic Search,18-24,Active
USR001777,UAE,Telugu,2025-05-12,Organic Search,55+,Inactive
USR001778,United States,Hindi,2025-06-03,Paid Ads,18-24,Active
USR001779,Canada,Hindi,2025-05-20,Partner Bundle,35-44,Inactive
USR001780,France,Tamil,2025-06-15,Social Media,45-54,Inactive
USR001781,United Kingdom,German,2025-03-02,Organic Search,45-54,Inactive
USR001782,India,Tamil,2025-07-14,Partner Bundle,18-24,Active
USR001783,India,Hindi,2025-07-25,Organic Search,55+,Active
USR001784,Germany,Hindi,2025-05-04,Organic Search,25-34,Inactive
USR001785,India,English,2025-04-21,Organic Search,25-34,Active
USR001786,United Kingdom,Hindi,2025-01-24,Organic Search,35-44,Inactive
USR001787,United States,Telugu,2025-03-18,Paid Ads,18-24,Inactive
USR001788,India,Hindi,2025-06-23,Organic Search,35-44,Inactive
USR001789,Germany,Spanish,2025-04-26,Social Media,45-54,Active
USR001790,Australia,Tamil,2025-06-23,Referral,25-34,Active
USR001791,Canada,Tamil,2025-03-14,App Store,18-24,Active
USR001792,United States,Portuguese,2025-07-06,Referral,45-54,Inactive
USR001793,India,Hindi,2025-03-17,Organic Search,25-34,Active
USR001794,United States,Telugu,2025-06-23,Social Media,45-54,Active
USR001795,France,English,2025-05-28,Partner Bundle,55+,Inactive
USR001796,United Kingdom,Tamil,2025-04-05,Organic Search,35-44,Active
USR001797,Brazil,Portuguese,2025-01-12,Social Media,18-24,Active
USR001798,India,Bengali,2025-07-25,App Store,35-44,Active
USR001799,Brazil,Tamil,2025-05-15,App Store,25-34,Active
USR001800,Australia,Tamil,2025-04-13,Social Media,25-34,Active
USR001801,France,Tamil,2025-04-30,Paid Ads,35-44,Active
USR001802,India,Bengali,2025-01-27,Organic Search,25-34,Active
USR001803,United States,Hindi,2025-02-25,Referral,18-24,Inactive
USR001804,Germany,Portuguese,2025-07-08,App Store,18-24,Active
USR001805,Germany,Bengali,2025-07-31,App Store,35-44,Active
USR001806,India,Hindi,2025-02-16,Organic Search,25-34,Inactive
USR001807,India,Bengali,2025-05-06,Referral,25-34,Active
USR001808,Canada,English,2025-04-24,Social Media,18-24,Active
USR001809,Singapore,Tamil,2025-06-11,Referral,55+,Active
USR001810,United States,Tamil,2025-03-23,Organic Search,55+,Active
USR001811,United States,Portuguese,2025-06-09,Partner Bundle,25-34,Active
USR001812,UAE,Portuguese,2025-06-20,Referral,25-34,Active
USR001813,Canada,German,2025-04-26,Organic Search,18-24,Active
USR001814,United States,English,2025-06-17,Paid Ads,25-34,Active
USR001815,India,English,2025-03-02,Organic Search,35-44,Active
USR001816,Australia,Telugu,2025-06-27,Organic Search,25-34,Active
USR001817,United States,French,2025-02-06,Organic Search,25-34,Inactive
USR001818,India,Portuguese,2025-06-25,Organic Search,25-34,Active
USR001819,United Kingdom,Spanish,2025-06-24,Organic Search,55+,Active
USR001820,India,Tamil,2025-05-13,Social Media,25-34,Active
USR001821,India,Portuguese,2025-04-07,Referral,18-24,Active
USR001822,United States,French,2025-03-15,Social Media,35-44,Active
USR001823,Australia,German,2025-06-03,Social Media,35-44,Active
USR001824,India,German,2025-01-26,Paid Ads,18-24,Active
USR001825,India,German,2025-03-10,Organic Search,35-44,Active
USR001826,United States,Hindi,2025-05-28,Paid Ads,18-24,Active
USR001827,India,Hindi,2025-03-14,Partner Bundle,35-44,Active
USR001828,Australia,English,2025-03-28,Referral,18-24,Inactive
USR001829,Brazil,English,2025-05-02,Referral,55+,Active
USR001830,Canada,French,2025-04-19,Paid Ads,25-34,Inactive
USR001831,India,Spanish,2025-02-07,Referral,18-24,Active
USR001832,India,French,2025-03-31,Organic Search,45-54,Inactive
USR001833,India,Tamil,2025-05-05,Referral,45-54,Active
USR001834,India,English,2025-06-21,Referral,35-44,Active
USR001835,India,Bengali,2025-08-04,Partner Bundle,35-44,Active
USR001836,India,Bengali,2025-05-23,Organic Search,25-34,Active
USR001837,UAE,Telugu,2025-01-13,Referral,35-44,Active
USR001838,UAE,French,2025-09-07,Referral,45-54,Active
USR001839,United Kingdom,Bengali,2025-05-26,Referral,25-34,Active
USR001840,India,Portuguese,2025-03-29,Organic Search,18-24,Active
USR001841,Germany,German,2025-04-06,Social Media,55+,Active
USR001842,India,Tamil,2025-05-18,Organic Search,35-44,Active
USR001843,India,Bengali,2025-02-23,Paid Ads,55+,Active
USR001844,India,German,2025-02-18,Paid Ads,25-34,Active
USR001845,United States,French,2025-04-15,Organic Search,25-34,Active
USR001846,United States,Bengali,2025-09-06,App Store,18-24,Active
USR001847,India,Spanish,2025-05-30,Referral,25-34,Active
USR001848,India,Tamil,2025-02-19,Organic Search,18-24,Active
USR001849,France,Portuguese,2025-01-06,Social Media,25-34,Active
USR001850,United States,Tamil,2025-02-16,Organic Search,35-44,Inactive
USR001851,India,Portuguese,2025-05-07,Referral,45-54,Active
USR001852,United States,Bengali,2025-03-21,Referral,18-24,Active
USR001853,India,Portuguese,2025-06-25,Partner Bundle,18-24,Active
USR001854,United Kingdom,Portuguese,2025-02-25,Organic Search,25-34,Active
USR001855,India,Bengali,2025-04-10,Social Media,25-34,Active
USR001856,United Kingdom,Portuguese,2025-07-18,Organic Search,45-54,Inactive
USR001857,United Kingdom,Telugu,2025-02-24,Social Media,25-34,Inactive
USR001858,Germany,Telugu,2025-03-14,Organic Search,18-24,Active
USR001859,India,French,2025-04-04,Social Media,45-54,Active
USR001860,United States,English,2025-04-28,Referral,45-54,Inactive
USR001861,Brazil,Telugu,2025-04-15,Paid Ads,45-54,Active
USR001862,Australia,Bengali,2025-01-25,Organic Search,25-34,Active
USR001863,Brazil,Portuguese,2025-02-21,Referral,45-54,Active
USR001864,Singapore,English,2025-03-25,Paid Ads,25-34,Active
USR001865,United Kingdom,Portuguese,2025-03-22,Organic Search,45-54,Inactive
USR001866,India,Telugu,2025-07-03,Social Media,25-34,Active
USR001867,Germany,Telugu,2025-08-03,Organic Search,25-34,Active
USR001868,Australia,Spanish,2025-07-07,Organic Search,45-54,Active
USR001869,United Kingdom,English,2025-02-18,Paid Ads,18-24,Inactive
USR001870,Australia,Telugu,2025-07-26,Organic Search,25-34,Active
USR001871,United Kingdom,Bengali,2025-05-02,Social Media,35-44,Active
USR001872,United States,Tamil,2025-03-26,Organic Search,45-54,Inactive
USR001873,United States,Telugu,2025-04-10,Organic Search,18-24,Inactive
USR001874,India,Portuguese,2025-05-28,Paid Ads,25-34,Active
USR001875,UAE,Bengali,2025-07-18,Paid Ads,25-34,Inactive
USR001876,UAE,German,2025-06-06,Referral,55+,Inactive
USR001877,United Kingdom,French,2025-01-11,Paid Ads,35-44,Active
USR001878,India,French,2025-08-03,App Store,18-24,Active
USR001879,India,French,2025-01-22,Referral,35-44,Active
USR001880,India,Hindi,2025-05-17,Partner Bundle,18-24,Active
USR001881,India,Telugu,2025-06-16,Organic Search,35-44,Active
USR001882,United States,Bengali,2025-06-09,App Store,25-34,Active
USR001883,India,Telugu,2025-02-05,Referral,35-44,Active
USR001884,India,Bengali,2025-06-28,App Store,45-54,Active
USR001885,Australia,Portuguese,2025-05-04,Paid Ads,45-54,Active
USR001886,Brazil,Bengali,2025-03-23,Organic Search,45-54,Active
USR001887,India,German,2025-03-03,App Store,25-34,Inactive
USR001888,United States,French,2025-05-19,Social Media,35-44,Active
USR001889,Brazil,German,2025-06-02,Social Media,25-34,Active
USR001890,Singapore,English,2025-02-08,Organic Search,25-34,Active
USR001891,United States,German,2025-05-15,Paid Ads,35-44,Inactive
USR001892,India,Tamil,2025-06-20,Referral,25-34,Active
USR001893,India,Portuguese,2025-02-01,Partner Bundle,45-54,Inactive
USR001894,India,Portuguese,2025-06-11,Social Media,25-34,Inactive
USR001895,United States,Spanish,2025-06-30,Referral,18-24,Active
USR001896,United States,Bengali,2025-03-22,Social Media,25-34,Inactive
USR001897,Australia,Bengali,2025-08-21,App Store,18-24,Active
USR001898,India,Portuguese,2025-06-23,Referral,55+,Active
USR001899,Australia,English,2025-03-07,Social Media,18-24,Inactive
USR001900,India,German,2025-02-27,Partner Bundle,35-44,Active
USR001901,United Kingdom,German,2025-02-19,Social Media,25-34,Active
USR001902,Canada,Telugu,2025-07-09,Referral,35-44,Active
USR001903,Canada,Bengali,2025-07-18,Referral,35-44,Active
USR001904,India,Telugu,2025-04-12,Organic Search,45-54,Inactive
USR001905,India,Tamil,2025-02-27,Referral,25-34,Active
USR001906,India,French,2025-04-26,Social Media,18-24,Active
USR001907,United Kingdom,Portuguese,2025-06-11,Paid Ads,45-54,Inactive
USR001908,India,Hindi,2025-06-04,Paid Ads,55+,Inactive
USR001909,United States,Tamil,2025-10-14,Paid Ads,25-34,Active
USR001910,India,Tamil,2025-06-10,Social Media,55+,Active
USR001911,India,French,2025-01-31,Organic Search,25-34,Inactive
USR001912,Canada,Spanish,2025-05-01,Social Media,35-44,Inactive
USR001913,United States,Spanish,2025-06-07,Referral,35-44,Active
USR001914,India,Hindi,2025-03-18,Organic Search,55+,Active
USR001915,United Kingdom,Spanish,2025-05-04,Referral,18-24,Active
USR001916,Australia,French,2025-01-19,Social Media,25-34,Active
USR001917,India,French,2025-03-28,Referral,35-44,Active
USR001918,India,Telugu,2025-03-06,Social Media,25-34,Active
USR001919,Canada,French,2025-03-08,Referral,35-44,Inactive
USR001920,Brazil,Portuguese,2025-04-26,App Store,35-44,Active
USR001921,India,Bengali,2025-05-29,App Store,45-54,Active
USR001922,Canada,English,2025-01-23,Referral,25-34,Active
USR001923,UAE,English,2025-09-01,Paid Ads,18-24,Active
USR001924,United States,Tamil,2025-06-17,Partner Bundle,35-44,Active
USR001925,India,French,2025-08-01,Referral,35-44,Active
USR001926,Canada,Tamil,2025-03-06,Referral,25-34,Inactive
USR001927,India,Portuguese,2025-07-10,App Store,35-44,Active
USR001928,United States,German,2025-06-02,Paid Ads,45-54,Inactive
USR001929,India,Bengali,2025-04-05,Social Media,35-44,Active
USR001930,India,Hindi,2025-03-16,Social Media,35-44,Active
USR001931,India,Bengali,2025-02-19,Referral,35-44,Active
USR001932,Australia,Bengali,2025-06-03,Organic Search,35-44,Inactive
USR001933,Brazil,Hindi,2025-03-28,Paid Ads,35-44,Active
USR001934,United States,Telugu,2025-09-26,Referral,18-24,Active
USR001935,India,Bengali,2025-04-25,Referral,35-44,Inactive
USR001936,Australia,Telugu,2025-01-15,App Store,45-54,Inactive
USR001937,United Kingdom,Tamil,2025-04-11,Social Media,18-24,Active
USR001938,Australia,Spanish,2025-03-20,Referral,25-34,Inactive
USR001939,Canada,Spanish,2025-03-31,Referral,25-34,Active
USR001940,UAE,Bengali,2025-08-21,Social Media,25-34,Active
USR001941,India,French,2025-06-02,Organic Search,35-44,Active
USR001942,India,Bengali,2025-05-14,Referral,18-24,Active
USR001943,United States,Tamil,2025-04-28,Organic Search,45-54,Active
USR001944,United States,Spanish,2025-03-15,App Store,18-24,Active
USR001945,Singapore,Hindi,2025-06-18,Partner Bundle,55+,Active
USR001946,UAE,English,2025-03-14,Organic Search,18-24,Active
USR001947,UAE,French,2025-06-23,Referral,25-34,Inactive
USR001948,India,Bengali,2025-02-16,Organic Search,18-24,Active
USR001949,Australia,French,2025-05-19,Organic Search,45-54,Active
USR001950,United States,Bengali,2025-02-16,Paid Ads,45-54,Active
USR001951,Singapore,Bengali,2025-06-13,Organic Search,25-34,Active
USR001952,India,English,2025-07-23,Paid Ads,18-24,Active
USR001953,India,Tamil,2025-04-18,Social Media,25-34,Active
USR001954,France,Bengali,2025-05-19,Referral,18-24,Active
USR001955,Australia,Bengali,2025-07-16,Organic Search,25-34,Active
USR001956,France,English,2025-06-23,Referral,18-24,Active
USR001957,India,Bengali,2025-03-04,Social Media,45-54,Active
USR001958,UAE,Portuguese,2025-03-31,Organic Search,45-54,Inactive
USR001959,Canada,Tamil,2025-07-29,Organic Search,35-44,Active
USR001960,Canada,Telugu,2025-04-09,Partner Bundle,45-54,Active
USR001961,United Kingdom,Tamil,2025-05-21,Social Media,25-34,Inactive
USR001962,Germany,German,2025-03-24,App Store,18-24,Active
USR001963,United States,English,2025-04-19,Social Media,25-34,Active
USR001964,India,Hindi,2025-08-09,Paid Ads,18-24,Inactive
USR001965,United Kingdom,Hindi,2025-03-21,App Store,45-54,Inactive
USR001966,Australia,Portuguese,2025-04-18,Paid Ads,35-44,Active
USR001967,India,Tamil,2025-04-03,Organic Search,25-34,Active
USR001968,India,Spanish,2025-07-01,Organic Search,35-44,Active
USR001969,Australia,Spanish,2025-05-17,App Store,25-34,Inactive
USR001970,India,Hindi,2025-03-13,Referral,18-24,Active
USR001971,India,Telugu,2025-01-27,Referral,25-34,Active
USR001972,UAE,English,2025-04-27,Organic Search,35-44,Active
USR001973,India,English,2025-06-11,Referral,35-44,Inactive
USR001974,United States,Spanish,2025-04-10,Social Media,25-34,Inactive
USR001975,United States,English,2025-05-21,Paid Ads,35-44,Active
USR001976,United States,Spanish,2025-04-18,Organic Search,35-44,Inactive
USR001977,United States,Portuguese,2025-06-04,Paid Ads,25-34,Active
USR001978,Singapore,Telugu,2025-06-22,Paid Ads,35-44,Active
USR001979,Canada,Portuguese,2025-01-22,Referral,25-34,Active
USR001980,United States,Telugu,2025-03-25,Social Media,25-34,Active
USR001981,United States,Portuguese,2025-04-04,Social Media,45-54,Active
USR001982,United States,Spanish,2025-04-08,Referral,45-54,Active
USR001983,India,Telugu,2025-02-25,Referral,25-34,Active
USR001984,Singapore,Tamil,2025-05-12,Social Media,35-44,Active
USR001985,India,Hindi,2025-03-07,Social Media,35-44,Active
USR001986,Australia,Tamil,2025-04-22,App Store,35-44,Inactive
USR001987,Germany,Spanish,2025-04-05,Social Media,25-34,Active
USR001988,France,Hindi,2025-02-16,Paid Ads,25-34,Active
USR001989,India,German,2025-03-24,Partner Bundle,45-54,Active
USR001990,United Kingdom,German,2025-06-02,Paid Ads,35-44,Active
USR001991,India,Hindi,2025-03-11,Social Media,45-54,Inactive
USR001992,Germany,Spanish,2025-05-13,Social Media,45-54,Active
USR001993,United States,Bengali,2025-04-19,App Store,35-44,Active
USR001994,India,German,2025-01-22,Referral,35-44,Active
USR001995,Australia,Bengali,2025-01-25,Referral,45-54,Active
USR001996,India,French,2025-02-17,Referral,35-44,Active
USR001997,India,French,2025-02-09,Referral,25-34,Active
USR001998,United States,Tamil,2025-09-26,Partner Bundle,25-34,Inactive
USR001999,India,German,2025-06-02,Partner Bundle,55+,Active
USR002000,Brazil,German,2025-03-31,Organic Search,35-44,Active
USR002001,United States,Portuguese,2025-04-02,Referral,35-44,Active
USR002002,United Kingdom,Tamil,2025-03-22,Referral,18-24,Active
USR002003,Singapore,Spanish,2025-06-10,Partner Bundle,35-44,Active
USR002004,United States,French,2025-03-19,Organic Search,25-34,Inactive
USR002005,United States,Portuguese,2025-04-07,App Store,25-34,Active
USR002006,India,Tamil,2025-06-04,Paid Ads,35-44,Active
USR002007,Singapore,Bengali,2025-03-24,Paid Ads,18-24,Active
USR002008,Germany,Telugu,2025-01-29,Social Media,45-54,Active
USR002009,India,English,2025-07-21,Paid Ads,25-34,Active
USR002010,India,English,2025-05-02,Social Media,35-44,Active
USR002011,Singapore,Telugu,2025-05-28,Paid Ads,25-34,Inactive
USR002012,United Kingdom,Hindi,2025-05-31,App Store,35-44,Active
USR002013,United Kingdom,Portuguese,2025-06-11,App Store,25-34,Active
USR002014,Canada,Portuguese,2025-02-20,Referral,25-34,Inactive
USR002015,Germany,Hindi,2025-02-06,Social Media,25-34,Inactive
USR002016,Singapore,Portuguese,2025-07-22,Organic Search,35-44,Active
USR002017,Germany,Portuguese,2025-05-01,Organic Search,45-54,Active
USR002018,Singapore,Tamil,2025-01-03,Organic Search,35-44,Active
USR002019,France,German,2025-05-08,Social Media,18-24,Active
USR002020,India,Hindi,2025-02-11,Organic Search,25-34,Active
USR002021,India,Tamil,2025-03-10,Organic Search,25-34,Active
USR002022,UAE,Portuguese,2025-04-16,Organic Search,25-34,Inactive
USR002023,India,Spanish,2025-03-19,Referral,25-34,Active
USR002024,Germany,Spanish,2025-08-03,Referral,18-24,Active
USR002025,France,French,2025-02-02,Paid Ads,18-24,Active
USR002026,United States,French,2025-05-23,Referral,35-44,Inactive
USR002027,United States,English,2025-04-14,Paid Ads,25-34,Active
USR002028,India,Hindi,2025-02-14,App Store,25-34,Active
USR002029,India,Tamil,2025-06-15,Social Media,35-44,Active
USR002030,Australia,German,2025-05-02,Paid Ads,25-34,Active
USR002031,India,French,2025-02-01,Paid Ads,55+,Inactive
USR002032,Singapore,Portuguese,2025-05-26,Paid Ads,25-34,Active
USR002033,India,Hindi,2025-03-18,Referral,18-24,Active
USR002034,Germany,Bengali,2025-07-19,Paid Ads,25-34,Active
USR002035,India,French,2025-06-02,App Store,25-34,Active
USR002036,United Kingdom,Portuguese,2025-05-01,Social Media,45-54,Active
USR002037,United States,French,2025-04-12,Paid Ads,18-24,Inactive
USR002038,India,Hindi,2025-07-26,Organic Search,25-34,Inactive
USR002039,Canada,Tamil,2025-03-31,Paid Ads,45-54,Active
USR002040,Singapore,Portuguese,2025-01-15,App Store,35-44,Inactive
USR002041,India,Telugu,2025-04-25,Paid Ads,18-24,Active
USR002042,India,English,2025-05-19,Referral,25-34,Inactive
USR002043,Australia,Portuguese,2025-03-12,Organic Search,25-34,Active
USR002044,UAE,Tamil,2025-03-20,App Store,55+,Inactive
USR002045,India,Portuguese,2025-04-16,App Store,55+,Active
USR002046,India,Hindi,2025-01-18,Paid Ads,45-54,Active
USR002047,India,Telugu,2025-06-29,App Store,18-24,Active
USR002048,India,Bengali,2025-04-18,Referral,45-54,Active
USR002049,India,Bengali,2025-08-23,Partner Bundle,25-34,Active
USR002050,United States,German,2025-06-25,App Store,35-44,Active
USR002051,United States,Telugu,2025-04-07,Organic Search,25-34,Active
USR002052,United States,Telugu,2025-02-26,Social Media,25-34,Active
USR002053,India,Spanish,2025-05-19,Organic Search,25-34,Active
USR002054,United States,Hindi,2025-06-22,Organic Search,25-34,Active
USR002055,India,German,2025-02-13,Referral,25-34,Active
USR002056,India,French,2025-02-12,Social Media,45-54,Active
USR002057,United States,Bengali,2025-07-13,Partner Bundle,25-34,Inactive
USR002058,India,German,2025-05-14,Organic Search,55+,Inactive
USR002059,France,Portuguese,2025-04-26,Organic Search,25-34,Active
USR002060,India,Telugu,2025-04-03,Partner Bundle,25-34,Active
USR002061,Germany,English,2025-06-28,Organic Search,45-54,Active
USR002062,United States,Hindi,2025-03-07,Organic Search,25-34,Inactive
USR002063,United States,Bengali,2025-03-08,Social Media,18-24,Active
USR002064,Canada,Bengali,2025-02-22,Organic Search,45-54,Active
USR002065,India,Hindi,2025-02-27,Organic Search,55+,Active
USR002066,India,Telugu,2025-03-31,Referral,35-44,Active
USR002067,India,Bengali,2025-10-11,Organic Search,55+,Active
USR002068,United States,French,2025-05-03,App Store,35-44,Active
USR002069,United States,Spanish,2025-05-24,Social Media,35-44,Active
USR002070,Canada,Portuguese,2025-02-24,Organic Search,45-54,Active
USR002071,India,Hindi,2025-05-20,Paid Ads,18-24,Active
USR002072,Brazil,Spanish,2025-04-10,App Store,25-34,Active
USR002073,India,Bengali,2025-03-23,Organic Search,25-34,Active
USR002074,India,Hindi,2025-07-05,Organic Search,35-44,Inactive
USR002075,UAE,German,2025-06-25,Referral,25-34,Active
USR002076,India,Bengali,2025-03-17,Referral,25-34,Active
USR002077,Brazil,Telugu,2025-05-15,Organic Search,45-54,Active
USR002078,India,French,2025-07-23,Social Media,55+,Active
USR002079,India,Portuguese,2025-08-20,Partner Bundle,25-34,Active
USR002080,India,Hindi,2025-05-13,App Store,35-44,Active
USR002081,United States,Telugu,2025-06-25,Social Media,35-44,Active
USR002082,United States,Telugu,2025-05-25,Organic Search,45-54,Active
USR002083,India,Telugu,2025-04-27,Referral,25-34,Inactive
USR002084,India,Telugu,2025-03-15,Organic Search,45-54,Active
USR002085,India,German,2025-05-19,Organic Search,25-34,Active
USR002086,India,English,2025-04-09,Organic Search,25-34,Active
USR002087,Singapore,French,2025-05-28,Organic Search,55+,Active
USR002088,United States,German,2025-03-07,Organic Search,25-34,Active
USR002089,Germany,French,2025-05-19,Paid Ads,18-24,Active
USR002090,India,Telugu,2025-03-05,Referral,35-44,Active
USR002091,India,Hindi,2025-02-23,App Store,25-34,Active
USR002092,United Kingdom,Hindi,2025-07-29,Paid Ads,35-44,Active
USR002093,France,Hindi,2025-05-16,Referral,18-24,Inactive
USR002094,UAE,Spanish,2025-02-17,Social Media,35-44,Active
USR002095,United Kingdom,German,2025-04-29,App Store,25-34,Inactive
USR002096,India,Portuguese,2025-05-13,Organic Search,18-24,Active
USR002097,India,Spanish,2025-05-20,Paid Ads,18-24,Active
USR002098,Canada,Tamil,2025-06-27,Organic Search,55+,Active
USR002099,India,Tamil,2025-04-29,Referral,25-34,Active
USR002100,France,Tamil,2025-03-08,Partner Bundle,35-44,Active
USR002101,United Kingdom,German,2025-02-19,Organic Search,25-34,Active
USR002102,France,Hindi,2025-04-27,Organic Search,25-34,Active
USR002103,United Kingdom,English,2025-06-02,Social Media,35-44,Active
USR002104,Germany,German,2025-03-26,Referral,35-44,Active
USR002105,India,Bengali,2025-03-13,Paid Ads,45-54,Active
USR002106,United States,German,2025-03-09,Organic Search,25-34,Active
USR002107,India,Spanish,2025-03-17,Organic Search,25-34,Active
USR002108,United Kingdom,Spanish,2025-04-18,Social Media,35-44,Active
USR002109,United Kingdom,Hindi,2025-04-03,Organic Search,25-34,Active
USR002110,Germany,Telugu,2025-02-09,Partner Bundle,25-34,Active
USR002111,Australia,Hindi,2025-07-13,Referral,18-24,Inactive
USR002112,Canada,Tamil,2025-07-06,Social Media,25-34,Active
USR002113,India,Bengali,2025-03-19,Partner Bundle,25-34,Active
USR002114,UAE,Bengali,2025-04-22,Paid Ads,45-54,Active
USR002115,India,Hindi,2025-02-20,Referral,45-54,Inactive
USR002116,Germany,Tamil,2025-03-21,Organic Search,25-34,Active
USR002117,United States,Spanish,2025-01-07,Organic Search,25-34,Inactive
USR002118,France,Portuguese,2025-03-23,Social Media,25-34,Inactive
USR002119,United States,Spanish,2025-05-19,Paid Ads,25-34,Active
USR002120,Canada,English,2025-03-31,App Store,45-54,Active
USR002121,United States,Portuguese,2025-04-05,Organic Search,45-54,Active
USR002122,Australia,Bengali,2025-06-19,App Store,35-44,Active
USR002123,India,Hindi,2025-05-02,Social Media,35-44,Active
USR002124,Australia,Spanish,2025-03-03,Organic Search,35-44,Active
USR002125,India,Telugu,2025-06-02,Organic Search,18-24,Active
USR002126,Australia,Tamil,2025-03-29,Referral,35-44,Active
USR002127,India,Bengali,2025-08-14,Paid Ads,25-34,Active
USR002128,India,German,2025-04-07,Referral,25-34,Inactive
USR002129,France,German,2025-02-15,Referral,35-44,Active
USR002130,France,Hindi,2025-03-13,Organic Search,45-54,Active
USR002131,Australia,Tamil,2025-04-05,Referral,55+,Inactive
USR002132,Singapore,German,2025-07-05,Paid Ads,35-44,Active
USR002133,India,Portuguese,2025-03-21,Organic Search,35-44,Inactive
USR002134,India,Spanish,2025-02-10,Partner Bundle,35-44,Active
USR002135,India,German,2025-02-21,Organic Search,35-44,Active
USR002136,India,Spanish,2025-01-29,Paid Ads,25-34,Active
USR002137,India,Portuguese,2025-05-10,Referral,18-24,Inactive
USR002138,Australia,Portuguese,2025-03-27,App Store,25-34,Inactive
USR002139,India,Telugu,2025-05-28,Social Media,25-34,Active
USR002140,India,English,2025-06-11,Referral,35-44,Active
USR002141,United Kingdom,Portuguese,2025-04-04,Referral,35-44,Active
USR002142,India,Portuguese,2025-06-30,App Store,35-44,Inactive
USR002143,United States,German,2025-01-22,App Store,25-34,Inactive
USR002144,India,Hindi,2025-05-24,Social Media,25-34,Inactive
USR002145,Brazil,English,2025-06-30,Partner Bundle,25-34,Active
USR002146,India,Hindi,2025-04-09,Paid Ads,18-24,Active
USR002147,France,French,2025-03-15,Organic Search,18-24,Active
USR002148,United Kingdom,French,2025-07-26,Organic Search,18-24,Inactive
USR002149,India,English,2025-02-25,App Store,18-24,Active
USR002150,India,Bengali,2025-04-22,Paid Ads,35-44,Active
USR002151,Australia,Bengali,2025-03-08,Organic Search,55+,Active
USR002152,Brazil,Bengali,2025-03-09,Organic Search,18-24,Active
USR002153,India,German,2025-02-13,Organic Search,45-54,Active
USR002154,India,Hindi,2025-07-23,Social Media,35-44,Active
USR002155,United States,French,2025-02-26,Partner Bundle,45-54,Active
USR002156,United States,English,2025-03-14,Social Media,55+,Inactive
USR002157,Germany,English,2025-05-23,Paid Ads,45-54,Active
USR002158,United States,Spanish,2025-04-14,Organic Search,45-54,Active
USR002159,India,French,2025-03-13,Referral,18-24,Active
USR002160,Singapore,Spanish,2025-03-10,Social Media,25-34,Active
USR002161,United States,Spanish,2025-04-19,Organic Search,35-44,Inactive
USR002162,Canada,Bengali,2025-03-12,App Store,18-24,Inactive
USR002163,Canada,French,2025-05-30,App Store,25-34,Active
USR002164,India,Spanish,2025-05-25,Social Media,18-24,Active
USR002165,India,Portuguese,2025-04-28,Paid Ads,35-44,Active
USR002166,India,English,2025-05-10,Social Media,25-34,Inactive
USR002167,Brazil,Bengali,2025-03-20,Organic Search,35-44,Active
USR002168,Germany,German,2025-04-13,Social Media,25-34,Active
USR002169,India,Bengali,2025-03-18,Referral,18-24,Active
USR002170,United Kingdom,Spanish,2025-07-21,Social Media,45-54,Active
USR002171,United Kingdom,Tamil,2025-02-18,Partner Bundle,35-44,Active
USR002172,India,Telugu,2025-04-04,Referral,35-44,Inactive
USR002173,United States,Bengali,2025-04-14,Social Media,25-34,Inactive
USR002174,Australia,Telugu,2025-04-16,Paid Ads,18-24,Active
USR002175,India,Telugu,2025-07-08,Social Media,55+,Active
USR002176,France,Hindi,2025-03-27,Organic Search,25-34,Active
USR002177,Canada,Spanish,2025-04-18,Organic Search,25-34,Active
USR002178,India,Tamil,2025-05-21,Social Media,45-54,Active
USR002179,France,Spanish,2025-05-08,Organic Search,25-34,Inactive
USR002180,India,Portuguese,2025-05-09,Social Media,35-44,Inactive
USR002181,UAE,Portuguese,2025-03-07,Paid Ads,25-34,Active
USR002182,India,Tamil,2025-02-12,Social Media,55+,Active
USR002183,Australia,English,2025-03-19,Referral,25-34,Active
USR002184,Germany,English,2025-05-29,Partner Bundle,25-34,Active
USR002185,India,French,2025-04-24,Paid Ads,18-24,Active
USR002186,United States,Bengali,2025-04-14,Referral,35-44,Active
USR002187,United States,Spanish,2025-03-26,App Store,35-44,Active
USR002188,United Kingdom,French,2025-08-12,Social Media,55+,Active
USR002189,India,Tamil,2025-08-01,Organic Search,18-24,Active
USR002190,Brazil,Portuguese,2025-04-10,Paid Ads,25-34,Active
USR002191,Australia,French,2025-02-04,Organic Search,25-34,Active
USR002192,India,Spanish,2025-10-01,Social Media,35-44,Inactive
USR002193,Canada,Portuguese,2025-10-16,Social Media,18-24,Active
USR002194,United States,Telugu,2025-07-09,Partner Bundle,55+,Inactive
USR002195,UAE,Portuguese,2025-03-30,Social Media,35-44,Inactive
USR002196,India,Tamil,2025-08-04,Paid Ads,25-34,Active
USR002197,India,French,2025-06-17,Organic Search,25-34,Active
USR002198,India,German,2025-04-11,Partner Bundle,25-34,Active
USR002199,Brazil,Hindi,2025-05-04,Organic Search,35-44,Inactive
USR002200,United States,Spanish,2025-02-15,Partner Bundle,35-44,Active
USR002201,India,German,2025-06-25,Social Media,25-34,Active
USR002202,United States,Spanish,2025-06-09,Social Media,25-34,Active
USR002203,India,Spanish,2025-04-07,Paid Ads,18-24,Inactive
USR002204,India,Portuguese,2025-02-08,Organic Search,45-54,Active
USR002205,United Kingdom,French,2025-03-10,Referral,35-44,Inactive
USR002206,India,French,2025-02-21,Organic Search,35-44,Inactive
USR002207,United States,English,2025-06-03,Organic Search,25-34,Active
USR002208,United States,Telugu,2025-04-10,App Store,35-44,Inactive
USR002209,United Kingdom,Portuguese,2025-06-18,Partner Bundle,45-54,Active
USR002210,India,Bengali,2025-01-29,Partner Bundle,25-34,Inactive
USR002211,United Kingdom,Hindi,2025-06-08,App Store,18-24,Active
USR002212,India,Tamil,2025-05-02,Partner Bundle,25-34,Inactive
USR002213,United States,German,2025-05-28,Partner Bundle,45-54,Active
USR002214,India,Bengali,2025-02-28,Organic Search,35-44,Active
USR002215,United States,English,2025-04-09,Organic Search,45-54,Active
USR002216,United States,Portuguese,2025-03-30,Organic Search,25-34,Active
USR002217,Canada,Portuguese,2025-06-19,Organic Search,25-34,Active
USR002218,Canada,Telugu,2025-02-04,App Store,18-24,Active
USR002219,United States,Bengali,2025-02-14,Partner Bundle,25-34,Active
USR002220,India,Portuguese,2025-02-15,Social Media,25-34,Active
USR002221,United Kingdom,German,2025-02-11,Organic Search,18-24,Active
USR002222,Brazil,Hindi,2025-02-14,Social Media,35-44,Active
USR002223,India,English,2025-04-09,Paid Ads,55+,Active
USR002224,India,German,2025-05-04,Partner Bundle,18-24,Inactive
USR002225,India,Bengali,2025-02-07,Social Media,25-34,Inactive
USR002226,United States,French,2025-04-08,Social Media,25-34,Active
USR002227,India,French,2025-04-29,Paid Ads,18-24,Active
USR002228,France,French,2025-06-08,Organic Search,25-34,Active
USR002229,United States,Bengali,2025-01-20,Paid Ads,25-34,Active
USR002230,India,Telugu,2025-05-09,Social Media,55+,Active
USR002231,Brazil,English,2025-04-30,Partner Bundle,35-44,Active
USR002232,India,Tamil,2025-04-08,Partner Bundle,18-24,Active
USR002233,India,French,2025-03-07,Paid Ads,35-44,Active
USR002234,India,Hindi,2025-02-11,Paid Ads,45-54,Active
USR002235,India,Spanish,2025-01-30,Organic Search,45-54,Active
USR002236,Germany,French,2025-05-31,Social Media,45-54,Inactive
USR002237,India,Telugu,2025-02-04,App Store,45-54,Inactive
USR002238,Australia,English,2025-02-13,Social Media,25-34,Active
USR002239,Germany,English,2025-05-01,Social Media,35-44,Active
USR002240,India,Spanish,2025-01-12,App Store,18-24,Active
USR002241,United States,Hindi,2025-04-29,Social Media,25-34,Active
USR002242,United States,Spanish,2025-03-17,App Store,25-34,Inactive
USR002243,UAE,Spanish,2025-05-12,Organic Search,25-34,Active
USR002244,India,English,2025-03-02,Paid Ads,25-34,Active
USR002245,India,Tamil,2025-04-01,Organic Search,45-54,Active
USR002246,UAE,Bengali,2025-05-07,App Store,35-44,Active
USR002247,India,German,2025-07-14,Referral,35-44,Active
USR002248,India,English,2025-03-12,Referral,35-44,Active
USR002249,United Kingdom,Telugu,2025-03-06,Social Media,25-34,Inactive
USR002250,India,Portuguese,2025-02-13,Partner Bundle,25-34,Inactive
USR002251,United States,Telugu,2025-04-05,Referral,45-54,Active
USR002252,France,Portuguese,2025-06-12,Organic Search,35-44,Active
USR002253,United Kingdom,Portuguese,2025-05-22,App Store,45-54,Active
USR002254,United States,Hindi,2025-05-22,Partner Bundle,25-34,Active
USR002255,India,Bengali,2025-06-10,Organic Search,35-44,Active
USR002256,Germany,Telugu,2025-03-11,Referral,25-34,Active
USR002257,Australia,Telugu,2025-01-07,Referral,45-54,Active
USR002258,India,Hindi,2025-03-08,Referral,25-34,Inactive
USR002259,India,English,2025-06-02,Referral,25-34,Inactive
USR002260,Germany,French,2025-02-20,Organic Search,35-44,Active
USR002261,United States,Telugu,2025-06-05,Social Media,35-44,Active
USR002262,United States,Tamil,2025-04-08,Partner Bundle,18-24,Active
USR002263,United States,Hindi,2025-04-20,Organic Search,18-24,Inactive
USR002264,India,Telugu,2025-06-04,Paid Ads,25-34,Inactive
USR002265,United States,Portuguese,2025-03-19,Partner Bundle,55+,Inactive
USR002266,Germany,Hindi,2025-07-27,Organic Search,45-54,Active
USR002267,United States,German,2025-04-14,App Store,35-44,Inactive
USR002268,United States,Hindi,2025-08-02,Organic Search,55+,Active
USR002269,India,English,2025-04-23,Organic Search,35-44,Active
USR002270,India,Telugu,2025-03-10,Referral,35-44,Active
USR002271,India,Hindi,2025-05-31,Paid Ads,45-54,Active
USR002272,India,Tamil,2025-04-26,Organic Search,25-34,Active
USR002273,United States,Telugu,2025-02-05,Organic Search,18-24,Active
USR002274,United States,English,2025-07-16,Referral,35-44,Active
USR002275,India,Portuguese,2025-05-09,Organic Search,18-24,Active
USR002276,Brazil,Tamil,2025-07-18,Organic Search,25-34,Active
USR002277,United States,Hindi,2025-04-26,Paid Ads,45-54,Inactive
USR002278,Germany,English,2025-02-27,Referral,35-44,Active
USR002279,India,English,2025-05-01,Partner Bundle,25-34,Inactive
USR002280,India,Hindi,2025-05-04,Social Media,18-24,Active
USR002281,United Kingdom,Portuguese,2025-03-09,Organic Search,25-34,Active
USR002282,India,Hindi,2025-03-19,Paid Ads,25-34,Active
USR002283,India,English,2025-04-06,Partner Bundle,35-44,Active
USR002284,India,French,2025-07-18,Referral,55+,Active
USR002285,India,Portuguese,2025-01-21,Social Media,35-44,Active
USR002286,United Kingdom,Bengali,2025-03-29,Partner Bundle,18-24,Active
USR002287,Canada,Telugu,2025-07-09,Referral,25-34,Inactive
USR002288,India,Bengali,2025-02-06,Organic Search,25-34,Active
USR002289,India,Hindi,2025-10-16,Partner Bundle,35-44,Active
USR002290,France,German,2025-06-08,Organic Search,18-24,Active
USR002291,India,Telugu,2025-02-15,Partner Bundle,25-34,Active
USR002292,Canada,English,2025-04-22,Referral,55+,Active
USR002293,Singapore,Tamil,2025-03-05,Referral,35-44,Active
USR002294,India,Telugu,2025-03-03,Social Media,35-44,Active
USR002295,India,Bengali,2025-04-28,Organic Search,35-44,Active
USR002296,Brazil,German,2025-01-16,Organic Search,35-44,Active
USR002297,India,Bengali,2025-01-21,Social Media,25-34,Active
USR002298,India,English,2025-04-30,Social Media,45-54,Active
USR002299,United States,French,2025-03-16,Organic Search,35-44,Active
USR002300,India,Tamil,2025-05-13,Referral,25-34,Inactive
USR002301,Brazil,French,2025-04-14,Referral,55+,Active
USR002302,India,German,2025-03-01,Organic Search,55+,Active
USR002303,United States,Hindi,2025-05-23,Referral,25-34,Active
USR002304,United Kingdom,Telugu,2025-04-29,Organic Search,35-44,Active
USR002305,United States,Portuguese,2025-09-29,Partner Bundle,35-44,Active
USR002306,United Kingdom,Telugu,2025-03-15,Organic Search,35-44,Inactive
USR002307,Brazil,English,2025-02-10,Paid Ads,25-34,Active
USR002308,UAE,Hindi,2025-06-22,Organic Search,25-34,Active
USR002309,India,Bengali,2025-04-04,Referral,35-44,Inactive
USR002310,United Kingdom,English,2025-02-16,Partner Bundle,55+,Active
USR002311,India,Hindi,2025-04-30,App Store,35-44,Inactive
USR002312,United States,German,2025-04-29,App Store,35-44,Active
USR002313,India,Tamil,2025-04-11,App Store,45-54,Active
USR002314,Australia,English,2025-05-18,App Store,35-44,Active
USR002315,India,English,2025-03-12,Paid Ads,35-44,Active
USR002316,Australia,Hindi,2025-06-21,Partner Bundle,25-34,Active
USR002317,India,Spanish,2025-05-10,Social Media,25-34,Inactive
USR002318,Singapore,Portuguese,2025-02-10,Referral,25-34,Active
USR002319,United States,Spanish,2025-05-22,Paid Ads,18-24,Active
USR002320,France,Bengali,2025-03-20,Organic Search,45-54,Inactive
USR002321,Canada,Tamil,2025-10-07,Referral,25-34,Active
USR002322,Brazil,German,2025-03-12,Organic Search,25-34,Inactive
USR002323,Australia,Portuguese,2025-02-13,Referral,35-44,Active
USR002324,Australia,Bengali,2025-03-06,Organic Search,25-34,Active
USR002325,India,Spanish,2025-04-01,Referral,25-34,Active
USR002326,United States,Telugu,2025-03-28,Referral,55+,Active
USR002327,India,French,2025-05-18,Organic Search,45-54,Active
USR002328,India,Bengali,2025-01-29,Social Media,18-24,Active
USR002329,Australia,Telugu,2025-02-21,Paid Ads,25-34,Active
USR002330,India,Spanish,2025-04-15,Referral,25-34,Active
USR002331,United States,Telugu,2025-02-04,Social Media,25-34,Active
USR002332,India,Tamil,2025-06-01,Social Media,25-34,Active
USR002333,India,Tamil,2025-02-23,Organic Search,25-34,Active
USR002334,India,Spanish,2025-03-17,Partner Bundle,25-34,Active
USR002335,India,French,2025-02-04,Social Media,18-24,Active
USR002336,India,French,2025-01-31,Social Media,45-54,Inactive
USR002337,United Kingdom,Tamil,2025-06-30,Organic Search,25-34,Active
USR002338,India,Portuguese,2025-03-30,Referral,45-54,Inactive
USR002339,Singapore,German,2025-02-27,Partner Bundle,18-24,Active
USR002340,Brazil,Bengali,2025-06-04,Organic Search,35-44,Active
USR002341,India,German,2025-09-21,Social Media,45-54,Active
USR002342,India,Tamil,2025-03-28,Organic Search,55+,Inactive
USR002343,India,Tamil,2025-06-21,App Store,18-24,Inactive
USR002344,UAE,French,2025-06-17,Referral,25-34,Active
USR002345,United Kingdom,German,2025-04-30,App Store,35-44,Inactive
USR002346,United Kingdom,French,2025-04-01,App Store,25-34,Active
USR002347,UAE,Hindi,2025-08-27,Paid Ads,45-54,Active
USR002348,Singapore,Hindi,2025-02-11,Organic Search,55+,Active
USR002349,France,Bengali,2025-07-17,Organic Search,35-44,Inactive
USR002350,Germany,French,2025-03-25,Organic Search,35-44,Active
USR002351,UAE,Portuguese,2025-03-14,Paid Ads,35-44,Active
USR002352,UAE,Tamil,2025-02-02,Paid Ads,25-34,Active
USR002353,United States,German,2025-03-25,Paid Ads,45-54,Active
USR002354,Brazil,Telugu,2025-02-10,Organic Search,25-34,Active
USR002355,Australia,Tamil,2025-06-27,Organic Search,45-54,Inactive
USR002356,United States,French,2025-04-20,Partner Bundle,45-54,Inactive
USR002357,United States,Portuguese,2025-05-22,Paid Ads,35-44,Active
USR002358,Canada,Tamil,2025-03-23,Paid Ads,35-44,Active
USR002359,United States,Spanish,2025-05-26,Organic Search,18-24,Active
USR002360,France,French,2025-02-25,Social Media,55+,Active
USR002361,India,French,2025-03-13,Organic Search,25-34,Inactive
USR002362,UAE,Bengali,2025-02-23,Paid Ads,25-34,Active
USR002363,India,German,2025-05-27,Referral,55+,Inactive
USR002364,India,Bengali,2025-03-06,Social Media,25-34,Active
USR002365,France,Bengali,2025-05-25,Partner Bundle,55+,Active
USR002366,India,Tamil,2025-01-09,Paid Ads,25-34,Active
USR002367,France,German,2025-08-02,Partner Bundle,18-24,Active
USR002368,India,Hindi,2025-03-26,Organic Search,25-34,Active
USR002369,Singapore,English,2025-05-28,Referral,35-44,Inactive
USR002370,India,Telugu,2025-01-09,Paid Ads,35-44,Inactive
USR002371,India,Telugu,2025-01-21,Organic Search,55+,Inactive
USR002372,Singapore,Hindi,2025-08-15,App Store,25-34,Active
USR002373,India,Spanish,2025-02-15,Organic Search,25-34,Active
USR002374,Singapore,Bengali,2025-05-09,Paid Ads,25-34,Inactive
USR002375,France,French,2025-06-26,Organic Search,35-44,Active
USR002376,India,German,2025-02-18,Referral,55+,Active
USR002377,United States,Telugu,2025-10-07,Referral,25-34,Active
USR002378,India,Bengali,2025-02-27,Referral,18-24,Active
USR002379,India,English,2025-04-05,Social Media,25-34,Active
USR002380,United States,Telugu,2025-02-09,Social Media,45-54,Inactive
USR002381,United Kingdom,Spanish,2025-08-08,Referral,45-54,Inactive
USR002382,Brazil,German,2025-04-14,Social Media,18-24,Active
USR002383,India,English,2025-04-03,Partner Bundle,35-44,Active
USR002384,India,Spanish,2025-02-06,Partner Bundle,18-24,Inactive
USR002385,United Kingdom,German,2025-04-27,Social Media,45-54,Active
USR002386,India,English,2025-02-06,App Store,25-34,Active
USR002387,Australia,Hindi,2025-02-07,Paid Ads,45-54,Inactive
USR002388,United States,Spanish,2025-02-26,App Store,18-24,Active
USR002389,Singapore,Bengali,2025-01-15,Organic Search,18-24,Active
USR002390,Canada,German,2025-02-06,Social Media,55+,Active
USR002391,United States,German,2025-04-20,Organic Search,35-44,Active
USR002392,Australia,Spanish,2025-04-17,Social Media,18-24,Active
USR002393,France,Portuguese,2025-02-10,Referral,45-54,Active
USR002394,Germany,Portuguese,2025-05-14,Partner Bundle,45-54,Active
USR002395,India,Hindi,2025-05-30,App Store,35-44,Active
USR002396,United States,Bengali,2025-06-07,Referral,18-24,Active
USR002397,United States,English,2025-06-30,Organic Search,25-34,Active
USR002398,United States,German,2025-03-22,Social Media,35-44,Active
USR002399,India,Telugu,2025-03-04,Organic Search,25-34,Inactive
USR002400,Germany,Bengali,2025-04-04,Paid Ads,45-54,Active
USR002401,India,Bengali,2025-04-26,Paid Ads,45-54,Active
USR002402,India,Tamil,2025-06-06,Paid Ads,18-24,Active
USR002403,India,Telugu,2025-01-23,Organic Search,18-24,Active
USR002404,India,French,2025-05-12,Partner Bundle,25-34,Active
USR002405,India,Telugu,2025-03-22,Referral,45-54,Active
USR002406,Germany,Telugu,2025-04-01,Referral,35-44,Active
USR002407,Brazil,Portuguese,2025-04-08,App Store,55+,Active
USR002408,United States,Hindi,2025-02-26,Organic Search,25-34,Active
USR002409,India,Bengali,2025-04-20,Organic Search,55+,Active
USR002410,France,Portuguese,2025-05-04,Referral,35-44,Active
USR002411,India,Spanish,2025-04-30,Referral,35-44,Inactive
USR002412,India,Bengali,2025-03-12,Referral,25-34,Active
USR002413,United States,English,2025-03-22,App Store,25-34,Active
USR002414,United States,German,2025-01-18,Social Media,35-44,Active
USR002415,Germany,English,2025-02-22,Organic Search,25-34,Inactive
USR002416,Singapore,English,2025-01-30,Social Media,18-24,Active
USR002417,United Kingdom,Tamil,2025-06-05,Partner Bundle,45-54,Inactive
USR002418,United States,German,2025-03-05,App Store,18-24,Inactive
USR002419,India,German,2025-04-20,Social Media,18-24,Inactive
USR002420,United States,Hindi,2025-04-11,Organic Search,35-44,Inactive
USR002421,Singapore,Portuguese,2025-03-28,App Store,35-44,Active
USR002422,United States,German,2025-02-10,Organic Search,35-44,Active
USR002423,India,Spanish,2025-03-18,Referral,18-24,Active
USR002424,India,Telugu,2025-07-01,Referral,35-44,Active
USR002425,United States,Tamil,2025-06-03,Social Media,35-44,Active
USR002426,United Kingdom,Tamil,2025-07-17,Social Media,35-44,Active
USR002427,United States,German,2025-07-31,Paid Ads,18-24,Inactive
USR002428,Germany,French,2025-04-02,Organic Search,18-24,Active
USR002429,United Kingdom,Tamil,2025-06-13,Social Media,35-44,Active
USR002430,Canada,Telugu,2025-03-20,Partner Bundle,35-44,Active
USR002431,UAE,Bengali,2025-04-18,App Store,25-34,Active
USR002432,UAE,Hindi,2025-04-16,Organic Search,25-34,Active
USR002433,India,French,2025-05-26,Social Media,25-34,Inactive
USR002434,Canada,Telugu,2025-06-27,Organic Search,35-44,Active
USR002435,Australia,Spanish,2025-04-07,Referral,45-54,Active
USR002436,India,German,2025-04-20,Organic Search,25-34,Active
USR002437,France,Telugu,2025-03-31,Social Media,35-44,Active
USR002438,India,Portuguese,2025-04-18,Referral,25-34,Active
USR002439,Germany,Tamil,2025-04-19,Social Media,25-34,Active
USR002440,India,Hindi,2025-05-18,Referral,25-34,Active
USR002441,Australia,Portuguese,2025-02-23,Partner Bundle,18-24,Inactive
USR002442,India,Tamil,2025-03-03,Organic Search,35-44,Active
USR002443,United States,Hindi,2025-06-17,Referral,55+,Inactive
USR002444,India,English,2025-05-05,Referral,35-44,Active
USR002445,India,French,2025-03-21,App Store,45-54,Inactive
USR002446,Brazil,Hindi,2025-08-10,Social Media,25-34,Active
USR002447,India,Telugu,2025-01-15,Paid Ads,18-24,Active
USR002448,United States,Telugu,2025-04-10,Paid Ads,18-24,Inactive
USR002449,Canada,Spanish,2025-04-04,Partner Bundle,35-44,Active
USR002450,India,English,2025-06-18,Organic Search,45-54,Inactive
USR002451,India,Hindi,2025-03-31,Partner Bundle,25-34,Active
USR002452,India,Bengali,2025-04-07,Paid Ads,25-34,Active
USR002453,Canada,French,2025-05-04,Social Media,35-44,Active
USR002454,UAE,Spanish,2025-02-13,Organic Search,55+,Active
USR002455,France,Telugu,2025-04-24,Paid Ads,45-54,Active
USR002456,Brazil,French,2025-04-18,Organic Search,18-24,Active
USR002457,United Kingdom,Hindi,2025-07-05,Partner Bundle,18-24,Active
USR002458,Brazil,Spanish,2025-09-05,Organic Search,55+,Active
USR002459,India,French,2025-07-02,App Store,18-24,Active
USR002460,United States,English,2025-03-28,Social Media,35-44,Active
USR002461,United States,Bengali,2025-02-16,Organic Search,18-24,Active
USR002462,India,Bengali,2025-03-08,App Store,35-44,Active
USR002463,France,German,2025-03-08,App Store,25-34,Active
USR002464,India,Tamil,2025-02-10,Organic Search,18-24,Active
USR002465,Australia,French,2025-06-25,Partner Bundle,25-34,Active
USR002466,United States,Spanish,2025-06-08,Social Media,35-44,Active
USR002467,India,Spanish,2025-04-11,Organic Search,35-44,Inactive
USR002468,India,French,2025-04-02,Social Media,35-44,Active
USR002469,United States,Tamil,2025-05-24,Organic Search,18-24,Inactive
USR002470,Brazil,Hindi,2025-04-21,Organic Search,18-24,Active
USR002471,Canada,Tamil,2025-03-25,Referral,35-44,Active
USR002472,United Kingdom,Bengali,2025-03-28,Social Media,55+,Active
USR002473,India,Portuguese,2025-06-23,Organic Search,25-34,Active
USR002474,United States,French,2025-03-01,Organic Search,18-24,Inactive
USR002475,India,German,2025-06-17,Paid Ads,25-34,Active
USR002476,Germany,Bengali,2025-05-07,Partner Bundle,35-44,Active
USR002477,India,Hindi,2025-08-04,Organic Search,35-44,Active
USR002478,United Kingdom,Hindi,2025-03-24,Organic Search,55+,Active
USR002479,Australia,Portuguese,2025-02-10,Paid Ads,45-54,Active
USR002480,United States,Tamil,2025-05-03,Partner Bundle,18-24,Active
USR002481,Canada,Portuguese,2025-02-21,Paid Ads,25-34,Inactive
USR002482,Germany,Telugu,2025-02-19,Organic Search,25-34,Active
USR002483,India,German,2025-07-21,Organic Search,55+,Active
USR002484,United Kingdom,Portuguese,2025-07-03,Social Media,35-44,Active
USR002485,Australia,Portuguese,2025-04-09,Organic Search,55+,Active
USR002486,United States,Hindi,2025-04-18,Organic Search,25-34,Active
USR002487,India,Bengali,2025-04-16,Organic Search,45-54,Active
USR002488,India,Bengali,2025-05-26,Social Media,35-44,Active
USR002489,Singapore,Hindi,2025-03-23,Social Media,45-54,Active
USR002490,United States,Telugu,2025-01-06,Referral,45-54,Active
USR002491,India,English,2025-02-05,Partner Bundle,25-34,Inactive
USR002492,India,German,2025-03-08,Partner Bundle,45-54,Active
USR002493,India,German,2025-03-24,Organic Search,55+,Active
USR002494,India,German,2025-05-30,Referral,35-44,Active
USR002495,United States,Hindi,2025-07-06,Paid Ads,25-34,Inactive
USR002496,United States,Spanish,2025-03-07,Organic Search,25-34,Active
USR002497,France,Tamil,2025-04-15,Partner Bundle,35-44,Active
USR002498,UAE,English,2025-06-03,Partner Bundle,25-34,Active
USR002499,United States,Tamil,2025-03-08,Organic Search,25-34,Active
USR002500,UAE,Tamil,2025-06-29,App Store,25-34,Active
USR002501,United States,Telugu,2025-02-02,Referral,45-54,Active
USR002502,Canada,Portuguese,2025-04-08,Organic Search,35-44,Active
USR002503,India,Portuguese,2025-04-07,Social Media,25-34,Active
USR002504,India,French,2025-05-24,Organic Search,18-24,Active
USR002505,India,Hindi,2025-02-14,App Store,25-34,Inactive
USR002506,India,German,2025-06-26,Partner Bundle,25-34,Active
USR002507,Germany,English,2025-05-27,Organic Search,35-44,Active
USR002508,India,German,2025-04-19,Paid Ads,25-34,Active
USR002509,India,Spanish,2025-03-27,Organic Search,55+,Active
USR002510,Singapore,Telugu,2025-05-12,App Store,18-24,Active
USR002511,Canada,Telugu,2025-06-06,App Store,25-34,Active
USR002512,United States,Spanish,2025-06-10,Organic Search,18-24,Active
USR002513,India,German,2025-03-15,Social Media,25-34,Active
USR002514,France,Portuguese,2025-02-27,Social Media,25-34,Inactive
USR002515,India,French,2025-03-02,Partner Bundle,45-54,Active
USR002516,United Kingdom,Hindi,2025-06-14,Social Media,25-34,Inactive
USR002517,Canada,Spanish,2025-04-05,Organic Search,18-24,Active
USR002518,United States,English,2025-02-17,Referral,55+,Inactive
USR002519,Singapore,German,2025-05-27,Organic Search,18-24,Active
USR002520,India,Portuguese,2025-05-28,Paid Ads,35-44,Active
USR002521,France,Hindi,2025-03-26,Social Media,25-34,Inactive
USR002522,United Kingdom,Spanish,2025-02-06,Paid Ads,45-54,Active
USR002523,United Kingdom,Spanish,2025-09-22,Referral,25-34,Active
USR002524,Brazil,Telugu,2025-04-06,Organic Search,45-54,Active
USR002525,United Kingdom,Telugu,2025-05-17,Partner Bundle,25-34,Active
USR002526,Germany,English,2025-04-01,Social Media,25-34,Inactive
USR002527,India,Spanish,2025-03-01,Paid Ads,35-44,Active
USR002528,Germany,English,2025-05-09,Referral,25-34,Inactive
USR002529,Germany,Portuguese,2025-02-15,App Store,25-34,Inactive
USR002530,Brazil,Telugu,2025-05-20,Social Media,25-34,Active
USR002531,Singapore,German,2025-08-08,Paid Ads,25-34,Active
USR002532,India,Telugu,2025-03-27,Organic Search,35-44,Inactive
USR002533,United States,Spanish,2025-03-13,Organic Search,18-24,Active
USR002534,Singapore,Spanish,2025-02-21,App Store,35-44,Active
USR002535,Canada,English,2025-03-19,App Store,25-34,Active
USR002536,United States,German,2025-03-29,Social Media,25-34,Active
USR002537,India,Telugu,2025-07-03,Paid Ads,35-44,Inactive
USR002538,United States,Spanish,2025-05-09,App Store,25-34,Active
USR002539,Canada,German,2025-06-10,Organic Search,18-24,Active
USR002540,Germany,English,2025-03-15,Partner Bundle,45-54,Active
USR002541,United States,Telugu,2025-04-26,App Store,45-54,Active
USR002542,India,Bengali,2025-05-03,Paid Ads,25-34,Active
USR002543,Canada,Bengali,2025-01-16,Referral,18-24,Active
USR002544,Singapore,English,2025-01-18,Partner Bundle,18-24,Active
USR002545,United States,French,2025-01-20,Paid Ads,25-34,Active
USR002546,Singapore,Portuguese,2025-04-01,Referral,18-24,Active
USR002547,United States,Hindi,2025-06-08,Partner Bundle,25-34,Active
USR002548,UAE,English,2025-02-26,Organic Search,25-34,Active
USR002549,Germany,Tamil,2025-02-08,Organic Search,45-54,Active
USR002550,Brazil,English,2025-03-13,Partner Bundle,25-34,Active
USR002551,Germany,Tamil,2025-04-07,Organic Search,25-34,Active
USR002552,India,English,2025-02-27,Organic Search,18-24,Active
USR002553,UAE,Tamil,2025-02-12,App Store,35-44,Active
USR002554,Canada,Portuguese,2025-02-09,Social Media,35-44,Active
USR002555,India,German,2025-09-07,Partner Bundle,25-34,Active
USR002556,India,French,2025-02-01,Social Media,35-44,Active
USR002557,United States,Bengali,2025-05-16,Social Media,35-44,Active
USR002558,Germany,French,2025-08-27,Partner Bundle,35-44,Active
USR002559,United Kingdom,French,2025-06-21,Referral,35-44,Active
USR002560,United Kingdom,Portuguese,2025-02-11,Referral,45-54,Inactive
USR002561,India,English,2025-07-31,Partner Bundle,35-44,Active
USR002562,United States,Spanish,2025-02-03,Social Media,35-44,Inactive
USR002563,India,French,2025-03-10,Organic Search,55+,Active
USR002564,United States,Bengali,2025-03-30,Referral,45-54,Active
USR002565,Brazil,English,2025-02-14,Social Media,45-54,Active
USR002566,UAE,Spanish,2025-04-22,Organic Search,25-34,Inactive
USR002567,India,Hindi,2025-02-28,Organic Search,35-44,Active
USR002568,United Kingdom,Tamil,2025-08-30,Paid Ads,45-54,Active
USR002569,United States,Portuguese,2025-03-27,Organic Search,35-44,Active
USR002570,India,Portuguese,2025-06-08,Referral,45-54,Active
USR002571,Brazil,German,2025-08-09,Social Media,35-44,Active
USR002572,United States,Spanish,2025-05-13,Organic Search,35-44,Active
USR002573,United States,Bengali,2025-08-27,Partner Bundle,45-54,Active
USR002574,Canada,Portuguese,2025-06-14,Paid Ads,25-34,Active
USR002575,India,Portuguese,2025-05-09,App Store,35-44,Active
USR002576,India,English,2025-04-03,Social Media,25-34,Active
USR002577,India,German,2025-01-29,Paid Ads,25-34,Active
USR002578,United States,Portuguese,2025-04-05,Organic Search,25-34,Inactive
USR002579,India,Spanish,2025-02-21,Organic Search,25-34,Active
USR002580,Singapore,Telugu,2025-07-05,Social Media,25-34,Active
USR002581,Australia,Portuguese,2025-02-22,Social Media,35-44,Active
USR002582,UAE,Hindi,2025-04-22,Organic Search,45-54,Active
USR002583,France,Hindi,2025-05-31,Referral,25-34,Active
USR002584,Australia,German,2025-02-17,Organic Search,18-24,Active
USR002585,India,Bengali,2025-04-21,App Store,25-34,Active
USR002586,United Kingdom,German,2025-03-14,Organic Search,35-44,Active
USR002587,India,Bengali,2025-05-14,App Store,18-24,Active
USR002588,India,French,2025-02-06,Paid Ads,35-44,Inactive
USR002589,Canada,Portuguese,2025-08-31,Referral,45-54,Inactive
USR002590,Canada,French,2025-05-05,Paid Ads,45-54,Active
USR002591,India,German,2025-08-16,Social Media,55+,Active
USR002592,United States,Telugu,2025-06-17,Organic Search,45-54,Active
USR002593,India,Portuguese,2025-03-09,Organic Search,18-24,Active
USR002594,Australia,German,2025-06-09,Referral,25-34,Active
USR002595,Brazil,Telugu,2025-07-16,Social Media,25-34,Active
USR002596,Australia,French,2025-06-24,Organic Search,25-34,Active
USR002597,France,Hindi,2025-04-27,App Store,35-44,Active
USR002598,United States,Hindi,2025-02-28,Paid Ads,25-34,Active
USR002599,India,German,2025-06-03,Partner Bundle,18-24,Inactive
USR002600,Australia,Hindi,2025-05-25,Paid Ads,35-44,Active
USR002601,India,Hindi,2025-03-23,Partner Bundle,18-24,Active
USR002602,United States,Hindi,2025-02-14,Organic Search,55+,Active
USR002603,Australia,French,2025-05-13,Paid Ads,35-44,Active
USR002604,UAE,Bengali,2025-02-24,Organic Search,35-44,Inactive
USR002605,United States,Telugu,2025-03-22,Organic Search,45-54,Active
USR002606,Brazil,German,2025-06-03,App Store,35-44,Inactive
USR002607,United States,Telugu,2025-02-19,Social Media,35-44,Active
USR002608,India,Tamil,2025-02-02,Social Media,45-54,Active
USR002609,United States,Bengali,2025-01-24,Organic Search,25-34,Active
USR002610,UAE,Bengali,2025-05-20,Referral,18-24,Active
USR002611,United Kingdom,Telugu,2025-05-23,Organic Search,55+,Active
USR002612,Australia,German,2025-03-27,Referral,25-34,Inactive
USR002613,United Kingdom,Tamil,2025-06-21,Paid Ads,18-24,Active
USR002614,United Kingdom,Bengali,2025-03-30,Paid Ads,45-54,Inactive
USR002615,India,Telugu,2025-04-03,Social Media,35-44,Active
USR002616,India,German,2025-03-25,Paid Ads,25-34,Inactive
USR002617,India,Bengali,2025-01-23,Organic Search,55+,Active
USR002618,United States,French,2025-03-11,App Store,45-54,Inactive
USR002619,Germany,Tamil,2025-01-26,Organic Search,25-34,Inactive
USR002620,France,French,2025-03-11,Partner Bundle,55+,Inactive
USR002621,India,German,2025-06-04,Social Media,18-24,Active
USR002622,United Kingdom,Spanish,2025-01-18,Social Media,55+,Active
USR002623,United States,Hindi,2025-03-11,Paid Ads,25-34,Active
USR002624,United Kingdom,English,2025-03-10,App Store,25-34,Active
USR002625,Canada,Spanish,2025-05-20,Social Media,25-34,Active
USR002626,India,English,2025-02-24,Organic Search,25-34,Active
USR002627,Singapore,Tamil,2025-06-07,Social Media,35-44,Active
USR002628,Singapore,Hindi,2025-03-01,Organic Search,55+,Active
USR002629,India,Spanish,2025-06-16,Organic Search,18-24,Active
USR002630,Australia,Bengali,2025-05-30,Organic Search,25-34,Active
USR002631,India,German,2025-04-18,Social Media,25-34,Active
USR002632,India,Hindi,2025-03-25,Organic Search,18-24,Active
USR002633,Brazil,Hindi,2025-02-05,Partner Bundle,45-54,Active
USR002634,Australia,Spanish,2025-04-13,App Store,25-34,Active
USR002635,India,Spanish,2025-06-18,Social Media,35-44,Active
USR002636,Canada,Bengali,2025-02-15,App Store,55+,Inactive
USR002637,France,German,2025-06-21,Social Media,25-34,Active
USR002638,UAE,Bengali,2025-07-02,Paid Ads,25-34,Active
USR002639,India,French,2025-02-25,App Store,18-24,Active
USR002640,France,Portuguese,2025-04-17,Paid Ads,35-44,Active
USR002641,France,Spanish,2025-08-15,Organic Search,45-54,Inactive
USR002642,United Kingdom,Hindi,2025-03-10,Organic Search,18-24,Active
USR002643,United States,Tamil,2025-06-06,Referral,25-34,Active
USR002644,India,French,2025-02-22,Organic Search,35-44,Active
USR002645,India,Hindi,2025-04-06,Partner Bundle,18-24,Active
USR002646,United States,Tamil,2025-03-04,Organic Search,18-24,Inactive
USR002647,UAE,French,2025-04-06,Paid Ads,25-34,Active
USR002648,Germany,French,2025-06-04,Organic Search,18-24,Inactive
USR002649,United States,French,2025-04-13,Referral,25-34,Inactive
USR002650,Germany,French,2025-04-13,Social Media,25-34,Inactive
USR002651,Germany,Bengali,2025-02-23,Paid Ads,25-34,Active
USR002652,United Kingdom,English,2025-07-28,Paid Ads,25-34,Active
USR002653,India,Portuguese,2025-08-04,Organic Search,18-24,Inactive
USR002654,United States,Spanish,2025-05-16,Referral,35-44,Inactive
USR002655,India,German,2025-09-03,Partner Bundle,35-44,Active
USR002656,India,German,2025-06-02,Organic Search,18-24,Active
USR002657,India,French,2025-01-13,Organic Search,25-34,Active
USR002658,Germany,French,2025-02-07,App Store,25-34,Active
USR002659,India,Telugu,2025-03-12,Paid Ads,25-34,Active
USR002660,United States,French,2025-05-24,Social Media,25-34,Inactive
USR002661,Brazil,Spanish,2025-01-27,App Store,25-34,Active
USR002662,Germany,Portuguese,2025-04-24,Referral,18-24,Active
USR002663,Germany,French,2025-06-15,Referral,25-34,Inactive
USR002664,India,French,2025-03-19,App Store,35-44,Active
USR002665,Canada,Bengali,2025-04-26,Organic Search,18-24,Active
USR002666,United States,Telugu,2025-05-12,Organic Search,25-34,Active
USR002667,Canada,French,2025-05-16,Social Media,25-34,Active
USR002668,United States,Bengali,2025-03-24,Organic Search,35-44,Active
USR002669,United Kingdom,Hindi,2025-06-16,Partner Bundle,25-34,Active
USR002670,Brazil,Portuguese,2025-03-19,Social Media,25-34,Active
USR002671,India,Hindi,2025-04-22,Partner Bundle,45-54,Active
USR002672,India,Spanish,2025-04-10,Referral,35-44,Inactive
USR002673,United States,Tamil,2025-03-28,Partner Bundle,45-54,Inactive
USR002674,United Kingdom,Telugu,2025-04-30,Social Media,35-44,Active
USR002675,India,Portuguese,2025-07-11,App Store,55+,Active
USR002676,Germany,Bengali,2025-01-25,Paid Ads,35-44,Active
USR002677,United States,Tamil,2025-04-05,Partner Bundle,25-34,Active
USR002678,United States,Bengali,2025-02-07,Paid Ads,35-44,Active
USR002679,Canada,German,2025-01-25,Organic Search,45-54,Inactive
USR002680,Germany,Portuguese,2025-03-02,Referral,55+,Inactive
USR002681,Brazil,French,2025-07-25,Organic Search,35-44,Active
USR002682,India,English,2025-05-03,Social Media,45-54,Active
USR002683,United States,Bengali,2025-03-22,App Store,35-44,Active
USR002684,India,German,2025-03-09,Organic Search,35-44,Inactive
USR002685,UAE,Portuguese,2025-05-17,Paid Ads,35-44,Active
USR002686,United Kingdom,Spanish,2025-04-14,Paid Ads,25-34,Inactive
USR002687,France,Portuguese,2025-03-24,Partner Bundle,18-24,Active
USR002688,Brazil,Bengali,2025-02-04,Paid Ads,35-44,Active
USR002689,United Kingdom,Tamil,2025-02-23,Social Media,45-54,Inactive
USR002690,India,Bengali,2025-07-16,Paid Ads,35-44,Inactive
USR002691,United States,Bengali,2025-04-29,Paid Ads,18-24,Active
USR002692,India,Telugu,2025-02-25,Referral,18-24,Active
USR002693,France,Telugu,2025-05-11,Organic Search,18-24,Active
USR002694,India,Spanish,2025-06-14,Referral,45-54,Active
USR002695,United Kingdom,Telugu,2025-03-09,App Store,35-44,Active
USR002696,India,Spanish,2025-03-30,Social Media,35-44,Active
USR002697,India,Portuguese,2025-04-07,Paid Ads,25-34,Active
USR002698,India,German,2025-02-18,Partner Bundle,18-24,Active
USR002699,United Kingdom,Bengali,2025-04-29,Referral,45-54,Active
USR002700,India,Spanish,2025-02-21,Organic Search,45-54,Active
USR002701,United Kingdom,Spanish,2025-01-27,Organic Search,25-34,Active
USR002702,Canada,Spanish,2025-02-21,App Store,45-54,Inactive
USR002703,Brazil,Bengali,2025-04-25,Organic Search,25-34,Active
USR002704,UAE,Portuguese,2025-02-24,Partner Bundle,45-54,Active
USR002705,United Kingdom,Telugu,2025-04-02,Organic Search,18-24,Active
USR002706,Germany,English,2025-04-11,App Store,25-34,Active
USR002707,United States,Tamil,2025-02-05,App Store,35-44,Active
USR002708,United Kingdom,Spanish,2025-09-13,Social Media,25-34,Active
USR002709,United States,English,2025-03-21,Referral,18-24,Active
USR002710,India,Hindi,2025-06-07,Partner Bundle,18-24,Active
USR002711,Australia,Spanish,2025-04-03,Partner Bundle,55+,Active
USR002712,India,Telugu,2025-06-11,Partner Bundle,35-44,Active
USR002713,United States,Tamil,2025-06-04,Organic Search,18-24,Active
USR002714,United States,Hindi,2025-04-19,Organic Search,35-44,Active
USR002715,UAE,German,2025-01-27,Organic Search,35-44,Active
USR002716,India,English,2025-07-25,Organic Search,25-34,Inactive
USR002717,United States,Spanish,2025-02-24,Paid Ads,35-44,Active
USR002718,UAE,English,2025-02-06,App Store,18-24,Active
USR002719,India,Spanish,2025-06-04,Organic Search,25-34,Inactive
USR002720,Singapore,Hindi,2025-04-25,Partner Bundle,18-24,Active
USR002721,UAE,French,2025-04-10,Paid Ads,45-54,Active
USR002722,United States,German,2025-03-08,Referral,45-54,Inactive
USR002723,Canada,Spanish,2025-07-03,Partner Bundle,25-34,Active
USR002724,Brazil,German,2025-02-11,Organic Search,35-44,Active
USR002725,United Kingdom,Telugu,2025-04-18,Organic Search,45-54,Active
USR002726,India,Portuguese,2025-02-06,Social Media,25-34,Active
USR002727,France,Bengali,2025-06-01,Referral,45-54,Inactive
USR002728,India,Tamil,2025-08-31,Social Media,25-34,Inactive
USR002729,India,Portuguese,2025-05-14,App Store,45-54,Active
USR002730,UAE,Bengali,2025-02-23,Partner Bundle,35-44,Active
USR002731,India,French,2025-06-08,Partner Bundle,35-44,Active
USR002732,Australia,Hindi,2025-03-17,App Store,25-34,Active
USR002733,United States,Portuguese,2025-03-04,Referral,25-34,Active
USR002734,Germany,Tamil,2025-03-31,Referral,25-34,Inactive
USR002735,India,Bengali,2025-01-26,Organic Search,25-34,Active
USR002736,United States,Bengali,2025-07-28,Organic Search,18-24,Inactive
USR002737,India,French,2025-04-10,Partner Bundle,25-34,Active
USR002738,India,German,2025-04-24,Organic Search,35-44,Active
USR002739,India,English,2025-07-21,Referral,55+,Inactive
USR002740,India,Portuguese,2025-07-17,Social Media,25-34,Active
USR002741,Brazil,Telugu,2025-03-11,Paid Ads,25-34,Active
USR002742,United Kingdom,English,2025-04-19,Social Media,35-44,Active
USR002743,United States,Spanish,2025-02-27,Paid Ads,45-54,Active
USR002744,United States,Portuguese,2025-06-25,Partner Bundle,25-34,Inactive
USR002745,Brazil,English,2025-07-22,Organic Search,25-34,Active
USR002746,Canada,Tamil,2025-01-25,Social Media,35-44,Active
USR002747,Australia,German,2025-07-31,Social Media,18-24,Active
USR002748,India,French,2025-02-15,Social Media,35-44,Inactive
USR002749,United States,English,2025-03-24,Organic Search,45-54,Active
USR002750,India,Telugu,2025-02-02,Paid Ads,18-24,Active
USR002751,Canada,English,2025-05-08,Referral,25-34,Active
USR002752,United States,English,2025-02-15,Referral,35-44,Inactive
USR002753,Australia,Hindi,2025-03-23,App Store,45-54,Active
USR002754,India,Portuguese,2025-03-30,Organic Search,25-34,Active
USR002755,United States,English,2025-01-18,Organic Search,45-54,Active
USR002756,United States,Bengali,2025-05-13,Referral,25-34,Active
USR002757,India,English,2025-01-12,Social Media,25-34,Active
USR002758,India,English,2025-03-17,Organic Search,25-34,Active
USR002759,India,Portuguese,2025-06-01,Paid Ads,18-24,Active
USR002760,United Kingdom,Bengali,2025-06-15,Referral,35-44,Active
USR002761,Canada,English,2025-03-19,Organic Search,18-24,Active
USR002762,United States,Telugu,2025-02-12,Organic Search,25-34,Active
USR002763,United States,Bengali,2025-04-28,Paid Ads,35-44,Active
USR002764,United Kingdom,Hindi,2025-05-16,Social Media,25-34,Active
USR002765,United States,French,2025-05-22,Organic Search,45-54,Inactive
USR002766,India,Hindi,2025-04-08,Partner Bundle,25-34,Active
USR002767,United States,Tamil,2025-06-20,Organic Search,25-34,Active
USR002768,India,German,2025-03-24,Organic Search,18-24,Active
USR002769,United Kingdom,German,2025-03-25,Paid Ads,25-34,Active
USR002770,Germany,Bengali,2025-03-24,Social Media,25-34,Active
USR002771,United Kingdom,English,2025-05-06,Paid Ads,25-34,Active
USR002772,India,Hindi,2025-04-04,Referral,35-44,Active
USR002773,India,English,2025-07-23,Organic Search,55+,Active
USR002774,India,French,2025-07-10,Paid Ads,25-34,Active
USR002775,United States,Hindi,2025-04-19,App Store,35-44,Active
USR002776,United States,Telugu,2025-01-23,Referral,25-34,Active
USR002777,India,German,2025-07-25,Social Media,55+,Active
USR002778,Germany,German,2025-05-27,Organic Search,45-54,Active
USR002779,United States,English,2025-01-31,Partner Bundle,35-44,Inactive
USR002780,Canada,Hindi,2025-06-07,Paid Ads,25-34,Inactive
USR002781,Canada,German,2025-01-23,Organic Search,18-24,Inactive
USR002782,United Kingdom,Telugu,2025-01-30,App Store,55+,Active
USR002783,UAE,English,2025-03-28,Organic Search,35-44,Inactive
USR002784,India,Telugu,2025-10-14,Paid Ads,18-24,Active
USR002785,India,Hindi,2025-02-25,Paid Ads,35-44,Active
USR002786,Australia,Hindi,2025-07-22,Partner Bundle,35-44,Active
USR002787,United States,Portuguese,2025-06-22,Organic Search,25-34,Active
USR002788,Brazil,Bengali,2025-02-23,Referral,25-34,Active
USR002789,India,French,2025-05-06,Referral,35-44,Active
USR002790,India,German,2025-07-28,Organic Search,45-54,Active
USR002791,United Kingdom,Portuguese,2025-05-23,Paid Ads,45-54,Active
USR002792,India,French,2025-02-04,Organic Search,55+,Inactive
USR002793,United States,Bengali,2025-01-23,Social Media,18-24,Active
USR002794,Singapore,German,2025-06-19,Organic Search,18-24,Active
USR002795,India,English,2025-03-07,Organic Search,35-44,Active
USR002796,United Kingdom,Telugu,2025-04-17,Organic Search,35-44,Active
USR002797,India,Spanish,2025-03-12,Organic Search,25-34,Active
USR002798,United States,Telugu,2025-03-21,Referral,55+,Active
USR002799,India,Bengali,2025-03-22,Organic Search,45-54,Inactive
USR002800,India,French,2025-02-26,Partner Bundle,25-34,Active
USR002801,India,Tamil,2025-05-20,Organic Search,35-44,Active
USR002802,Brazil,Telugu,2025-06-05,Paid Ads,25-34,Active
USR002803,Canada,Bengali,2025-02-26,Organic Search,25-34,Active
USR002804,Germany,Spanish,2025-03-01,App Store,18-24,Active
USR002805,India,Telugu,2025-07-02,Organic Search,25-34,Active
USR002806,India,German,2025-02-23,Paid Ads,45-54,Active
USR002807,United Kingdom,Telugu,2025-05-14,Social Media,25-34,Inactive
USR002808,Australia,Tamil,2025-07-18,Referral,45-54,Active
USR002809,United States,German,2025-02-13,Social Media,45-54,Active
USR002810,United States,Spanish,2025-03-08,Social Media,35-44,Active
USR002811,United States,Hindi,2025-03-10,Organic Search,45-54,Active
USR002812,India,Spanish,2025-03-25,Organic Search,25-34,Inactive
USR002813,Germany,Hindi,2025-04-21,App Store,18-24,Active
USR002814,India,Spanish,2025-03-09,Organic Search,35-44,Active
USR002815,India,Hindi,2025-05-13,Referral,45-54,Inactive
USR002816,Canada,English,2025-05-25,Paid Ads,25-34,Active
USR002817,India,Portuguese,2025-04-14,Paid Ads,18-24,Active
USR002818,Germany,German,2025-02-27,Referral,35-44,Active
USR002819,UAE,Portuguese,2025-06-27,Paid Ads,25-34,Active
USR002820,India,Bengali,2025-03-31,Referral,35-44,Active
USR002821,United Kingdom,Telugu,2025-01-29,Partner Bundle,25-34,Active
USR002822,United States,Tamil,2025-02-20,Paid Ads,35-44,Active
USR002823,India,French,2025-03-25,Social Media,35-44,Inactive
USR002824,Canada,Telugu,2025-03-20,Social Media,18-24,Active
USR002825,United Kingdom,Telugu,2025-02-24,Organic Search,18-24,Active
USR002826,Canada,English,2025-03-27,Partner Bundle,25-34,Active
USR002827,France,Portuguese,2025-02-17,Partner Bundle,18-24,Active
USR002828,India,French,2025-04-15,Organic Search,45-54,Active
USR002829,Canada,Telugu,2025-03-23,App Store,18-24,Inactive
USR002830,Australia,Portuguese,2025-04-21,Organic Search,35-44,Active
USR002831,India,Hindi,2025-04-12,Organic Search,25-34,Active
USR002832,Brazil,Bengali,2025-05-27,Paid Ads,55+,Active
USR002833,India,French,2025-04-21,Paid Ads,18-24,Inactive
USR002834,Australia,French,2025-05-09,Referral,35-44,Active
USR002835,Germany,Spanish,2025-05-06,Partner Bundle,55+,Inactive
USR002836,United States,French,2025-04-30,Referral,55+,Active
USR002837,India,Portuguese,2025-05-08,Organic Search,25-34,Active
USR002838,India,English,2025-04-03,Organic Search,25-34,Active
USR002839,India,Portuguese,2025-08-06,App Store,18-24,Active
USR002840,United States,Portuguese,2025-04-26,Social Media,25-34,Active
USR002841,India,English,2025-01-25,App Store,35-44,Active
USR002842,United Kingdom,Portuguese,2025-02-22,App Store,18-24,Active
USR002843,India,Tamil,2025-05-01,Organic Search,35-44,Active
USR002844,India,Bengali,2025-04-05,App Store,18-24,Active
USR002845,United States,Bengali,2025-04-13,Social Media,35-44,Active
USR002846,United Kingdom,Bengali,2025-01-23,App Store,45-54,Inactive
USR002847,Germany,Bengali,2025-05-09,Referral,25-34,Active
USR002848,India,English,2025-01-31,Referral,25-34,Active
USR002849,India,English,2025-07-15,Organic Search,35-44,Active
USR002850,Brazil,Telugu,2025-03-10,Social Media,45-54,Active
USR002851,India,Portuguese,2025-05-01,Partner Bundle,55+,Active
USR002852,Germany,Bengali,2025-02-26,Partner Bundle,35-44,Active
USR002853,United States,German,2025-01-13,Partner Bundle,45-54,Active
USR002854,India,Bengali,2025-02-19,Referral,18-24,Inactive
USR002855,Canada,Portuguese,2025-03-28,App Store,18-24,Active
USR002856,Brazil,Telugu,2025-01-23,Social Media,45-54,Inactive
USR002857,UAE,Spanish,2025-08-25,Partner Bundle,25-34,Active
USR002858,Australia,Portuguese,2025-04-11,Partner Bundle,25-34,Inactive
USR002859,United States,German,2025-03-09,App Store,25-34,Active
USR002860,India,Bengali,2025-06-17,Paid Ads,25-34,Inactive
USR002861,United States,English,2025-03-28,Partner Bundle,25-34,Active
USR002862,United States,English,2025-05-22,Partner Bundle,25-34,Active
USR002863,Singapore,Spanish,2025-02-11,Referral,18-24,Active
USR002864,India,Hindi,2025-06-19,Social Media,35-44,Active
USR002865,United States,German,2025-02-20,Organic Search,45-54,Active
USR002866,United States,Portuguese,2025-04-06,Paid Ads,18-24,Active
USR002867,United States,Portuguese,2025-04-11,Organic Search,25-34,Inactive
USR002868,India,Bengali,2025-07-03,Paid Ads,45-54,Active
USR002869,India,German,2025-04-26,Organic Search,18-24,Active
USR002870,United States,Spanish,2025-04-26,Organic Search,35-44,Active
USR002871,Germany,Tamil,2025-06-13,Referral,25-34,Inactive
USR002872,United Kingdom,Bengali,2025-02-15,Organic Search,35-44,Active
USR002873,United States,Tamil,2025-03-22,Organic Search,35-44,Inactive
USR002874,Canada,Telugu,2025-06-19,Referral,55+,Active
USR002875,Canada,Telugu,2025-05-13,App Store,25-34,Inactive
USR002876,India,Telugu,2025-04-01,Social Media,18-24,Inactive
USR002877,India,Portuguese,2025-05-28,Organic Search,25-34,Active
USR002878,Germany,Portuguese,2025-03-07,Social Media,55+,Active
USR002879,United Kingdom,English,2025-03-12,Paid Ads,18-24,Active
USR002880,India,Spanish,2025-03-01,Organic Search,18-24,Active
USR002881,India,German,2025-05-09,Organic Search,45-54,Active
USR002882,Germany,French,2025-03-06,Referral,35-44,Inactive
USR002883,Canada,English,2025-07-09,Paid Ads,25-34,Inactive
USR002884,Singapore,English,2025-09-28,Referral,25-34,Active
USR002885,United States,French,2025-02-28,Paid Ads,25-34,Active
USR002886,India,German,2025-04-04,Organic Search,55+,Active
USR002887,Australia,French,2025-05-24,Referral,25-34,Active
USR002888,India,Hindi,2025-05-09,Social Media,25-34,Active
USR002889,India,German,2025-03-26,Organic Search,25-34,Active
USR002890,India,Spanish,2025-05-02,Organic Search,25-34,Active
USR002891,India,Telugu,2025-05-30,Paid Ads,25-34,Active
USR002892,France,French,2025-05-28,Partner Bundle,35-44,Inactive
USR002893,United Kingdom,Hindi,2025-07-21,Organic Search,35-44,Active
USR002894,India,Bengali,2025-06-07,Referral,35-44,Active
USR002895,United Kingdom,Hindi,2025-04-01,Organic Search,35-44,Inactive
USR002896,Canada,Telugu,2025-02-26,Social Media,35-44,Active
USR002897,UAE,Bengali,2025-03-26,Organic Search,35-44,Active
USR002898,France,Spanish,2025-05-04,Referral,45-54,Active
USR002899,India,Tamil,2025-02-01,Organic Search,25-34,Active
USR002900,UAE,French,2025-04-08,Paid Ads,18-24,Active
USR002901,India,Hindi,2025-08-18,Referral,25-34,Active
USR002902,India,Bengali,2025-10-07,Social Media,45-54,Active
USR002903,India,Hindi,2025-05-03,Organic Search,45-54,Active
USR002904,India,Portuguese,2025-01-29,Referral,35-44,Active
USR002905,Germany,Portuguese,2025-05-27,Partner Bundle,18-24,Active
USR002906,Canada,Bengali,2025-01-27,Paid Ads,35-44,Active
USR002907,Canada,Spanish,2025-03-28,Organic Search,35-44,Active
USR002908,Singapore,Bengali,2025-05-05,Paid Ads,25-34,Inactive
USR002909,United States,German,2025-05-25,Referral,18-24,Active
USR002910,India,German,2025-07-24,Organic Search,35-44,Active
USR002911,Canada,Hindi,2025-01-29,Referral,25-34,Active
USR002912,UAE,Spanish,2025-04-15,Organic Search,18-24,Active
USR002913,Brazil,Bengali,2025-03-09,Social Media,25-34,Active
USR002914,United States,English,2025-05-25,Referral,55+,Inactive
USR002915,France,French,2025-02-11,App Store,25-34,Active
USR002916,France,Tamil,2025-02-05,Referral,25-34,Active
USR002917,India,Portuguese,2025-04-22,Social Media,35-44,Active
USR002918,Canada,Bengali,2025-01-17,Paid Ads,25-34,Active
USR002919,India,German,2025-07-07,Organic Search,18-24,Inactive
USR002920,United States,Telugu,2025-05-15,App Store,35-44,Active
USR002921,UAE,Bengali,2025-04-12,Organic Search,25-34,Active
USR002922,Germany,Portuguese,2025-03-14,Referral,35-44,Active
USR002923,United Kingdom,Spanish,2025-04-14,Organic Search,25-34,Inactive
USR002924,Germany,Bengali,2025-04-09,Social Media,25-34,Active
USR002925,India,Spanish,2025-07-16,Social Media,25-34,Active
USR002926,India,English,2025-07-26,Social Media,18-24,Active
USR002927,India,French,2025-07-14,Partner Bundle,18-24,Inactive
USR002928,Germany,Telugu,2025-07-25,Organic Search,45-54,Active
USR002929,UAE,Portuguese,2025-05-15,Organic Search,55+,Inactive
USR002930,United Kingdom,Telugu,2025-03-09,Referral,25-34,Active
USR002931,Brazil,German,2025-06-29,Partner Bundle,45-54,Active
USR002932,Australia,English,2025-07-23,Referral,35-44,Active
USR002933,United Kingdom,English,2025-06-12,Partner Bundle,25-34,Inactive
USR002934,United Kingdom,Portuguese,2025-06-22,Organic Search,35-44,Active
USR002935,France,French,2025-03-21,Organic Search,45-54,Active
USR002936,India,Spanish,2025-06-19,Social Media,45-54,Active
USR002937,India,German,2025-02-26,Paid Ads,45-54,Active
USR002938,India,Telugu,2025-07-07,Referral,45-54,Active
USR002939,UAE,Telugu,2025-03-25,Organic Search,35-44,Active
USR002940,Singapore,German,2025-02-02,Paid Ads,25-34,Active
USR002941,United States,Bengali,2025-08-06,App Store,18-24,Active
USR002942,Singapore,German,2025-06-16,Paid Ads,18-24,Active
USR002943,United Kingdom,French,2025-05-21,Paid Ads,45-54,Active
USR002944,United States,Tamil,2025-05-12,Social Media,35-44,Active
USR002945,France,Spanish,2025-03-28,Referral,45-54,Active
USR002946,United Kingdom,French,2025-06-04,Organic Search,18-24,Active
USR002947,United States,Bengali,2025-02-27,Social Media,35-44,Inactive
USR002948,India,Spanish,2025-02-13,App Store,35-44,Active
USR002949,India,Spanish,2025-07-09,App Store,25-34,Active
USR002950,Canada,Tamil,2025-06-14,Partner Bundle,35-44,Active
USR002951,India,Bengali,2025-07-11,Partner Bundle,25-34,Active
USR002952,Australia,Hindi,2025-08-26,Partner Bundle,25-34,Active
USR002953,Canada,English,2025-02-19,Organic Search,25-34,Inactive
USR002954,United States,English,2025-05-24,Organic Search,55+,Active
USR002955,Australia,Telugu,2025-04-04,App Store,45-54,Inactive
USR002956,Brazil,Hindi,2025-06-09,Social Media,45-54,Active
USR002957,India,Portuguese,2025-03-23,Social Media,45-54,Active
USR002958,United Kingdom,French,2025-07-11,Referral,45-54,Inactive
USR002959,France,Telugu,2025-06-20,Social Media,18-24,Active
USR002960,India,German,2025-05-25,Organic Search,35-44,Inactive
USR002961,India,German,2025-01-19,App Store,25-34,Active
USR002962,United Kingdom,Telugu,2025-04-04,Partner Bundle,25-34,Active
USR002963,United Kingdom,Portuguese,2025-08-14,Paid Ads,25-34,Active
USR002964,India,French,2025-05-30,Organic Search,18-24,Active
USR002965,United States,Portuguese,2025-07-11,Organic Search,25-34,Active
USR002966,United States,Portuguese,2025-01-21,Social Media,25-34,Active
USR002967,United States,Bengali,2025-01-20,Referral,25-34,Inactive
USR002968,Australia,English,2025-04-10,Referral,35-44,Active
USR002969,Germany,Portuguese,2025-05-16,Organic Search,25-34,Active
USR002970,United States,Spanish,2025-05-27,Partner Bundle,35-44,Active
USR002971,United States,Bengali,2025-03-22,Referral,18-24,Active
USR002972,Australia,German,2025-04-12,Social Media,35-44,Active
USR002973,United Kingdom,Tamil,2025-02-03,Organic Search,25-34,Active
USR002974,UAE,Spanish,2025-05-02,Partner Bundle,35-44,Active
USR002975,United States,Telugu,2025-02-15,Social Media,45-54,Active
USR002976,United Kingdom,Hindi,2025-06-13,Organic Search,55+,Active
USR002977,India,Spanish,2025-04-18,Referral,18-24,Active
USR002978,France,Hindi,2025-06-11,Social Media,45-54,Active
USR002979,United States,Portuguese,2025-03-10,App Store,25-34,Active
USR002980,Australia,Spanish,2025-04-28,Referral,18-24,Active
USR002981,United States,Bengali,2025-03-14,Organic Search,35-44,Active
USR002982,India,Tamil,2025-03-01,Paid Ads,18-24,Inactive
USR002983,United States,English,2025-03-31,Social Media,45-54,Active
USR002984,India,Tamil,2025-02-26,Social Media,35-44,Active
USR002985,United States,Bengali,2025-06-26,App Store,25-34,Active
USR002986,India,Spanish,2025-04-19,Organic Search,35-44,Active
USR002987,India,Telugu,2025-04-01,Partner Bundle,18-24,Active
USR002988,India,Tamil,2025-04-27,Paid Ads,35-44,Active
USR002989,Australia,English,2025-03-26,Organic Search,18-24,Active
USR002990,Germany,Hindi,2025-04-11,Organic Search,55+,Inactive
USR002991,India,German,2025-06-02,Referral,18-24,Active
USR002992,United States,Telugu,2025-04-13,Social Media,35-44,Inactive
USR002993,United States,French,2025-04-11,Organic Search,35-44,Active
USR002994,United States,Tamil,2025-06-28,Referral,35-44,Active
USR002995,India,Hindi,2025-02-11,Social Media,18-24,Active
USR002996,India,German,2025-03-16,Social Media,35-44,Active
USR002997,UAE,Spanish,2025-03-28,Organic Search,35-44,Active
USR002998,France,English,2025-07-31,Organic Search,35-44,Active
USR002999,United States,Tamil,2025-04-20,Organic Search,35-44,Active
USR003000,Australia,Portuguese,2025-03-29,App Store,25-34,Active
USR003001,United States,Bengali,2025-02-06,Referral,25-34,Active
USR003002,India,French,2025-03-12,Referral,25-34,Inactive
USR003003,France,Bengali,2025-06-04,Paid Ads,25-34,Inactive
USR003004,India,German,2025-02-26,Social Media,35-44,Inactive
USR003005,Australia,Spanish,2025-05-11,App Store,25-34,Active
USR003006,United Kingdom,French,2025-07-26,Organic Search,45-54,Active
USR003007,Australia,Telugu,2025-04-09,App Store,55+,Active
USR003008,United States,German,2025-03-18,Organic Search,35-44,Inactive
USR003009,Australia,French,2025-02-01,Organic Search,25-34,Active
USR003010,India,Spanish,2025-05-04,Partner Bundle,18-24,Inactive
USR003011,India,Spanish,2025-05-15,Organic Search,55+,Active
USR003012,UAE,Tamil,2025-02-10,Organic Search,25-34,Active
USR003013,Australia,Bengali,2025-01-18,Organic Search,35-44,Active
USR003014,France,French,2025-04-30,Referral,25-34,Active
USR003015,United States,English,2025-03-31,Social Media,25-34,Active
USR003016,United States,French,2025-07-06,Paid Ads,45-54,Active
USR003017,United Kingdom,German,2025-02-06,Organic Search,18-24,Active
USR003018,India,Bengali,2025-08-01,Social Media,25-34,Inactive
USR003019,Australia,Telugu,2025-04-23,Social Media,25-34,Active
USR003020,France,Hindi,2025-04-19,Referral,35-44,Active
USR003021,UAE,Portuguese,2025-06-27,Social Media,45-54,Active
USR003022,United States,Spanish,2025-07-08,Partner Bundle,45-54,Inactive
USR003023,United States,Portuguese,2025-03-25,Social Media,35-44,Inactive
USR003024,France,English,2025-05-24,Paid Ads,25-34,Inactive
USR003025,Germany,Portuguese,2025-04-07,Social Media,25-34,Active
USR003026,UAE,Telugu,2025-02-12,Referral,35-44,Active
USR003027,Canada,Hindi,2025-05-15,Organic Search,25-34,Active
USR003028,UAE,Telugu,2025-04-01,Organic Search,18-24,Active
USR003029,India,English,2025-03-05,Partner Bundle,25-34,Inactive
USR003030,Canada,Spanish,2025-03-07,Referral,18-24,Active
USR003031,India,Telugu,2025-05-26,Referral,25-34,Active
USR003032,Australia,Spanish,2025-04-18,Paid Ads,18-24,Active
USR003033,Canada,Hindi,2025-03-26,Organic Search,18-24,Active
USR003034,India,German,2025-03-24,App Store,45-54,Active
USR003035,United Kingdom,Spanish,2025-02-06,Organic Search,18-24,Inactive
USR003036,India,Portuguese,2025-06-20,Referral,45-54,Active
USR003037,India,Telugu,2025-04-13,Organic Search,55+,Active
USR003038,India,English,2025-05-08,Referral,25-34,Active
USR003039,United States,English,2025-05-04,Referral,25-34,Active
USR003040,India,Tamil,2025-08-02,Social Media,25-34,Active
USR003041,India,French,2025-04-20,Social Media,18-24,Active
USR003042,India,English,2025-03-05,Organic Search,35-44,Inactive
USR003043,India,Portuguese,2025-04-24,Organic Search,45-54,Active
USR003044,India,Hindi,2025-01-17,Referral,35-44,Active
USR003045,United Kingdom,English,2025-03-31,Paid Ads,18-24,Active
USR003046,United Kingdom,Spanish,2025-05-25,Referral,35-44,Active
USR003047,Brazil,English,2025-03-03,Organic Search,35-44,Active
USR003048,India,French,2025-07-24,Partner Bundle,35-44,Active
USR003049,UAE,French,2025-02-12,Paid Ads,18-24,Active
USR003050,United States,Tamil,2025-05-26,Organic Search,35-44,Active
USR003051,United States,Spanish,2025-03-23,Paid Ads,35-44,Active
USR003052,United States,Portuguese,2025-08-23,Organic Search,45-54,Active
USR003053,India,Tamil,2025-04-20,App Store,18-24,Active
USR003054,United States,Telugu,2025-02-19,Referral,18-24,Active
USR003055,Germany,Tamil,2025-06-28,Social Media,45-54,Inactive
USR003056,UAE,Portuguese,2025-05-15,Organic Search,18-24,Inactive
USR003057,Brazil,Hindi,2025-06-18,Paid Ads,25-34,Active
USR003058,Germany,Bengali,2025-06-11,App Store,45-54,Inactive
USR003059,Canada,German,2025-03-15,Social Media,25-34,Active
USR003060,United States,Hindi,2025-02-27,Organic Search,25-34,Active
USR003061,UAE,Telugu,2025-04-04,App Store,35-44,Active
USR003062,Australia,German,2025-02-05,Paid Ads,35-44,Active
USR003063,India,Bengali,2025-06-19,App Store,35-44,Active
USR003064,Canada,Tamil,2025-08-22,Referral,18-24,Active
USR003065,United States,Telugu,2025-06-03,Referral,35-44,Inactive
USR003066,United Kingdom,English,2025-05-01,Organic Search,45-54,Inactive
USR003067,UAE,Hindi,2025-05-11,Organic Search,18-24,Active
USR003068,Canada,Portuguese,2025-05-04,Referral,35-44,Inactive
USR003069,Singapore,Telugu,2025-05-05,App Store,25-34,Active
USR003070,UAE,Telugu,2025-02-14,Organic Search,18-24,Active
USR003071,India,French,2025-03-26,Partner Bundle,35-44,Active
USR003072,India,French,2025-04-02,Partner Bundle,25-34,Active
USR003073,United States,Spanish,2025-01-24,Paid Ads,18-24,Inactive
USR003074,UAE,French,2025-05-11,Partner Bundle,18-24,Active
USR003075,India,Tamil,2025-01-27,Referral,35-44,Active
USR003076,Australia,Spanish,2025-05-26,Social Media,55+,Inactive
USR003077,United States,Bengali,2025-03-28,Referral,18-24,Active
USR003078,Australia,English,2025-08-05,App Store,25-34,Active
USR003079,India,Tamil,2025-07-25,Partner Bundle,25-34,Inactive
USR003080,India,Hindi,2025-04-12,App Store,35-44,Active
USR003081,India,English,2025-02-20,Organic Search,25-34,Active
USR003082,United Kingdom,French,2025-03-27,Referral,35-44,Active
USR003083,India,Tamil,2025-03-19,Social Media,45-54,Active
USR003084,France,Telugu,2025-06-11,Referral,35-44,Inactive
USR003085,United States,English,2025-05-15,Social Media,25-34,Active
USR003086,Canada,Spanish,2025-08-21,Organic Search,35-44,Active
USR003087,Singapore,Tamil,2025-04-22,App Store,25-34,Inactive
USR003088,United Kingdom,Tamil,2025-01-09,Partner Bundle,18-24,Inactive
USR003089,India,Tamil,2025-08-10,Organic Search,25-34,Active
USR003090,France,Telugu,2025-06-26,Paid Ads,25-34,Active
USR003091,India,Telugu,2025-06-03,Referral,45-54,Active
USR003092,India,Bengali,2025-06-10,Partner Bundle,25-34,Inactive
USR003093,United States,Hindi,2025-04-02,Paid Ads,25-34,Inactive
USR003094,India,English,2025-06-05,Paid Ads,35-44,Active
USR003095,United Kingdom,Telugu,2025-03-14,Partner Bundle,18-24,Active
USR003096,United Kingdom,English,2025-03-30,Paid Ads,18-24,Active
USR003097,United States,Hindi,2025-05-26,Social Media,45-54,Active
USR003098,India,English,2025-04-02,Organic Search,25-34,Inactive
USR003099,United States,English,2025-04-18,Partner Bundle,35-44,Active
USR003100,India,Spanish,2025-03-18,Referral,35-44,Active
USR003101,India,French,2025-06-24,Paid Ads,35-44,Active
USR003102,United States,German,2025-04-29,Referral,35-44,Inactive
USR003103,United Kingdom,German,2025-06-29,Social Media,25-34,Active
USR003104,Canada,Hindi,2025-02-13,Referral,25-34,Active
USR003105,India,Spanish,2025-03-10,Organic Search,18-24,Inactive
USR003106,Singapore,Bengali,2025-05-01,App Store,55+,Active
USR003107,India,Hindi,2025-06-14,Organic Search,35-44,Active
USR003108,Australia,French,2025-04-01,Social Media,25-34,Active
USR003109,India,Telugu,2025-08-07,Organic Search,45-54,Active
USR003110,Canada,Portuguese,2025-02-17,App Store,45-54,Active
USR003111,United States,Spanish,2025-04-23,Organic Search,35-44,Active
USR003112,United Kingdom,Spanish,2025-07-17,Social Media,18-24,Active
USR003113,India,Telugu,2025-08-10,Social Media,18-24,Inactive
USR003114,United States,Bengali,2025-04-04,Social Media,35-44,Active
USR003115,Germany,French,2025-01-29,App Store,25-34,Inactive
USR003116,Germany,English,2025-04-11,App Store,45-54,Active
USR003117,India,German,2025-02-12,Paid Ads,35-44,Active
USR003118,United States,French,2025-04-14,Organic Search,25-34,Active
USR003119,India,Bengali,2025-04-24,Organic Search,25-34,Active
USR003120,India,Telugu,2025-03-08,Organic Search,25-34,Active
USR003121,India,Hindi,2025-05-19,Social Media,25-34,Active
USR003122,India,Tamil,2025-05-24,Referral,18-24,Active
USR003123,Germany,French,2025-05-11,Organic Search,55+,Active
USR003124,United States,Telugu,2025-05-16,Social Media,35-44,Active
USR003125,Germany,Portuguese,2025-04-09,Organic Search,18-24,Active
USR003126,Germany,Telugu,2025-04-06,Organic Search,18-24,Active
USR003127,United Kingdom,Hindi,2025-03-29,Organic Search,25-34,Active
USR003128,United States,Bengali,2025-04-20,Paid Ads,35-44,Active
USR003129,Singapore,Tamil,2025-02-25,Social Media,55+,Active
USR003130,United Kingdom,Portuguese,2025-05-28,Referral,18-24,Active
USR003131,United States,Telugu,2025-04-30,Paid Ads,25-34,Active
USR003132,UAE,German,2025-03-18,Organic Search,18-24,Inactive
USR003133,India,Bengali,2025-02-23,App Store,18-24,Inactive
USR003134,Canada,Telugu,2025-01-30,Social Media,35-44,Inactive
USR003135,India,English,2025-04-04,Referral,18-24,Inactive
USR003136,France,German,2025-03-26,Social Media,35-44,Active
USR003137,Germany,Telugu,2025-07-19,App Store,35-44,Active
USR003138,United States,Telugu,2025-02-25,Organic Search,25-34,Active
USR003139,Canada,Spanish,2025-03-13,Partner Bundle,45-54,Inactive
USR003140,Germany,German,2025-01-23,Social Media,35-44,Active
USR003141,United States,Bengali,2025-05-07,Paid Ads,35-44,Active
USR003142,UAE,Portuguese,2025-03-14,Paid Ads,25-34,Active
USR003143,United States,Portuguese,2025-05-11,Paid Ads,35-44,Active
USR003144,UAE,German,2025-04-08,Referral,35-44,Active
USR003145,United Kingdom,Hindi,2025-05-29,Social Media,35-44,Active
USR003146,United States,Bengali,2025-06-20,Organic Search,18-24,Active
USR003147,India,Telugu,2025-03-09,Referral,18-24,Active
USR003148,India,French,2025-04-27,Organic Search,18-24,Active
USR003149,UAE,German,2025-03-10,Organic Search,25-34,Active
USR003150,United States,Hindi,2025-07-30,Referral,25-34,Active
USR003151,United States,Portuguese,2025-05-12,Referral,25-34,Inactive
USR003152,United States,Tamil,2025-03-05,Referral,35-44,Active
USR003153,India,Portuguese,2025-04-14,Social Media,25-34,Active
USR003154,United States,Bengali,2025-03-21,App Store,18-24,Inactive
USR003155,United States,English,2025-07-25,Organic Search,35-44,Active
USR003156,UAE,Portuguese,2025-02-06,Referral,25-34,Inactive
USR003157,United Kingdom,Portuguese,2025-05-07,App Store,25-34,Active
USR003158,France,French,2025-05-24,App Store,25-34,Active
USR003159,Canada,English,2025-06-24,Organic Search,35-44,Active
USR003160,India,French,2025-01-23,Organic Search,25-34,Inactive
USR003161,UAE,Tamil,2025-06-20,Paid Ads,25-34,Active
USR003162,India,French,2025-04-14,Paid Ads,18-24,Active
USR003163,United States,Portuguese,2025-02-06,Referral,18-24,Active
USR003164,India,French,2025-03-12,Organic Search,35-44,Active
USR003165,United Kingdom,Bengali,2025-04-25,Organic Search,18-24,Active
USR003166,India,Hindi,2025-05-12,App Store,25-34,Active
USR003167,Australia,Telugu,2025-04-19,Organic Search,35-44,Active
USR003168,Singapore,Bengali,2025-05-28,Partner Bundle,25-34,Active
USR003169,Australia,Tamil,2025-05-08,Referral,45-54,Active
USR003170,United States,Tamil,2025-07-24,Social Media,25-34,Inactive
USR003171,United Kingdom,Bengali,2025-04-15,Social Media,35-44,Active
USR003172,UAE,Spanish,2025-07-12,Organic Search,45-54,Inactive
USR003173,India,Hindi,2025-02-24,Social Media,25-34,Active
USR003174,India,Portuguese,2025-03-11,Organic Search,35-44,Inactive
USR003175,India,Bengali,2025-03-15,App Store,45-54,Active
USR003176,United States,German,2025-07-10,Partner Bundle,25-34,Inactive
USR003177,Australia,German,2025-02-10,Paid Ads,45-54,Active
USR003178,Canada,Tamil,2025-04-09,App Store,45-54,Active
USR003179,United States,Tamil,2025-01-04,Organic Search,18-24,Active
USR003180,Australia,Hindi,2025-04-10,Organic Search,25-34,Active
USR003181,Canada,Telugu,2025-03-13,Paid Ads,18-24,Active
USR003182,Canada,Spanish,2025-01-15,App Store,45-54,Active
USR003183,India,Bengali,2025-05-22,App Store,25-34,Active
USR003184,India,Portuguese,2025-06-04,Referral,25-34,Active
USR003185,United States,Spanish,2025-04-28,Paid Ads,55+,Active
USR003186,Germany,Tamil,2025-02-03,Social Media,35-44,Active
USR003187,Germany,Bengali,2025-05-26,App Store,45-54,Active
USR003188,India,Tamil,2025-05-07,Paid Ads,25-34,Active
USR003189,India,Spanish,2025-03-23,Organic Search,55+,Active
USR003190,Germany,French,2025-06-27,Organic Search,55+,Active
USR003191,United States,Portuguese,2025-03-14,Organic Search,18-24,Active
USR003192,India,English,2025-03-22,Referral,25-34,Active
USR003193,India,French,2025-05-07,Organic Search,55+,Active
USR003194,India,English,2025-05-15,Organic Search,45-54,Active
USR003195,United States,Bengali,2025-04-18,Organic Search,25-34,Active
USR003196,India,Telugu,2025-06-24,Organic Search,45-54,Active
USR003197,Australia,Telugu,2025-01-22,App Store,25-34,Inactive
USR003198,Brazil,Hindi,2025-09-04,Partner Bundle,55+,Inactive
USR003199,India,Tamil,2025-09-01,Partner Bundle,18-24,Active
USR003200,India,Bengali,2025-05-26,Organic Search,55+,Active
USR003201,India,Bengali,2025-05-12,Referral,18-24,Active
USR003202,United States,German,2025-03-30,Organic Search,25-34,Active
USR003203,Australia,Bengali,2025-02-18,Partner Bundle,35-44,Active
USR003204,United States,Hindi,2025-06-21,Partner Bundle,25-34,Inactive
USR003205,India,French,2025-03-01,Partner Bundle,25-34,Active
USR003206,Australia,Hindi,2025-02-22,Organic Search,18-24,Inactive
USR003207,Germany,German,2025-08-27,Organic Search,35-44,Active
USR003208,India,Spanish,2025-02-08,Referral,35-44,Active
USR003209,India,Tamil,2025-02-28,Organic Search,25-34,Active
USR003210,United Kingdom,Telugu,2025-05-02,App Store,25-34,Active
USR003211,India,Tamil,2025-03-27,Paid Ads,35-44,Inactive
USR003212,United States,Hindi,2025-06-16,Organic Search,18-24,Active
USR003213,Germany,Hindi,2025-03-23,App Store,25-34,Active
USR003214,India,French,2025-03-09,Referral,25-34,Active
USR003215,Germany,Telugu,2025-01-20,Paid Ads,25-34,Active
USR003216,Canada,Bengali,2025-06-01,Organic Search,45-54,Active
USR003217,India,German,2025-07-30,Referral,55+,Active
USR003218,United Kingdom,English,2025-05-22,App Store,25-34,Active
USR003219,United Kingdom,Portuguese,2025-06-29,Social Media,18-24,Active
USR003220,India,Bengali,2025-01-16,Organic Search,25-34,Active
USR003221,India,English,2025-04-29,Paid Ads,45-54,Active
USR003222,United Kingdom,Portuguese,2025-03-15,Paid Ads,45-54,Active
USR003223,Australia,German,2025-07-17,Organic Search,25-34,Active
USR003224,United States,Bengali,2025-10-17,Organic Search,25-34,Active
USR003225,India,Hindi,2025-02-06,Organic Search,35-44,Active
USR003226,Singapore,Telugu,2025-04-26,Organic Search,25-34,Inactive
USR003227,Australia,Portuguese,2025-07-17,Organic Search,45-54,Active
USR003228,Canada,Telugu,2025-01-14,Partner Bundle,45-54,Active
USR003229,Canada,Portuguese,2025-02-18,Organic Search,25-34,Active
USR003230,United States,French,2025-07-20,Paid Ads,55+,Active
USR003231,Brazil,German,2025-08-06,Social Media,35-44,Active
USR003232,India,Telugu,2025-01-30,Referral,35-44,Active
USR003233,Australia,English,2025-05-20,Referral,55+,Active
USR003234,United States,Hindi,2025-03-28,App Store,25-34,Active
USR003235,UAE,Hindi,2025-03-03,App Store,18-24,Active
USR003236,Australia,Portuguese,2025-06-11,Organic Search,55+,Active
USR003237,United Kingdom,Spanish,2025-02-11,Social Media,55+,Inactive
USR003238,Singapore,Portuguese,2025-02-09,Referral,55+,Inactive
USR003239,Singapore,English,2025-04-12,Social Media,25-34,Active
USR003240,India,Spanish,2025-05-07,Organic Search,18-24,Active
USR003241,India,Hindi,2025-07-21,Social Media,25-34,Active
USR003242,Canada,Hindi,2025-03-03,Organic Search,25-34,Inactive
USR003243,Singapore,English,2025-03-01,Organic Search,35-44,Active
USR003244,United States,Tamil,2025-03-22,Social Media,25-34,Active
USR003245,India,German,2025-03-18,Social Media,25-34,Active
USR003246,Canada,German,2025-06-02,Organic Search,55+,Active
USR003247,India,Portuguese,2025-04-27,Referral,35-44,Active
USR003248,United Kingdom,Tamil,2025-02-04,Social Media,25-34,Active
USR003249,United States,Portuguese,2025-05-04,Organic Search,35-44,Inactive
USR003250,United Kingdom,French,2025-02-11,App Store,45-54,Active
USR003251,Singapore,Telugu,2025-06-08,Organic Search,25-34,Inactive
USR003252,United States,French,2025-01-16,Social Media,25-34,Active
USR003253,India,English,2025-07-17,Social Media,35-44,Active
USR003254,United Kingdom,French,2025-02-10,Paid Ads,35-44,Active
USR003255,India,Hindi,2025-05-21,Social Media,18-24,Active
USR003256,Germany,German,2025-05-31,Referral,25-34,Active
USR003257,United States,Hindi,2025-02-16,Partner Bundle,25-34,Active
USR003258,Australia,Hindi,2025-05-29,Organic Search,45-54,Active
USR003259,UAE,French,2025-05-31,Organic Search,25-34,Active
USR003260,United States,Telugu,2025-03-02,Paid Ads,35-44,Active
USR003261,Brazil,Spanish,2025-07-05,Paid Ads,18-24,Active
USR003262,India,Telugu,2025-04-05,Partner Bundle,25-34,Active
USR003263,Canada,Portuguese,2025-01-28,Partner Bundle,18-24,Active
USR003264,India,Spanish,2025-03-08,Social Media,25-34,Active
USR003265,India,French,2025-03-25,Social Media,45-54,Active
USR003266,Canada,English,2025-02-19,Partner Bundle,45-54,Active
USR003267,India,Telugu,2025-02-01,App Store,45-54,Active
USR003268,India,English,2025-03-15,Social Media,18-24,Active
USR003269,India,Spanish,2025-05-18,Organic Search,25-34,Active
USR003270,United Kingdom,Portuguese,2025-05-21,Referral,35-44,Active
USR003271,India,German,2025-02-25,Organic Search,25-34,Active
USR003272,United States,Hindi,2025-02-09,Partner Bundle,18-24,Active
USR003273,Canada,Portuguese,2025-03-16,App Store,55+,Active
USR003274,United States,Tamil,2025-04-16,Partner Bundle,25-34,Active
USR003275,India,Portuguese,2025-02-03,Organic Search,25-34,Inactive
USR003276,United Kingdom,French,2025-03-25,App Store,25-34,Active
USR003277,United Kingdom,Tamil,2025-04-07,Referral,25-34,Active
USR003278,United States,Telugu,2025-04-23,Organic Search,55+,Active
USR003279,Australia,Tamil,2025-04-07,Social Media,25-34,Active
USR003280,India,French,2025-08-08,Social Media,25-34,Active
USR003281,Canada,Bengali,2025-06-21,Paid Ads,35-44,Active
USR003282,India,Tamil,2025-09-24,Organic Search,25-34,Inactive
USR003283,United States,Hindi,2025-02-11,Organic Search,35-44,Active
USR003284,India,Tamil,2025-01-31,Partner Bundle,35-44,Active
USR003285,France,English,2025-04-16,App Store,55+,Active
USR003286,United Kingdom,Portuguese,2025-02-17,Paid Ads,25-34,Active
USR003287,Brazil,Telugu,2025-05-06,Paid Ads,25-34,Active
USR003288,Singapore,Bengali,2025-03-14,Paid Ads,25-34,Active
USR003289,Brazil,French,2025-01-29,Partner Bundle,25-34,Active
USR003290,India,Bengali,2025-05-21,App Store,18-24,Inactive
USR003291,United Kingdom,English,2025-08-13,Social Media,25-34,Active
USR003292,United States,French,2025-04-01,Referral,18-24,Active
USR003293,United Kingdom,Tamil,2025-04-05,Referral,45-54,Inactive
USR003294,India,Telugu,2025-05-05,Referral,18-24,Active
USR003295,India,Spanish,2025-05-08,Social Media,25-34,Active
USR003296,Australia,Hindi,2025-07-21,App Store,25-34,Active
USR003297,Brazil,Portuguese,2025-04-13,App Store,35-44,Active
USR003298,United Kingdom,English,2025-09-05,Social Media,25-34,Active
USR003299,India,English,2025-06-09,Organic Search,18-24,Active
USR003300,Singapore,Hindi,2025-02-08,Organic Search,45-54,Active
USR003301,United States,German,2025-03-10,Organic Search,35-44,Active
USR003302,Singapore,English,2025-03-05,Organic Search,18-24,Active
USR003303,France,Tamil,2025-09-23,Paid Ads,35-44,Active
USR003304,United Kingdom,Bengali,2025-03-18,Organic Search,25-34,Active
USR003305,Canada,Hindi,2025-07-02,Paid Ads,55+,Inactive
USR003306,Australia,German,2025-02-13,Social Media,25-34,Active
USR003307,Canada,Spanish,2025-04-21,Partner Bundle,25-34,Inactive
USR003308,India,Hindi,2025-03-20,Referral,18-24,Active
USR003309,Australia,Tamil,2025-08-01,Paid Ads,18-24,Active
USR003310,India,English,2025-02-10,Referral,18-24,Inactive
USR003311,Australia,Bengali,2025-02-14,Partner Bundle,18-24,Active
USR003312,United Kingdom,Tamil,2025-02-15,Paid Ads,35-44,Inactive
USR003313,India,French,2025-03-04,Paid Ads,45-54,Active
USR003314,Germany,German,2025-03-22,Referral,25-34,Active
USR003315,United States,Hindi,2025-05-07,Partner Bundle,25-34,Active
USR003316,United States,Bengali,2025-05-26,Paid Ads,18-24,Active
USR003317,India,Tamil,2025-02-28,Paid Ads,18-24,Inactive
USR003318,United States,Tamil,2025-04-06,Organic Search,55+,Active
USR003319,India,Spanish,2025-08-05,App Store,25-34,Inactive
USR003320,India,English,2025-07-22,Referral,35-44,Inactive
USR003321,India,Bengali,2025-01-26,Social Media,45-54,Inactive
USR003322,India,Telugu,2025-02-03,Referral,18-24,Active
USR003323,United States,English,2025-02-20,Paid Ads,25-34,Active
USR003324,United Kingdom,Bengali,2025-05-02,Organic Search,25-34,Active
USR003325,United Kingdom,Hindi,2025-03-28,Social Media,25-34,Active
USR003326,United States,Bengali,2025-02-21,Paid Ads,18-24,Inactive
USR003327,UAE,German,2025-02-06,Organic Search,45-54,Active
USR003328,India,Bengali,2025-05-06,App Store,25-34,Active
USR003329,United Kingdom,Tamil,2025-05-14,Organic Search,18-24,Inactive
USR003330,UAE,Hindi,2025-05-17,Referral,25-34,Active
USR003331,India,Telugu,2025-03-23,Social Media,45-54,Active
USR003332,United States,Tamil,2025-07-12,Organic Search,18-24,Active
USR003333,United Kingdom,French,2025-03-29,App Store,25-34,Active
USR003334,India,Portuguese,2025-06-09,Referral,25-34,Active
USR003335,India,French,2025-03-04,Paid Ads,45-54,Inactive
USR003336,Germany,English,2025-05-06,Social Media,25-34,Active
USR003337,United Kingdom,Spanish,2025-07-18,App Store,35-44,Active
USR003338,India,Bengali,2025-05-10,Organic Search,35-44,Active
USR003339,Germany,Spanish,2025-05-16,Organic Search,55+,Active
USR003340,Australia,Telugu,2025-03-05,App Store,18-24,Active
USR003341,United States,English,2025-07-04,Partner Bundle,45-54,Active
USR003342,United States,French,2025-05-03,App Store,25-34,Active
USR003343,Canada,French,2025-03-06,Organic Search,35-44,Active
USR003344,United States,Portuguese,2025-04-06,Social Media,45-54,Inactive
USR003345,Canada,English,2025-06-07,Paid Ads,25-34,Active
USR003346,India,Portuguese,2025-06-29,Partner Bundle,45-54,Inactive
USR003347,India,Bengali,2025-07-08,Social Media,35-44,Inactive
USR003348,India,Tamil,2025-02-12,Social Media,25-34,Active
USR003349,Singapore,French,2025-04-09,Organic Search,45-54,Active
USR003350,France,Tamil,2025-03-17,Referral,18-24,Inactive
USR003351,United Kingdom,Tamil,2025-03-06,Organic Search,35-44,Active
USR003352,United Kingdom,Hindi,2025-05-12,Organic Search,18-24,Active
USR003353,India,Telugu,2025-08-06,Paid Ads,18-24,Active
USR003354,Canada,Portuguese,2025-03-27,Social Media,18-24,Active
USR003355,India,Bengali,2025-03-03,Partner Bundle,45-54,Active
USR003356,United Kingdom,Spanish,2025-06-06,Paid Ads,35-44,Active
USR003357,France,Bengali,2025-04-07,Social Media,25-34,Active
USR003358,India,French,2025-01-21,Paid Ads,25-34,Active
USR003359,United Kingdom,English,2025-01-27,App Store,45-54,Active
USR003360,United Kingdom,Spanish,2025-04-03,Social Media,35-44,Inactive
USR003361,India,English,2025-03-13,Referral,18-24,Active
USR003362,Canada,German,2025-02-23,Organic Search,45-54,Inactive
USR003363,United Kingdom,Portuguese,2025-03-31,Social Media,35-44,Active
USR003364,Germany,Telugu,2025-03-05,Referral,25-34,Inactive
USR003365,India,Spanish,2025-03-12,Referral,35-44,Active
USR003366,United States,Telugu,2025-01-31,Paid Ads,35-44,Active
USR003367,Brazil,Bengali,2025-05-05,Partner Bundle,25-34,Active
USR003368,Canada,French,2025-08-10,App Store,35-44,Active
USR003369,Canada,Spanish,2025-01-08,App Store,35-44,Active
USR003370,India,Hindi,2025-03-27,Referral,55+,Active
USR003371,India,Bengali,2025-04-12,Organic Search,25-34,Active
USR003372,Singapore,Spanish,2025-05-16,Paid Ads,35-44,Active
USR003373,India,Telugu,2025-02-08,Social Media,25-34,Active
USR003374,Brazil,Hindi,2025-04-11,Organic Search,25-34,Active
USR003375,India,German,2025-04-27,Organic Search,25-34,Active
USR003376,India,German,2025-06-24,Paid Ads,35-44,Inactive
USR003377,India,Portuguese,2025-04-15,Paid Ads,35-44,Active
USR003378,United States,Bengali,2025-05-26,Partner Bundle,18-24,Active
USR003379,Germany,Bengali,2025-05-20,Partner Bundle,45-54,Active
USR003380,Brazil,Hindi,2025-07-03,Referral,35-44,Active
USR003381,United States,Hindi,2025-04-15,Organic Search,35-44,Active
USR003382,India,Telugu,2025-01-19,Social Media,18-24,Inactive
USR003383,United Kingdom,French,2025-07-07,Organic Search,18-24,Active
USR003384,Australia,Spanish,2025-01-29,Referral,25-34,Inactive
USR003385,United States,Spanish,2025-03-22,App Store,45-54,Active
USR003386,India,Telugu,2025-05-27,App Store,18-24,Active
USR003387,India,English,2025-03-24,Organic Search,35-44,Active
USR003388,Canada,French,2025-08-12,Referral,35-44,Active
USR003389,United States,Tamil,2025-03-18,Paid Ads,18-24,Inactive
USR003390,Australia,Portuguese,2025-04-19,Social Media,35-44,Active
USR003391,India,English,2025-04-16,Partner Bundle,25-34,Active
USR003392,France,English,2025-04-19,Social Media,25-34,Active
USR003393,India,Hindi,2025-02-17,Referral,18-24,Active
USR003394,India,Telugu,2025-06-04,Referral,45-54,Inactive
USR003395,United Kingdom,Telugu,2025-04-13,Social Media,35-44,Inactive
USR003396,Australia,German,2025-06-18,Partner Bundle,35-44,Inactive
USR003397,India,French,2025-03-03,Paid Ads,25-34,Active
USR003398,Singapore,Tamil,2025-06-26,App Store,35-44,Active
USR003399,Australia,Bengali,2025-01-21,Paid Ads,45-54,Inactive
USR003400,India,Telugu,2025-05-25,Referral,25-34,Active
USR003401,Australia,Hindi,2025-03-27,Organic Search,35-44,Inactive
USR003402,Australia,Hindi,2025-04-16,Paid Ads,25-34,Inactive
USR003403,Germany,Tamil,2025-03-11,Referral,25-34,Inactive
USR003404,Singapore,English,2025-04-22,Organic Search,25-34,Active
USR003405,Australia,German,2025-02-17,Organic Search,35-44,Active
USR003406,United States,English,2025-04-27,Referral,55+,Inactive
USR003407,Germany,Telugu,2025-03-20,App Store,18-24,Active
USR003408,Australia,Spanish,2025-05-11,Referral,25-34,Active
USR003409,United Kingdom,Portuguese,2025-03-11,Partner Bundle,35-44,Active
USR003410,United States,German,2025-06-03,App Store,45-54,Active
USR003411,Singapore,English,2025-08-15,Paid Ads,45-54,Inactive
USR003412,United States,French,2025-04-28,Social Media,35-44,Active
USR003413,Canada,Bengali,2025-05-08,App Store,25-34,Active
USR003414,United States,Telugu,2025-02-27,Paid Ads,35-44,Active
USR003415,Germany,Tamil,2025-04-10,Referral,35-44,Active
USR003416,United States,Portuguese,2025-03-19,Referral,55+,Inactive
USR003417,France,French,2025-05-28,Organic Search,55+,Active
USR003418,India,English,2025-04-04,Organic Search,35-44,Inactive
USR003419,Australia,Tamil,2025-07-28,Paid Ads,55+,Active
USR003420,United States,French,2025-07-20,Partner Bundle,18-24,Active
USR003421,Australia,English,2025-04-28,Organic Search,45-54,Active
USR003422,United Kingdom,Spanish,2025-01-10,Partner Bundle,55+,Inactive
USR003423,India,English,2025-05-18,Organic Search,55+,Active
USR003424,United States,German,2025-04-05,Referral,35-44,Active
USR003425,Brazil,Bengali,2025-03-11,Organic Search,25-34,Active
USR003426,Germany,Hindi,2025-06-28,App Store,55+,Active
USR003427,India,Tamil,2025-01-29,Organic Search,25-34,Active
USR003428,Singapore,Tamil,2025-04-19,Organic Search,25-34,Active
USR003429,Germany,German,2025-04-10,App Store,18-24,Active
USR003430,United States,Telugu,2025-01-24,Paid Ads,25-34,Active
USR003431,United Kingdom,English,2025-05-09,Social Media,25-34,Active
USR003432,United States,French,2025-04-03,App Store,25-34,Active
USR003433,India,Tamil,2025-05-28,Paid Ads,25-34,Active
USR003434,Germany,French,2025-01-28,Organic Search,25-34,Active
USR003435,India,Tamil,2025-05-06,Paid Ads,18-24,Active
USR003436,United States,Hindi,2025-06-06,Social Media,55+,Active
USR003437,Australia,Portuguese,2025-06-13,App Store,35-44,Active
USR003438,Singapore,French,2025-01-23,App Store,55+,Inactive
USR003439,India,German,2025-02-27,Social Media,18-24,Active
USR003440,United States,Telugu,2025-03-16,Organic Search,45-54,Active
USR003441,United Kingdom,Bengali,2025-06-01,App Store,18-24,Active
USR003442,Germany,English,2025-04-25,Social Media,35-44,Active
USR003443,Singapore,Telugu,2025-03-20,Social Media,45-54,Active
USR003444,India,Portuguese,2025-08-10,Organic Search,18-24,Active
USR003445,Canada,Hindi,2025-02-05,Paid Ads,55+,Active
USR003446,India,Hindi,2025-03-18,Organic Search,25-34,Active
USR003447,Germany,French,2025-05-17,Social Media,25-34,Active
USR003448,India,English,2025-05-12,Partner Bundle,45-54,Active
USR003449,UAE,Portuguese,2025-05-24,Organic Search,45-54,Active
USR003450,India,German,2025-04-07,Organic Search,45-54,Active
USR003451,Germany,Spanish,2025-05-01,Referral,35-44,Active
USR003452,India,Tamil,2025-01-24,Paid Ads,25-34,Active
USR003453,United Kingdom,Telugu,2025-03-02,Referral,25-34,Active
USR003454,United Kingdom,French,2025-03-08,Social Media,25-34,Active
USR003455,India,Hindi,2025-05-05,Social Media,18-24,Inactive
USR003456,India,German,2025-02-17,Organic Search,25-34,Active
USR003457,India,Telugu,2025-05-24,Social Media,45-54,Active
USR003458,India,Spanish,2025-03-24,Paid Ads,55+,Active
USR003459,India,Hindi,2025-05-09,Referral,35-44,Active
USR003460,United States,Hindi,2025-03-07,Partner Bundle,18-24,Active
USR003461,Australia,French,2025-04-05,Organic Search,35-44,Active
USR003462,Germany,French,2025-04-05,Social Media,25-34,Active
USR003463,India,German,2025-03-27,Paid Ads,35-44,Active
USR003464,India,Spanish,2025-07-29,Organic Search,25-34,Inactive
USR003465,Germany,English,2025-05-26,Organic Search,18-24,Active
USR003466,United States,French,2025-04-14,Organic Search,35-44,Inactive
USR003467,India,English,2025-04-18,Partner Bundle,35-44,Inactive
USR003468,United States,Bengali,2025-03-25,Organic Search,25-34,Inactive
USR003469,India,German,2025-05-28,Partner Bundle,25-34,Active
USR003470,India,Hindi,2025-02-13,Social Media,45-54,Active
USR003471,Germany,German,2025-07-17,Partner Bundle,35-44,Active
USR003472,India,German,2025-03-13,Organic Search,35-44,Active
USR003473,Singapore,English,2025-02-25,Referral,35-44,Active
USR003474,UAE,German,2025-06-15,Paid Ads,25-34,Active
USR003475,Australia,Bengali,2025-01-25,Referral,25-34,Active
USR003476,India,Hindi,2025-08-03,Referral,35-44,Active
USR003477,India,Bengali,2025-03-21,Referral,45-54,Active
USR003478,United States,Bengali,2025-06-24,Organic Search,45-54,Active
USR003479,United States,English,2025-05-15,Referral,45-54,Active
USR003480,UAE,French,2025-04-22,Referral,25-34,Active
USR003481,India,German,2025-07-05,Social Media,25-34,Inactive
USR003482,Australia,Bengali,2025-03-18,Referral,35-44,Active
USR003483,United Kingdom,Spanish,2025-06-05,Social Media,35-44,Inactive
USR003484,Germany,English,2025-05-12,Paid Ads,35-44,Active
USR003485,United Kingdom,Telugu,2025-04-16,Organic Search,55+,Active
USR003486,Canada,French,2025-03-19,Organic Search,55+,Inactive
USR003487,Brazil,German,2025-01-16,Referral,35-44,Active
USR003488,India,Tamil,2025-04-07,Partner Bundle,45-54,Active
USR003489,India,French,2025-06-03,Social Media,25-34,Active
USR003490,United States,English,2025-04-02,Organic Search,35-44,Active
USR003491,United States,Bengali,2025-04-25,Social Media,25-34,Active
USR003492,India,Portuguese,2025-02-16,Referral,18-24,Active
USR003493,India,Spanish,2025-01-20,Partner Bundle,45-54,Active
USR003494,India,French,2025-03-22,Organic Search,25-34,Inactive
USR003495,Germany,German,2025-06-06,Partner Bundle,55+,Active
USR003496,United States,Portuguese,2025-04-25,Partner Bundle,35-44,Active
USR003497,France,German,2025-02-26,Paid Ads,45-54,Active
USR003498,United States,Telugu,2025-01-29,Organic Search,25-34,Active
USR003499,Australia,Spanish,2025-07-07,Referral,25-34,Active
USR003500,United States,English,2025-04-10,App Store,45-54,Active
USR003501,United Kingdom,Tamil,2025-04-22,Social Media,45-54,Active
USR003502,United States,English,2025-06-01,Partner Bundle,35-44,Active
USR003503,India,Tamil,2025-01-08,Organic Search,25-34,Active
USR003504,Singapore,Bengali,2025-03-19,Social Media,25-34,Active
USR003505,France,Portuguese,2025-02-12,Partner Bundle,25-34,Active
USR003506,India,Bengali,2025-02-15,Referral,35-44,Active
USR003507,Brazil,German,2025-03-19,Referral,35-44,Active
USR003508,India,Telugu,2025-04-08,Organic Search,18-24,Active
USR003509,United States,Tamil,2025-05-31,App Store,35-44,Active
USR003510,Germany,Portuguese,2025-06-04,Social Media,18-24,Active
USR003511,India,French,2025-03-08,App Store,18-24,Active
USR003512,India,Bengali,2025-05-12,App Store,25-34,Active
USR003513,United States,Portuguese,2025-03-16,Organic Search,35-44,Active
USR003514,United States,Telugu,2025-06-20,Referral,35-44,Inactive
USR003515,India,Telugu,2025-06-02,Social Media,45-54,Active
USR003516,India,Hindi,2025-02-11,Organic Search,25-34,Inactive
USR003517,Singapore,Portuguese,2025-04-20,Organic Search,25-34,Inactive
USR003518,United States,German,2025-02-12,Organic Search,25-34,Active
USR003519,India,Spanish,2025-04-26,Paid Ads,18-24,Inactive
USR003520,Germany,French,2025-10-04,App Store,25-34,Active
USR003521,India,Hindi,2025-03-06,Referral,35-44,Inactive
USR003522,India,Spanish,2025-04-21,Referral,55+,Active
USR003523,Brazil,Tamil,2025-04-17,Organic Search,35-44,Inactive
USR003524,Singapore,English,2025-03-15,Paid Ads,55+,Active
USR003525,India,Hindi,2025-05-25,Referral,25-34,Inactive
USR003526,UAE,French,2025-09-24,App Store,35-44,Active
USR003527,UAE,English,2025-03-27,Paid Ads,35-44,Active
USR003528,Canada,Tamil,2025-03-20,Organic Search,25-34,Active
USR003529,United Kingdom,French,2025-07-19,App Store,25-34,Active
USR003530,India,Hindi,2025-04-07,Organic Search,25-34,Active
USR003531,India,French,2025-05-04,App Store,55+,Inactive
USR003532,United Kingdom,Bengali,2025-02-07,Partner Bundle,18-24,Active
USR003533,France,Tamil,2025-03-21,Referral,45-54,Active
USR003534,Canada,English,2025-01-28,Organic Search,35-44,Inactive
USR003535,India,German,2025-03-13,Organic Search,35-44,Active
USR003536,India,Tamil,2025-03-12,Organic Search,45-54,Active
USR003537,United Kingdom,French,2025-04-24,Referral,18-24,Active
USR003538,Canada,French,2025-06-11,App Store,35-44,Active
USR003539,India,Spanish,2025-05-12,App Store,25-34,Active
USR003540,United Kingdom,Tamil,2025-01-22,Paid Ads,18-24,Inactive
USR003541,Australia,Portuguese,2025-02-25,Organic Search,35-44,Active
USR003542,India,Telugu,2025-03-19,Partner Bundle,35-44,Inactive
USR003543,India,Portuguese,2025-04-12,Paid Ads,35-44,Inactive
USR003544,India,Tamil,2025-01-19,Social Media,25-34,Active
USR003545,Singapore,Hindi,2025-07-01,App Store,45-54,Active
USR003546,United States,Tamil,2025-03-08,Referral,25-34,Active
USR003547,United Kingdom,Telugu,2025-03-01,Referral,35-44,Active
USR003548,Australia,Hindi,2025-04-25,Partner Bundle,55+,Active
USR003549,United States,English,2025-01-28,App Store,45-54,Inactive
USR003550,India,Tamil,2025-02-06,Organic Search,35-44,Active
USR003551,Canada,Bengali,2025-04-17,Organic Search,35-44,Active
USR003552,Canada,Tamil,2025-04-15,Organic Search,45-54,Active
USR003553,India,Bengali,2025-06-19,Social Media,18-24,Active
USR003554,India,Tamil,2025-01-27,Social Media,18-24,Active
USR003555,Canada,Tamil,2025-07-17,Social Media,25-34,Active
USR003556,Australia,Bengali,2025-04-10,Organic Search,35-44,Inactive
USR003557,India,Spanish,2025-03-15,Organic Search,35-44,Active
USR003558,Australia,Spanish,2025-04-02,App Store,18-24,Active
USR003559,Singapore,Tamil,2025-08-04,Paid Ads,18-24,Active
USR003560,India,French,2025-04-04,Social Media,55+,Inactive
USR003561,United Kingdom,Telugu,2025-05-14,Social Media,25-34,Active
USR003562,Australia,Telugu,2025-02-09,App Store,35-44,Active
USR003563,India,Portuguese,2025-03-15,Organic Search,35-44,Inactive
USR003564,Germany,Hindi,2025-06-10,Social Media,55+,Active
USR003565,UAE,Hindi,2025-03-02,Paid Ads,18-24,Inactive
USR003566,France,Tamil,2025-06-08,Referral,35-44,Inactive
USR003567,India,Portuguese,2025-03-26,Organic Search,18-24,Active
USR003568,Germany,Telugu,2025-08-14,Organic Search,25-34,Active
USR003569,United States,Tamil,2025-07-31,Organic Search,25-34,Active
USR003570,India,German,2025-05-18,Paid Ads,25-34,Inactive
USR003571,India,Bengali,2025-02-09,Paid Ads,25-34,Active
USR003572,UAE,Hindi,2025-01-20,Organic Search,35-44,Active
USR003573,United States,Spanish,2025-02-03,Organic Search,45-54,Active
USR003574,UAE,Tamil,2025-03-04,Paid Ads,45-54,Active
USR003575,India,English,2025-06-15,Social Media,35-44,Active
USR003576,Germany,Bengali,2025-02-22,Partner Bundle,45-54,Active
USR003577,India,Portuguese,2025-05-06,Social Media,35-44,Active
USR003578,India,Hindi,2025-03-20,Social Media,45-54,Active
USR003579,Brazil,Portuguese,2025-05-06,Social Media,25-34,Active
USR003580,India,German,2025-04-13,App Store,35-44,Active
USR003581,United States,Bengali,2025-03-15,Referral,18-24,Inactive
USR003582,UAE,English,2025-01-24,App Store,55+,Active
USR003583,France,English,2025-03-26,Social Media,35-44,Active
USR003584,United States,French,2025-04-30,Referral,45-54,Active
USR003585,United Kingdom,English,2025-03-27,Organic Search,25-34,Active
USR003586,Canada,English,2025-02-13,Referral,18-24,Active
USR003587,India,German,2025-03-12,Organic Search,25-34,Inactive
USR003588,India,Hindi,2025-07-27,Organic Search,35-44,Active
USR003589,India,French,2025-04-30,Partner Bundle,18-24,Active
USR003590,United States,Bengali,2025-04-04,Paid Ads,18-24,Active
USR003591,India,Tamil,2025-02-10,App Store,18-24,Active
USR003592,India,Hindi,2025-05-29,Organic Search,18-24,Inactive
USR003593,United States,Spanish,2025-06-06,Social Media,35-44,Active
USR003594,United States,Hindi,2025-06-21,App Store,45-54,Active
USR003595,United States,French,2025-04-05,Social Media,25-34,Active
USR003596,India,German,2025-08-22,Organic Search,45-54,Active
USR003597,Germany,Portuguese,2025-05-29,Referral,25-34,Inactive
USR003598,UAE,Telugu,2025-03-12,Referral,45-54,Active
USR003599,India,Bengali,2025-02-26,Partner Bundle,18-24,Active
USR003600,India,Telugu,2025-03-23,Social Media,35-44,Active
USR003601,Australia,Bengali,2025-03-30,Partner Bundle,25-34,Active
USR003602,Singapore,German,2025-03-01,Partner Bundle,18-24,Active
USR003603,India,Spanish,2025-06-28,Social Media,25-34,Inactive
USR003604,India,Telugu,2025-02-25,Partner Bundle,25-34,Active
USR003605,India,English,2025-04-23,Paid Ads,35-44,Inactive
USR003606,Canada,Spanish,2025-06-06,App Store,45-54,Active
USR003607,Brazil,Telugu,2025-03-29,Partner Bundle,35-44,Active
USR003608,Germany,French,2025-04-21,Organic Search,25-34,Active
USR003609,United Kingdom,Telugu,2025-07-01,Partner Bundle,18-24,Active
USR003610,Australia,Tamil,2025-01-24,Referral,25-34,Active
USR003611,India,French,2025-03-02,Paid Ads,25-34,Active
USR003612,Canada,Telugu,2025-06-27,Social Media,35-44,Inactive
USR003613,India,Bengali,2025-01-14,Paid Ads,25-34,Active
USR003614,India,Bengali,2025-06-06,Organic Search,25-34,Inactive
USR003615,India,Telugu,2025-09-06,Social Media,45-54,Inactive
USR003616,Canada,Hindi,2025-01-21,Paid Ads,35-44,Active
USR003617,Germany,Bengali,2025-02-25,Organic Search,35-44,Active
USR003618,United Kingdom,German,2025-07-01,Paid Ads,18-24,Active
USR003619,India,Portuguese,2025-03-08,App Store,25-34,Active
USR003620,India,Tamil,2025-03-21,Organic Search,35-44,Active
USR003621,India,French,2025-05-23,Referral,35-44,Active
USR003622,India,Portuguese,2025-04-07,Referral,25-34,Active
USR003623,United States,English,2025-03-01,App Store,55+,Active
USR003624,India,French,2025-03-29,Paid Ads,18-24,Active
USR003625,Australia,German,2025-02-02,Social Media,18-24,Active
USR003626,Australia,French,2025-01-19,Social Media,35-44,Active
USR003627,United States,Portuguese,2025-04-23,Partner Bundle,25-34,Active
USR003628,United Kingdom,English,2025-03-22,Referral,25-34,Active
USR003629,India,Spanish,2025-01-24,Social Media,35-44,Inactive
USR003630,United States,Portuguese,2025-02-28,Partner Bundle,18-24,Active
USR003631,France,Telugu,2025-02-15,Organic Search,25-34,Active
USR003632,Canada,German,2025-06-18,Organic Search,35-44,Active
USR003633,India,Tamil,2025-02-02,Partner Bundle,25-34,Active
USR003634,France,French,2025-05-31,Paid Ads,45-54,Inactive
USR003635,Canada,German,2025-03-23,Referral,45-54,Active
USR003636,United States,Bengali,2025-04-13,Organic Search,35-44,Active
USR003637,Australia,German,2025-05-03,Social Media,25-34,Active
USR003638,India,Hindi,2025-03-10,Social Media,45-54,Inactive
USR003639,United Kingdom,Bengali,2025-07-27,Referral,35-44,Active
USR003640,United Kingdom,Spanish,2025-03-17,Social Media,18-24,Active
USR003641,Singapore,German,2025-04-11,Social Media,25-34,Active
USR003642,India,Tamil,2025-02-10,Partner Bundle,18-24,Active
USR003643,United States,English,2025-05-17,Partner Bundle,55+,Active
USR003644,Singapore,Spanish,2025-01-24,Organic Search,25-34,Active
USR003645,India,English,2025-04-01,Organic Search,18-24,Active
USR003646,France,Telugu,2025-03-27,Partner Bundle,25-34,Inactive
USR003647,India,Hindi,2025-03-13,Social Media,55+,Active
USR003648,India,Telugu,2025-05-03,Referral,18-24,Inactive
USR003649,India,Spanish,2025-06-21,App Store,25-34,Inactive
USR003650,Germany,Spanish,2025-01-06,Referral,25-34,Inactive
USR003651,India,English,2025-04-25,Organic Search,45-54,Inactive
USR003652,United States,Telugu,2025-05-29,App Store,18-24,Active
USR003653,India,Bengali,2025-02-10,Paid Ads,55+,Active
USR003654,India,French,2025-04-12,Organic Search,45-54,Active
USR003655,United States,Portuguese,2025-03-07,Partner Bundle,25-34,Active
USR003656,India,French,2025-06-21,App Store,45-54,Active
USR003657,India,German,2025-03-07,Organic Search,25-34,Active
USR003658,United States,Tamil,2025-05-01,Organic Search,25-34,Active
USR003659,Australia,Portuguese,2025-04-16,Social Media,25-34,Active
USR003660,India,Portuguese,2025-05-04,App Store,45-54,Active
USR003661,United States,Bengali,2025-05-16,Referral,35-44,Active
USR003662,India,Hindi,2025-04-15,Social Media,25-34,Active
USR003663,United States,English,2025-05-01,Organic Search,18-24,Active
USR003664,France,Hindi,2025-06-03,Social Media,35-44,Active
USR003665,Singapore,Tamil,2025-05-10,Partner Bundle,45-54,Active
USR003666,India,Telugu,2025-06-19,App Store,45-54,Active
USR003667,Canada,Tamil,2025-02-05,Referral,45-54,Active
USR003668,Canada,English,2025-05-06,App Store,25-34,Active
USR003669,France,English,2025-02-25,Social Media,25-34,Active
USR003670,UAE,English,2025-06-08,Referral,55+,Active
USR003671,United States,English,2025-02-17,App Store,45-54,Active
USR003672,Brazil,English,2025-06-29,Social Media,35-44,Active
USR003673,Brazil,Hindi,2025-04-19,App Store,25-34,Active
USR003674,United States,Hindi,2025-06-28,Referral,55+,Active
USR003675,United Kingdom,French,2025-07-25,Referral,25-34,Active
USR003676,Canada,Spanish,2025-04-07,Organic Search,35-44,Active
USR003677,United States,French,2025-03-31,Partner Bundle,25-34,Inactive
USR003678,Canada,German,2025-05-04,App Store,45-54,Active
USR003679,United States,French,2025-04-19,Organic Search,45-54,Active
USR003680,India,Spanish,2025-04-11,Referral,25-34,Active
USR003681,France,Spanish,2025-06-16,Paid Ads,35-44,Active
USR003682,Singapore,French,2025-06-14,App Store,55+,Active
USR003683,India,Tamil,2025-02-10,Organic Search,18-24,Active
USR003684,Germany,Telugu,2025-06-25,Paid Ads,25-34,Active
USR003685,United States,French,2025-01-12,Organic Search,25-34,Active
USR003686,United Kingdom,Bengali,2025-03-05,Social Media,45-54,Active
USR003687,United States,Tamil,2025-05-05,Referral,35-44,Inactive
USR003688,United Kingdom,German,2025-02-15,Organic Search,35-44,Inactive
USR003689,United States,Bengali,2025-04-24,Social Media,18-24,Active
USR003690,France,Tamil,2025-06-11,App Store,25-34,Inactive
USR003691,Canada,English,2025-06-23,App Store,18-24,Active
USR003692,United States,English,2025-04-10,Social Media,18-24,Inactive
USR003693,Canada,Tamil,2025-04-24,Social Media,25-34,Inactive
USR003694,Brazil,Bengali,2025-08-02,App Store,25-34,Active
USR003695,India,Portuguese,2025-02-23,Organic Search,25-34,Active
USR003696,United States,French,2025-05-02,Paid Ads,35-44,Active
USR003697,UAE,Telugu,2025-03-14,Social Media,18-24,Inactive
USR003698,Australia,Portuguese,2025-05-12,Partner Bundle,45-54,Active
USR003699,Singapore,Bengali,2025-09-11,Referral,55+,Inactive
USR003700,India,Bengali,2025-03-16,Organic Search,55+,Active
USR003701,UAE,English,2025-05-25,Organic Search,25-34,Active
USR003702,Germany,Tamil,2025-05-10,Organic Search,25-34,Active
USR003703,France,Portuguese,2025-03-08,Paid Ads,25-34,Inactive
USR003704,United Kingdom,Bengali,2025-08-07,Social Media,35-44,Active
USR003705,India,Hindi,2025-05-09,Organic Search,25-34,Active
USR003706,United Kingdom,German,2025-03-19,Organic Search,35-44,Inactive
USR003707,United States,French,2025-04-07,Social Media,25-34,Active
USR003708,United Kingdom,Bengali,2025-02-09,Social Media,35-44,Active
USR003709,Australia,Portuguese,2025-05-29,Partner Bundle,35-44,Active
USR003710,United Kingdom,Spanish,2025-05-30,Referral,18-24,Inactive
USR003711,India,Portuguese,2025-05-01,Partner Bundle,45-54,Active
USR003712,United Kingdom,English,2025-04-15,Organic Search,25-34,Active
USR003713,India,Telugu,2025-05-27,Social Media,55+,Inactive
USR003714,India,Bengali,2025-07-24,App Store,35-44,Active
USR003715,United States,Tamil,2025-06-22,Referral,25-34,Active
USR003716,Germany,French,2025-01-23,Referral,18-24,Active
USR003717,France,French,2025-02-09,Referral,35-44,Active
USR003718,United Kingdom,Telugu,2025-04-12,Paid Ads,25-34,Active
USR003719,UAE,Tamil,2025-05-21,Referral,55+,Inactive
USR003720,India,French,2025-05-13,Paid Ads,45-54,Active
USR003721,Brazil,German,2025-04-24,Organic Search,18-24,Inactive
USR003722,Singapore,French,2025-03-11,Paid Ads,25-34,Active
USR003723,United Kingdom,English,2025-04-11,Organic Search,25-34,Active
USR003724,India,French,2025-04-14,Social Media,35-44,Inactive
USR003725,United States,Tamil,2025-03-15,App Store,25-34,Active
USR003726,India,Hindi,2025-01-11,Referral,45-54,Inactive
USR003727,Canada,Telugu,2025-02-14,Partner Bundle,55+,Active
USR003728,India,Portuguese,2025-05-24,Organic Search,35-44,Inactive
USR003729,United States,Hindi,2025-03-21,Partner Bundle,45-54,Inactive
USR003730,India,Telugu,2025-03-20,Paid Ads,25-34,Active
USR003731,India,Hindi,2025-07-27,Social Media,25-34,Active
USR003732,India,Portuguese,2025-05-10,App Store,35-44,Active
USR003733,India,English,2025-02-14,Partner Bundle,25-34,Active
USR003734,Australia,French,2025-01-31,App Store,25-34,Active
USR003735,India,Hindi,2025-05-19,Organic Search,25-34,Active
USR003736,Australia,English,2025-02-25,Organic Search,45-54,Active
USR003737,Canada,Hindi,2025-02-02,Organic Search,35-44,Inactive
USR003738,India,Tamil,2025-04-10,App Store,45-54,Active
USR003739,India,German,2025-03-30,Paid Ads,25-34,Active
USR003740,United Kingdom,English,2025-06-25,Paid Ads,55+,Inactive
USR003741,Singapore,Spanish,2025-05-13,Paid Ads,45-54,Inactive
USR003742,United States,Tamil,2025-04-25,Referral,18-24,Active
USR003743,United States,German,2025-02-10,Social Media,25-34,Active
USR003744,Germany,Tamil,2025-07-21,Paid Ads,18-24,Inactive
USR003745,Germany,Bengali,2025-06-19,Partner Bundle,25-34,Active
USR003746,Singapore,Tamil,2025-09-09,Paid Ads,45-54,Inactive
USR003747,United States,German,2025-06-11,App Store,45-54,Active
USR003748,India,French,2025-04-05,Organic Search,18-24,Active
USR003749,Germany,German,2025-03-08,Social Media,18-24,Active
USR003750,India,Portuguese,2025-05-26,Referral,35-44,Active
USR003751,United States,Tamil,2025-06-11,Referral,25-34,Active
USR003752,Canada,German,2025-01-24,Referral,18-24,Active
USR003753,Australia,Bengali,2025-04-08,Paid Ads,45-54,Active
USR003754,Australia,German,2025-01-23,App Store,25-34,Active
USR003755,India,German,2025-04-10,App Store,25-34,Inactive
USR003756,Brazil,Bengali,2025-06-22,Organic Search,18-24,Inactive
USR003757,India,Portuguese,2025-06-08,Organic Search,25-34,Active
USR003758,India,Bengali,2025-01-13,Social Media,35-44,Active
USR003759,Canada,Portuguese,2025-05-04,Paid Ads,25-34,Active
USR003760,UAE,Portuguese,2025-02-06,App Store,45-54,Active
USR003761,United Kingdom,Bengali,2025-02-20,Social Media,35-44,Inactive
USR003762,United Kingdom,Telugu,2025-05-13,Social Media,25-34,Active
USR003763,United Kingdom,Telugu,2025-04-01,Organic Search,25-34,Active
USR003764,India,English,2025-02-13,Organic Search,18-24,Active
USR003765,Canada,Telugu,2025-04-21,Organic Search,45-54,Active
USR003766,United States,Tamil,2025-04-27,Social Media,45-54,Active
USR003767,Singapore,English,2025-02-08,Paid Ads,25-34,Active
USR003768,India,Bengali,2025-04-28,Organic Search,35-44,Inactive
USR003769,India,Portuguese,2025-04-26,Social Media,35-44,Active
USR003770,United States,Hindi,2025-06-15,Referral,45-54,Active
USR003771,United States,French,2025-07-11,Social Media,35-44,Active
USR003772,United States,Telugu,2025-04-09,Social Media,25-34,Active
USR003773,India,English,2025-05-24,Referral,35-44,Inactive
USR003774,India,Bengali,2025-04-04,App Store,55+,Inactive
USR003775,France,Portuguese,2025-04-06,App Store,25-34,Active
USR003776,United States,Bengali,2025-06-13,Organic Search,18-24,Active
USR003777,United Kingdom,Hindi,2025-06-19,Social Media,45-54,Active
USR003778,United Kingdom,Bengali,2025-05-02,Referral,35-44,Active
USR003779,United Kingdom,Bengali,2025-06-28,Referral,25-34,Active
USR003780,Australia,Hindi,2025-04-18,Organic Search,35-44,Active
USR003781,Canada,Portuguese,2025-02-19,Social Media,18-24,Active
USR003782,India,English,2025-04-14,Organic Search,25-34,Active
USR003783,United Kingdom,Telugu,2025-04-02,Social Media,25-34,Active
USR003784,India,Hindi,2025-05-12,Social Media,25-34,Active
USR003785,United Kingdom,Bengali,2025-03-17,Paid Ads,18-24,Active
USR003786,United States,Bengali,2025-05-06,Social Media,25-34,Active
USR003787,India,French,2025-04-11,Organic Search,55+,Active
USR003788,Australia,Bengali,2025-05-23,Referral,25-34,Active
USR003789,India,German,2025-04-09,Paid Ads,25-34,Active
USR003790,Singapore,Portuguese,2025-01-07,Organic Search,45-54,Active
USR003791,India,English,2025-04-04,Organic Search,25-34,Inactive
USR003792,Brazil,German,2025-03-19,Organic Search,45-54,Inactive
USR003793,United States,Portuguese,2025-09-11,Organic Search,18-24,Active
USR003794,India,Tamil,2025-07-04,Partner Bundle,45-54,Active
USR003795,India,French,2025-04-03,Organic Search,35-44,Active
USR003796,India,English,2025-05-18,App Store,35-44,Active
USR003797,India,Tamil,2025-02-22,Social Media,25-34,Active
USR003798,India,Telugu,2025-03-19,Paid Ads,45-54,Active
USR003799,India,Telugu,2025-04-11,Social Media,35-44,Active
USR003800,India,Portuguese,2025-09-01,Referral,18-24,Active
USR003801,United States,French,2025-02-12,Referral,18-24,Active
USR003802,United States,French,2025-06-10,Social Media,25-34,Active
USR003803,Canada,German,2025-05-24,Organic Search,18-24,Active
USR003804,India,Portuguese,2025-03-03,Partner Bundle,18-24,Active
USR003805,Singapore,Hindi,2025-07-15,Partner Bundle,25-34,Inactive
USR003806,United States,French,2025-05-26,Organic Search,25-34,Active
USR003807,Canada,Portuguese,2025-05-27,Organic Search,25-34,Active
USR003808,India,Tamil,2025-05-11,Referral,25-34,Inactive
USR003809,United Kingdom,Tamil,2025-05-22,Partner Bundle,18-24,Inactive
USR003810,United States,Telugu,2025-03-10,Paid Ads,35-44,Active
USR003811,Singapore,German,2025-06-04,App Store,25-34,Active
USR003812,UAE,French,2025-06-28,Social Media,35-44,Active
USR003813,Canada,Spanish,2025-03-14,Organic Search,55+,Active
USR003814,Germany,Hindi,2025-06-04,Organic Search,25-34,Active
USR003815,Canada,Telugu,2025-03-21,Referral,35-44,Active
USR003816,India,German,2025-04-21,App Store,25-34,Active
USR003817,Australia,English,2025-03-02,Organic Search,45-54,Active
USR003818,India,French,2025-03-02,Referral,35-44,Active
USR003819,Canada,Portuguese,2025-03-28,App Store,25-34,Active
USR003820,India,Bengali,2025-04-18,Referral,25-34,Active
USR003821,India,Telugu,2025-02-25,Social Media,45-54,Inactive
USR003822,United States,German,2025-05-11,Social Media,35-44,Active
USR003823,India,English,2025-02-20,Referral,18-24,Inactive
USR003824,Australia,German,2025-04-30,App Store,18-24,Active
USR003825,United Kingdom,Bengali,2025-05-22,Partner Bundle,35-44,Active
USR003826,Brazil,French,2025-03-22,App Store,25-34,Inactive
USR003827,United States,German,2025-06-29,Social Media,25-34,Active
USR003828,Australia,Bengali,2025-04-16,Organic Search,55+,Inactive
USR003829,France,German,2025-04-18,Organic Search,18-24,Active
USR003830,India,French,2025-06-02,Organic Search,18-24,Active
USR003831,Germany,French,2025-05-15,Social Media,25-34,Active
USR003832,United States,Tamil,2025-04-23,Referral,35-44,Active
USR003833,India,English,2025-02-02,App Store,25-34,Active
USR003834,India,French,2025-05-05,Organic Search,25-34,Active
USR003835,Australia,English,2025-01-23,Organic Search,45-54,Active
USR003836,India,Tamil,2025-03-02,Referral,45-54,Active
USR003837,India,Bengali,2025-02-12,App Store,25-34,Active
USR003838,United States,French,2025-05-13,Organic Search,45-54,Active
USR003839,United States,Bengali,2025-03-22,Organic Search,55+,Active
USR003840,Australia,Hindi,2025-05-04,Referral,55+,Active
USR003841,India,German,2025-02-17,Social Media,45-54,Inactive
USR003842,India,Spanish,2025-03-12,Partner Bundle,18-24,Active
USR003843,United States,Telugu,2025-02-19,Social Media,35-44,Inactive
USR003844,United Kingdom,Portuguese,2025-07-27,Partner Bundle,25-34,Active
USR003845,France,English,2025-03-02,Partner Bundle,25-34,Inactive
USR003846,United Kingdom,Bengali,2025-03-07,Organic Search,25-34,Active
USR003847,UAE,French,2025-07-01,Social Media,55+,Active
USR003848,India,German,2025-05-03,Social Media,55+,Active
USR003849,United Kingdom,English,2025-05-08,Social Media,18-24,Active
USR003850,Canada,German,2025-03-09,Organic Search,25-34,Inactive
USR003851,Australia,Portuguese,2025-05-12,App Store,45-54,Active
USR003852,Brazil,Bengali,2025-03-20,Organic Search,35-44,Active
USR003853,United States,Bengali,2025-05-09,Partner Bundle,35-44,Active
USR003854,United States,Tamil,2025-06-05,Referral,25-34,Inactive
USR003855,France,Portuguese,2025-04-11,Referral,25-34,Active
USR003856,India,French,2025-07-24,Paid Ads,25-34,Inactive
USR003857,India,Tamil,2025-05-23,Partner Bundle,25-34,Active
USR003858,United States,Spanish,2025-04-09,Social Media,55+,Active
USR003859,India,Hindi,2025-08-28,Organic Search,18-24,Active
USR003860,United States,Portuguese,2025-01-29,Social Media,55+,Active
USR003861,Brazil,German,2025-03-10,Referral,45-54,Active
USR003862,United States,Hindi,2025-05-15,Organic Search,35-44,Active
USR003863,Australia,German,2025-05-03,Paid Ads,25-34,Active
USR003864,India,Tamil,2025-01-11,Referral,35-44,Active
USR003865,India,Bengali,2025-04-02,Referral,25-34,Active
USR003866,India,German,2025-05-23,Organic Search,25-34,Active
USR003867,United Kingdom,Hindi,2025-04-20,App Store,25-34,Active
USR003868,India,Telugu,2025-07-04,Social Media,18-24,Inactive
USR003869,Australia,German,2025-03-17,Paid Ads,25-34,Active
USR003870,Canada,Hindi,2025-07-26,Organic Search,25-34,Active
USR003871,United States,Tamil,2025-03-29,App Store,18-24,Inactive
USR003872,India,Telugu,2025-06-06,Social Media,25-34,Inactive
USR003873,India,Bengali,2025-03-12,Partner Bundle,25-34,Active
USR003874,United Kingdom,Spanish,2025-09-06,Social Media,25-34,Active
USR003875,France,French,2025-03-22,Organic Search,55+,Active
USR003876,United Kingdom,Tamil,2025-07-03,Referral,45-54,Inactive
USR003877,United States,Spanish,2025-04-15,Referral,18-24,Active
USR003878,UAE,Tamil,2025-08-21,Social Media,25-34,Active
USR003879,India,Portuguese,2025-02-26,App Store,25-34,Inactive
USR003880,United States,German,2025-05-30,Social Media,25-34,Active
USR003881,United Kingdom,Hindi,2025-08-21,Organic Search,25-34,Active
USR003882,India,Hindi,2025-04-23,Organic Search,45-54,Active
USR003883,Brazil,Telugu,2025-05-04,Partner Bundle,35-44,Active
USR003884,United States,French,2025-04-01,Referral,25-34,Active
USR003885,India,Portuguese,2025-01-16,Referral,25-34,Active
USR003886,India,Portuguese,2025-02-01,Organic Search,25-34,Inactive
USR003887,United Kingdom,Tamil,2025-06-14,Referral,25-34,Inactive
USR003888,United Kingdom,German,2025-03-27,Referral,25-34,Active
USR003889,Brazil,Telugu,2025-03-03,Referral,45-54,Inactive
USR003890,United Kingdom,German,2025-10-23,Partner Bundle,25-34,Active
USR003891,Canada,Portuguese,2025-02-10,Referral,45-54,Active
USR003892,India,Portuguese,2025-03-21,Partner Bundle,25-34,Active
USR003893,India,Telugu,2025-01-10,Organic Search,35-44,Active
USR003894,United Kingdom,French,2025-02-11,Partner Bundle,35-44,Active
USR003895,UAE,English,2025-06-20,Referral,25-34,Active
USR003896,United Kingdom,French,2025-04-06,Social Media,45-54,Active
USR003897,United States,Spanish,2025-06-01,Paid Ads,35-44,Active
USR003898,United Kingdom,English,2025-07-09,Referral,45-54,Active
USR003899,United States,French,2025-03-18,Referral,25-34,Active
USR003900,India,Telugu,2025-02-07,Organic Search,18-24,Active
USR003901,Australia,Hindi,2025-04-15,Paid Ads,18-24,Active
USR003902,United Kingdom,Telugu,2025-05-10,Social Media,25-34,Active
USR003903,United States,Tamil,2025-05-14,Social Media,45-54,Active
USR003904,United Kingdom,Portuguese,2025-09-15,Partner Bundle,25-34,Active
USR003905,India,Hindi,2025-09-08,Organic Search,25-34,Inactive
USR003906,United States,Tamil,2025-04-30,App Store,25-34,Inactive
USR003907,Canada,Tamil,2025-03-24,Referral,35-44,Active
USR003908,India,Tamil,2025-03-01,Organic Search,35-44,Active
USR003909,Australia,Spanish,2025-07-11,App Store,45-54,Active
USR003910,United Kingdom,Tamil,2025-03-05,Paid Ads,25-34,Active
USR003911,UAE,Portuguese,2025-06-06,Social Media,55+,Active
USR003912,France,Spanish,2025-05-20,Social Media,45-54,Active
USR003913,United States,Hindi,2025-03-12,Social Media,25-34,Active
USR003914,India,Bengali,2025-05-02,Organic Search,45-54,Inactive
USR003915,Australia,Spanish,2025-04-05,App Store,25-34,Active
USR003916,United States,German,2025-03-14,Organic Search,45-54,Active
USR003917,United Kingdom,German,2025-03-02,App Store,25-34,Inactive
USR003918,India,Hindi,2025-05-22,Paid Ads,25-34,Active
USR003919,Canada,Hindi,2025-03-17,Partner Bundle,35-44,Active
USR003920,United States,Tamil,2025-03-15,Organic Search,55+,Active
USR003921,India,Hindi,2025-03-16,Social Media,35-44,Active
USR003922,Brazil,Tamil,2025-04-16,Paid Ads,55+,Active
USR003923,United States,Telugu,2025-07-13,App Store,45-54,Active
USR003924,Canada,French,2025-03-14,Organic Search,25-34,Active
USR003925,Canada,French,2025-04-14,App Store,25-34,Active
USR003926,India,Spanish,2025-07-15,Organic Search,25-34,Active
USR003927,Australia,English,2025-03-28,Referral,25-34,Active
USR003928,India,French,2025-02-28,Organic Search,35-44,Active
USR003929,Germany,Spanish,2025-04-04,Organic Search,25-34,Active
USR003930,United Kingdom,Bengali,2025-05-19,App Store,55+,Active
USR003931,India,German,2025-03-13,Organic Search,18-24,Active
USR003932,United States,Telugu,2025-04-21,Referral,25-34,Active
USR003933,Australia,Spanish,2025-06-10,Organic Search,35-44,Active
USR003934,United Kingdom,Spanish,2025-05-12,App Store,18-24,Inactive
USR003935,Canada,Tamil,2025-01-16,App Store,45-54,Inactive
USR003936,India,French,2025-07-01,Paid Ads,45-54,Active
USR003937,Germany,Bengali,2025-02-27,Paid Ads,45-54,Active
USR003938,India,Spanish,2025-03-08,Referral,55+,Active
USR003939,United Kingdom,German,2025-04-29,Referral,35-44,Active
USR003940,India,English,2025-05-25,Social Media,45-54,Active
USR003941,India,English,2025-09-02,Paid Ads,18-24,Active
USR003942,Canada,Bengali,2025-02-20,Social Media,25-34,Active
USR003943,India,Telugu,2025-05-11,Organic Search,25-34,Active
USR003944,UAE,English,2025-06-03,Organic Search,45-54,Active
USR003945,Canada,Tamil,2025-03-29,Paid Ads,25-34,Active
USR003946,UAE,Hindi,2025-07-23,Social Media,25-34,Inactive
USR003947,United States,English,2025-09-07,Partner Bundle,25-34,Inactive
USR003948,India,German,2025-05-11,Social Media,35-44,Inactive
USR003949,United Kingdom,German,2025-02-04,Organic Search,35-44,Active
USR003950,India,Hindi,2025-02-03,Social Media,25-34,Inactive
USR003951,United States,German,2025-04-29,Paid Ads,18-24,Active
USR003952,Canada,Telugu,2025-05-27,Referral,18-24,Active
USR003953,Australia,French,2025-07-11,Referral,35-44,Active
USR003954,India,Hindi,2025-04-21,Organic Search,18-24,Inactive
USR003955,Germany,German,2025-04-05,App Store,25-34,Active
USR003956,United States,Tamil,2025-05-01,Partner Bundle,35-44,Active
USR003957,United Kingdom,Bengali,2025-04-27,Organic Search,25-34,Active
USR003958,India,Portuguese,2025-03-22,Paid Ads,35-44,Active
USR003959,United States,Bengali,2025-08-17,Organic Search,35-44,Active
USR003960,Australia,Telugu,2025-04-25,Organic Search,45-54,Active
USR003961,Germany,Portuguese,2025-02-04,Organic Search,25-34,Active
USR003962,United States,Portuguese,2025-04-18,Referral,35-44,Active
USR003963,Australia,Tamil,2025-06-17,App Store,35-44,Active
USR003964,India,Spanish,2025-05-16,App Store,25-34,Active
USR003965,France,Bengali,2025-03-11,Organic Search,25-34,Inactive
USR003966,United Kingdom,Spanish,2025-08-17,Referral,45-54,Active
USR003967,Germany,English,2025-06-09,Organic Search,18-24,Active
USR003968,United States,French,2025-02-20,Social Media,35-44,Active
USR003969,India,Portuguese,2025-02-06,Referral,18-24,Active
USR003970,United States,Bengali,2025-03-15,App Store,35-44,Active
USR003971,United States,Tamil,2025-01-14,App Store,18-24,Active
USR003972,India,Spanish,2025-08-04,Organic Search,25-34,Inactive
USR003973,India,Spanish,2025-04-12,Paid Ads,25-34,Active
USR003974,Germany,Telugu,2025-02-08,Social Media,35-44,Active
USR003975,India,German,2025-04-20,Referral,25-34,Active
USR003976,UAE,Spanish,2025-02-08,Organic Search,25-34,Active
USR003977,India,English,2025-06-18,Organic Search,25-34,Active
USR003978,Brazil,Portuguese,2025-05-28,App Store,35-44,Inactive
USR003979,Brazil,German,2025-05-26,Organic Search,35-44,Active
USR003980,United States,Telugu,2025-04-28,App Store,45-54,Active
USR003981,Brazil,Portuguese,2025-05-18,Organic Search,35-44,Active
USR003982,UAE,French,2025-03-30,Social Media,45-54,Active
USR003983,India,German,2025-06-22,Paid Ads,35-44,Active
USR003984,Singapore,Spanish,2025-06-06,Organic Search,25-34,Active
USR003985,India,Telugu,2025-04-26,Partner Bundle,18-24,Active
USR003986,India,English,2025-07-11,Paid Ads,35-44,Active
USR003987,United Kingdom,Bengali,2025-06-20,Organic Search,55+,Active
USR003988,India,Spanish,2025-02-17,App Store,25-34,Active
USR003989,India,French,2025-02-18,Partner Bundle,18-24,Active
USR003990,Brazil,French,2025-02-07,Organic Search,25-34,Active
USR003991,Brazil,Telugu,2025-03-02,App Store,25-34,Active
USR003992,Germany,Telugu,2025-05-13,Partner Bundle,18-24,Active
USR003993,United States,French,2025-09-14,Organic Search,25-34,Active
USR003994,UAE,Tamil,2025-04-20,Organic Search,45-54,Inactive
USR003995,India,Bengali,2025-04-29,Paid Ads,25-34,Active
USR003996,Singapore,French,2025-05-27,Partner Bundle,55+,Active
USR003997,United States,English,2025-05-18,Paid Ads,25-34,Active
USR003998,UAE,Telugu,2025-03-11,Referral,18-24,Active
USR003999,Canada,Hindi,2025-03-23,Organic Search,45-54,Inactive
USR004000,Brazil,Spanish,2025-05-17,Partner Bundle,18-24,Active
USR004001,UAE,Bengali,2025-03-23,Organic Search,18-24,Inactive
USR004002,UAE,Hindi,2025-03-28,Organic Search,25-34,Active
USR004003,Canada,Hindi,2025-03-27,Social Media,45-54,Active
USR004004,France,French,2025-06-10,Referral,35-44,Inactive
USR004005,Germany,Tamil,2025-03-02,Organic Search,45-54,Inactive
USR004006,India,Hindi,2025-03-19,Organic Search,45-54,Active
USR004007,Canada,Portuguese,2025-08-27,Organic Search,18-24,Active
USR004008,India,Hindi,2025-06-05,Organic Search,18-24,Active
USR004009,UAE,Portuguese,2025-02-26,Partner Bundle,25-34,Active
USR004010,India,Telugu,2025-05-12,Organic Search,45-54,Active
USR004011,Brazil,Spanish,2025-03-04,App Store,25-34,Active
USR004012,United States,Portuguese,2025-09-04,App Store,55+,Active
USR004013,India,Portuguese,2025-02-20,Paid Ads,25-34,Inactive
USR004014,Singapore,Tamil,2025-02-24,Paid Ads,25-34,Active
USR004015,India,Hindi,2025-06-02,Referral,18-24,Active
USR004016,United States,Telugu,2025-03-13,Referral,45-54,Active
USR004017,Germany,French,2025-07-15,Partner Bundle,18-24,Active
USR004018,India,French,2025-05-10,App Store,55+,Inactive
USR004019,United Kingdom,Telugu,2025-07-06,Organic Search,25-34,Active
USR004020,Australia,German,2025-02-21,Organic Search,55+,Active
USR004021,Brazil,English,2025-02-22,Social Media,35-44,Active
USR004022,India,Spanish,2025-04-25,Organic Search,35-44,Active
USR004023,India,Telugu,2025-06-06,Partner Bundle,18-24,Active
USR004024,United States,Portuguese,2025-01-23,Social Media,18-24,Active
USR004025,United States,Portuguese,2025-06-07,Organic Search,25-34,Active
USR004026,United States,Telugu,2025-05-11,Paid Ads,25-34,Active
USR004027,India,German,2025-05-25,Social Media,35-44,Active
USR004028,United Kingdom,French,2025-03-15,Organic Search,18-24,Active
USR004029,UAE,Portuguese,2025-07-15,Organic Search,35-44,Active
USR004030,India,Tamil,2025-02-03,Organic Search,18-24,Active
USR004031,India,Hindi,2025-05-08,Referral,45-54,Active
USR004032,Canada,Spanish,2025-06-14,Paid Ads,45-54,Active
USR004033,India,Telugu,2025-02-20,Partner Bundle,45-54,Active
USR004034,Canada,French,2025-01-22,Referral,25-34,Active
USR004035,India,Telugu,2025-08-17,Paid Ads,18-24,Active
USR004036,United States,German,2025-07-14,Organic Search,25-34,Active
USR004037,United States,English,2025-06-06,Organic Search,35-44,Active
USR004038,United States,Spanish,2025-04-05,Social Media,25-34,Inactive
USR004039,France,Portuguese,2025-04-27,App Store,35-44,Active
USR004040,Singapore,French,2025-04-25,Social Media,18-24,Active
USR004041,United Kingdom,German,2025-06-18,Organic Search,45-54,Active
USR004042,United Kingdom,Hindi,2025-04-22,Partner Bundle,25-34,Active
USR004043,India,Bengali,2025-02-22,Social Media,45-54,Inactive
USR004044,Australia,English,2025-02-19,Organic Search,35-44,Active
USR004045,United Kingdom,French,2025-07-11,Referral,25-34,Active
USR004046,India,Tamil,2025-02-02,Paid Ads,35-44,Active
USR004047,India,Bengali,2025-06-02,Partner Bundle,25-34,Inactive
USR004048,India,French,2025-03-14,App Store,35-44,Inactive
USR004049,India,Hindi,2025-01-16,Organic Search,25-34,Active
USR004050,Canada,French,2025-05-31,Referral,45-54,Active
USR004051,Singapore,English,2025-05-13,Social Media,55+,Active
USR004052,Germany,Bengali,2025-04-13,Social Media,35-44,Active
USR004053,United States,Portuguese,2025-03-15,Organic Search,35-44,Active
USR004054,United States,Spanish,2025-08-07,Social Media,25-34,Active
USR004055,United States,Bengali,2025-04-20,Referral,45-54,Active
USR004056,United Kingdom,Portuguese,2025-03-30,Organic Search,25-34,Active
USR004057,United States,Bengali,2025-02-19,Referral,45-54,Inactive
USR004058,India,Hindi,2025-02-17,Organic Search,18-24,Active
USR004059,United Kingdom,Hindi,2025-05-31,Organic Search,45-54,Active
USR004060,United States,French,2025-03-27,Partner Bundle,25-34,Active
USR004061,India,English,2025-01-05,Paid Ads,25-34,Active
USR004062,India,Spanish,2025-03-07,Referral,18-24,Active
USR004063,India,French,2025-06-22,Social Media,18-24,Active
USR004064,United States,Hindi,2025-05-26,Organic Search,45-54,Active
USR004065,United States,Telugu,2025-03-13,Organic Search,25-34,Active
USR004066,India,Spanish,2025-09-05,Organic Search,55+,Active
USR004067,India,Telugu,2025-02-12,Paid Ads,25-34,Active
USR004068,India,Telugu,2025-02-05,Organic Search,55+,Inactive
USR004069,Singapore,Portuguese,2025-02-02,Social Media,35-44,Inactive
USR004070,India,French,2025-03-02,Organic Search,18-24,Active
USR004071,India,French,2025-05-23,Organic Search,25-34,Active
USR004072,Canada,English,2025-03-14,Referral,55+,Active
USR004073,India,Tamil,2025-04-05,Paid Ads,25-34,Inactive
USR004074,United Kingdom,Tamil,2025-01-23,Partner Bundle,18-24,Active
USR004075,India,Telugu,2025-07-19,Social Media,25-34,Inactive
USR004076,Brazil,Portuguese,2025-07-06,Paid Ads,45-54,Inactive
USR004077,Brazil,Portuguese,2025-03-29,Organic Search,55+,Active
USR004078,Canada,German,2025-04-03,Referral,18-24,Active
USR004079,Australia,Hindi,2025-04-19,Referral,25-34,Active
USR004080,United States,English,2025-05-12,Organic Search,25-34,Active
USR004081,Brazil,Hindi,2025-05-01,Referral,55+,Active
USR004082,United States,Hindi,2025-04-24,Referral,25-34,Active
USR004083,India,English,2025-03-31,Social Media,55+,Active
USR004084,India,Bengali,2025-02-17,Referral,35-44,Active
USR004085,India,Spanish,2025-04-29,Organic Search,45-54,Active
USR004086,United Kingdom,Bengali,2025-03-22,App Store,55+,Active
USR004087,India,Tamil,2025-04-18,Referral,18-24,Active
USR004088,Canada,English,2025-02-01,Organic Search,25-34,Active
USR004089,United States,Telugu,2025-03-23,Partner Bundle,25-34,Active
USR004090,UAE,Spanish,2025-03-02,Social Media,35-44,Active
USR004091,United Kingdom,Portuguese,2025-05-28,Partner Bundle,25-34,Active
USR004092,Canada,Portuguese,2025-04-25,Organic Search,55+,Active
USR004093,United Kingdom,French,2025-03-06,Organic Search,25-34,Active
USR004094,UAE,Hindi,2025-03-12,Paid Ads,18-24,Active
USR004095,India,Portuguese,2025-05-09,Partner Bundle,18-24,Active
USR004096,India,German,2025-05-02,Organic Search,25-34,Active
USR004097,Australia,Bengali,2025-04-13,Paid Ads,18-24,Active
USR004098,Germany,Portuguese,2025-05-13,Organic Search,35-44,Active
USR004099,United States,English,2025-06-26,App Store,25-34,Inactive
USR004100,United States,Spanish,2025-03-06,Referral,55+,Active
USR004101,India,Telugu,2025-02-01,App Store,18-24,Active
USR004102,India,Hindi,2025-05-21,Social Media,18-24,Active
USR004103,Singapore,French,2025-03-15,Partner Bundle,25-34,Active
USR004104,India,French,2025-05-20,Social Media,25-34,Active
USR004105,Canada,Telugu,2025-06-06,Social Media,45-54,Active
USR004106,Germany,Hindi,2025-04-25,Partner Bundle,25-34,Active
USR004107,India,Bengali,2025-03-11,Organic Search,25-34,Active
USR004108,India,Bengali,2025-01-12,Referral,35-44,Inactive
USR004109,India,Tamil,2025-02-12,Referral,35-44,Active
USR004110,Australia,French,2025-02-22,Organic Search,18-24,Active
USR004111,India,Hindi,2025-05-07,Social Media,35-44,Active
USR004112,India,Spanish,2025-07-20,Social Media,35-44,Inactive
USR004113,India,Spanish,2025-02-19,App Store,18-24,Active
USR004114,India,Spanish,2025-04-25,Social Media,35-44,Active
USR004115,India,French,2025-03-26,Social Media,55+,Active
USR004116,India,Telugu,2025-02-25,Paid Ads,25-34,Active
USR004117,India,Portuguese,2025-05-31,Referral,18-24,Active
USR004118,Australia,French,2025-06-25,Social Media,45-54,Active
USR004119,India,Telugu,2025-05-01,Paid Ads,25-34,Active
USR004120,Canada,Tamil,2025-05-23,Social Media,35-44,Active
USR004121,United Kingdom,Portuguese,2025-04-27,Organic Search,25-34,Active
USR004122,UAE,Bengali,2025-04-08,Paid Ads,45-54,Active
USR004123,India,Hindi,2025-07-04,Organic Search,55+,Active
USR004124,India,Spanish,2025-02-15,Partner Bundle,25-34,Active
USR004125,UAE,Tamil,2025-02-19,Referral,55+,Active
USR004126,France,German,2025-01-11,Organic Search,18-24,Active
USR004127,India,Hindi,2025-05-04,Organic Search,35-44,Active
USR004128,India,Hindi,2025-05-18,Organic Search,35-44,Active
USR004129,France,German,2025-04-16,App Store,25-34,Active
USR004130,India,German,2025-04-29,App Store,35-44,Active
USR004131,UAE,English,2025-03-02,Organic Search,25-34,Inactive
USR004132,Brazil,Spanish,2025-03-18,Referral,18-24,Active
USR004133,India,Portuguese,2025-04-02,Partner Bundle,45-54,Active
USR004134,France,Spanish,2025-02-20,Paid Ads,25-34,Active
USR004135,United States,Tamil,2025-02-17,Referral,25-34,Inactive
USR004136,Germany,Tamil,2025-04-22,Organic Search,25-34,Active
USR004137,United States,Hindi,2025-02-27,Partner Bundle,45-54,Active
USR004138,India,Telugu,2025-05-15,Partner Bundle,18-24,Inactive
USR004139,Australia,Portuguese,2025-07-10,Social Media,25-34,Active
USR004140,India,Portuguese,2025-03-25,Referral,25-34,Inactive
USR004141,Singapore,Bengali,2025-04-26,Organic Search,35-44,Active
USR004142,United States,German,2025-02-01,Paid Ads,45-54,Inactive
USR004143,India,Bengali,2025-02-15,Organic Search,35-44,Active
USR004144,India,Portuguese,2025-02-08,Partner Bundle,35-44,Active
USR004145,UAE,English,2025-04-25,App Store,35-44,Active
USR004146,India,English,2025-05-23,Social Media,35-44,Active
USR004147,France,German,2025-03-01,Paid Ads,25-34,Active
USR004148,India,Telugu,2025-07-02,Social Media,35-44,Active
USR004149,United States,Portuguese,2025-07-03,App Store,35-44,Active
USR004150,UAE,Portuguese,2025-04-02,Organic Search,45-54,Active
USR004151,India,Spanish,2025-04-21,Referral,18-24,Active
USR004152,India,English,2025-04-11,Social Media,25-34,Inactive
USR004153,UAE,Spanish,2025-04-13,Organic Search,25-34,Active
USR004154,United Kingdom,Bengali,2025-01-16,Organic Search,45-54,Active
USR004155,Australia,Telugu,2025-04-04,Paid Ads,35-44,Active
USR004156,France,German,2025-01-08,Organic Search,25-34,Active
USR004157,United Kingdom,Portuguese,2025-06-28,Paid Ads,55+,Inactive
USR004158,France,French,2025-06-07,Social Media,18-24,Active
USR004159,Canada,Tamil,2025-03-24,Organic Search,25-34,Active
USR004160,Canada,German,2025-07-22,App Store,35-44,Inactive
USR004161,India,Tamil,2025-08-14,Social Media,25-34,Inactive
USR004162,Singapore,French,2025-03-18,Organic Search,35-44,Active
USR004163,Germany,Spanish,2025-05-31,App Store,35-44,Inactive
USR004164,India,German,2025-07-06,Social Media,35-44,Inactive
USR004165,United Kingdom,German,2025-03-14,App Store,35-44,Active
USR004166,United States,Hindi,2025-01-31,Referral,35-44,Active
USR004167,Canada,French,2025-04-22,App Store,45-54,Inactive
USR004168,Brazil,Spanish,2025-04-28,Social Media,25-34,Active
USR004169,India,Telugu,2025-05-05,Organic Search,35-44,Inactive
USR004170,Brazil,German,2025-03-10,Organic Search,35-44,Active
USR004171,India,Tamil,2025-03-20,App Store,35-44,Active
USR004172,United States,Telugu,2025-01-21,App Store,25-34,Inactive
USR004173,United States,Hindi,2025-04-22,Organic Search,25-34,Active
USR004174,India,French,2025-07-19,Partner Bundle,35-44,Active
USR004175,United Kingdom,Tamil,2025-05-20,Partner Bundle,25-34,Active
USR004176,France,Spanish,2025-01-29,Social Media,45-54,Inactive
USR004177,India,Tamil,2025-03-02,Organic Search,18-24,Active
USR004178,India,English,2025-03-15,Social Media,18-24,Inactive
USR004179,Canada,Bengali,2025-06-18,Partner Bundle,25-34,Active
USR004180,Germany,German,2025-08-24,Referral,25-34,Active
USR004181,Brazil,English,2025-02-14,Partner Bundle,45-54,Active
USR004182,India,English,2025-05-13,Organic Search,25-34,Active
USR004183,UAE,Spanish,2025-05-29,Partner Bundle,25-34,Active
USR004184,United States,Tamil,2025-01-20,Paid Ads,25-34,Active
USR004185,India,Hindi,2025-02-27,Organic Search,45-54,Active
USR004186,Brazil,Bengali,2025-07-11,Referral,25-34,Inactive
USR004187,India,Telugu,2025-01-13,App Store,45-54,Active
USR004188,Australia,Hindi,2025-02-09,Organic Search,25-34,Inactive
USR004189,Germany,English,2025-08-16,Referral,25-34,Active
USR004190,United States,Telugu,2025-04-30,Paid Ads,25-34,Active
USR004191,Canada,Telugu,2025-02-24,Social Media,25-34,Active
USR004192,United Kingdom,Spanish,2025-03-16,Referral,25-34,Active
USR004193,India,Bengali,2025-05-19,App Store,18-24,Inactive
USR004194,Germany,Bengali,2025-06-29,Partner Bundle,45-54,Active
USR004195,Singapore,German,2025-06-30,Referral,25-34,Active
USR004196,United States,Telugu,2025-02-05,Paid Ads,25-34,Active
USR004197,Brazil,Spanish,2025-04-11,Social Media,25-34,Active
USR004198,United States,Tamil,2025-03-04,Social Media,35-44,Active
USR004199,United States,Spanish,2025-02-23,App Store,35-44,Active
USR004200,Canada,Portuguese,2025-04-08,Organic Search,35-44,Active
USR004201,India,Telugu,2025-05-15,Organic Search,25-34,Active
USR004202,UAE,English,2025-02-20,Organic Search,18-24,Active
USR004203,Germany,Bengali,2025-02-23,Organic Search,18-24,Active
USR004204,UAE,Portuguese,2025-03-29,Paid Ads,18-24,Inactive
USR004205,United Kingdom,Hindi,2025-07-13,Partner Bundle,25-34,Active
USR004206,UAE,English,2025-04-24,Organic Search,25-34,Active
USR004207,Canada,French,2025-02-16,Organic Search,55+,Active
USR004208,United States,Portuguese,2025-07-05,Partner Bundle,18-24,Active
USR004209,Singapore,Tamil,2025-04-01,Referral,35-44,Active
USR004210,United States,Bengali,2025-04-14,App Store,25-34,Active
USR004211,United States,Telugu,2025-04-23,Partner Bundle,18-24,Active
USR004212,India,German,2025-02-25,Partner Bundle,55+,Inactive
USR004213,Singapore,German,2025-02-15,Social Media,45-54,Active
USR004214,India,Tamil,2025-01-13,Social Media,25-34,Inactive
USR004215,India,Tamil,2025-01-09,Paid Ads,25-34,Active
USR004216,India,German,2025-05-24,Referral,25-34,Active
USR004217,United States,Bengali,2025-03-23,Paid Ads,25-34,Inactive
USR004218,India,Spanish,2025-01-02,Referral,25-34,Active
USR004219,Australia,Portuguese,2025-08-18,Referral,25-34,Active
USR004220,India,German,2025-06-07,Social Media,25-34,Inactive
USR004221,Australia,Portuguese,2025-03-23,Referral,25-34,Active
USR004222,India,German,2025-07-28,Organic Search,25-34,Active
USR004223,India,Spanish,2025-05-29,Social Media,18-24,Active
USR004224,Germany,Portuguese,2025-04-09,Paid Ads,35-44,Inactive
USR004225,United States,Hindi,2025-01-28,Paid Ads,45-54,Active
USR004226,India,German,2025-04-02,Referral,55+,Inactive
USR004227,Brazil,Spanish,2025-04-03,Paid Ads,25-34,Active
USR004228,India,Telugu,2025-03-05,Social Media,25-34,Active
USR004229,India,French,2025-04-27,Referral,55+,Active
USR004230,United States,Bengali,2025-06-10,Organic Search,25-34,Active
USR004231,India,English,2025-04-05,Referral,35-44,Active
USR004232,India,German,2025-01-27,Referral,45-54,Active
USR004233,France,Bengali,2025-02-19,Social Media,18-24,Active
USR004234,India,Hindi,2025-08-23,Organic Search,18-24,Active
USR004235,India,Tamil,2025-01-20,Paid Ads,25-34,Inactive
USR004236,UAE,Telugu,2025-04-18,Social Media,25-34,Active
USR004237,United States,Tamil,2025-03-26,Organic Search,18-24,Inactive
USR004238,India,Spanish,2025-05-18,Partner Bundle,25-34,Active
USR004239,United Kingdom,Tamil,2025-04-20,Partner Bundle,18-24,Active
USR004240,India,Telugu,2025-04-08,Organic Search,45-54,Active
USR004241,United States,Spanish,2025-06-25,Paid Ads,25-34,Active
USR004242,United Kingdom,Hindi,2025-05-18,Referral,18-24,Active
USR004243,Brazil,Spanish,2025-04-12,Social Media,25-34,Active
USR004244,India,English,2025-04-27,Paid Ads,25-34,Inactive
USR004245,Germany,Telugu,2025-07-20,Social Media,25-34,Active
USR004246,India,French,2025-04-15,Partner Bundle,25-34,Inactive
USR004247,United States,Spanish,2025-07-01,Paid Ads,55+,Active
USR004248,India,Tamil,2025-07-01,Referral,25-34,Active
USR004249,United States,Spanish,2025-02-19,Social Media,35-44,Active
USR004250,United States,Spanish,2025-02-20,Organic Search,35-44,Active
USR004251,Brazil,Portuguese,2025-05-10,Organic Search,25-34,Active
USR004252,Singapore,Hindi,2025-07-12,Organic Search,55+,Active
USR004253,United Kingdom,German,2025-03-07,Organic Search,35-44,Active
USR004254,India,Hindi,2025-05-10,Organic Search,18-24,Inactive
USR004255,United Kingdom,Tamil,2025-05-20,Organic Search,25-34,Active
USR004256,Germany,French,2025-01-11,App Store,18-24,Active
USR004257,India,Telugu,2025-05-25,Referral,25-34,Active
USR004258,United States,English,2025-03-07,Paid Ads,25-34,Active
USR004259,India,Bengali,2025-04-17,Organic Search,35-44,Inactive
USR004260,India,Hindi,2025-01-21,App Store,25-34,Active
USR004261,India,French,2025-03-07,Organic Search,55+,Active
USR004262,Brazil,Telugu,2025-04-14,Social Media,18-24,Active
USR004263,India,Bengali,2025-04-22,Social Media,25-34,Inactive
USR004264,India,Portuguese,2025-03-18,Organic Search,25-34,Active
USR004265,Brazil,German,2025-04-06,Organic Search,25-34,Active
USR004266,United States,Portuguese,2025-05-19,Paid Ads,18-24,Active
USR004267,Germany,Portuguese,2025-04-24,Organic Search,25-34,Active
USR004268,India,Spanish,2025-02-12,App Store,25-34,Active
USR004269,United Kingdom,Telugu,2025-02-04,Organic Search,45-54,Inactive
USR004270,India,Bengali,2025-06-18,Partner Bundle,35-44,Inactive
USR004271,United States,English,2025-05-19,App Store,35-44,Active
USR004272,United Kingdom,German,2025-05-10,Social Media,55+,Active
USR004273,United States,English,2025-04-08,Organic Search,35-44,Active
USR004274,United States,Spanish,2025-03-08,App Store,45-54,Active
USR004275,Germany,Hindi,2025-03-01,Paid Ads,18-24,Active
USR004276,United States,Hindi,2025-05-24,Referral,25-34,Active
USR004277,Canada,French,2025-02-23,Social Media,35-44,Active
USR004278,India,German,2025-04-29,Referral,25-34,Active
USR004279,UAE,English,2025-05-13,Social Media,25-34,Active
USR004280,United States,Tamil,2025-02-11,Referral,35-44,Active
USR004281,United States,German,2025-03-29,App Store,35-44,Active
USR004282,United States,French,2025-05-23,Partner Bundle,25-34,Active
USR004283,UAE,Tamil,2025-04-07,Partner Bundle,45-54,Inactive
USR004284,UAE,Hindi,2025-01-20,Partner Bundle,35-44,Active
USR004285,India,Bengali,2025-07-22,App Store,35-44,Active
USR004286,Germany,Tamil,2025-04-11,Social Media,45-54,Inactive
USR004287,India,Spanish,2025-02-18,Organic Search,18-24,Inactive
USR004288,India,French,2025-07-29,Paid Ads,25-34,Active
USR004289,France,Hindi,2025-02-05,Social Media,18-24,Active
USR004290,India,French,2025-05-16,Paid Ads,18-24,Active
USR004291,India,Portuguese,2025-04-24,Organic Search,35-44,Active
USR004292,United Kingdom,French,2025-03-09,Paid Ads,45-54,Active
USR004293,France,Bengali,2025-02-07,Organic Search,18-24,Active
USR004294,India,Spanish,2025-06-24,App Store,45-54,Inactive
USR004295,India,German,2025-03-27,Partner Bundle,25-34,Active
USR004296,India,Hindi,2025-06-04,Partner Bundle,35-44,Active
USR004297,India,Portuguese,2025-01-13,Social Media,35-44,Active
USR004298,India,Portuguese,2025-06-17,Social Media,35-44,Active
USR004299,Singapore,Telugu,2025-07-02,App Store,35-44,Active
USR004300,India,Hindi,2025-05-16,Paid Ads,18-24,Active
USR004301,United Kingdom,French,2025-03-06,Referral,18-24,Active
USR004302,Singapore,Tamil,2025-03-29,Partner Bundle,18-24,Active
USR004303,Canada,Portuguese,2025-04-27,Referral,45-54,Active
USR004304,India,Tamil,2025-04-05,Organic Search,25-34,Inactive
USR004305,United Kingdom,French,2025-03-16,Paid Ads,18-24,Active
USR004306,UAE,English,2025-07-02,Referral,55+,Active
USR004307,India,Telugu,2025-02-27,Organic Search,18-24,Active
USR004308,India,Telugu,2025-07-07,Organic Search,35-44,Active
USR004309,India,Tamil,2025-03-18,Social Media,45-54,Inactive
USR004310,United States,Spanish,2025-04-28,Partner Bundle,35-44,Active
USR004311,India,German,2025-06-22,Organic Search,55+,Inactive
USR004312,Australia,Telugu,2025-02-21,Referral,25-34,Active
USR004313,Canada,Tamil,2025-03-04,Social Media,18-24,Active
USR004314,United States,Telugu,2025-03-26,Partner Bundle,25-34,Active
USR004315,Australia,German,2025-04-18,Social Media,18-24,Active
USR004316,India,English,2025-08-10,Organic Search,25-34,Active
USR004317,Australia,German,2025-01-21,Referral,55+,Active
USR004318,United Kingdom,Hindi,2025-03-17,Organic Search,25-34,Active
USR004319,Canada,Hindi,2025-04-04,Social Media,25-34,Inactive
USR004320,India,French,2025-05-24,Paid Ads,45-54,Active
USR004321,United Kingdom,Tamil,2025-04-02,Referral,35-44,Active
USR004322,United States,German,2025-02-10,Organic Search,45-54,Active
USR004323,United States,Telugu,2025-04-07,Referral,55+,Active
USR004324,India,Bengali,2025-02-21,App Store,55+,Active
USR004325,India,English,2025-06-17,Referral,35-44,Active
USR004326,United States,Bengali,2025-08-16,Referral,25-34,Inactive
USR004327,United States,Spanish,2025-04-26,Social Media,25-34,Active
USR004328,United States,Hindi,2025-02-04,Referral,55+,Inactive
USR004329,United Kingdom,Hindi,2025-02-17,Organic Search,35-44,Active
USR004330,India,German,2025-03-21,App Store,55+,Inactive
USR004331,India,Hindi,2025-07-13,App Store,45-54,Active
USR004332,United States,French,2025-02-16,Referral,25-34,Active
USR004333,United Kingdom,Spanish,2025-02-23,Partner Bundle,45-54,Inactive
USR004334,United Kingdom,Bengali,2025-01-18,Referral,35-44,Active
USR004335,UAE,Portuguese,2025-04-25,Organic Search,35-44,Active
USR004336,Germany,Tamil,2025-02-03,Referral,25-34,Active
USR004337,India,French,2025-02-08,Social Media,55+,Active
USR004338,United Kingdom,Hindi,2025-07-01,Organic Search,25-34,Active
USR004339,United States,Bengali,2025-04-27,Referral,18-24,Inactive
USR004340,United States,Spanish,2025-05-13,Social Media,45-54,Active
USR004341,Brazil,Hindi,2025-02-26,Organic Search,35-44,Active
USR004342,United States,French,2025-07-11,Referral,18-24,Active
USR004343,Australia,Hindi,2025-06-13,App Store,25-34,Active
USR004344,Brazil,Spanish,2025-04-16,Referral,35-44,Active
USR004345,India,Portuguese,2025-02-17,Organic Search,25-34,Active
USR004346,India,Telugu,2025-07-15,Paid Ads,45-54,Inactive
USR004347,India,English,2025-02-08,App Store,55+,Active
USR004348,India,German,2025-04-23,Social Media,45-54,Active
USR004349,India,German,2025-01-27,Organic Search,35-44,Active
USR004350,Brazil,Portuguese,2025-08-10,Partner Bundle,25-34,Active
USR004351,Brazil,English,2025-04-05,Paid Ads,35-44,Active
USR004352,Australia,English,2025-02-05,Partner Bundle,25-34,Active
USR004353,Germany,Telugu,2025-01-27,Paid Ads,18-24,Active
USR004354,India,Telugu,2025-06-23,Organic Search,45-54,Inactive
USR004355,United Kingdom,Bengali,2025-03-10,Social Media,55+,Active
USR004356,India,French,2025-01-11,Organic Search,25-34,Inactive
USR004357,United States,Telugu,2025-03-29,Social Media,18-24,Active
USR004358,United States,Tamil,2025-09-25,App Store,25-34,Active
USR004359,United Kingdom,English,2025-03-13,Referral,18-24,Active
USR004360,India,Hindi,2025-09-16,Social Media,55+,Active
USR004361,India,Bengali,2025-08-01,App Store,18-24,Inactive
USR004362,United Kingdom,Tamil,2025-05-18,Organic Search,18-24,Active
USR004363,Canada,Telugu,2025-02-25,Referral,25-34,Active
USR004364,India,Bengali,2025-05-24,Paid Ads,18-24,Active
USR004365,India,German,2025-03-29,Partner Bundle,35-44,Active
USR004366,UAE,German,2025-04-28,Organic Search,45-54,Active
USR004367,India,Hindi,2025-02-26,Paid Ads,25-34,Inactive
USR004368,Australia,French,2025-03-08,Organic Search,45-54,Inactive
USR004369,India,Hindi,2025-05-16,Referral,35-44,Active
USR004370,Canada,Telugu,2025-05-01,Paid Ads,18-24,Inactive
USR004371,Canada,Portuguese,2025-01-15,App Store,35-44,Inactive
USR004372,Germany,Hindi,2025-06-14,Social Media,18-24,Active
USR004373,United States,French,2025-04-03,Paid Ads,25-34,Active
USR004374,India,Bengali,2025-02-23,Organic Search,18-24,Active
USR004375,France,Portuguese,2025-07-04,Organic Search,25-34,Active
USR004376,United States,French,2025-03-31,App Store,45-54,Inactive
USR004377,France,Bengali,2025-03-31,Partner Bundle,35-44,Active
USR004378,Germany,Telugu,2025-05-29,Organic Search,25-34,Active
USR004379,United States,German,2025-03-23,Organic Search,25-34,Active
USR004380,Brazil,French,2025-01-16,Organic Search,35-44,Active
USR004381,United States,Tamil,2025-02-17,Referral,35-44,Active
USR004382,Australia,Tamil,2025-06-26,Organic Search,18-24,Active
USR004383,Canada,Hindi,2025-02-07,Partner Bundle,35-44,Active
USR004384,United States,Spanish,2025-05-17,Social Media,45-54,Active
USR004385,United Kingdom,Tamil,2025-05-07,Organic Search,35-44,Active
USR004386,Germany,French,2025-05-22,App Store,25-34,Active
USR004387,United Kingdom,Spanish,2025-04-08,Referral,45-54,Inactive
USR004388,United States,French,2025-02-16,Partner Bundle,25-34,Active
USR004389,Canada,Tamil,2025-03-23,Partner Bundle,35-44,Active
USR004390,India,Spanish,2025-03-25,App Store,35-44,Active
USR004391,India,English,2025-07-21,Referral,35-44,Active
USR004392,India,Tamil,2025-06-07,Organic Search,25-34,Active
USR004393,United States,Hindi,2025-02-19,Social Media,35-44,Active
USR004394,UAE,Portuguese,2025-05-31,Referral,35-44,Inactive
USR004395,Canada,Tamil,2025-01-27,Partner Bundle,25-34,Inactive
USR004396,Brazil,English,2025-04-27,Organic Search,18-24,Inactive
USR004397,India,French,2025-04-18,Social Media,18-24,Active
USR004398,Australia,German,2025-02-24,Referral,18-24,Active
USR004399,India,Bengali,2025-01-27,Social Media,25-34,Active
USR004400,India,Spanish,2025-02-19,Organic Search,25-34,Active
USR004401,France,Portuguese,2025-02-21,Partner Bundle,45-54,Active
USR004402,India,Portuguese,2025-02-19,App Store,18-24,Active
USR004403,India,German,2025-05-25,Organic Search,25-34,Active
USR004404,United States,French,2025-01-15,Social Media,35-44,Active
USR004405,Germany,Telugu,2025-07-02,Paid Ads,25-34,Active
USR004406,Canada,Portuguese,2025-02-16,Partner Bundle,55+,Active
USR004407,India,Tamil,2025-05-06,Organic Search,35-44,Inactive
USR004408,India,Telugu,2025-05-25,Paid Ads,25-34,Inactive
USR004409,India,English,2025-06-28,App Store,35-44,Active
USR004410,India,French,2025-05-29,Organic Search,25-34,Inactive
USR004411,UAE,Hindi,2025-03-09,App Store,35-44,Active
USR004412,Singapore,English,2025-02-26,App Store,18-24,Inactive
USR004413,Brazil,Telugu,2025-05-31,Partner Bundle,25-34,Inactive
USR004414,France,French,2025-06-13,Organic Search,18-24,Inactive
USR004415,UAE,Hindi,2025-04-15,Organic Search,25-34,Active
USR004416,France,German,2025-02-14,Referral,35-44,Inactive
USR004417,Brazil,Telugu,2025-04-03,App Store,25-34,Active
USR004418,France,Hindi,2025-05-13,App Store,55+,Active
USR004419,United States,Telugu,2025-02-10,Paid Ads,25-34,Active
USR004420,India,Spanish,2025-05-08,Social Media,35-44,Active
USR004421,United Kingdom,Bengali,2025-03-10,Organic Search,25-34,Active
USR004422,United Kingdom,Telugu,2025-03-05,Referral,45-54,Active
USR004423,United Kingdom,English,2025-04-12,Organic Search,25-34,Active
USR004424,Australia,Portuguese,2025-06-27,App Store,55+,Active
USR004425,Australia,Tamil,2025-05-28,Social Media,45-54,Inactive
USR004426,India,French,2025-05-12,Referral,18-24,Active
USR004427,India,Tamil,2025-10-02,Paid Ads,45-54,Active
USR004428,UAE,Hindi,2025-06-27,Referral,25-34,Active
USR004429,United Kingdom,Hindi,2025-04-13,Paid Ads,18-24,Active
USR004430,India,Bengali,2025-03-26,App Store,25-34,Active
USR004431,France,German,2025-06-08,Organic Search,18-24,Active
USR004432,India,Telugu,2025-05-13,Social Media,35-44,Inactive
USR004433,United States,English,2025-02-05,Organic Search,25-34,Active
USR004434,India,Tamil,2025-03-07,Organic Search,25-34,Active
USR004435,UAE,Telugu,2025-02-05,App Store,35-44,Inactive
USR004436,Australia,Telugu,2025-02-15,Organic Search,25-34,Active
USR004437,United States,Spanish,2025-03-07,App Store,55+,Active
USR004438,Singapore,Portuguese,2025-03-30,Partner Bundle,35-44,Inactive
USR004439,Singapore,Portuguese,2025-03-12,Organic Search,35-44,Active
USR004440,Australia,German,2025-03-11,Referral,25-34,Active
USR004441,UAE,Portuguese,2025-05-05,Referral,25-34,Active
USR004442,Australia,Telugu,2025-04-10,Partner Bundle,55+,Active
USR004443,Canada,Telugu,2025-07-11,Organic Search,18-24,Active
USR004444,United States,Portuguese,2025-05-28,App Store,18-24,Active
USR004445,India,Hindi,2025-05-09,Partner Bundle,25-34,Active
USR004446,India,German,2025-06-14,Referral,45-54,Inactive
USR004447,Germany,Bengali,2025-02-16,Organic Search,55+,Active
USR004448,India,Bengali,2025-05-24,Social Media,18-24,Active
USR004449,United States,Spanish,2025-03-05,Partner Bundle,18-24,Active
USR004450,India,German,2025-07-05,Organic Search,45-54,Inactive
USR004451,United States,French,2025-04-25,Referral,25-34,Active
USR004452,India,French,2025-03-08,Organic Search,25-34,Active
USR004453,France,Hindi,2025-07-22,Partner Bundle,18-24,Active
USR004454,Brazil,Tamil,2025-05-22,Referral,25-34,Active
USR004455,Singapore,English,2025-03-28,Partner Bundle,45-54,Active
USR004456,Canada,Bengali,2025-08-16,Partner Bundle,25-34,Active
USR004457,Brazil,Portuguese,2025-08-03,Referral,45-54,Inactive
USR004458,United States,German,2025-04-05,Partner Bundle,25-34,Active
USR004459,United Kingdom,Tamil,2025-01-16,Organic Search,35-44,Inactive
USR004460,India,English,2025-03-27,Organic Search,25-34,Inactive
USR004461,UAE,Tamil,2025-05-26,Paid Ads,25-34,Inactive
USR004462,India,English,2025-03-21,Referral,45-54,Active
USR004463,United Kingdom,German,2025-02-13,Partner Bundle,45-54,Active
USR004464,Germany,Portuguese,2025-04-23,App Store,18-24,Active
USR004465,United Kingdom,German,2025-03-10,Paid Ads,45-54,Inactive
USR004466,India,Spanish,2025-06-07,Partner Bundle,25-34,Active
USR004467,United Kingdom,French,2025-01-22,Social Media,25-34,Active
USR004468,Germany,Spanish,2025-07-17,Organic Search,45-54,Active
USR004469,India,French,2025-06-19,Referral,35-44,Active
USR004470,Australia,Tamil,2025-01-27,Organic Search,25-34,Active
USR004471,UAE,Spanish,2025-02-19,Organic Search,45-54,Inactive
USR004472,Brazil,German,2025-04-01,Social Media,25-34,Active
USR004473,United States,Telugu,2025-07-15,Paid Ads,35-44,Active
USR004474,India,English,2025-03-04,Organic Search,55+,Inactive
USR004475,United States,Spanish,2025-03-30,App Store,35-44,Active
USR004476,Canada,Tamil,2025-06-08,Referral,35-44,Active
USR004477,UAE,Hindi,2025-04-23,Social Media,18-24,Active
USR004478,Singapore,Bengali,2025-04-05,Organic Search,25-34,Active
USR004479,UAE,Telugu,2025-02-19,App Store,35-44,Inactive
USR004480,Canada,Hindi,2025-05-29,Social Media,35-44,Inactive
USR004481,Canada,German,2025-07-19,Social Media,45-54,Active
USR004482,India,French,2025-06-01,Referral,45-54,Active
USR004483,United States,Hindi,2025-04-10,Social Media,25-34,Active
USR004484,UAE,French,2025-05-09,Referral,35-44,Active
USR004485,Canada,Portuguese,2025-03-23,Paid Ads,25-34,Inactive
USR004486,United States,Hindi,2025-05-26,Social Media,25-34,Inactive
USR004487,India,Tamil,2025-05-14,Partner Bundle,55+,Active
USR004488,India,French,2025-05-06,Social Media,35-44,Active
USR004489,United Kingdom,Bengali,2025-03-25,Organic Search,55+,Active
USR004490,UAE,French,2025-04-14,Partner Bundle,35-44,Active
USR004491,India,Portuguese,2025-03-08,Social Media,35-44,Active
USR004492,India,Spanish,2025-05-04,Paid Ads,25-34,Active
USR004493,Canada,Telugu,2025-03-29,App Store,18-24,Active
USR004494,India,German,2025-03-22,Organic Search,35-44,Inactive
USR004495,India,English,2025-10-03,Social Media,25-34,Active
USR004496,India,Spanish,2025-01-16,Referral,35-44,Active
USR004497,United States,Portuguese,2025-05-12,Social Media,25-34,Inactive
USR004498,United Kingdom,Portuguese,2025-01-30,Organic Search,25-34,Active
USR004499,UAE,German,2025-04-10,Social Media,25-34,Active
USR004500,United Kingdom,German,2025-06-06,Organic Search,35-44,Active
USR004501,Australia,French,2025-02-20,Organic Search,55+,Active
USR004502,India,French,2025-01-23,Paid Ads,55+,Inactive
USR004503,Australia,French,2025-05-15,Organic Search,45-54,Inactive
USR004504,Canada,Hindi,2025-02-27,Paid Ads,55+,Active
USR004505,India,Telugu,2025-02-14,Partner Bundle,25-34,Active
USR004506,Canada,Spanish,2025-03-24,Organic Search,18-24,Active
USR004507,India,English,2025-08-19,Organic Search,25-34,Active
USR004508,United Kingdom,Spanish,2025-03-22,Partner Bundle,35-44,Active
USR004509,Canada,Portuguese,2025-03-11,Paid Ads,45-54,Active
USR004510,Australia,Portuguese,2025-03-22,App Store,45-54,Inactive
USR004511,UAE,Telugu,2025-02-10,App Store,45-54,Inactive
USR004512,Singapore,English,2025-03-23,Paid Ads,35-44,Active
USR004513,France,Tamil,2025-07-15,Partner Bundle,25-34,Active
USR004514,UAE,English,2025-02-16,Organic Search,18-24,Active
USR004515,India,Hindi,2025-02-20,Referral,25-34,Active
USR004516,United States,Spanish,2025-02-21,Paid Ads,25-34,Active
USR004517,India,Tamil,2025-02-07,Paid Ads,18-24,Active
USR004518,India,Telugu,2025-06-28,Organic Search,25-34,Active
USR004519,United States,Bengali,2025-06-13,App Store,25-34,Inactive
USR004520,UAE,Portuguese,2025-04-10,App Store,35-44,Active
USR004521,United States,Telugu,2025-06-17,Organic Search,45-54,Active
USR004522,Canada,Tamil,2025-03-12,Referral,25-34,Active
USR004523,United States,German,2025-03-26,Social Media,45-54,Inactive
USR004524,United Kingdom,Hindi,2025-04-27,Social Media,45-54,Active
USR004525,France,Bengali,2025-04-04,Referral,25-34,Active
USR004526,India,German,2025-06-08,Referral,25-34,Active
USR004527,Singapore,Hindi,2025-06-27,Referral,25-34,Inactive
USR004528,India,Spanish,2025-01-31,Referral,25-34,Inactive
USR004529,Singapore,Telugu,2025-07-24,Paid Ads,25-34,Active
USR004530,India,Bengali,2025-04-22,Organic Search,25-34,Active
USR004531,United Kingdom,German,2025-03-12,Organic Search,35-44,Active
USR004532,Brazil,Bengali,2025-04-07,Referral,18-24,Active
USR004533,United Kingdom,Tamil,2025-05-16,Paid Ads,45-54,Active
USR004534,United Kingdom,Hindi,2025-03-13,Referral,18-24,Active
USR004535,Canada,Hindi,2025-05-22,Paid Ads,25-34,Active
USR004536,India,Bengali,2025-03-21,Partner Bundle,18-24,Active
USR004537,India,French,2025-08-16,Paid Ads,25-34,Inactive
USR004538,India,Bengali,2025-03-05,Partner Bundle,25-34,Inactive
USR004539,India,Portuguese,2025-03-28,Organic Search,35-44,Active
USR004540,Singapore,Tamil,2025-06-28,Social Media,35-44,Active
USR004541,France,Portuguese,2025-06-26,Social Media,25-34,Active
USR004542,India,Tamil,2025-04-06,Paid Ads,35-44,Active
USR004543,France,Spanish,2025-08-10,Partner Bundle,25-34,Active
USR004544,India,Bengali,2025-01-28,Organic Search,45-54,Active
USR004545,India,English,2025-04-14,Organic Search,25-34,Active
USR004546,Germany,Tamil,2025-03-22,Paid Ads,35-44,Active
USR004547,India,Spanish,2025-04-12,Social Media,25-34,Inactive
USR004548,India,Spanish,2025-03-03,Organic Search,35-44,Active
USR004549,Australia,Portuguese,2025-04-18,Partner Bundle,45-54,Inactive
USR004550,Brazil,Telugu,2025-02-08,Organic Search,18-24,Active
USR004551,United Kingdom,Hindi,2025-04-10,Organic Search,35-44,Active
USR004552,India,Tamil,2025-04-01,Social Media,25-34,Active
USR004553,United States,French,2025-04-25,App Store,35-44,Active
USR004554,Canada,Telugu,2025-04-06,Referral,25-34,Inactive
USR004555,Australia,French,2025-03-16,Social Media,18-24,Active
USR004556,UAE,Telugu,2025-02-18,Organic Search,18-24,Active
USR004557,UAE,Tamil,2025-05-12,Organic Search,25-34,Inactive
USR004558,UAE,Bengali,2025-03-19,Organic Search,45-54,Active
USR004559,Canada,Telugu,2025-05-28,App Store,45-54,Active
USR004560,United States,Portuguese,2025-03-15,Organic Search,55+,Inactive
USR004561,Canada,French,2025-02-17,App Store,35-44,Active
USR004562,Canada,Portuguese,2025-01-30,Organic Search,25-34,Inactive
USR004563,India,German,2025-03-08,Partner Bundle,45-54,Active
USR004564,United States,Portuguese,2025-08-04,Paid Ads,45-54,Active
USR004565,India,French,2025-02-02,Social Media,35-44,Inactive
USR004566,UAE,Spanish,2025-02-16,Social Media,35-44,Active
USR004567,India,Telugu,2025-04-03,Social Media,35-44,Inactive
USR004568,Germany,French,2025-03-11,Organic Search,55+,Active
USR004569,United States,German,2025-04-08,Partner Bundle,45-54,Inactive
USR004570,Germany,Spanish,2025-05-11,Organic Search,25-34,Active
USR004571,India,Tamil,2025-07-24,Organic Search,18-24,Active
USR004572,Germany,French,2025-03-11,Social Media,18-24,Active
USR004573,India,English,2025-08-16,Partner Bundle,35-44,Active
USR004574,United States,Hindi,2025-07-07,Referral,25-34,Active
USR004575,India,Bengali,2025-03-09,Social Media,35-44,Inactive
USR004576,United Kingdom,French,2025-07-08,Partner Bundle,25-34,Active
USR004577,France,Hindi,2025-02-23,Paid Ads,25-34,Active
USR004578,Germany,French,2025-02-03,Partner Bundle,18-24,Active
USR004579,India,Telugu,2025-02-14,Organic Search,18-24,Active
USR004580,United States,Hindi,2025-03-27,Paid Ads,18-24,Inactive
USR004581,France,Tamil,2025-01-14,Partner Bundle,45-54,Active
USR004582,Canada,English,2025-02-14,Referral,45-54,Inactive
USR004583,India,Spanish,2025-01-23,Social Media,18-24,Inactive
USR004584,India,Portuguese,2025-08-19,Social Media,25-34,Active
USR004585,United Kingdom,German,2025-03-15,Referral,18-24,Active
USR004586,India,Bengali,2025-05-29,Organic Search,35-44,Active
USR004587,Canada,English,2025-03-10,Social Media,45-54,Active
USR004588,Canada,French,2025-04-05,Paid Ads,45-54,Active
USR004589,India,Spanish,2025-01-28,Paid Ads,25-34,Active
USR004590,United Kingdom,Portuguese,2025-03-01,Paid Ads,25-34,Active
USR004591,France,Telugu,2025-04-23,Referral,25-34,Active
USR004592,United States,Spanish,2025-01-28,Organic Search,18-24,Active
USR004593,India,English,2025-03-05,Organic Search,18-24,Inactive
USR004594,Australia,German,2025-04-17,Referral,55+,Inactive
USR004595,India,Spanish,2025-02-11,Partner Bundle,45-54,Active
USR004596,France,Hindi,2025-07-17,Organic Search,18-24,Active
USR004597,Singapore,Spanish,2025-03-29,Paid Ads,25-34,Inactive
USR004598,Brazil,German,2025-05-15,Social Media,55+,Active
USR004599,United States,German,2025-03-26,Organic Search,18-24,Active
USR004600,Canada,Bengali,2025-05-05,Organic Search,35-44,Inactive
USR004601,France,French,2025-03-07,Paid Ads,18-24,Active
USR004602,India,Hindi,2025-02-07,Organic Search,25-34,Active
USR004603,India,Bengali,2025-02-09,Social Media,18-24,Active
USR004604,United States,Bengali,2025-05-10,Social Media,35-44,Active
USR004605,UAE,Bengali,2025-03-28,Paid Ads,35-44,Active
USR004606,United States,English,2025-02-28,Social Media,18-24,Active
USR004607,United Kingdom,Portuguese,2025-02-06,Social Media,25-34,Active
USR004608,Australia,French,2025-03-24,App Store,25-34,Active
USR004609,United Kingdom,French,2025-04-06,Organic Search,35-44,Active
USR004610,India,Bengali,2025-05-13,Paid Ads,25-34,Active
USR004611,United Kingdom,Bengali,2025-05-12,Referral,18-24,Active
USR004612,Canada,Tamil,2025-06-27,Referral,25-34,Active
USR004613,Canada,French,2025-01-21,Social Media,25-34,Active
USR004614,Australia,Spanish,2025-04-30,Organic Search,18-24,Inactive
USR004615,United States,German,2025-03-20,Organic Search,45-54,Active
USR004616,UAE,Bengali,2025-04-02,Social Media,45-54,Inactive
USR004617,United States,Telugu,2025-03-09,Paid Ads,18-24,Inactive
USR004618,United States,Bengali,2025-01-30,Partner Bundle,45-54,Active
USR004619,Germany,English,2025-02-28,App Store,35-44,Active
USR004620,France,French,2025-03-29,App Store,45-54,Active
USR004621,Canada,Portuguese,2025-04-24,Organic Search,35-44,Active
USR004622,India,Tamil,2025-05-07,Organic Search,45-54,Inactive
USR004623,India,Bengali,2025-02-10,Partner Bundle,25-34,Active
USR004624,India,Bengali,2025-04-08,App Store,55+,Active
USR004625,India,German,2025-05-03,Organic Search,45-54,Active
USR004626,United Kingdom,Bengali,2025-04-16,Paid Ads,35-44,Active
USR004627,Germany,French,2025-01-13,Social Media,25-34,Active
USR004628,United Kingdom,Tamil,2025-04-12,Organic Search,35-44,Active
USR004629,India,Telugu,2025-03-10,App Store,35-44,Inactive
USR004630,India,Tamil,2025-03-10,Partner Bundle,25-34,Active
USR004631,United Kingdom,Tamil,2025-06-20,Partner Bundle,35-44,Active
USR004632,Australia,Bengali,2025-06-04,Social Media,45-54,Active
USR004633,UAE,German,2025-03-12,App Store,55+,Active
USR004634,Brazil,Bengali,2025-03-23,Referral,35-44,Active
USR004635,UAE,Portuguese,2025-02-13,Partner Bundle,18-24,Active
USR004636,United States,French,2025-01-30,Partner Bundle,35-44,Active
USR004637,Australia,Spanish,2025-06-13,App Store,25-34,Active
USR004638,India,German,2025-07-16,Referral,18-24,Active
USR004639,India,German,2025-06-19,Partner Bundle,25-34,Active
USR004640,India,Telugu,2025-08-28,Organic Search,25-34,Active
USR004641,India,Spanish,2025-05-02,Organic Search,25-34,Inactive
USR004642,India,Portuguese,2025-03-30,Referral,18-24,Active
USR004643,France,Tamil,2025-05-03,App Store,35-44,Active
USR004644,United States,Portuguese,2025-04-21,Organic Search,25-34,Inactive
USR004645,France,English,2025-04-28,App Store,25-34,Inactive
USR004646,Singapore,Hindi,2025-04-08,Partner Bundle,25-34,Active
USR004647,Brazil,Hindi,2025-04-14,Referral,18-24,Active
USR004648,Singapore,Bengali,2025-05-21,Organic Search,25-34,Inactive
USR004649,Australia,French,2025-02-16,Paid Ads,18-24,Active
USR004650,United States,Telugu,2025-06-02,Organic Search,25-34,Active
USR004651,United Kingdom,French,2025-05-15,Social Media,25-34,Active
USR004652,France,French,2025-01-20,Paid Ads,45-54,Inactive
USR004653,UAE,Bengali,2025-05-05,Social Media,35-44,Active
USR004654,Brazil,French,2025-06-24,Referral,35-44,Active
USR004655,Australia,Spanish,2025-02-23,Referral,18-24,Inactive
USR004656,United Kingdom,Portuguese,2025-05-28,Social Media,25-34,Active
USR004657,Brazil,Spanish,2025-07-17,Organic Search,45-54,Active
USR004658,Brazil,German,2025-04-24,Referral,35-44,Active
USR004659,United States,English,2025-05-20,Referral,25-34,Active
USR004660,Canada,Portuguese,2025-02-07,Social Media,25-34,Active
USR004661,Germany,Tamil,2025-06-04,Organic Search,18-24,Active
USR004662,United States,German,2025-04-22,Organic Search,18-24,Active
USR004663,France,French,2025-06-24,App Store,18-24,Active
USR004664,India,Bengali,2025-06-10,Referral,25-34,Active
USR004665,United States,Hindi,2025-04-20,Partner Bundle,25-34,Inactive
USR004666,United States,German,2025-04-22,Partner Bundle,35-44,Active
USR004667,Canada,Bengali,2025-03-17,Referral,18-24,Active
USR004668,India,English,2025-04-18,Referral,35-44,Active
USR004669,India,Spanish,2025-07-16,Organic Search,35-44,Active
USR004670,UAE,Telugu,2025-04-11,Social Media,18-24,Active
USR004671,India,German,2025-07-18,App Store,35-44,Active
USR004672,India,Portuguese,2025-07-16,Partner Bundle,25-34,Active
USR004673,Germany,English,2025-02-26,Referral,18-24,Active
USR004674,United States,Telugu,2025-04-03,Referral,35-44,Active
USR004675,France,Tamil,2025-03-06,Partner Bundle,45-54,Active
USR004676,United States,French,2025-06-22,Organic Search,55+,Inactive
USR004677,Germany,Tamil,2025-04-15,Referral,35-44,Active
USR004678,United Kingdom,Portuguese,2025-04-20,Referral,35-44,Active
USR004679,Singapore,Portuguese,2025-06-08,Organic Search,25-34,Inactive
USR004680,India,Hindi,2025-08-23,App Store,25-34,Active
USR004681,United States,Portuguese,2025-08-20,Organic Search,18-24,Active
USR004682,Brazil,Hindi,2025-03-31,Organic Search,25-34,Active
USR004683,Australia,Tamil,2025-07-23,Referral,25-34,Active
USR004684,Germany,Telugu,2025-06-01,Social Media,35-44,Inactive
USR004685,India,Portuguese,2025-05-31,Social Media,18-24,Inactive
USR004686,United Kingdom,Tamil,2025-09-03,Organic Search,25-34,Inactive
USR004687,India,Bengali,2025-02-14,Social Media,55+,Inactive
USR004688,India,Spanish,2025-03-30,Social Media,18-24,Active
USR004689,United Kingdom,Tamil,2025-07-16,Partner Bundle,45-54,Inactive
USR004690,Brazil,Hindi,2025-03-27,Paid Ads,18-24,Active
USR004691,India,English,2025-05-14,Partner Bundle,35-44,Active
USR004692,India,Tamil,2025-03-13,App Store,25-34,Inactive
USR004693,India,Spanish,2025-03-25,App Store,25-34,Active
USR004694,Germany,German,2025-05-25,App Store,35-44,Active
USR004695,United States,Tamil,2025-06-08,Organic Search,35-44,Active
USR004696,United States,Tamil,2025-03-18,Social Media,55+,Active
USR004697,France,Telugu,2025-06-07,App Store,35-44,Active
USR004698,India,Telugu,2025-04-05,Organic Search,35-44,Active
USR004699,United States,Tamil,2025-06-02,Organic Search,18-24,Active
USR004700,India,English,2025-04-19,Paid Ads,25-34,Active
USR004701,India,Bengali,2025-05-10,Partner Bundle,25-34,Inactive
USR004702,India,French,2025-04-13,App Store,35-44,Active
USR004703,United States,English,2025-02-02,App Store,25-34,Active
USR004704,United Kingdom,Hindi,2025-03-29,Social Media,18-24,Active
USR004705,India,Spanish,2025-04-27,Referral,45-54,Active
USR004706,India,Tamil,2025-04-08,App Store,18-24,Inactive
USR004707,India,Hindi,2025-08-27,App Store,18-24,Inactive
USR004708,India,Hindi,2025-06-09,Referral,25-34,Inactive
USR004709,India,Tamil,2025-05-09,App Store,45-54,Active
USR004710,India,French,2025-04-26,Organic Search,18-24,Active
USR004711,Brazil,German,2025-01-25,Partner Bundle,35-44,Inactive
USR004712,United Kingdom,Bengali,2025-04-26,App Store,25-34,Active
USR004713,Germany,Spanish,2025-06-03,Organic Search,18-24,Active
USR004714,France,German,2025-03-11,Social Media,45-54,Active
USR004715,Canada,English,2025-03-10,Partner Bundle,55+,Active
USR004716,Australia,French,2025-02-15,Referral,18-24,Active
USR004717,Canada,German,2025-02-22,Organic Search,45-54,Active
USR004718,Canada,French,2025-10-16,Partner Bundle,35-44,Inactive
USR004719,Singapore,Portuguese,2025-06-10,Social Media,25-34,Active
USR004720,India,Bengali,2025-05-12,Referral,35-44,Active
USR004721,India,Hindi,2025-05-12,Paid Ads,45-54,Active
USR004722,India,Portuguese,2025-08-15,App Store,25-34,Inactive
USR004723,France,Hindi,2025-07-03,App Store,45-54,Active
USR004724,United States,Tamil,2025-01-22,Paid Ads,25-34,Active
USR004725,UAE,Hindi,2025-02-28,Partner Bundle,25-34,Active
USR004726,United States,Tamil,2025-05-19,Organic Search,35-44,Active
USR004727,United States,Tamil,2025-04-29,Partner Bundle,35-44,Active
USR004728,United States,Telugu,2025-04-23,Organic Search,35-44,Active
USR004729,United Kingdom,German,2025-02-10,Partner Bundle,45-54,Active
USR004730,Germany,Spanish,2025-04-02,Organic Search,25-34,Inactive
USR004731,United States,Hindi,2025-05-29,Paid Ads,35-44,Active
USR004732,Canada,French,2025-03-15,App Store,55+,Active
USR004733,India,English,2025-02-05,Social Media,18-24,Active
USR004734,United Kingdom,Hindi,2025-06-15,Organic Search,25-34,Active
USR004735,United Kingdom,Bengali,2025-02-04,Social Media,25-34,Active
USR004736,UAE,German,2025-06-10,Organic Search,25-34,Inactive
USR004737,UAE,German,2025-04-10,Paid Ads,25-34,Inactive
USR004738,United States,Spanish,2025-04-08,Paid Ads,45-54,Active
USR004739,India,English,2025-06-01,Organic Search,25-34,Inactive
USR004740,France,Tamil,2025-03-21,Paid Ads,35-44,Active
USR004741,India,English,2025-07-14,Organic Search,45-54,Inactive
USR004742,United States,French,2025-03-05,Organic Search,45-54,Active
USR004743,India,French,2025-05-21,Social Media,25-34,Active
USR004744,United States,Spanish,2025-03-12,Referral,18-24,Inactive
USR004745,Canada,French,2025-05-04,Organic Search,35-44,Active
USR004746,United States,Tamil,2025-05-09,Referral,45-54,Active
USR004747,Singapore,Tamil,2025-05-14,App Store,25-34,Active
USR004748,Canada,Tamil,2025-02-12,Social Media,25-34,Active
USR004749,Canada,Tamil,2025-06-24,Paid Ads,25-34,Active
USR004750,United States,French,2025-06-16,Organic Search,45-54,Inactive
USR004751,India,Telugu,2025-05-16,Referral,25-34,Active
USR004752,Australia,Telugu,2025-03-10,App Store,35-44,Active
USR004753,Australia,Hindi,2025-03-07,Paid Ads,18-24,Active
USR004754,United Kingdom,Tamil,2025-06-25,App Store,25-34,Active
USR004755,United States,German,2025-02-21,Paid Ads,25-34,Active
USR004756,United Kingdom,English,2025-03-20,Organic Search,25-34,Active
USR004757,Australia,Spanish,2025-08-08,Organic Search,25-34,Active
USR004758,Australia,Portuguese,2025-03-24,Partner Bundle,35-44,Active
USR004759,Canada,Portuguese,2025-05-10,Referral,18-24,Active
USR004760,UAE,Portuguese,2025-03-31,Paid Ads,18-24,Inactive
USR004761,United Kingdom,German,2025-07-29,Paid Ads,18-24,Active
USR004762,India,Tamil,2025-08-08,Organic Search,35-44,Active
USR004763,United Kingdom,Portuguese,2025-07-08,Referral,45-54,Active
USR004764,United Kingdom,French,2025-05-05,Referral,45-54,Active
USR004765,India,French,2025-04-25,App Store,55+,Active
USR004766,United States,Portuguese,2025-06-08,Partner Bundle,25-34,Inactive
USR004767,Canada,Telugu,2025-06-12,Social Media,25-34,Inactive
USR004768,Australia,Tamil,2025-04-13,Organic Search,55+,Inactive
USR004769,UAE,Tamil,2025-06-20,Referral,18-24,Active
USR004770,France,German,2025-05-05,Organic Search,18-24,Active
USR004771,India,French,2025-02-05,Social Media,25-34,Inactive
USR004772,United Kingdom,Spanish,2025-03-14,Organic Search,18-24,Inactive
USR004773,United Kingdom,Telugu,2025-05-16,Organic Search,25-34,Active
USR004774,India,German,2025-05-22,Organic Search,25-34,Active
USR004775,India,Hindi,2025-05-18,Organic Search,35-44,Active
USR004776,India,Spanish,2025-08-05,Social Media,35-44,Active
USR004777,India,German,2025-02-07,Partner Bundle,35-44,Inactive
USR004778,Germany,Portuguese,2025-05-09,Organic Search,35-44,Active
USR004779,India,Tamil,2025-07-03,Paid Ads,25-34,Inactive
USR004780,India,Hindi,2025-05-12,Paid Ads,25-34,Active
USR004781,India,Bengali,2025-03-15,Social Media,35-44,Inactive
USR004782,Australia,Tamil,2025-02-22,Partner Bundle,18-24,Active
USR004783,India,Tamil,2025-02-11,Paid Ads,35-44,Active
USR004784,India,Bengali,2025-03-23,Organic Search,55+,Active
USR004785,United States,Telugu,2025-05-16,Organic Search,18-24,Active
USR004786,India,German,2025-04-11,Social Media,25-34,Active
USR004787,United States,Portuguese,2025-09-12,Partner Bundle,35-44,Active
USR004788,Germany,English,2025-02-08,Organic Search,35-44,Inactive
USR004789,India,French,2025-04-08,Social Media,25-34,Active
USR004790,India,Portuguese,2025-02-23,Referral,35-44,Active
USR004791,India,Hindi,2025-01-31,Social Media,55+,Active
USR004792,UAE,Spanish,2025-09-19,Paid Ads,25-34,Active
USR004793,India,Spanish,2025-07-11,Paid Ads,35-44,Active
USR004794,Brazil,Tamil,2025-04-24,Organic Search,35-44,Active
USR004795,Germany,Spanish,2025-06-14,Social Media,45-54,Active
USR004796,United States,Spanish,2025-03-02,App Store,25-34,Active
USR004797,Australia,German,2025-02-25,Paid Ads,45-54,Active
USR004798,United States,Spanish,2025-01-14,Referral,35-44,Active
USR004799,United Kingdom,German,2025-06-04,Paid Ads,35-44,Active
USR004800,United Kingdom,Spanish,2025-07-12,Paid Ads,18-24,Inactive
USR004801,Canada,Hindi,2025-03-25,App Store,25-34,Active
USR004802,India,Bengali,2025-02-03,Organic Search,18-24,Active
USR004803,United Kingdom,Spanish,2025-06-03,Referral,35-44,Active
USR004804,Australia,Tamil,2025-05-17,Paid Ads,45-54,Active
USR004805,India,Hindi,2025-05-26,Paid Ads,25-34,Active
USR004806,Brazil,English,2025-03-09,Partner Bundle,25-34,Active
USR004807,India,Bengali,2025-04-03,Social Media,25-34,Active
USR004808,Singapore,Spanish,2025-07-15,App Store,35-44,Inactive
USR004809,Canada,Hindi,2025-02-24,App Store,35-44,Active
USR004810,Canada,Hindi,2025-06-16,Organic Search,35-44,Active
USR004811,UAE,German,2025-04-21,Organic Search,55+,Active
USR004812,France,Tamil,2025-05-04,Partner Bundle,45-54,Active
USR004813,United States,Hindi,2025-06-09,Social Media,18-24,Active
USR004814,Australia,Tamil,2025-08-19,Social Media,35-44,Inactive
USR004815,India,English,2025-04-16,Referral,25-34,Active
USR004816,United States,Portuguese,2025-02-06,Social Media,25-34,Inactive
USR004817,Singapore,French,2025-01-13,Paid Ads,25-34,Active
USR004818,India,German,2025-06-24,Social Media,35-44,Active
USR004819,India,Spanish,2025-03-16,Referral,25-34,Active
USR004820,United Kingdom,Tamil,2025-04-24,Referral,45-54,Inactive
USR004821,United States,English,2025-01-25,App Store,25-34,Inactive
USR004822,United States,Telugu,2025-02-24,App Store,18-24,Inactive
USR004823,United Kingdom,Bengali,2025-03-30,Paid Ads,35-44,Active
USR004824,Canada,Spanish,2025-06-23,Organic Search,45-54,Active
USR004825,United States,Hindi,2025-03-29,Referral,25-34,Active
USR004826,United States,French,2025-07-28,Referral,25-34,Active
USR004827,Brazil,Bengali,2025-02-20,Social Media,35-44,Active
USR004828,Brazil,Bengali,2025-02-05,Partner Bundle,25-34,Active
USR004829,Australia,Bengali,2025-04-15,Organic Search,45-54,Active
USR004830,India,Hindi,2025-04-04,App Store,35-44,Active
USR004831,United States,French,2025-03-08,Social Media,25-34,Active
USR004832,UAE,English,2025-05-02,Partner Bundle,55+,Active
USR004833,United States,Telugu,2025-03-27,Referral,25-34,Active
USR004834,Brazil,Tamil,2025-03-14,Paid Ads,25-34,Active
USR004835,United States,Telugu,2025-06-25,Paid Ads,35-44,Active
USR004836,UAE,German,2025-06-09,Paid Ads,25-34,Active
USR004837,India,Tamil,2025-05-24,Organic Search,25-34,Active
USR004838,United States,Tamil,2025-08-27,Paid Ads,25-34,Active
USR004839,Australia,Tamil,2025-03-15,Partner Bundle,45-54,Active
USR004840,UAE,Portuguese,2025-05-31,App Store,25-34,Active
USR004841,United Kingdom,French,2025-07-11,Partner Bundle,25-34,Active
USR004842,India,Hindi,2025-05-15,Social Media,25-34,Active
USR004843,UAE,Portuguese,2025-07-18,Social Media,25-34,Active
USR004844,United Kingdom,Telugu,2025-03-18,App Store,18-24,Active
USR004845,India,German,2025-05-02,Social Media,18-24,Active
USR004846,United States,Tamil,2025-05-11,Paid Ads,45-54,Active
USR004847,Australia,Telugu,2025-02-12,Referral,35-44,Active
USR004848,United States,German,2025-04-20,Organic Search,25-34,Active
USR004849,UAE,German,2025-03-03,Paid Ads,25-34,Active
USR004850,United States,Tamil,2025-06-22,Social Media,45-54,Active
USR004851,United Kingdom,Bengali,2025-02-26,Paid Ads,45-54,Active
USR004852,India,Hindi,2025-08-04,Referral,35-44,Active
USR004853,United States,Portuguese,2025-07-12,Paid Ads,25-34,Active
USR004854,India,German,2025-01-30,Referral,25-34,Active
USR004855,India,French,2025-02-28,Paid Ads,35-44,Active
USR004856,India,Bengali,2025-03-17,Partner Bundle,35-44,Inactive
USR004857,India,French,2025-05-24,Referral,35-44,Active
USR004858,India,Hindi,2025-07-17,Referral,25-34,Active
USR004859,United States,German,2025-04-26,Organic Search,18-24,Inactive
USR004860,India,German,2025-08-09,Partner Bundle,18-24,Active
USR004861,India,French,2025-03-31,Referral,45-54,Active
USR004862,Brazil,Spanish,2025-04-22,Organic Search,45-54,Active
USR004863,United States,German,2025-04-03,Social Media,45-54,Active
USR004864,United States,Portuguese,2025-07-13,Organic Search,25-34,Inactive
USR004865,India,Portuguese,2025-04-01,Referral,55+,Active
USR004866,United States,Portuguese,2025-07-15,Organic Search,45-54,Active
USR004867,United Kingdom,Tamil,2025-05-09,Social Media,25-34,Inactive
USR004868,United States,Bengali,2025-02-28,Organic Search,25-34,Inactive
USR004869,United States,English,2025-05-07,Paid Ads,35-44,Inactive
USR004870,Australia,English,2025-03-28,App Store,35-44,Active
USR004871,Singapore,Telugu,2025-06-07,Organic Search,45-54,Active
USR004872,UAE,German,2025-07-02,Paid Ads,18-24,Inactive
USR004873,India,Hindi,2025-06-24,Organic Search,25-34,Active
USR004874,Canada,French,2025-05-22,Organic Search,18-24,Inactive
USR004875,India,French,2025-03-23,Organic Search,25-34,Active
USR004876,Canada,Tamil,2025-04-22,Organic Search,25-34,Active
USR004877,United States,Bengali,2025-02-19,Social Media,18-24,Active
USR004878,United States,Spanish,2025-08-19,Partner Bundle,45-54,Active
USR004879,United Kingdom,Telugu,2025-03-26,Partner Bundle,25-34,Active
USR004880,Australia,Hindi,2025-05-29,Social Media,25-34,Active
USR004881,Australia,Portuguese,2025-01-29,App Store,45-54,Active
USR004882,India,Telugu,2025-04-27,App Store,18-24,Inactive
USR004883,Australia,English,2025-01-29,Organic Search,35-44,Inactive
USR004884,France,French,2025-08-04,Organic Search,55+,Active
USR004885,India,Hindi,2025-03-27,Paid Ads,25-34,Inactive
USR004886,India,German,2025-05-25,Organic Search,25-34,Active
USR004887,Germany,Portuguese,2025-05-17,Partner Bundle,55+,Active
USR004888,United States,Spanish,2025-02-10,Organic Search,18-24,Inactive
USR004889,Australia,German,2025-03-19,App Store,25-34,Active
USR004890,United States,Hindi,2025-03-28,Paid Ads,45-54,Active
USR004891,Brazil,French,2025-01-18,Referral,18-24,Inactive
USR004892,Singapore,Hindi,2025-05-20,Organic Search,18-24,Inactive
USR004893,India,Bengali,2025-01-23,Organic Search,25-34,Inactive
USR004894,United States,Telugu,2025-06-04,App Store,25-34,Active
USR004895,United States,Telugu,2025-05-11,Social Media,45-54,Active
USR004896,India,Telugu,2025-07-01,Social Media,25-34,Active
USR004897,United States,Portuguese,2025-01-14,Organic Search,35-44,Active
USR004898,Germany,Hindi,2025-08-08,Organic Search,35-44,Active
USR004899,France,Tamil,2025-01-09,Social Media,35-44,Inactive
USR004900,UAE,French,2025-05-23,Paid Ads,25-34,Active
USR004901,India,Tamil,2025-01-28,Organic Search,18-24,Active
USR004902,Germany,Portuguese,2025-03-30,Organic Search,18-24,Inactive
USR004903,United States,English,2025-01-28,Organic Search,35-44,Active
USR004904,India,Hindi,2025-03-13,Social Media,35-44,Active
USR004905,United States,Tamil,2025-05-15,Social Media,35-44,Active
USR004906,France,Telugu,2025-05-07,Social Media,35-44,Inactive
USR004907,United States,Spanish,2025-03-22,Organic Search,35-44,Active
USR004908,Brazil,English,2025-07-05,Referral,18-24,Active
USR004909,United Kingdom,Telugu,2025-02-01,Organic Search,25-34,Active
USR004910,United States,Hindi,2025-01-28,App Store,35-44,Active
USR004911,India,Tamil,2025-01-30,App Store,18-24,Inactive
USR004912,India,French,2025-04-03,Organic Search,25-34,Active
USR004913,United Kingdom,French,2025-01-22,Social Media,35-44,Active
USR004914,United Kingdom,Portuguese,2025-04-17,Referral,45-54,Active
USR004915,United States,Telugu,2025-04-10,Partner Bundle,18-24,Active
USR004916,United Kingdom,English,2025-03-17,Organic Search,35-44,Active
USR004917,France,French,2025-01-31,Paid Ads,25-34,Inactive
USR004918,India,Tamil,2025-06-12,Social Media,25-34,Active
USR004919,United Kingdom,Hindi,2025-04-15,Paid Ads,25-34,Active
USR004920,Canada,French,2025-04-02,Organic Search,35-44,Inactive
USR004921,India,Hindi,2025-03-08,Paid Ads,35-44,Active
USR004922,Singapore,English,2025-04-28,Organic Search,18-24,Active
USR004923,Australia,English,2025-08-04,Organic Search,25-34,Inactive
USR004924,India,Portuguese,2025-02-27,Organic Search,55+,Active
USR004925,UAE,Portuguese,2025-02-24,Referral,35-44,Active
USR004926,Singapore,French,2025-02-09,App Store,35-44,Active
USR004927,Germany,Bengali,2025-04-23,Referral,25-34,Active
USR004928,United States,Telugu,2025-05-31,Organic Search,55+,Active
USR004929,Brazil,German,2025-02-12,Referral,25-34,Inactive
USR004930,India,Hindi,2025-04-06,Organic Search,25-34,Active
USR004931,United Kingdom,Portuguese,2025-03-29,Partner Bundle,25-34,Active
USR004932,India,Telugu,2025-04-30,Social Media,25-34,Active
USR004933,United States,French,2025-05-08,Referral,18-24,Active
USR004934,Singapore,Hindi,2025-03-18,Social Media,35-44,Active
USR004935,Germany,Hindi,2025-02-04,Referral,18-24,Active
USR004936,Germany,Spanish,2025-02-07,Partner Bundle,18-24,Active
USR004937,United States,Tamil,2025-03-01,Organic Search,25-34,Inactive
USR004938,Singapore,English,2025-05-05,Paid Ads,18-24,Active
USR004939,United States,German,2025-02-14,Paid Ads,25-34,Active
USR004940,India,Spanish,2025-04-25,Organic Search,25-34,Active
USR004941,Canada,Telugu,2025-04-22,Paid Ads,35-44,Active
USR004942,United States,Telugu,2025-09-09,Paid Ads,45-54,Active
USR004943,India,German,2025-07-12,Social Media,25-34,Active
USR004944,Singapore,Portuguese,2025-05-21,Referral,25-34,Inactive
USR004945,Canada,Bengali,2025-03-17,Referral,55+,Inactive
USR004946,Singapore,Portuguese,2025-03-17,App Store,25-34,Active
USR004947,United Kingdom,Tamil,2025-05-02,Organic Search,35-44,Inactive
USR004948,India,Bengali,2025-02-06,Partner Bundle,25-34,Active
USR004949,India,Hindi,2025-04-02,Paid Ads,35-44,Active
USR004950,UAE,German,2025-07-13,Referral,45-54,Active
USR004951,India,Bengali,2025-01-20,App Store,45-54,Inactive
USR004952,United Kingdom,Hindi,2025-02-15,Paid Ads,55+,Active
USR004953,India,Hindi,2025-08-14,Referral,25-34,Active
USR004954,Canada,Spanish,2025-06-01,Social Media,25-34,Active
USR004955,India,Hindi,2025-06-07,Partner Bundle,45-54,Active
USR004956,India,French,2025-05-25,App Store,35-44,Active
USR004957,Australia,French,2025-02-15,Partner Bundle,25-34,Active
USR004958,India,English,2025-05-16,Organic Search,18-24,Active
USR004959,United Kingdom,Tamil,2025-02-28,App Store,25-34,Inactive
USR004960,Germany,Telugu,2025-05-26,Partner Bundle,18-24,Inactive
USR004961,Australia,Telugu,2025-03-13,Referral,25-34,Active
USR004962,United States,German,2025-08-10,Partner Bundle,45-54,Active
USR004963,Australia,French,2025-02-01,Organic Search,25-34,Active
USR004964,Singapore,Hindi,2025-02-14,Organic Search,25-34,Active
USR004965,United Kingdom,German,2025-06-02,Social Media,45-54,Active
USR004966,Australia,French,2025-04-01,Organic Search,25-34,Active
USR004967,UAE,Bengali,2025-05-05,Paid Ads,35-44,Inactive
USR004968,France,English,2025-05-24,Partner Bundle,25-34,Active
USR004969,United States,Telugu,2025-04-29,Social Media,25-34,Active
USR004970,Brazil,German,2025-03-02,Paid Ads,35-44,Inactive
USR004971,India,German,2025-03-12,Referral,18-24,Inactive
USR004972,Brazil,English,2025-02-14,Organic Search,18-24,Active
USR004973,India,Portuguese,2025-06-05,Partner Bundle,25-34,Active
USR004974,United States,Telugu,2025-06-17,Partner Bundle,25-34,Inactive
USR004975,UAE,Hindi,2025-02-09,Organic Search,55+,Active
USR004976,India,German,2025-04-05,Paid Ads,25-34,Inactive
USR004977,India,Bengali,2025-07-30,Organic Search,55+,Inactive
USR004978,Canada,Telugu,2025-04-19,Referral,45-54,Active
USR004979,Australia,Hindi,2025-06-11,Social Media,25-34,Active
USR004980,India,Telugu,2025-03-12,Organic Search,35-44,Active
USR004981,United States,Tamil,2025-05-21,Paid Ads,25-34,Inactive
USR004982,United States,Bengali,2025-05-11,App Store,35-44,Active
USR004983,India,Portuguese,2025-08-11,App Store,25-34,Active
USR004984,United Kingdom,Telugu,2025-02-02,Paid Ads,25-34,Active
USR004985,India,Bengali,2025-09-14,Organic Search,35-44,Active
USR004986,India,Telugu,2025-07-02,Organic Search,25-34,Active
USR004987,Australia,Telugu,2025-04-19,Referral,35-44,Active
USR004988,UAE,English,2025-06-06,Referral,25-34,Inactive
USR004989,United Kingdom,German,2025-03-30,Paid Ads,25-34,Active
USR004990,India,German,2025-06-11,Social Media,25-34,Inactive
USR004991,Canada,French,2025-02-20,Organic Search,55+,Active
USR004992,UAE,English,2025-05-04,Organic Search,25-34,Active
USR004993,United States,Telugu,2025-04-28,App Store,25-34,Active
USR004994,United States,Bengali,2025-07-03,Organic Search,35-44,Active
USR004995,Brazil,German,2025-03-17,Partner Bundle,25-34,Active
USR004996,Canada,French,2025-02-13,Social Media,35-44,Active
USR004997,Germany,Portuguese,2025-07-21,Referral,55+,Active
USR004998,Canada,Spanish,2025-05-16,Organic Search,18-24,Inactive
USR004999,India,Spanish,2025-04-05,Social Media,55+,Active
USR005000,India,French,2025-04-11,App Store,18-24,Inactive
USR005001,Canada,Telugu,2025-07-08,Partner Bundle,25-34,Active
USR005002,United States,Hindi,2025-03-19,Paid Ads,35-44,Active
USR005003,United States,Bengali,2025-04-19,Paid Ads,18-24,Active
USR005004,India,Hindi,2025-04-05,App Store,45-54,Inactive
USR005005,UAE,French,2025-04-28,Organic Search,35-44,Active
USR005006,UAE,Hindi,2025-05-08,Paid Ads,45-54,Active
USR005007,United States,Portuguese,2025-08-16,Referral,35-44,Active
USR005008,Australia,French,2025-06-13,Organic Search,55+,Active
USR005009,India,German,2025-03-06,Organic Search,35-44,Active
USR005010,United States,Portuguese,2025-02-26,Organic Search,25-34,Active
USR005011,United States,Hindi,2025-02-16,Paid Ads,55+,Active
USR005012,Canada,French,2025-06-02,Referral,18-24,Active
USR005013,United States,Tamil,2025-04-30,Organic Search,25-34,Inactive
USR005014,United States,English,2025-03-25,Referral,35-44,Active
USR005015,India,English,2025-07-02,Social Media,25-34,Active
USR005016,India,Telugu,2025-07-03,Organic Search,18-24,Active
USR005017,Singapore,Tamil,2025-01-15,Partner Bundle,25-34,Active
USR005018,India,French,2025-02-23,Organic Search,45-54,Inactive
USR005019,India,German,2025-04-29,Referral,35-44,Active
USR005020,United States,German,2025-04-01,Referral,35-44,Active
USR005021,India,Portuguese,2025-03-12,Referral,35-44,Active
USR005022,United Kingdom,German,2025-04-11,Organic Search,25-34,Active
USR005023,United States,Hindi,2025-06-11,Social Media,25-34,Active
USR005024,India,Telugu,2025-07-01,Social Media,45-54,Active
USR005025,India,Portuguese,2025-03-27,Social Media,18-24,Active
USR005026,India,Telugu,2025-05-18,Organic Search,35-44,Active
USR005027,United States,Bengali,2025-04-08,Organic Search,55+,Active
USR005028,France,Spanish,2025-03-05,Organic Search,25-34,Active
USR005029,India,Portuguese,2025-05-04,Referral,45-54,Active
USR005030,Canada,Telugu,2025-02-10,Paid Ads,25-34,Active
USR005031,Germany,French,2025-05-28,Partner Bundle,18-24,Active
USR005032,India,Telugu,2025-06-26,Organic Search,25-34,Active
USR005033,Canada,Spanish,2025-02-28,Social Media,35-44,Inactive
USR005034,Canada,Telugu,2025-04-30,Paid Ads,35-44,Active
USR005035,Australia,Spanish,2025-05-31,Partner Bundle,35-44,Active
USR005036,UAE,Hindi,2025-06-24,Social Media,25-34,Inactive
USR005037,United States,English,2025-06-13,Social Media,55+,Inactive
USR005038,India,Tamil,2025-07-24,Social Media,35-44,Inactive
USR005039,United Kingdom,Spanish,2025-03-26,Social Media,55+,Active
USR005040,India,Hindi,2025-04-05,Organic Search,18-24,Active
USR005041,India,Spanish,2025-02-07,Social Media,55+,Active
USR005042,UAE,Bengali,2025-03-11,Referral,35-44,Active
USR005043,United Kingdom,Spanish,2025-06-24,Organic Search,55+,Active
USR005044,United States,French,2025-03-27,App Store,35-44,Active
USR005045,India,Hindi,2025-07-01,Paid Ads,18-24,Inactive
USR005046,India,Bengali,2025-06-06,Referral,25-34,Active
USR005047,India,Tamil,2025-10-08,Paid Ads,18-24,Active
USR005048,France,Portuguese,2025-03-13,Social Media,18-24,Active
USR005049,Brazil,Bengali,2025-06-05,Organic Search,55+,Inactive
USR005050,United Kingdom,French,2025-05-30,App Store,45-54,Active
USR005051,India,Bengali,2025-04-17,App Store,45-54,Active
USR005052,Germany,English,2025-03-12,Paid Ads,18-24,Active
USR005053,UAE,Portuguese,2025-04-16,Organic Search,25-34,Active
USR005054,Singapore,German,2025-02-09,Social Media,45-54,Inactive
USR005055,Canada,French,2025-05-17,Social Media,25-34,Active
USR005056,United States,German,2025-04-14,Organic Search,25-34,Active
USR005057,Canada,English,2025-05-04,Paid Ads,25-34,Active
USR005058,India,Hindi,2025-04-05,Organic Search,35-44,Active
USR005059,Canada,Hindi,2025-03-26,Organic Search,35-44,Active
USR005060,Australia,Portuguese,2025-03-31,Organic Search,25-34,Active
USR005061,Australia,Tamil,2025-02-10,Paid Ads,25-34,Active
USR005062,United Kingdom,Spanish,2025-06-05,Partner Bundle,25-34,Active
USR005063,Australia,French,2025-04-05,Referral,35-44,Active
USR005064,Canada,English,2025-06-04,Partner Bundle,35-44,Active
USR005065,India,Telugu,2025-03-19,App Store,18-24,Active
USR005066,UAE,Telugu,2025-04-28,App Store,18-24,Inactive
USR005067,Canada,Bengali,2025-02-25,Organic Search,45-54,Active
USR005068,Australia,English,2025-08-20,Social Media,55+,Inactive
USR005069,United States,Portuguese,2025-07-22,Paid Ads,35-44,Active
USR005070,Singapore,Hindi,2025-05-17,Social Media,25-34,Inactive
USR005071,United States,English,2025-07-12,Paid Ads,25-34,Active
USR005072,Canada,English,2025-05-23,Social Media,35-44,Active
USR005073,Brazil,Bengali,2025-03-23,Social Media,35-44,Active
USR005074,Singapore,Spanish,2025-03-28,Paid Ads,45-54,Active
USR005075,Canada,Tamil,2025-04-10,Organic Search,45-54,Active
USR005076,India,Tamil,2025-03-01,App Store,25-34,Active
USR005077,Brazil,Hindi,2025-03-10,Paid Ads,45-54,Active
USR005078,Brazil,Hindi,2025-06-20,Social Media,25-34,Active
USR005079,India,English,2025-03-14,Social Media,45-54,Inactive
USR005080,United States,Portuguese,2025-02-25,Partner Bundle,18-24,Active
USR005081,United Kingdom,English,2025-04-01,Paid Ads,25-34,Active
USR005082,India,Tamil,2025-08-29,Paid Ads,18-24,Active
USR005083,India,Portuguese,2025-03-17,App Store,25-34,Active
USR005084,United Kingdom,Tamil,2025-07-26,Social Media,25-34,Active
USR005085,Brazil,Tamil,2025-01-18,Social Media,35-44,Active
USR005086,India,French,2025-01-28,Organic Search,35-44,Active
USR005087,Singapore,German,2025-08-14,Referral,35-44,Active
USR005088,UAE,English,2025-06-14,Partner Bundle,35-44,Active
USR005089,France,Spanish,2025-09-06,Partner Bundle,25-34,Inactive
USR005090,United States,Tamil,2025-07-11,Social Media,35-44,Active
USR005091,United States,Hindi,2025-05-13,Organic Search,25-34,Active
USR005092,United States,English,2025-03-15,App Store,25-34,Active
USR005093,Singapore,English,2025-08-17,Partner Bundle,18-24,Inactive
USR005094,United Kingdom,English,2025-05-17,Organic Search,35-44,Active
USR005095,India,English,2025-03-22,App Store,25-34,Active
USR005096,India,Tamil,2025-03-07,Social Media,25-34,Inactive
USR005097,United States,French,2025-02-04,Organic Search,35-44,Inactive
USR005098,Brazil,French,2025-06-30,Partner Bundle,25-34,Active
USR005099,United Kingdom,French,2025-02-05,Organic Search,25-34,Active
USR005100,Australia,Bengali,2025-08-23,Organic Search,35-44,Active
USR005101,India,Telugu,2025-06-18,Partner Bundle,45-54,Active
USR005102,UAE,German,2025-07-10,Organic Search,25-34,Active
USR005103,United Kingdom,Telugu,2025-05-16,Referral,35-44,Active
USR005104,Singapore,Bengali,2025-01-26,Partner Bundle,25-34,Active
USR005105,United States,Bengali,2025-04-29,Partner Bundle,35-44,Active
USR005106,Canada,Telugu,2025-03-07,Organic Search,25-34,Active
USR005107,United States,Telugu,2025-05-02,Referral,35-44,Active
USR005108,India,Portuguese,2025-01-11,Organic Search,25-34,Active
USR005109,India,German,2025-02-01,Organic Search,25-34,Active
USR005110,India,Bengali,2025-01-26,Partner Bundle,25-34,Active
USR005111,United States,Hindi,2025-06-18,Social Media,18-24,Active
USR005112,Canada,Bengali,2025-05-20,Organic Search,25-34,Active
USR005113,India,English,2025-08-17,Paid Ads,55+,Inactive
USR005114,United States,Portuguese,2025-04-26,Organic Search,25-34,Active
USR005115,United States,English,2025-04-05,Partner Bundle,35-44,Active
USR005116,United Kingdom,Bengali,2025-03-09,Paid Ads,35-44,Active
USR005117,India,Spanish,2025-03-31,Social Media,55+,Active
USR005118,United Kingdom,French,2025-02-28,Social Media,25-34,Active
USR005119,United States,Telugu,2025-01-28,Partner Bundle,25-34,Active
USR005120,India,Spanish,2025-06-03,Partner Bundle,55+,Active
USR005121,United Kingdom,Portuguese,2025-03-26,Partner Bundle,25-34,Active
USR005122,India,Spanish,2025-07-30,Social Media,45-54,Active
USR005123,UAE,Bengali,2025-05-14,App Store,25-34,Active
USR005124,Singapore,Bengali,2025-02-15,Referral,25-34,Inactive
USR005125,Canada,Spanish,2025-05-26,Paid Ads,55+,Active
USR005126,India,Spanish,2025-07-05,Referral,35-44,Active
USR005127,Canada,German,2025-08-05,Referral,45-54,Inactive
USR005128,United Kingdom,Bengali,2025-04-26,Referral,18-24,Active
USR005129,United States,Tamil,2025-06-06,Organic Search,35-44,Active
USR005130,India,German,2025-04-04,Organic Search,35-44,Inactive
USR005131,India,German,2025-02-22,Partner Bundle,25-34,Active
USR005132,India,Tamil,2025-06-08,Referral,18-24,Active
USR005133,Canada,Bengali,2025-04-18,Partner Bundle,25-34,Active
USR005134,UAE,Tamil,2025-08-13,Paid Ads,35-44,Active
USR005135,United States,Telugu,2025-08-26,Organic Search,35-44,Active
USR005136,India,Portuguese,2025-01-19,Organic Search,18-24,Active
USR005137,India,Telugu,2025-05-11,Paid Ads,25-34,Active
USR005138,United States,Portuguese,2025-02-26,Organic Search,25-34,Active
USR005139,India,English,2025-02-26,Organic Search,45-54,Inactive
USR005140,India,Spanish,2025-03-05,Organic Search,18-24,Active
USR005141,India,Tamil,2025-02-15,Referral,45-54,Inactive
USR005142,Canada,Spanish,2025-03-10,Organic Search,45-54,Active
USR005143,Canada,Hindi,2025-03-16,Organic Search,35-44,Active
USR005144,Singapore,German,2025-09-07,Paid Ads,45-54,Inactive
USR005145,Australia,English,2025-07-28,Partner Bundle,25-34,Inactive
USR005146,India,German,2025-06-07,Partner Bundle,18-24,Inactive
USR005147,Germany,Bengali,2025-04-25,Partner Bundle,25-34,Active
USR005148,India,Portuguese,2025-03-20,Organic Search,35-44,Inactive
USR005149,United Kingdom,Tamil,2025-07-26,Organic Search,25-34,Active
USR005150,India,French,2025-04-30,Organic Search,35-44,Active
USR005151,India,Spanish,2025-04-20,Paid Ads,18-24,Inactive
USR005152,United States,Bengali,2025-05-11,App Store,18-24,Active
USR005153,India,Hindi,2025-07-12,Referral,18-24,Active
USR005154,India,Bengali,2025-04-14,Social Media,55+,Active
USR005155,India,Telugu,2025-02-07,Partner Bundle,25-34,Active
USR005156,Germany,Hindi,2025-01-13,Referral,45-54,Active
USR005157,India,Hindi,2025-02-15,Organic Search,45-54,Inactive
USR005158,United States,Hindi,2025-05-06,Referral,18-24,Active
USR005159,Germany,English,2025-03-03,Organic Search,25-34,Active
USR005160,India,Telugu,2025-05-21,Organic Search,25-34,Active
USR005161,Germany,Bengali,2025-06-11,Paid Ads,25-34,Active
USR005162,France,Telugu,2025-05-12,Paid Ads,35-44,Active
USR005163,Brazil,French,2025-02-11,Organic Search,25-34,Inactive
USR005164,United States,Portuguese,2025-02-26,Referral,35-44,Inactive
USR005165,United States,Hindi,2025-08-14,App Store,35-44,Active
USR005166,Australia,German,2025-08-06,App Store,35-44,Active
USR005167,India,Hindi,2025-08-10,Referral,18-24,Active
USR005168,India,Spanish,2025-06-21,Organic Search,35-44,Active
USR005169,India,Hindi,2025-08-01,Organic Search,35-44,Active
USR005170,Australia,Bengali,2025-02-04,App Store,25-34,Active
USR005171,India,Tamil,2025-03-03,Organic Search,35-44,Inactive
USR005172,Canada,German,2025-05-20,App Store,18-24,Active
USR005173,India,German,2025-02-16,Social Media,35-44,Inactive
USR005174,Canada,Portuguese,2025-04-14,Social Media,35-44,Inactive
USR005175,United States,Hindi,2025-03-06,Referral,25-34,Active
USR005176,India,English,2025-07-26,Organic Search,45-54,Inactive
USR005177,India,Tamil,2025-04-11,Paid Ads,45-54,Active
USR005178,India,Bengali,2025-03-10,Social Media,35-44,Active
USR005179,India,Bengali,2025-08-11,Referral,25-34,Active
USR005180,United States,Tamil,2025-02-24,Organic Search,25-34,Active
USR005181,Brazil,Spanish,2025-04-19,Social Media,45-54,Active
USR005182,Canada,Spanish,2025-06-30,Organic Search,25-34,Active
USR005183,France,Hindi,2025-02-13,Social Media,25-34,Active
USR005184,Brazil,Hindi,2025-04-06,Organic Search,25-34,Inactive
USR005185,United Kingdom,Hindi,2025-02-09,Organic Search,25-34,Active
USR005186,India,Telugu,2025-05-16,App Store,35-44,Active
USR005187,Singapore,Portuguese,2025-06-23,Social Media,55+,Active
USR005188,Australia,Telugu,2025-03-19,App Store,25-34,Active
USR005189,Brazil,Bengali,2025-04-12,Partner Bundle,25-34,Active
USR005190,Canada,German,2025-06-18,Referral,25-34,Active
USR005191,Germany,Hindi,2025-03-11,Referral,25-34,Active
USR005192,UAE,Bengali,2025-02-24,Paid Ads,25-34,Active
USR005193,Germany,German,2025-05-10,Paid Ads,45-54,Active
USR005194,United Kingdom,Portuguese,2025-04-24,Referral,55+,Inactive
USR005195,United States,Tamil,2025-03-15,Referral,45-54,Active
USR005196,France,Telugu,2025-06-14,Social Media,18-24,Active
USR005197,Germany,English,2025-04-26,Partner Bundle,35-44,Active
USR005198,United States,Bengali,2025-05-22,Paid Ads,35-44,Active
USR005199,United States,Telugu,2025-06-11,Social Media,35-44,Active
USR005200,Canada,Telugu,2025-03-26,Social Media,45-54,Active
USR005201,India,Telugu,2025-04-19,Social Media,25-34,Active
USR005202,India,Telugu,2025-04-15,Organic Search,25-34,Active
USR005203,India,English,2025-03-22,Partner Bundle,18-24,Active
USR005204,UAE,Portuguese,2025-03-30,Referral,35-44,Inactive
USR005205,India,Telugu,2025-06-17,App Store,25-34,Active
USR005206,United Kingdom,Telugu,2025-04-15,Organic Search,55+,Active
USR005207,France,English,2025-02-26,Referral,18-24,Active
USR005208,India,Tamil,2025-02-03,Social Media,55+,Active
USR005209,India,Bengali,2025-02-10,App Store,25-34,Active
USR005210,Singapore,German,2025-02-06,Partner Bundle,35-44,Active
USR005211,Australia,English,2025-08-04,Paid Ads,35-44,Active
USR005212,India,German,2025-05-28,Organic Search,35-44,Active
USR005213,France,Hindi,2025-04-12,Referral,18-24,Active
USR005214,Germany,Hindi,2025-07-31,Organic Search,45-54,Inactive
USR005215,France,French,2025-05-18,Referral,45-54,Active
USR005216,India,French,2025-02-02,Referral,45-54,Active
USR005217,United States,Telugu,2025-02-11,Social Media,25-34,Active
USR005218,Australia,Portuguese,2025-03-30,Social Media,35-44,Active
USR005219,United States,Hindi,2025-03-23,Referral,25-34,Inactive
USR005220,India,Bengali,2025-04-27,Organic Search,18-24,Inactive
USR005221,India,Bengali,2025-06-12,Organic Search,25-34,Active
USR005222,United Kingdom,Bengali,2025-03-20,App Store,25-34,Active
USR005223,United States,Portuguese,2025-09-24,App Store,18-24,Inactive
USR005224,India,Portuguese,2025-05-17,Referral,25-34,Active
USR005225,Germany,Telugu,2025-05-17,App Store,25-34,Active
USR005226,United States,German,2025-04-11,Referral,25-34,Inactive
USR005227,India,Telugu,2025-06-22,Organic Search,25-34,Inactive
USR005228,Australia,Telugu,2025-04-20,Organic Search,45-54,Active
USR005229,United States,Telugu,2025-03-05,Social Media,35-44,Active
USR005230,Australia,Bengali,2025-04-29,App Store,18-24,Active
USR005231,India,Hindi,2025-05-15,Organic Search,35-44,Active
USR005232,India,French,2025-03-22,Organic Search,35-44,Inactive
USR005233,United Kingdom,Portuguese,2025-03-07,Social Media,18-24,Active
USR005234,Brazil,French,2025-04-10,Organic Search,18-24,Active
USR005235,India,Hindi,2025-04-25,Referral,25-34,Active
USR005236,Canada,Telugu,2025-05-15,Organic Search,35-44,Active
USR005237,India,Tamil,2025-06-07,Organic Search,45-54,Active
USR005238,India,French,2025-04-25,Partner Bundle,25-34,Inactive
USR005239,India,Bengali,2025-03-23,Paid Ads,55+,Inactive
USR005240,UAE,Tamil,2025-05-12,Organic Search,55+,Active
USR005241,India,Bengali,2025-03-15,Referral,35-44,Inactive
USR005242,India,French,2025-02-12,Organic Search,25-34,Active
USR005243,Australia,Hindi,2025-03-14,Paid Ads,35-44,Inactive
USR005244,India,Tamil,2025-04-02,App Store,45-54,Inactive
USR005245,India,Portuguese,2025-04-21,Referral,55+,Active
USR005246,India,Portuguese,2025-03-28,Social Media,35-44,Active
USR005247,Brazil,Portuguese,2025-05-03,Social Media,25-34,Active
USR005248,India,Spanish,2025-04-17,Organic Search,25-34,Active
USR005249,Brazil,Spanish,2025-03-30,Referral,18-24,Inactive
USR005250,India,Spanish,2025-02-05,Referral,18-24,Inactive
USR005251,India,German,2025-01-26,Organic Search,25-34,Active
USR005252,UAE,German,2025-02-09,Referral,45-54,Active
USR005253,United Kingdom,German,2025-03-18,Referral,25-34,Inactive
USR005254,United States,Bengali,2025-02-26,Organic Search,18-24,Active
USR005255,United States,Bengali,2025-04-06,Paid Ads,25-34,Active
USR005256,India,Bengali,2025-02-15,Organic Search,25-34,Active
USR005257,Canada,Portuguese,2025-03-19,Social Media,55+,Active
USR005258,United Kingdom,Tamil,2025-02-03,Referral,55+,Active
USR005259,India,Hindi,2025-02-18,App Store,35-44,Active
USR005260,Singapore,Portuguese,2025-05-18,Social Media,45-54,Active
USR005261,United States,Tamil,2025-06-01,Organic Search,25-34,Active
USR005262,India,English,2025-02-28,Organic Search,35-44,Active
USR005263,India,German,2025-03-11,Organic Search,55+,Active
USR005264,UAE,Telugu,2025-04-04,Paid Ads,25-34,Active
USR005265,United States,English,2025-07-23,App Store,55+,Active
USR005266,United Kingdom,Telugu,2025-04-06,Referral,25-34,Active
USR005267,Singapore,German,2025-02-20,Partner Bundle,35-44,Active
USR005268,Canada,German,2025-07-02,Referral,45-54,Active
USR005269,Canada,Hindi,2025-02-02,Referral,35-44,Active
USR005270,India,French,2025-04-03,App Store,25-34,Active
USR005271,Canada,Portuguese,2025-07-17,Organic Search,45-54,Active
USR005272,United States,Hindi,2025-02-12,Organic Search,25-34,Active
USR005273,Singapore,Portuguese,2025-04-05,App Store,25-34,Active
USR005274,India,Bengali,2025-04-02,Referral,25-34,Active
USR005275,India,French,2025-09-09,Paid Ads,25-34,Active
USR005276,India,Hindi,2025-05-26,Paid Ads,25-34,Active
USR005277,United States,Tamil,2025-06-18,Paid Ads,18-24,Active
USR005278,India,Telugu,2025-05-09,Referral,35-44,Active
USR005279,France,Hindi,2025-06-05,Paid Ads,18-24,Active
USR005280,Singapore,Bengali,2025-04-01,Organic Search,35-44,Active
USR005281,Canada,Portuguese,2025-05-08,Organic Search,45-54,Inactive
USR005282,India,German,2025-02-08,Referral,25-34,Active
USR005283,United States,Tamil,2025-01-21,Paid Ads,45-54,Active
USR005284,Brazil,Tamil,2025-09-20,Social Media,25-34,Active
USR005285,India,Hindi,2025-08-14,App Store,55+,Active
USR005286,United Kingdom,English,2025-07-10,Organic Search,18-24,Active
USR005287,United States,German,2025-05-15,App Store,45-54,Active
USR005288,Brazil,Tamil,2025-09-16,Paid Ads,35-44,Active
USR005289,India,English,2025-04-16,Organic Search,35-44,Inactive
USR005290,India,Bengali,2025-08-24,Organic Search,25-34,Active
USR005291,Australia,German,2025-06-18,App Store,35-44,Active
USR005292,India,German,2025-06-18,Organic Search,35-44,Inactive
USR005293,Canada,Bengali,2025-04-30,Organic Search,18-24,Active
USR005294,India,Bengali,2025-07-01,Partner Bundle,45-54,Inactive
USR005295,United Kingdom,Portuguese,2025-02-11,Social Media,35-44,Active
USR005296,United States,French,2025-06-25,Referral,18-24,Active
USR005297,United Kingdom,Spanish,2025-06-20,Organic Search,25-34,Active
USR005298,France,Hindi,2025-08-02,Referral,25-34,Active
USR005299,Brazil,English,2025-06-20,Paid Ads,18-24,Inactive
USR005300,Germany,German,2025-05-10,Referral,55+,Inactive
USR005301,Germany,Tamil,2025-06-09,App Store,35-44,Active
USR005302,United Kingdom,Bengali,2025-04-18,App Store,25-34,Active
USR005303,India,Tamil,2025-03-19,Referral,35-44,Active
USR005304,Canada,Hindi,2025-04-13,Paid Ads,45-54,Active
USR005305,India,Bengali,2025-03-02,Organic Search,25-34,Active
USR005306,India,German,2025-05-01,Social Media,55+,Active
USR005307,Australia,Spanish,2025-06-08,Paid Ads,45-54,Active
USR005308,Canada,Tamil,2025-02-04,Paid Ads,45-54,Active
USR005309,India,Tamil,2025-05-17,Organic Search,35-44,Active
USR005310,Germany,Spanish,2025-03-11,App Store,18-24,Active
USR005311,Singapore,Telugu,2025-06-10,Paid Ads,18-24,Active
USR005312,United Kingdom,Telugu,2025-05-03,Social Media,18-24,Active
USR005313,Canada,Telugu,2025-05-11,Organic Search,45-54,Active
USR005314,India,Bengali,2025-01-23,Referral,25-34,Inactive
USR005315,Brazil,Telugu,2025-03-26,Paid Ads,35-44,Active
USR005316,India,French,2025-04-29,Partner Bundle,55+,Active
USR005317,UAE,German,2025-06-03,Organic Search,55+,Active
USR005318,Singapore,French,2025-04-20,Referral,25-34,Active
USR005319,Australia,Hindi,2025-05-14,Partner Bundle,35-44,Active
USR005320,France,Telugu,2025-01-19,Partner Bundle,35-44,Inactive
USR005321,United States,Spanish,2025-04-09,Referral,35-44,Active
USR005322,Singapore,English,2025-08-09,Referral,25-34,Inactive
USR005323,Australia,English,2025-05-15,Partner Bundle,25-34,Inactive
USR005324,India,Portuguese,2025-03-16,Organic Search,35-44,Active
USR005325,India,Spanish,2025-05-05,Partner Bundle,25-34,Active
USR005326,United Kingdom,Telugu,2025-04-02,Partner Bundle,25-34,Active
USR005327,France,Portuguese,2025-05-24,Partner Bundle,25-34,Active
USR005328,UAE,Telugu,2025-06-14,Partner Bundle,18-24,Inactive
USR005329,France,Bengali,2025-05-18,Social Media,45-54,Active
USR005330,India,Tamil,2025-05-14,Organic Search,45-54,Active
USR005331,United States,Spanish,2025-03-23,Social Media,35-44,Active
USR005332,United Kingdom,English,2025-03-12,Social Media,45-54,Active
USR005333,Canada,Bengali,2025-05-17,Social Media,35-44,Active
USR005334,India,Tamil,2025-02-17,Paid Ads,35-44,Active
USR005335,Australia,Hindi,2025-04-09,App Store,45-54,Active
USR005336,United Kingdom,Bengali,2025-06-19,Organic Search,25-34,Inactive
USR005337,United Kingdom,French,2025-08-31,Social Media,25-34,Active
USR005338,Canada,Portuguese,2025-07-04,Social Media,35-44,Active
USR005339,United Kingdom,Portuguese,2025-07-03,Paid Ads,25-34,Active
USR005340,India,Portuguese,2025-01-25,Social Media,25-34,Inactive
USR005341,UAE,French,2025-05-23,Organic Search,45-54,Inactive
USR005342,India,Tamil,2025-05-28,Social Media,55+,Active
USR005343,Australia,French,2025-03-15,Social Media,25-34,Inactive
USR005344,India,German,2025-04-16,App Store,25-34,Inactive
USR005345,Canada,Telugu,2025-05-18,Referral,25-34,Active
USR005346,UAE,Telugu,2025-03-07,Referral,25-34,Inactive
USR005347,India,Tamil,2025-07-13,Referral,45-54,Active
USR005348,Brazil,French,2025-06-09,Referral,45-54,Active
USR005349,India,German,2025-04-14,Paid Ads,25-34,Inactive
USR005350,India,German,2025-07-08,Partner Bundle,35-44,Active
USR005351,France,Portuguese,2025-02-02,App Store,18-24,Active
USR005352,Australia,Tamil,2025-03-10,Referral,25-34,Active
USR005353,India,French,2025-05-18,App Store,18-24,Active
USR005354,Singapore,Tamil,2025-07-10,App Store,35-44,Active
USR005355,Canada,Telugu,2025-05-18,App Store,18-24,Active
USR005356,India,Telugu,2025-05-30,Organic Search,45-54,Active
USR005357,UAE,Spanish,2025-02-07,Paid Ads,35-44,Inactive
USR005358,United States,Tamil,2025-05-30,Social Media,45-54,Active
USR005359,India,Telugu,2025-07-19,App Store,55+,Inactive
USR005360,France,English,2025-08-04,Social Media,18-24,Inactive
USR005361,Australia,French,2025-03-07,Partner Bundle,25-34,Active
USR005362,Canada,Telugu,2025-03-23,Referral,25-34,Active
USR005363,UAE,English,2025-04-15,Paid Ads,25-34,Inactive
USR005364,UAE,Bengali,2025-07-28,App Store,25-34,Active
USR005365,India,Tamil,2025-01-15,Partner Bundle,35-44,Active
USR005366,UAE,Tamil,2025-02-04,Social Media,55+,Active
USR005367,United States,Spanish,2025-03-02,Organic Search,35-44,Inactive
USR005368,United States,Tamil,2025-04-23,Paid Ads,45-54,Active
USR005369,Brazil,French,2025-04-08,Organic Search,25-34,Active
USR005370,Germany,Portuguese,2025-03-16,Referral,18-24,Inactive
USR005371,India,French,2025-02-14,Social Media,25-34,Active
USR005372,Canada,Tamil,2025-05-22,Social Media,45-54,Inactive
USR005373,United Kingdom,Tamil,2025-04-13,Organic Search,25-34,Active
USR005374,India,English,2025-04-13,Paid Ads,25-34,Active
USR005375,UAE,French,2025-07-22,Referral,18-24,Active
USR005376,France,Portuguese,2025-04-12,Partner Bundle,55+,Active
USR005377,Germany,Tamil,2025-04-21,Social Media,25-34,Active
USR005378,United Kingdom,French,2025-05-09,Social Media,25-34,Active
USR005379,India,Telugu,2025-05-12,Organic Search,45-54,Active
USR005380,UAE,Telugu,2025-03-12,Referral,45-54,Active
USR005381,United States,German,2025-08-26,Organic Search,45-54,Inactive
USR005382,India,French,2025-02-12,Partner Bundle,55+,Active
USR005383,Brazil,French,2025-06-20,Partner Bundle,45-54,Inactive
USR005384,UAE,Telugu,2025-06-11,Paid Ads,55+,Active
USR005385,Canada,Tamil,2025-04-07,Social Media,35-44,Active
USR005386,India,French,2025-04-18,Social Media,25-34,Active
USR005387,India,Spanish,2025-02-01,Organic Search,18-24,Active
USR005388,United States,Hindi,2025-07-01,Organic Search,35-44,Active
USR005389,Canada,French,2025-04-28,Social Media,25-34,Inactive
USR005390,Australia,Telugu,2025-05-22,Social Media,18-24,Active
USR005391,Germany,Hindi,2025-07-28,Referral,45-54,Active
USR005392,United Kingdom,Portuguese,2025-02-14,App Store,25-34,Active
USR005393,Canada,Portuguese,2025-03-30,Social Media,25-34,Active
USR005394,France,Tamil,2025-06-07,Partner Bundle,35-44,Active
USR005395,Australia,Portuguese,2025-03-24,Organic Search,25-34,Active
USR005396,Brazil,English,2025-04-15,Organic Search,45-54,Active
USR005397,UAE,Tamil,2025-05-29,Social Media,55+,Active
USR005398,India,Spanish,2025-03-07,App Store,25-34,Active
USR005399,Singapore,Tamil,2025-06-24,Organic Search,18-24,Active
USR005400,India,German,2025-05-24,Social Media,25-34,Inactive
USR005401,Brazil,German,2025-06-13,Organic Search,35-44,Active
USR005402,Australia,English,2025-04-14,App Store,18-24,Inactive
USR005403,Canada,German,2025-03-29,Social Media,35-44,Active
USR005404,India,Tamil,2025-07-05,Social Media,25-34,Active
USR005405,India,English,2025-01-22,App Store,18-24,Inactive
USR005406,India,Telugu,2025-03-23,Organic Search,25-34,Active
USR005407,UAE,English,2025-02-21,Partner Bundle,25-34,Active
USR005408,United States,Telugu,2025-04-29,Social Media,18-24,Inactive
USR005409,United Kingdom,Portuguese,2025-03-20,Social Media,55+,Active
USR005410,Singapore,Telugu,2025-05-20,Organic Search,25-34,Active
USR005411,India,German,2025-03-19,Referral,25-34,Inactive
USR005412,Germany,Spanish,2025-04-29,Partner Bundle,35-44,Active
USR005413,United States,Telugu,2025-02-26,Referral,35-44,Active
USR005414,India,Tamil,2025-04-26,Social Media,25-34,Inactive
USR005415,France,Bengali,2025-01-25,Organic Search,25-34,Active
USR005416,Canada,Bengali,2025-06-25,Social Media,35-44,Active
USR005417,India,Tamil,2025-05-20,Organic Search,45-54,Active
USR005418,United Kingdom,Telugu,2025-07-22,Organic Search,45-54,Active
USR005419,France,Spanish,2025-04-12,Social Media,35-44,Active
USR005420,India,French,2025-07-31,Organic Search,25-34,Inactive
USR005421,United States,Telugu,2025-07-07,Referral,55+,Inactive
USR005422,Germany,Tamil,2025-05-31,Social Media,25-34,Active
USR005423,France,Spanish,2025-06-04,Organic Search,18-24,Inactive
USR005424,Germany,Telugu,2025-01-25,App Store,25-34,Active
USR005425,India,Spanish,2025-04-17,Partner Bundle,18-24,Active
USR005426,United States,Bengali,2025-05-12,Organic Search,18-24,Active
USR005427,Australia,Telugu,2025-01-29,Organic Search,18-24,Active
USR005428,India,French,2025-04-16,Social Media,35-44,Inactive
USR005429,United Kingdom,English,2025-05-08,Referral,35-44,Active
USR005430,Australia,Tamil,2025-02-26,Paid Ads,25-34,Inactive
USR005431,France,German,2025-05-16,Paid Ads,25-34,Active
USR005432,India,Portuguese,2025-04-10,Referral,25-34,Active
USR005433,India,Tamil,2025-05-20,Social Media,25-34,Active
USR005434,United Kingdom,English,2025-04-29,App Store,25-34,Active
USR005435,Australia,Spanish,2025-03-12,Partner Bundle,45-54,Active
USR005436,Australia,Hindi,2025-04-06,Referral,25-34,Active
USR005437,India,Spanish,2025-05-19,Organic Search,25-34,Active
USR005438,India,English,2025-03-03,Referral,35-44,Active
USR005439,Australia,Hindi,2025-05-28,Paid Ads,55+,Active
USR005440,UAE,Bengali,2025-03-07,App Store,25-34,Active
USR005441,Germany,Spanish,2025-05-27,Paid Ads,25-34,Active
USR005442,Canada,Portuguese,2025-06-17,Partner Bundle,25-34,Inactive
USR005443,Brazil,French,2025-02-19,Partner Bundle,25-34,Active
USR005444,United States,Hindi,2025-04-23,Referral,45-54,Inactive
USR005445,United Kingdom,Telugu,2025-05-22,Referral,35-44,Active
USR005446,India,Portuguese,2025-05-27,Social Media,25-34,Inactive
USR005447,Singapore,German,2025-04-20,Paid Ads,35-44,Active
USR005448,United Kingdom,English,2025-01-30,Referral,18-24,Active
USR005449,United States,Portuguese,2025-06-07,Organic Search,25-34,Inactive
USR005450,India,Portuguese,2025-05-10,Paid Ads,25-34,Active
USR005451,United States,Telugu,2025-05-15,App Store,25-34,Active
USR005452,India,English,2025-05-08,Organic Search,45-54,Inactive
USR005453,India,French,2025-07-07,Organic Search,55+,Active
USR005454,Brazil,English,2025-04-27,Paid Ads,25-34,Active
USR005455,India,Spanish,2025-05-05,Organic Search,35-44,Active
USR005456,United Kingdom,Telugu,2025-03-08,App Store,35-44,Inactive
USR005457,India,English,2025-05-29,Paid Ads,35-44,Active
USR005458,Germany,Bengali,2025-02-07,Organic Search,35-44,Active
USR005459,United Kingdom,French,2025-05-24,App Store,25-34,Active
USR005460,India,French,2025-03-20,Referral,45-54,Active
USR005461,UAE,English,2025-05-26,Referral,25-34,Active
USR005462,Germany,German,2025-02-04,Social Media,55+,Active
USR005463,Brazil,Bengali,2025-01-09,Social Media,35-44,Active
USR005464,India,Bengali,2025-06-05,Referral,25-34,Active
USR005465,United States,Telugu,2025-03-25,Organic Search,45-54,Inactive
USR005466,Brazil,Telugu,2025-06-20,App Store,45-54,Active
USR005467,France,Bengali,2025-05-20,App Store,55+,Active
USR005468,France,Bengali,2025-06-10,Paid Ads,45-54,Inactive
USR005469,Canada,English,2025-06-21,Referral,25-34,Active
USR005470,Australia,Hindi,2025-04-10,Social Media,45-54,Inactive
USR005471,Germany,Bengali,2025-06-25,Paid Ads,35-44,Active
USR005472,India,English,2025-05-08,Organic Search,25-34,Active
USR005473,Australia,Portuguese,2025-07-21,Organic Search,18-24,Inactive
USR005474,France,Portuguese,2025-02-11,Organic Search,35-44,Active
USR005475,India,Hindi,2025-03-08,App Store,45-54,Active
USR005476,India,Tamil,2025-04-03,App Store,35-44,Active
USR005477,India,French,2025-05-15,Social Media,25-34,Active
USR005478,France,Telugu,2025-07-02,Social Media,18-24,Active
USR005479,Germany,Hindi,2025-03-13,Partner Bundle,35-44,Inactive
USR005480,Canada,English,2025-05-08,Paid Ads,25-34,Active
USR005481,Germany,Portuguese,2025-03-28,Paid Ads,25-34,Active
USR005482,United States,Portuguese,2025-04-21,Social Media,35-44,Active
USR005483,UAE,Portuguese,2025-07-26,Social Media,35-44,Active
USR005484,India,German,2025-05-21,Organic Search,35-44,Active
USR005485,Australia,Spanish,2025-07-01,Organic Search,25-34,Active
USR005486,India,Tamil,2025-07-08,Partner Bundle,25-34,Active
USR005487,India,English,2025-02-19,Partner Bundle,25-34,Inactive
USR005488,India,Bengali,2025-03-22,Organic Search,35-44,Active
USR005489,United States,French,2025-05-08,Organic Search,18-24,Active
USR005490,France,Hindi,2025-05-16,Social Media,35-44,Inactive
USR005491,United States,French,2025-09-10,Partner Bundle,25-34,Inactive
USR005492,India,English,2025-08-06,Social Media,25-34,Active
USR005493,Brazil,Bengali,2025-05-15,App Store,35-44,Active
USR005494,India,Tamil,2025-01-18,App Store,25-34,Active
USR005495,Brazil,English,2025-02-07,Partner Bundle,35-44,Active
USR005496,Singapore,English,2025-06-05,Referral,18-24,Active
USR005497,United Kingdom,Hindi,2025-05-15,Partner Bundle,35-44,Active
USR005498,India,Telugu,2025-07-10,Paid Ads,35-44,Active
USR005499,Australia,Hindi,2025-01-25,App Store,35-44,Active
USR005500,France,Spanish,2025-05-08,Paid Ads,35-44,Active
USR005501,United States,Portuguese,2025-03-27,Referral,25-34,Active
USR005502,India,English,2025-03-01,Partner Bundle,45-54,Active
USR005503,Germany,Portuguese,2025-01-12,App Store,25-34,Active
USR005504,United Kingdom,Tamil,2025-02-24,Paid Ads,25-34,Inactive
USR005505,India,Portuguese,2025-07-25,Referral,55+,Active
USR005506,Singapore,Bengali,2025-04-30,Organic Search,45-54,Active
USR005507,Singapore,Telugu,2025-04-15,App Store,35-44,Inactive
USR005508,United States,Telugu,2025-06-14,Social Media,35-44,Active
USR005509,India,Tamil,2025-05-04,Social Media,18-24,Inactive
USR005510,Canada,Bengali,2025-02-19,Organic Search,55+,Active
USR005511,India,Portuguese,2025-03-19,Referral,25-34,Active
USR005512,India,Bengali,2025-05-06,App Store,18-24,Active
USR005513,UAE,Portuguese,2025-04-22,Social Media,18-24,Active
USR005514,Brazil,German,2025-06-04,Partner Bundle,25-34,Active
USR005515,United States,Spanish,2025-06-07,Social Media,35-44,Active
USR005516,Australia,French,2025-02-11,Partner Bundle,25-34,Active
USR005517,India,French,2025-02-23,Paid Ads,45-54,Active
USR005518,United States,Portuguese,2025-03-13,Social Media,25-34,Inactive
USR005519,India,Portuguese,2025-04-22,Partner Bundle,18-24,Inactive
USR005520,India,English,2025-02-13,Referral,25-34,Active
USR005521,United Kingdom,German,2025-02-11,Paid Ads,18-24,Inactive
USR005522,Germany,Hindi,2025-04-22,Social Media,45-54,Active
USR005523,United States,German,2025-03-21,Organic Search,18-24,Inactive
USR005524,United Kingdom,German,2025-07-22,Partner Bundle,25-34,Active
USR005525,India,Spanish,2025-02-01,Social Media,25-34,Inactive
USR005526,Australia,French,2025-08-23,Partner Bundle,25-34,Active
USR005527,United States,Telugu,2025-02-21,Partner Bundle,45-54,Active
USR005528,India,French,2025-05-29,Organic Search,35-44,Active
USR005529,India,Spanish,2025-08-27,Organic Search,18-24,Active
USR005530,India,French,2025-03-08,Referral,25-34,Inactive
USR005531,United States,Hindi,2025-06-01,Organic Search,18-24,Inactive
USR005532,India,English,2025-03-08,Social Media,35-44,Active
USR005533,Germany,German,2025-04-30,Referral,25-34,Active
USR005534,UAE,Portuguese,2025-05-24,Organic Search,45-54,Inactive
USR005535,India,Portuguese,2025-06-02,App Store,35-44,Active
USR005536,United States,English,2025-01-22,Social Media,45-54,Active
USR005537,United States,English,2025-02-25,Social Media,45-54,Inactive
USR005538,Brazil,Bengali,2025-01-26,Organic Search,25-34,Active
USR005539,India,Telugu,2025-04-05,App Store,35-44,Active
USR005540,Canada,Telugu,2025-09-10,Organic Search,18-24,Active
USR005541,United States,Portuguese,2025-08-04,Organic Search,25-34,Active
USR005542,United States,German,2025-04-04,Partner Bundle,25-34,Active
USR005543,India,Bengali,2025-02-17,Organic Search,25-34,Active
USR005544,India,Telugu,2025-08-31,Organic Search,45-54,Inactive
USR005545,India,Hindi,2025-08-25,App Store,25-34,Active
USR005546,India,Hindi,2025-03-19,Referral,35-44,Inactive
USR005547,India,French,2025-02-16,Paid Ads,18-24,Active
USR005548,Australia,English,2025-04-05,Referral,35-44,Inactive
USR005549,Canada,German,2025-02-03,Organic Search,25-34,Active
USR005550,United Kingdom,German,2025-03-18,Social Media,35-44,Active
USR005551,India,English,2025-01-19,Paid Ads,55+,Active
USR005552,India,German,2025-02-21,Referral,35-44,Active
USR005553,France,French,2025-03-16,Paid Ads,35-44,Inactive
USR005554,India,German,2025-06-29,Organic Search,55+,Inactive
USR005555,Singapore,French,2025-04-22,Paid Ads,25-34,Active
USR005556,UAE,Portuguese,2025-03-22,Referral,25-34,Active
USR005557,India,Portuguese,2025-03-12,Partner Bundle,35-44,Active
USR005558,UAE,Spanish,2025-08-18,Partner Bundle,25-34,Active
USR005559,Canada,Spanish,2025-02-24,Referral,35-44,Active
USR005560,Canada,Spanish,2025-01-12,Referral,25-34,Active
USR005561,France,Telugu,2025-06-20,Organic Search,35-44,Active
USR005562,United States,English,2025-03-27,Partner Bundle,35-44,Active
USR005563,Australia,French,2025-03-13,Paid Ads,35-44,Inactive
USR005564,Canada,Portuguese,2025-03-05,Referral,25-34,Active
USR005565,Germany,Bengali,2025-04-23,App Store,25-34,Inactive
USR005566,Canada,Spanish,2025-06-12,Paid Ads,55+,Active
USR005567,India,Bengali,2025-06-19,Referral,18-24,Active
USR005568,India,Tamil,2025-05-13,Referral,35-44,Active
USR005569,Singapore,Spanish,2025-07-04,Partner Bundle,45-54,Active
USR005570,India,Portuguese,2025-02-22,App Store,35-44,Active
USR005571,United States,Telugu,2025-01-10,Social Media,18-24,Active
USR005572,United States,Bengali,2025-07-30,Paid Ads,18-24,Active
USR005573,India,Hindi,2025-03-23,Organic Search,25-34,Active
USR005574,India,Spanish,2025-06-26,Partner Bundle,25-34,Inactive
USR005575,India,Telugu,2025-01-30,Paid Ads,25-34,Active
USR005576,United States,Hindi,2025-04-24,Partner Bundle,25-34,Active
USR005577,UAE,Tamil,2025-02-28,Social Media,45-54,Active
USR005578,United States,Telugu,2025-04-16,Social Media,45-54,Active
USR005579,Canada,Tamil,2025-05-14,App Store,18-24,Inactive
USR005580,United States,German,2025-06-03,Organic Search,45-54,Active
USR005581,UAE,Portuguese,2025-03-31,Social Media,35-44,Active
USR005582,Canada,Spanish,2025-02-19,App Store,25-34,Inactive
USR005583,India,German,2025-03-27,Referral,18-24,Active
USR005584,United States,German,2025-08-02,Social Media,35-44,Active
USR005585,France,Bengali,2025-04-25,Social Media,25-34,Inactive
USR005586,Australia,Bengali,2025-01-23,Paid Ads,35-44,Active
USR005587,UAE,English,2025-03-17,Organic Search,25-34,Active
USR005588,India,Tamil,2025-04-29,Partner Bundle,45-54,Active
USR005589,Brazil,Tamil,2025-07-11,Referral,25-34,Active
USR005590,India,Hindi,2025-08-12,Paid Ads,35-44,Active
USR005591,India,German,2025-06-02,Paid Ads,25-34,Active
USR005592,United States,Tamil,2025-03-07,Paid Ads,45-54,Inactive
USR005593,India,Spanish,2025-03-02,Social Media,25-34,Active
USR005594,Canada,English,2025-04-18,Organic Search,55+,Active
USR005595,UAE,Portuguese,2025-04-16,Paid Ads,35-44,Active
USR005596,Singapore,Hindi,2025-03-09,Partner Bundle,35-44,Active
USR005597,United Kingdom,French,2025-01-30,Referral,45-54,Active
USR005598,United Kingdom,Portuguese,2025-05-16,Partner Bundle,35-44,Inactive
USR005599,Brazil,Portuguese,2025-03-07,Referral,18-24,Inactive
USR005600,United Kingdom,Bengali,2025-05-20,Organic Search,35-44,Active
USR005601,Singapore,French,2025-05-09,Organic Search,25-34,Active
USR005602,Singapore,English,2025-07-09,App Store,35-44,Active
USR005603,India,Telugu,2025-08-21,Paid Ads,25-34,Active
USR005604,India,Hindi,2025-02-03,Social Media,18-24,Active
USR005605,United States,Bengali,2025-02-18,App Store,25-34,Inactive
USR005606,UAE,Hindi,2025-08-04,Paid Ads,18-24,Active
USR005607,France,Spanish,2025-06-15,App Store,18-24,Active
USR005608,United Kingdom,Tamil,2025-02-15,Partner Bundle,35-44,Active
USR005609,India,French,2025-08-10,Paid Ads,25-34,Active
USR005610,India,Hindi,2025-01-31,Partner Bundle,35-44,Inactive
USR005611,Brazil,English,2025-02-05,Referral,25-34,Active
USR005612,United States,Spanish,2025-03-27,App Store,45-54,Active
USR005613,Canada,French,2025-06-23,Partner Bundle,18-24,Inactive
USR005614,UAE,Portuguese,2025-03-22,Organic Search,25-34,Active
USR005615,UAE,Portuguese,2025-05-10,App Store,25-34,Active
USR005616,United Kingdom,German,2025-01-17,Social Media,35-44,Active
USR005617,United States,German,2025-09-09,Social Media,25-34,Active
USR005618,Australia,Telugu,2025-03-14,App Store,35-44,Active
USR005619,United States,Bengali,2025-05-18,Organic Search,35-44,Active
USR005620,Canada,Spanish,2025-04-19,Organic Search,18-24,Active
USR005621,India,German,2025-04-22,Organic Search,18-24,Active
USR005622,France,Telugu,2025-02-17,Paid Ads,35-44,Inactive
USR005623,Brazil,Hindi,2025-01-21,Partner Bundle,45-54,Inactive
USR005624,Brazil,Portuguese,2025-03-05,Social Media,25-34,Active
USR005625,United States,Spanish,2025-05-25,App Store,35-44,Active
USR005626,United Kingdom,Telugu,2025-03-08,Organic Search,25-34,Active
USR005627,India,Portuguese,2025-06-12,App Store,45-54,Active
USR005628,India,Portuguese,2025-06-11,Paid Ads,35-44,Active
USR005629,United States,Spanish,2025-01-23,Social Media,35-44,Inactive
USR005630,Australia,Hindi,2025-03-24,Partner Bundle,25-34,Active
USR005631,India,German,2025-05-16,Organic Search,25-34,Active
USR005632,United States,German,2025-03-01,App Store,25-34,Active
USR005633,United Kingdom,Bengali,2025-07-15,Organic Search,25-34,Inactive
USR005634,India,Tamil,2025-03-28,App Store,18-24,Active
USR005635,India,Telugu,2025-01-18,Organic Search,18-24,Inactive
USR005636,United Kingdom,Bengali,2025-06-05,Organic Search,25-34,Active
USR005637,Canada,Portuguese,2025-02-26,Social Media,45-54,Active
USR005638,Canada,French,2025-04-25,Organic Search,25-34,Active
USR005639,United States,German,2025-06-14,Paid Ads,25-34,Active
USR005640,India,French,2025-07-24,Referral,25-34,Active
USR005641,India,Portuguese,2025-01-13,Organic Search,25-34,Inactive
USR005642,India,Hindi,2025-05-04,Partner Bundle,18-24,Active
USR005643,India,Bengali,2025-03-25,Social Media,25-34,Active
USR005644,France,Telugu,2025-02-16,Social Media,18-24,Inactive
USR005645,India,Telugu,2025-02-06,Paid Ads,18-24,Active
USR005646,India,Bengali,2025-02-20,Social Media,18-24,Active
USR005647,India,English,2025-03-02,Organic Search,45-54,Active
USR005648,United States,English,2025-03-06,Referral,25-34,Active
USR005649,India,Telugu,2025-07-28,Organic Search,18-24,Active
USR005650,India,Hindi,2025-03-15,Paid Ads,18-24,Inactive
USR005651,India,French,2025-03-14,App Store,35-44,Active
USR005652,Singapore,Tamil,2025-06-17,Organic Search,35-44,Active
USR005653,Singapore,German,2025-02-17,App Store,25-34,Active
USR005654,Germany,German,2025-09-17,Organic Search,25-34,Active
USR005655,India,Tamil,2025-03-04,Organic Search,25-34,Active
USR005656,India,Telugu,2025-05-13,Paid Ads,25-34,Active
USR005657,Canada,Hindi,2025-07-21,Organic Search,35-44,Inactive
USR005658,India,French,2025-04-29,Organic Search,55+,Active
USR005659,United Kingdom,Telugu,2025-01-17,Social Media,35-44,Active
USR005660,Canada,German,2025-03-18,Organic Search,25-34,Active
USR005661,United States,Portuguese,2025-05-20,Referral,25-34,Active
USR005662,United States,Tamil,2025-01-20,Paid Ads,45-54,Active
USR005663,United States,French,2025-01-19,Organic Search,18-24,Active
USR005664,Germany,French,2025-07-13,Partner Bundle,25-34,Inactive
USR005665,Australia,Spanish,2025-04-24,Organic Search,35-44,Active
USR005666,Australia,Tamil,2025-01-30,Organic Search,25-34,Active
USR005667,United States,Bengali,2025-03-06,Partner Bundle,18-24,Active
USR005668,Germany,English,2025-04-06,Paid Ads,35-44,Active
USR005669,Brazil,Hindi,2025-05-04,Referral,35-44,Active
USR005670,Canada,French,2025-02-16,Social Media,35-44,Active
USR005671,United States,Telugu,2025-05-17,Paid Ads,55+,Active
USR005672,Germany,Hindi,2025-05-10,Referral,25-34,Active
USR005673,United Kingdom,Bengali,2025-04-03,Social Media,55+,Active
USR005674,UAE,Spanish,2025-03-24,App Store,18-24,Inactive
USR005675,Australia,Hindi,2025-03-18,App Store,18-24,Active
USR005676,Germany,Telugu,2025-05-04,Partner Bundle,45-54,Active
USR005677,Canada,Portuguese,2025-03-07,Partner Bundle,25-34,Inactive
USR005678,India,French,2025-04-02,Organic Search,25-34,Active
USR005679,United States,Hindi,2025-03-19,Social Media,18-24,Active
USR005680,India,Portuguese,2025-04-02,Organic Search,18-24,Active
USR005681,United States,German,2025-05-07,Organic Search,35-44,Active
USR005682,Australia,Telugu,2025-06-04,App Store,25-34,Active
USR005683,United States,German,2025-04-07,Partner Bundle,35-44,Active
USR005684,India,German,2025-09-12,Partner Bundle,25-34,Active
USR005685,United States,Tamil,2025-04-09,Paid Ads,45-54,Active
USR005686,India,German,2025-03-17,Referral,25-34,Active
USR005687,Germany,Bengali,2025-01-23,Paid Ads,25-34,Inactive
USR005688,Germany,French,2025-03-19,App Store,25-34,Inactive
USR005689,Germany,Spanish,2025-05-02,Organic Search,45-54,Active
USR005690,India,Spanish,2025-07-28,Social Media,45-54,Active
USR005691,India,Hindi,2025-04-14,Referral,25-34,Active
USR005692,UAE,Bengali,2025-03-23,Partner Bundle,25-34,Active
USR005693,India,Telugu,2025-04-03,Organic Search,45-54,Inactive
USR005694,Canada,Tamil,2025-08-17,Paid Ads,25-34,Active
USR005695,Germany,Hindi,2025-06-06,Partner Bundle,55+,Inactive
USR005696,United States,Hindi,2025-06-06,Paid Ads,25-34,Active
USR005697,United Kingdom,English,2025-03-24,Organic Search,25-34,Active
USR005698,India,Hindi,2025-06-30,Paid Ads,45-54,Inactive
USR005699,Singapore,Portuguese,2025-02-09,Organic Search,45-54,Active
USR005700,India,English,2025-07-04,Referral,35-44,Active
USR005701,India,French,2025-03-14,Referral,18-24,Active
USR005702,United Kingdom,Hindi,2025-04-05,Partner Bundle,25-34,Active
USR005703,India,German,2025-03-07,Organic Search,35-44,Active
USR005704,Canada,Bengali,2025-05-20,Organic Search,45-54,Active
USR005705,United States,English,2025-05-11,Referral,18-24,Active
USR005706,India,Portuguese,2025-05-21,Social Media,55+,Active
USR005707,India,Telugu,2025-02-04,Paid Ads,35-44,Active
USR005708,India,German,2025-02-22,Partner Bundle,45-54,Active
USR005709,India,German,2025-04-24,Social Media,45-54,Active
USR005710,India,Portuguese,2025-04-28,Organic Search,18-24,Active
USR005711,France,Portuguese,2025-05-02,Referral,25-34,Active
USR005712,India,Hindi,2025-02-05,Social Media,25-34,Active
USR005713,India,Bengali,2025-02-05,App Store,25-34,Inactive
USR005714,India,German,2025-04-22,Referral,35-44,Active
USR005715,United Kingdom,Hindi,2025-09-21,Partner Bundle,35-44,Active
USR005716,Germany,Portuguese,2025-02-11,App Store,55+,Active
USR005717,Singapore,French,2025-02-01,Partner Bundle,25-34,Active
USR005718,United States,German,2025-03-29,Social Media,35-44,Inactive
USR005719,India,Telugu,2025-07-05,Partner Bundle,45-54,Active
USR005720,India,Hindi,2025-06-19,App Store,18-24,Active
USR005721,India,German,2025-04-06,Paid Ads,25-34,Active
USR005722,Germany,Bengali,2025-06-03,Partner Bundle,25-34,Active
USR005723,Canada,English,2025-02-14,Organic Search,55+,Active
USR005724,India,Bengali,2025-07-12,App Store,35-44,Active
USR005725,France,Hindi,2025-03-14,Organic Search,25-34,Active
USR005726,France,French,2025-04-24,Social Media,55+,Active
USR005727,UAE,Spanish,2025-04-19,Paid Ads,25-34,Active
USR005728,India,Hindi,2025-05-07,Organic Search,25-34,Active
USR005729,India,Hindi,2025-02-12,Organic Search,35-44,Active
USR005730,India,Tamil,2025-09-18,Organic Search,35-44,Active
USR005731,United States,Spanish,2025-02-27,Social Media,45-54,Active
USR005732,United States,French,2025-07-15,Organic Search,35-44,Active
USR005733,UAE,French,2025-05-25,App Store,35-44,Active
USR005734,India,Hindi,2025-03-24,Paid Ads,25-34,Inactive
USR005735,Canada,French,2025-01-30,Referral,25-34,Active
USR005736,Germany,Hindi,2025-03-25,Organic Search,18-24,Active
USR005737,India,French,2025-01-31,Organic Search,25-34,Inactive
USR005738,India,Bengali,2025-03-12,Organic Search,45-54,Active
USR005739,Canada,Portuguese,2025-03-09,Organic Search,25-34,Active
USR005740,Australia,French,2025-01-27,Paid Ads,45-54,Active
USR005741,Brazil,French,2025-03-02,Referral,45-54,Active
USR005742,France,Telugu,2025-07-24,Social Media,55+,Inactive
USR005743,France,English,2025-02-25,Social Media,35-44,Active
USR005744,Australia,Telugu,2025-03-08,Referral,18-24,Active
USR005745,India,Portuguese,2025-01-31,Referral,35-44,Inactive
USR005746,Germany,French,2025-05-16,Organic Search,25-34,Active
USR005747,Singapore,Hindi,2025-03-25,Referral,55+,Inactive
USR005748,United States,French,2025-04-08,Organic Search,35-44,Active
USR005749,India,Hindi,2025-04-12,Partner Bundle,45-54,Active
USR005750,United Kingdom,Telugu,2025-03-30,Paid Ads,35-44,Active
USR005751,Brazil,Tamil,2025-07-16,Organic Search,55+,Active
USR005752,India,Hindi,2025-03-07,Social Media,18-24,Active
USR005753,Australia,Tamil,2025-06-13,Partner Bundle,25-34,Inactive
USR005754,France,Portuguese,2025-02-18,Organic Search,25-34,Active
USR005755,Germany,Bengali,2025-05-21,Organic Search,35-44,Active
USR005756,United Kingdom,Portuguese,2025-01-19,Referral,35-44,Active
USR005757,Singapore,German,2025-03-11,Social Media,35-44,Active
USR005758,India,Hindi,2025-05-06,Partner Bundle,18-24,Active
USR005759,India,German,2025-03-26,Referral,35-44,Active
USR005760,India,Spanish,2025-09-08,Partner Bundle,25-34,Active
USR005761,India,French,2025-04-25,Social Media,25-34,Active
USR005762,United States,Telugu,2025-04-05,Organic Search,25-34,Active
USR005763,India,Hindi,2025-05-04,Social Media,35-44,Active
USR005764,Australia,Tamil,2025-04-19,Paid Ads,35-44,Active
USR005765,United States,English,2025-03-12,Referral,25-34,Inactive
USR005766,Australia,Spanish,2025-03-17,Referral,45-54,Active
USR005767,India,Telugu,2025-05-25,Organic Search,18-24,Active
USR005768,India,German,2025-05-02,Organic Search,25-34,Inactive
USR005769,India,Bengali,2025-02-05,Social Media,25-34,Active
USR005770,India,Telugu,2025-04-26,App Store,25-34,Active
USR005771,India,Telugu,2025-03-10,App Store,45-54,Inactive
USR005772,India,English,2025-04-14,Organic Search,45-54,Active
USR005773,United Kingdom,English,2025-03-31,Organic Search,18-24,Active
USR005774,India,Tamil,2025-01-27,Organic Search,25-34,Inactive
USR005775,United States,Bengali,2025-05-23,Organic Search,55+,Active
USR005776,India,Spanish,2025-07-02,Partner Bundle,18-24,Active
USR005777,UAE,Bengali,2025-07-18,App Store,18-24,Inactive
USR005778,India,Bengali,2025-02-15,Organic Search,45-54,Active
USR005779,United States,English,2025-03-13,Organic Search,25-34,Active
USR005780,United States,German,2025-02-24,Paid Ads,35-44,Active
USR005781,Germany,Portuguese,2025-03-02,Social Media,35-44,Active
USR005782,United States,Spanish,2025-04-03,Organic Search,35-44,Active
USR005783,United States,Portuguese,2025-04-01,Referral,25-34,Inactive
USR005784,Australia,Portuguese,2025-07-13,Organic Search,35-44,Active
USR005785,United Kingdom,English,2025-02-21,Social Media,35-44,Active
USR005786,India,Hindi,2025-06-23,Organic Search,35-44,Active
USR005787,India,Spanish,2025-05-08,Organic Search,55+,Inactive
USR005788,Brazil,French,2025-07-16,Social Media,18-24,Active
USR005789,United States,German,2025-04-20,Social Media,25-34,Active
USR005790,United States,German,2025-03-15,Organic Search,18-24,Active
USR005791,India,German,2025-01-13,Referral,55+,Inactive
USR005792,France,Spanish,2025-02-21,Referral,25-34,Active
USR005793,India,Tamil,2025-02-19,Paid Ads,35-44,Active
USR005794,India,French,2025-03-06,Organic Search,18-24,Active
USR005795,United States,Portuguese,2025-04-03,Partner Bundle,18-24,Active
USR005796,United States,Hindi,2025-05-28,Organic Search,25-34,Active
USR005797,Brazil,English,2025-06-07,App Store,25-34,Active
USR005798,India,Telugu,2025-04-14,Organic Search,25-34,Active
USR005799,United States,Portuguese,2025-02-03,Social Media,18-24,Inactive
USR005800,India,Portuguese,2025-04-16,Social Media,35-44,Inactive
USR005801,Australia,Spanish,2025-04-08,Social Media,35-44,Active
USR005802,United States,English,2025-04-23,Referral,25-34,Active
USR005803,Canada,Portuguese,2025-07-12,Organic Search,25-34,Active
USR005804,India,Telugu,2025-02-04,Referral,25-34,Inactive
USR005805,United Kingdom,Bengali,2025-03-30,Organic Search,25-34,Active
USR005806,United States,Tamil,2025-01-31,Partner Bundle,35-44,Active
USR005807,United States,Tamil,2025-03-12,Organic Search,35-44,Active
USR005808,United Kingdom,French,2025-02-02,Paid Ads,45-54,Active
USR005809,United States,Hindi,2025-05-01,Referral,45-54,Active
USR005810,Germany,English,2025-06-09,Organic Search,35-44,Active
USR005811,United States,Tamil,2025-04-22,Organic Search,18-24,Active
USR005812,UAE,Portuguese,2025-01-28,Partner Bundle,25-34,Active
USR005813,India,Hindi,2025-03-22,App Store,25-34,Inactive
USR005814,India,English,2025-03-04,Organic Search,25-34,Active
USR005815,United States,English,2025-01-18,Organic Search,18-24,Active
USR005816,India,Telugu,2025-07-29,Organic Search,25-34,Active
USR005817,United States,English,2025-07-23,Referral,25-34,Active
USR005818,India,Portuguese,2025-02-14,Paid Ads,35-44,Inactive
USR005819,UAE,Portuguese,2025-05-19,Social Media,55+,Active
USR005820,United Kingdom,Spanish,2025-04-04,Social Media,18-24,Active
USR005821,United States,Hindi,2025-03-30,Organic Search,45-54,Active
USR005822,Germany,Portuguese,2025-09-15,Social Media,25-34,Active
USR005823,India,Spanish,2025-05-13,Organic Search,35-44,Active
USR005824,France,Hindi,2025-02-24,Organic Search,35-44,Active
USR005825,United States,French,2025-04-02,App Store,25-34,Inactive
USR005826,India,Telugu,2025-03-21,Referral,25-34,Inactive
USR005827,France,French,2025-05-14,App Store,35-44,Active
USR005828,United States,Bengali,2025-03-17,Organic Search,45-54,Active
USR005829,United Kingdom,German,2025-05-31,App Store,25-34,Active
USR005830,UAE,Hindi,2025-04-23,Partner Bundle,25-34,Active
USR005831,UAE,French,2025-01-11,Referral,55+,Active
USR005832,UAE,Telugu,2025-02-10,Organic Search,45-54,Inactive
USR005833,United States,English,2025-02-27,Organic Search,25-34,Active
USR005834,Australia,Telugu,2025-03-31,Organic Search,18-24,Active
USR005835,India,Spanish,2025-02-18,Organic Search,25-34,Active
USR005836,France,Telugu,2025-02-13,Partner Bundle,35-44,Inactive
USR005837,United States,Spanish,2025-05-27,App Store,25-34,Active
USR005838,United States,Bengali,2025-06-06,Social Media,35-44,Active
USR005839,UAE,French,2025-03-29,App Store,35-44,Active
USR005840,Germany,English,2025-03-23,App Store,25-34,Active
USR005841,Brazil,English,2025-03-23,Social Media,25-34,Active
USR005842,United States,French,2025-07-23,Organic Search,25-34,Active
USR005843,India,Portuguese,2025-02-14,Organic Search,45-54,Active
USR005844,Singapore,German,2025-09-02,Social Media,25-34,Active
USR005845,United States,German,2025-03-03,Organic Search,25-34,Active
USR005846,UAE,Spanish,2025-03-26,Organic Search,45-54,Inactive
USR005847,Australia,German,2025-03-22,Organic Search,18-24,Active
USR005848,UAE,Telugu,2025-02-20,Organic Search,55+,Active
USR005849,Canada,Spanish,2025-01-25,Organic Search,45-54,Active
USR005850,France,German,2025-03-11,Organic Search,35-44,Active
USR005851,India,Spanish,2025-04-08,Paid Ads,25-34,Active
USR005852,Brazil,English,2025-07-05,Social Media,45-54,Active
USR005853,India,Tamil,2025-03-28,Paid Ads,45-54,Active
USR005854,India,Spanish,2025-04-09,Partner Bundle,45-54,Active
USR005855,United Kingdom,Hindi,2025-03-23,Organic Search,18-24,Active
USR005856,Australia,Spanish,2025-06-08,Partner Bundle,35-44,Active
USR005857,Australia,German,2025-03-27,Organic Search,45-54,Active
USR005858,India,German,2025-05-20,Social Media,25-34,Inactive
USR005859,Germany,Portuguese,2025-03-05,Paid Ads,35-44,Inactive
USR005860,France,Portuguese,2025-04-12,Social Media,25-34,Active
USR005861,United Kingdom,Hindi,2025-06-29,Organic Search,35-44,Active
USR005862,United States,Tamil,2025-03-28,Paid Ads,45-54,Active
USR005863,United Kingdom,Portuguese,2025-01-24,Organic Search,25-34,Active
USR005864,UAE,Portuguese,2025-04-23,Partner Bundle,55+,Inactive
USR005865,UAE,Tamil,2025-03-22,Partner Bundle,25-34,Active
USR005866,India,English,2025-03-29,Organic Search,18-24,Active
USR005867,India,English,2025-04-24,Paid Ads,18-24,Active
USR005868,India,Portuguese,2025-06-29,Partner Bundle,35-44,Active
USR005869,United States,Spanish,2025-02-28,Partner Bundle,45-54,Active
USR005870,United States,German,2025-04-09,Referral,45-54,Inactive
USR005871,United Kingdom,Tamil,2025-05-04,Social Media,55+,Active
USR005872,Canada,English,2025-05-31,Organic Search,25-34,Inactive
USR005873,United States,English,2025-02-28,Partner Bundle,25-34,Active
USR005874,India,French,2025-03-28,Organic Search,35-44,Active
USR005875,United States,Tamil,2025-02-10,Referral,45-54,Active
USR005876,India,Bengali,2025-04-09,Organic Search,25-34,Active
USR005877,France,Telugu,2025-05-06,Organic Search,25-34,Inactive
USR005878,United States,Hindi,2025-02-15,Organic Search,45-54,Active
USR005879,Canada,French,2025-05-18,Organic Search,25-34,Active
USR005880,India,German,2025-05-24,Social Media,45-54,Active
USR005881,United Kingdom,Bengali,2025-04-17,App Store,45-54,Active
USR005882,United Kingdom,Telugu,2025-01-19,Referral,25-34,Active
USR005883,India,French,2025-05-08,Referral,55+,Active
USR005884,Canada,Bengali,2025-01-30,Paid Ads,25-34,Inactive
USR005885,India,Bengali,2025-04-26,Referral,55+,Active
USR005886,United States,French,2025-04-19,Social Media,25-34,Active
USR005887,Australia,Hindi,2025-04-16,App Store,35-44,Active
USR005888,United Kingdom,Spanish,2025-01-27,Referral,35-44,Active
USR005889,Australia,German,2025-04-12,Paid Ads,35-44,Active
USR005890,India,English,2025-05-14,Partner Bundle,35-44,Active
USR005891,India,German,2025-02-22,Organic Search,35-44,Active
USR005892,India,French,2025-06-03,Referral,18-24,Inactive
USR005893,India,German,2025-02-10,Referral,45-54,Inactive
USR005894,United States,English,2025-04-25,Referral,35-44,Active
USR005895,United Kingdom,Telugu,2025-07-14,Partner Bundle,25-34,Active
USR005896,Germany,Portuguese,2025-04-01,Partner Bundle,35-44,Active
USR005897,France,German,2025-01-27,Organic Search,35-44,Active
USR005898,Australia,Spanish,2025-06-03,Social Media,35-44,Inactive
USR005899,United States,Portuguese,2025-04-14,Organic Search,18-24,Active
USR005900,India,Tamil,2025-08-03,Referral,55+,Active
USR005901,United States,Tamil,2025-02-23,Social Media,55+,Active
USR005902,India,Spanish,2025-05-11,Social Media,18-24,Inactive
USR005903,Canada,English,2025-05-28,Referral,25-34,Active
USR005904,France,French,2025-02-02,Referral,35-44,Active
USR005905,United States,French,2025-03-04,Referral,25-34,Active
USR005906,India,Spanish,2025-02-16,Organic Search,35-44,Inactive
USR005907,Singapore,German,2025-06-22,Referral,35-44,Active
USR005908,India,Portuguese,2025-04-16,Organic Search,25-34,Inactive
USR005909,Singapore,Portuguese,2025-05-22,Referral,25-34,Inactive
USR005910,France,Bengali,2025-06-08,Paid Ads,35-44,Active
USR005911,United States,Tamil,2025-01-11,Organic Search,35-44,Inactive
USR005912,India,French,2025-08-06,Organic Search,45-54,Inactive
USR005913,Singapore,Hindi,2025-02-24,App Store,45-54,Active
USR005914,Canada,Spanish,2025-06-08,App Store,18-24,Inactive
USR005915,India,Portuguese,2025-07-06,Partner Bundle,45-54,Active
USR005916,United Kingdom,English,2025-01-24,Social Media,35-44,Active
USR005917,Canada,Telugu,2025-06-25,Social Media,35-44,Inactive
USR005918,India,Tamil,2025-03-23,Social Media,25-34,Active
USR005919,India,Hindi,2025-05-06,Organic Search,45-54,Active
USR005920,India,German,2025-04-23,Social Media,55+,Active
USR005921,India,Hindi,2025-01-27,Organic Search,18-24,Inactive
USR005922,India,Portuguese,2025-06-14,App Store,35-44,Active
USR005923,India,German,2025-07-14,Social Media,25-34,Active
USR005924,India,Tamil,2025-04-14,Referral,25-34,Active
USR005925,India,French,2025-01-15,Organic Search,18-24,Active
USR005926,Singapore,English,2025-03-28,Social Media,25-34,Active
USR005927,United Kingdom,Spanish,2025-06-06,Organic Search,45-54,Inactive
USR005928,United States,German,2025-07-09,App Store,35-44,Active
USR005929,United Kingdom,Spanish,2025-03-30,Organic Search,45-54,Active
USR005930,India,Bengali,2025-02-14,App Store,45-54,Inactive
USR005931,UAE,Hindi,2025-05-27,Social Media,18-24,Active
USR005932,United Kingdom,Hindi,2025-06-11,Organic Search,35-44,Active
USR005933,United States,English,2025-07-24,Organic Search,18-24,Inactive
USR005934,Singapore,English,2025-06-05,Social Media,25-34,Active
USR005935,Australia,French,2025-04-05,Organic Search,18-24,Active
USR005936,India,Bengali,2025-02-15,Social Media,45-54,Active
USR005937,Singapore,Bengali,2025-02-01,Organic Search,25-34,Active
USR005938,France,Bengali,2025-05-20,Organic Search,55+,Inactive
USR005939,Brazil,English,2025-03-29,Social Media,18-24,Inactive
USR005940,India,English,2025-07-01,Social Media,25-34,Active
USR005941,Brazil,Telugu,2025-05-29,Social Media,35-44,Inactive
USR005942,United Kingdom,Telugu,2025-03-05,Organic Search,55+,Active
USR005943,Canada,German,2025-07-30,Organic Search,35-44,Active
USR005944,India,Bengali,2025-06-11,Partner Bundle,18-24,Active
USR005945,India,Tamil,2025-05-15,Referral,25-34,Inactive
USR005946,India,English,2025-05-20,App Store,55+,Inactive
USR005947,United States,Telugu,2025-08-07,Organic Search,18-24,Active
USR005948,India,Bengali,2025-05-01,Organic Search,25-34,Active
USR005949,India,Bengali,2025-04-04,App Store,18-24,Inactive
USR005950,Brazil,Portuguese,2025-04-12,Social Media,45-54,Active
USR005951,Australia,Spanish,2025-06-16,Social Media,45-54,Active
USR005952,United States,Hindi,2025-04-24,Organic Search,25-34,Inactive
USR005953,Australia,Bengali,2025-04-28,Organic Search,25-34,Active
USR005954,United Kingdom,French,2025-02-05,App Store,45-54,Active
USR005955,India,Hindi,2025-01-23,Organic Search,18-24,Active
USR005956,Canada,Hindi,2025-03-13,Referral,45-54,Active
USR005957,Canada,Hindi,2025-03-07,Social Media,18-24,Active
USR005958,India,German,2025-06-18,Organic Search,25-34,Active
USR005959,India,Bengali,2025-02-25,Paid Ads,25-34,Inactive
USR005960,United States,Portuguese,2025-03-27,App Store,18-24,Active
USR005961,United Kingdom,Tamil,2025-06-13,Organic Search,18-24,Active
USR005962,India,Bengali,2025-04-17,Organic Search,25-34,Active
USR005963,Australia,Tamil,2025-03-02,Social Media,35-44,Active
USR005964,United States,English,2025-01-15,Social Media,45-54,Active
USR005965,Australia,Portuguese,2025-04-23,Organic Search,35-44,Inactive
USR005966,Singapore,Telugu,2025-06-03,Referral,35-44,Active
USR005967,UAE,Hindi,2025-06-19,Partner Bundle,35-44,Active
USR005968,Australia,Spanish,2025-07-26,Social Media,35-44,Active
USR005969,India,Hindi,2025-06-05,Partner Bundle,35-44,Active
USR005970,Australia,Portuguese,2025-07-08,App Store,18-24,Active
USR005971,Canada,Bengali,2025-02-16,Social Media,25-34,Active
USR005972,Germany,German,2025-08-22,Paid Ads,35-44,Active
USR005973,UAE,French,2025-06-08,Organic Search,35-44,Inactive
USR005974,India,Telugu,2025-06-07,Organic Search,25-34,Active
USR005975,Canada,Portuguese,2025-05-02,Organic Search,35-44,Active
USR005976,India,Bengali,2025-03-07,Organic Search,25-34,Active
USR005977,United States,Bengali,2025-02-21,Paid Ads,18-24,Active
USR005978,United Kingdom,Hindi,2025-02-28,App Store,18-24,Active
USR005979,United States,Portuguese,2025-05-04,Partner Bundle,35-44,Active
USR005980,United Kingdom,Hindi,2025-05-09,Referral,25-34,Active
USR005981,Germany,Bengali,2025-07-13,Organic Search,25-34,Active
USR005982,United Kingdom,German,2025-05-22,Organic Search,25-34,Active
USR005983,Brazil,Tamil,2025-07-13,Partner Bundle,35-44,Active
USR005984,Australia,Portuguese,2025-03-18,App Store,18-24,Active
USR005985,Brazil,Bengali,2025-04-29,Referral,18-24,Active
USR005986,Australia,German,2025-08-30,Organic Search,25-34,Active
USR005987,United States,Tamil,2025-02-08,Referral,45-54,Active
USR005988,United States,German,2025-03-07,App Store,35-44,Active
USR005989,Australia,Portuguese,2025-08-09,Referral,35-44,Inactive
USR005990,Canada,German,2025-05-25,Partner Bundle,25-34,Active
USR005991,Canada,Tamil,2025-07-21,Organic Search,25-34,Inactive
USR005992,Australia,English,2025-03-15,Partner Bundle,18-24,Active
USR005993,UAE,Bengali,2025-02-08,Referral,45-54,Active
USR005994,India,Bengali,2025-03-23,Referral,25-34,Active
USR005995,United Kingdom,Bengali,2025-08-04,Social Media,35-44,Active
USR005996,United Kingdom,Telugu,2025-08-12,Organic Search,25-34,Inactive
USR005997,India,Telugu,2025-03-23,Paid Ads,35-44,Active
USR005998,Brazil,Tamil,2025-07-13,Organic Search,25-34,Active
USR005999,Germany,Telugu,2025-06-25,Social Media,55+,Active
USR006000,India,Portuguese,2025-05-06,Referral,45-54,Active
USR006001,United States,German,2025-03-13,Organic Search,45-54,Inactive
USR006002,Australia,Portuguese,2025-05-01,Organic Search,25-34,Active
USR006003,India,Portuguese,2025-01-16,Organic Search,18-24,Inactive
USR006004,United States,French,2025-03-24,Paid Ads,55+,Active
USR006005,United States,Portuguese,2025-04-18,Organic Search,25-34,Active
USR006006,France,Bengali,2025-02-10,Referral,45-54,Active
USR006007,Germany,German,2025-03-20,Organic Search,25-34,Active
USR006008,India,Spanish,2025-03-03,Social Media,35-44,Active
USR006009,UAE,Portuguese,2025-02-25,Organic Search,35-44,Active
USR006010,Singapore,Spanish,2025-07-26,Social Media,35-44,Active
USR006011,United Kingdom,Spanish,2025-07-20,Organic Search,55+,Active
USR006012,India,Spanish,2025-04-01,Referral,18-24,Active
USR006013,Germany,English,2025-04-14,App Store,45-54,Active
USR006014,India,Tamil,2025-05-18,App Store,35-44,Active
USR006015,United Kingdom,Spanish,2025-04-02,Partner Bundle,25-34,Active
USR006016,India,Spanish,2025-03-22,Organic Search,25-34,Active
USR006017,United States,Portuguese,2025-04-12,Referral,25-34,Inactive
USR006018,United States,Telugu,2025-01-17,Organic Search,18-24,Active
USR006019,Canada,Bengali,2025-04-03,Social Media,35-44,Inactive
USR006020,India,English,2025-05-10,Organic Search,18-24,Active
USR006021,Canada,Bengali,2025-02-20,Organic Search,25-34,Active
USR006022,Germany,Bengali,2025-03-17,Partner Bundle,25-34,Active
USR006023,India,Bengali,2025-04-29,App Store,45-54,Active
USR006024,Australia,Tamil,2025-07-13,Referral,18-24,Active
USR006025,India,German,2025-04-09,Social Media,25-34,Active
USR006026,Australia,French,2025-04-11,Social Media,25-34,Active
USR006027,United States,Portuguese,2025-02-22,Organic Search,35-44,Active
USR006028,United Kingdom,Telugu,2025-04-14,Partner Bundle,55+,Active
USR006029,India,English,2025-05-07,Social Media,18-24,Active
USR006030,India,English,2025-04-10,Organic Search,25-34,Active
USR006031,India,English,2025-01-23,Referral,35-44,Active
USR006032,UAE,French,2025-04-16,Paid Ads,25-34,Active
USR006033,United Kingdom,Portuguese,2025-02-25,Partner Bundle,25-34,Active
USR006034,Brazil,Spanish,2025-01-08,Paid Ads,45-54,Active
USR006035,France,English,2025-02-24,Organic Search,25-34,Active
USR006036,UAE,English,2025-06-04,Social Media,25-34,Active
USR006037,United Kingdom,Spanish,2025-02-27,Social Media,25-34,Inactive
USR006038,India,Telugu,2025-05-11,Organic Search,55+,Active
USR006039,Singapore,Bengali,2025-04-11,Social Media,45-54,Active
USR006040,India,French,2025-04-08,App Store,25-34,Active
USR006041,United States,Hindi,2025-03-10,Social Media,45-54,Inactive
USR006042,France,Telugu,2025-07-10,App Store,35-44,Active
USR006043,United States,Portuguese,2025-07-29,Paid Ads,25-34,Active
USR006044,India,Tamil,2025-04-24,Paid Ads,25-34,Active
USR006045,United States,Hindi,2025-04-30,Social Media,25-34,Active
USR006046,Brazil,Portuguese,2025-02-12,Organic Search,25-34,Active
USR006047,Brazil,Telugu,2025-04-14,App Store,25-34,Active
USR006048,Australia,Portuguese,2025-04-11,Paid Ads,25-34,Active
USR006049,UAE,Hindi,2025-02-22,Organic Search,35-44,Active
USR006050,India,French,2025-08-06,Organic Search,35-44,Active
USR006051,India,Tamil,2025-04-29,Referral,25-34,Active
USR006052,United States,Telugu,2025-05-14,Social Media,55+,Active
USR006053,India,Spanish,2025-04-13,Organic Search,25-34,Active
USR006054,United States,German,2025-05-22,Organic Search,45-54,Active
USR006055,India,French,2025-03-24,Social Media,25-34,Inactive
USR006056,United States,German,2025-05-27,Paid Ads,35-44,Active
USR006057,India,Tamil,2025-03-04,Organic Search,55+,Active
USR006058,India,Tamil,2025-06-22,Paid Ads,45-54,Active
USR006059,UAE,Telugu,2025-03-29,Organic Search,25-34,Active
USR006060,India,Tamil,2025-05-23,Paid Ads,18-24,Inactive
USR006061,India,Tamil,2025-04-23,Partner Bundle,55+,Inactive
USR006062,India,French,2025-02-26,Social Media,35-44,Active
USR006063,France,Hindi,2025-07-19,Paid Ads,45-54,Active
USR006064,United Kingdom,Telugu,2025-04-09,Organic Search,35-44,Active
USR006065,United Kingdom,Telugu,2025-04-27,Partner Bundle,25-34,Active
USR006066,India,Spanish,2025-06-02,Social Media,18-24,Active
USR006067,United States,German,2025-06-16,Referral,18-24,Active
USR006068,India,Tamil,2025-07-04,Organic Search,35-44,Active
USR006069,India,Portuguese,2025-03-21,Organic Search,25-34,Active
USR006070,United Kingdom,Spanish,2025-03-10,Organic Search,35-44,Active
USR006071,UAE,Spanish,2025-04-11,Referral,55+,Active
USR006072,India,German,2025-07-06,Organic Search,25-34,Active
USR006073,Germany,Hindi,2025-08-13,Social Media,35-44,Active
USR006074,India,Spanish,2025-05-22,Social Media,45-54,Active
USR006075,India,Tamil,2025-01-21,Social Media,45-54,Active
USR006076,India,Spanish,2025-08-10,Social Media,18-24,Active
USR006077,Singapore,English,2025-05-23,Organic Search,35-44,Active
USR006078,India,Telugu,2025-03-25,Social Media,25-34,Active
USR006079,United Kingdom,Telugu,2025-04-13,Partner Bundle,45-54,Active
USR006080,India,Hindi,2025-04-29,Organic Search,18-24,Inactive
USR006081,United States,German,2025-08-03,Organic Search,25-34,Active
USR006082,United States,Portuguese,2025-06-23,Partner Bundle,25-34,Active
USR006083,India,Spanish,2025-01-23,Organic Search,25-34,Active
USR006084,France,Bengali,2025-04-23,Social Media,25-34,Active
USR006085,Germany,French,2025-02-23,Social Media,25-34,Active
USR006086,India,Spanish,2025-07-09,Organic Search,18-24,Active
USR006087,United Kingdom,Hindi,2025-06-16,Paid Ads,18-24,Active
USR006088,United States,Portuguese,2025-03-09,Organic Search,25-34,Active
USR006089,Germany,German,2025-05-01,Paid Ads,35-44,Active
USR006090,Australia,Portuguese,2025-07-19,Organic Search,25-34,Active
USR006091,India,Bengali,2025-06-08,Paid Ads,35-44,Inactive
USR006092,France,Spanish,2025-04-13,Partner Bundle,35-44,Active
USR006093,India,French,2025-03-30,Referral,35-44,Inactive
USR006094,India,Tamil,2025-04-23,Social Media,25-34,Active
USR006095,Australia,German,2025-08-04,Social Media,35-44,Active
USR006096,India,Spanish,2025-03-17,Social Media,35-44,Active
USR006097,India,German,2025-06-20,Organic Search,35-44,Active
USR006098,India,German,2025-02-03,App Store,25-34,Active
USR006099,France,Portuguese,2025-05-22,Social Media,55+,Active
USR006100,India,French,2025-01-28,Paid Ads,55+,Active
USR006101,India,Bengali,2025-05-28,Organic Search,45-54,Active
USR006102,India,French,2025-06-12,Social Media,25-34,Active
USR006103,United States,Hindi,2025-03-06,App Store,35-44,Inactive
USR006104,Australia,Spanish,2025-07-18,Social Media,18-24,Active
USR006105,United States,French,2025-06-17,Social Media,45-54,Active
USR006106,Germany,Bengali,2025-04-07,Social Media,25-34,Inactive
USR006107,Canada,Portuguese,2025-06-17,Partner Bundle,25-34,Active
USR006108,United States,Tamil,2025-01-12,Social Media,35-44,Active
USR006109,United States,Bengali,2025-07-29,App Store,25-34,Inactive
USR006110,Australia,German,2025-02-03,Social Media,25-34,Active
USR006111,United Kingdom,German,2025-02-25,Partner Bundle,45-54,Inactive
USR006112,UAE,Bengali,2025-01-09,Referral,45-54,Active
USR006113,Singapore,French,2025-04-27,Organic Search,25-34,Active
USR006114,Australia,Spanish,2025-02-03,Social Media,25-34,Inactive
USR006115,Brazil,Hindi,2025-06-02,Paid Ads,35-44,Active
USR006116,United Kingdom,Bengali,2025-04-22,App Store,45-54,Active
USR006117,India,German,2025-01-28,Organic Search,45-54,Active
USR006118,United States,Tamil,2025-04-25,Referral,35-44,Active
USR006119,India,Portuguese,2025-03-13,Referral,18-24,Active
USR006120,India,Spanish,2025-06-13,Social Media,45-54,Active
USR006121,United States,French,2025-02-17,Social Media,45-54,Active
USR006122,India,Hindi,2025-03-29,Social Media,25-34,Active
USR006123,India,Tamil,2025-03-24,Social Media,35-44,Inactive
USR006124,United States,Portuguese,2025-05-05,Referral,25-34,Active
USR006125,India,Hindi,2025-03-13,Organic Search,25-34,Active
USR006126,India,German,2025-07-17,Referral,18-24,Active
USR006127,Germany,English,2025-06-08,Social Media,25-34,Active
USR006128,United States,French,2025-05-18,Referral,25-34,Active
USR006129,France,Bengali,2025-07-28,Partner Bundle,18-24,Active
USR006130,UAE,Spanish,2025-01-18,Paid Ads,25-34,Active
USR006131,Germany,French,2025-06-02,App Store,25-34,Inactive
USR006132,United States,Hindi,2025-06-20,Social Media,35-44,Active
USR006133,Australia,Portuguese,2025-03-17,Paid Ads,25-34,Inactive
USR006134,India,German,2025-05-07,Referral,25-34,Active
USR006135,Canada,Spanish,2025-05-19,Referral,25-34,Active
USR006136,United States,Telugu,2025-02-11,Social Media,35-44,Inactive
USR006137,Canada,English,2025-05-27,Organic Search,45-54,Active
USR006138,Germany,Portuguese,2025-07-04,Partner Bundle,35-44,Active
USR006139,United Kingdom,Telugu,2025-04-03,Paid Ads,18-24,Active
USR006140,Canada,English,2025-02-12,Referral,35-44,Inactive
USR006141,India,French,2025-02-06,Referral,35-44,Active
USR006142,United Kingdom,Telugu,2025-03-15,Paid Ads,25-34,Active
USR006143,United States,French,2025-07-23,Referral,35-44,Active
USR006144,United States,Telugu,2025-05-13,Organic Search,18-24,Active
USR006145,United States,Spanish,2025-05-02,Organic Search,55+,Active
USR006146,India,French,2025-05-16,Social Media,25-34,Active
USR006147,India,Spanish,2025-06-26,Referral,45-54,Inactive
USR006148,Australia,French,2025-05-06,Social Media,25-34,Inactive
USR006149,United Kingdom,Spanish,2025-09-28,Referral,45-54,Active
USR006150,India,German,2025-04-27,Paid Ads,35-44,Active
USR006151,India,French,2025-07-16,App Store,25-34,Active
USR006152,United Kingdom,Spanish,2025-08-05,Social Media,25-34,Active
USR006153,France,German,2025-05-19,Paid Ads,45-54,Active
USR006154,India,Portuguese,2025-04-05,Partner Bundle,55+,Inactive
USR006155,United States,English,2025-03-18,Organic Search,45-54,Inactive
USR006156,France,French,2025-04-08,Paid Ads,45-54,Inactive
USR006157,India,Telugu,2025-04-16,Partner Bundle,18-24,Active
USR006158,India,French,2025-06-08,Paid Ads,25-34,Inactive
USR006159,Singapore,Bengali,2025-03-17,Organic Search,45-54,Active
USR006160,India,Telugu,2025-03-09,Social Media,18-24,Active
USR006161,United Kingdom,German,2025-02-06,Organic Search,35-44,Active
USR006162,United States,French,2025-07-17,Partner Bundle,25-34,Active
USR006163,India,Bengali,2025-04-27,Partner Bundle,45-54,Active
USR006164,India,English,2025-01-22,Social Media,25-34,Inactive
USR006165,United States,Hindi,2025-04-06,Partner Bundle,45-54,Active
USR006166,Australia,German,2025-03-06,Organic Search,25-34,Active
USR006167,India,Telugu,2025-05-21,Organic Search,55+,Active
USR006168,Australia,Portuguese,2025-01-01,Referral,35-44,Active
USR006169,United Kingdom,Spanish,2025-03-21,Partner Bundle,25-34,Inactive
USR006170,United States,German,2025-02-13,Referral,35-44,Inactive
USR006171,Canada,Hindi,2025-03-29,Partner Bundle,35-44,Active
USR006172,India,Tamil,2025-05-24,Social Media,25-34,Active
USR006173,United States,Tamil,2025-06-04,Social Media,25-34,Active
USR006174,United Kingdom,French,2025-05-13,Partner Bundle,25-34,Inactive
USR006175,United States,Hindi,2025-02-24,Organic Search,35-44,Active
USR006176,United States,Bengali,2025-02-24,Social Media,25-34,Inactive
USR006177,Australia,Bengali,2025-02-19,Social Media,25-34,Active
USR006178,Canada,English,2025-03-24,Organic Search,35-44,Active
USR006179,Canada,Hindi,2025-01-18,Referral,18-24,Active
USR006180,UAE,French,2025-02-01,Social Media,25-34,Active
USR006181,Brazil,English,2025-01-09,Social Media,25-34,Active
USR006182,United Kingdom,Tamil,2025-01-30,Paid Ads,35-44,Active
USR006183,United States,Hindi,2025-02-24,Organic Search,25-34,Inactive
USR006184,Germany,Spanish,2025-02-27,Partner Bundle,25-34,Inactive
USR006185,India,Portuguese,2025-01-20,Referral,25-34,Active
USR006186,United States,Telugu,2025-04-22,App Store,25-34,Inactive
USR006187,United Kingdom,French,2025-06-09,Social Media,25-34,Active
USR006188,Brazil,English,2025-07-23,Social Media,35-44,Active
USR006189,Brazil,French,2025-06-15,Partner Bundle,35-44,Active
USR006190,Germany,Tamil,2025-03-07,Organic Search,18-24,Active
USR006191,United States,Bengali,2025-06-17,Organic Search,35-44,Active
USR006192,United Kingdom,Portuguese,2025-05-01,Paid Ads,25-34,Active
USR006193,India,French,2025-05-13,Referral,25-34,Active
USR006194,France,Tamil,2025-03-07,Paid Ads,25-34,Inactive
USR006195,Australia,Hindi,2025-02-11,Social Media,18-24,Active
USR006196,Germany,Hindi,2025-03-21,Organic Search,35-44,Active
USR006197,India,Tamil,2025-02-01,Paid Ads,55+,Active
USR006198,United States,Portuguese,2025-05-16,Organic Search,25-34,Active
USR006199,United Kingdom,Spanish,2025-04-01,Social Media,35-44,Active
USR006200,India,French,2025-04-13,Social Media,25-34,Active
USR006201,United States,Portuguese,2025-07-25,Organic Search,25-34,Active
USR006202,India,Portuguese,2025-02-11,Organic Search,45-54,Active
USR006203,Brazil,German,2025-01-14,Organic Search,25-34,Active
USR006204,Germany,Portuguese,2025-05-14,Partner Bundle,18-24,Active
USR006205,Canada,German,2025-03-23,Referral,25-34,Active
USR006206,India,German,2025-04-23,Paid Ads,18-24,Active
USR006207,India,Telugu,2025-06-02,Organic Search,45-54,Inactive
USR006208,India,Tamil,2025-09-16,Organic Search,25-34,Inactive
USR006209,United Kingdom,Telugu,2025-06-27,Referral,35-44,Active
USR006210,France,Hindi,2025-03-31,App Store,35-44,Active
USR006211,India,Portuguese,2025-02-24,Organic Search,18-24,Inactive
USR006212,India,Tamil,2025-04-22,Partner Bundle,25-34,Active
USR006213,India,Portuguese,2025-02-24,App Store,35-44,Inactive
USR006214,Australia,English,2025-05-25,App Store,25-34,Active
USR006215,UAE,Hindi,2025-08-13,Organic Search,25-34,Active
USR006216,Germany,Telugu,2025-09-27,Social Media,25-34,Active
USR006217,United Kingdom,Hindi,2025-05-01,App Store,25-34,Active
USR006218,India,Tamil,2025-03-11,Paid Ads,35-44,Inactive
USR006219,Germany,Hindi,2025-04-23,Social Media,25-34,Active
USR006220,India,German,2025-04-07,App Store,18-24,Active
USR006221,United States,Tamil,2025-02-05,Paid Ads,18-24,Inactive
USR006222,India,Telugu,2025-04-27,Partner Bundle,18-24,Inactive
USR006223,United States,English,2025-03-04,Social Media,18-24,Active
USR006224,India,Hindi,2025-04-05,Paid Ads,25-34,Active
USR006225,Germany,Hindi,2025-04-30,Social Media,18-24,Active
USR006226,India,English,2025-08-03,Paid Ads,35-44,Inactive
USR006227,France,Spanish,2025-07-17,Organic Search,25-34,Inactive
USR006228,France,Tamil,2025-03-10,Social Media,25-34,Inactive
USR006229,United States,Portuguese,2025-05-21,Partner Bundle,18-24,Active
USR006230,India,Spanish,2025-07-08,Social Media,18-24,Inactive
USR006231,United Kingdom,Spanish,2025-03-04,Paid Ads,35-44,Active
USR006232,France,Hindi,2025-05-08,Partner Bundle,25-34,Active
USR006233,India,Hindi,2025-03-07,Referral,25-34,Inactive
USR006234,France,Telugu,2025-04-22,Paid Ads,18-24,Active
USR006235,Canada,French,2025-05-11,Paid Ads,35-44,Active
USR006236,Brazil,Tamil,2025-07-03,Referral,45-54,Active
USR006237,France,Bengali,2025-08-14,Social Media,25-34,Active
USR006238,India,German,2025-07-12,App Store,18-24,Active
USR006239,United States,Spanish,2025-07-06,Referral,55+,Active
USR006240,India,Hindi,2025-04-13,Organic Search,25-34,Active
USR006241,India,Tamil,2025-02-20,App Store,18-24,Inactive
USR006242,Australia,Bengali,2025-01-25,Social Media,25-34,Active
USR006243,Singapore,French,2025-07-04,Referral,18-24,Active
USR006244,Brazil,Hindi,2025-06-30,Organic Search,18-24,Inactive
USR006245,India,Spanish,2025-04-24,Referral,25-34,Active
USR006246,India,Spanish,2025-07-21,Organic Search,35-44,Active
USR006247,United Kingdom,Portuguese,2025-04-10,Referral,35-44,Active
USR006248,India,French,2025-05-16,Referral,45-54,Inactive
USR006249,India,Tamil,2025-08-18,App Store,18-24,Active
USR006250,France,Portuguese,2025-01-19,Referral,25-34,Active
USR006251,France,Bengali,2025-04-21,Social Media,25-34,Active
USR006252,UAE,Portuguese,2025-03-11,Referral,25-34,Active
USR006253,United States,Tamil,2025-04-14,Referral,45-54,Active
USR006254,United Kingdom,Hindi,2025-04-06,App Store,45-54,Active
USR006255,Germany,German,2025-03-24,Organic Search,25-34,Active
USR006256,India,Spanish,2025-01-30,Partner Bundle,35-44,Active
USR006257,France,Spanish,2025-04-30,Organic Search,18-24,Inactive
USR006258,India,English,2025-02-22,Social Media,35-44,Active
USR006259,Germany,French,2025-05-18,Social Media,18-24,Inactive
USR006260,Germany,Telugu,2025-05-09,Referral,45-54,Active
USR006261,India,Spanish,2025-05-06,Social Media,25-34,Active
USR006262,Australia,Telugu,2025-04-21,Organic Search,18-24,Inactive
USR006263,India,Tamil,2025-05-28,Organic Search,35-44,Active
USR006264,United Kingdom,English,2025-02-24,Partner Bundle,35-44,Active
USR006265,Australia,German,2025-04-15,App Store,18-24,Active
USR006266,Australia,Tamil,2025-06-14,App Store,25-34,Active
USR006267,Brazil,Portuguese,2025-07-19,Social Media,25-34,Active
USR006268,India,Tamil,2025-05-21,Partner Bundle,25-34,Active
USR006269,United States,Bengali,2025-02-11,Organic Search,25-34,Active
USR006270,UAE,Hindi,2025-03-20,Organic Search,18-24,Active
USR006271,United Kingdom,English,2025-03-15,Organic Search,35-44,Active
USR006272,UAE,English,2025-06-01,Paid Ads,25-34,Active
USR006273,United States,Telugu,2025-03-11,Organic Search,35-44,Active
USR006274,Germany,Bengali,2025-01-14,Social Media,45-54,Active
USR006275,UAE,Bengali,2025-07-25,Organic Search,35-44,Active
USR006276,France,Spanish,2025-02-19,App Store,35-44,Active
USR006277,UAE,German,2025-04-06,Partner Bundle,35-44,Active
USR006278,India,Telugu,2025-05-21,App Store,18-24,Active
USR006279,United States,Portuguese,2025-03-29,Organic Search,45-54,Active
USR006280,India,German,2025-03-30,Social Media,45-54,Active
USR006281,India,French,2025-10-13,Paid Ads,25-34,Active
USR006282,United States,French,2025-03-18,Organic Search,25-34,Inactive
USR006283,Brazil,Tamil,2025-07-21,Paid Ads,18-24,Active
USR006284,United Kingdom,Portuguese,2025-03-14,App Store,25-34,Inactive
USR006285,France,English,2025-07-04,Organic Search,55+,Active
USR006286,Singapore,English,2025-02-10,Social Media,18-24,Active
USR006287,India,English,2025-02-18,Social Media,35-44,Inactive
USR006288,India,French,2025-06-24,Partner Bundle,25-34,Active
USR006289,India,French,2025-03-25,Social Media,45-54,Active
USR006290,United Kingdom,Bengali,2025-09-08,Referral,25-34,Inactive
USR006291,India,German,2025-04-28,Organic Search,45-54,Active
USR006292,Germany,French,2025-05-18,App Store,45-54,Active
USR006293,India,Bengali,2025-03-16,Organic Search,35-44,Active
USR006294,India,Telugu,2025-02-09,Referral,25-34,Inactive
USR006295,United States,Tamil,2025-03-27,Paid Ads,25-34,Inactive
USR006296,United Kingdom,Hindi,2025-01-17,Social Media,35-44,Active
USR006297,UAE,German,2025-06-03,Organic Search,35-44,Active
USR006298,Brazil,Hindi,2025-03-09,Partner Bundle,18-24,Active
USR006299,UAE,Tamil,2025-04-26,Social Media,25-34,Active
USR006300,India,Portuguese,2025-05-18,Referral,35-44,Inactive
USR006301,Canada,Portuguese,2025-03-07,App Store,25-34,Inactive
USR006302,United States,Tamil,2025-05-04,Paid Ads,35-44,Active
USR006303,India,French,2025-04-02,Social Media,18-24,Active
USR006304,United Kingdom,Portuguese,2025-03-21,Referral,18-24,Inactive
USR006305,United States,German,2025-04-25,Organic Search,25-34,Inactive
USR006306,United States,Bengali,2025-03-17,Referral,35-44,Inactive
USR006307,India,Portuguese,2025-08-06,Social Media,18-24,Active
USR006308,Brazil,German,2025-02-03,Paid Ads,35-44,Active
USR006309,Australia,Tamil,2025-04-10,App Store,25-34,Inactive
USR006310,India,French,2025-02-10,App Store,55+,Active
USR006311,Singapore,English,2025-09-06,App Store,45-54,Active
USR006312,Singapore,English,2025-07-24,Partner Bundle,25-34,Active
USR006313,France,German,2025-07-15,Paid Ads,55+,Active
USR006314,Canada,Spanish,2025-01-08,Paid Ads,25-34,Active
USR006315,United States,Telugu,2025-05-20,Organic Search,18-24,Inactive
USR006316,United States,French,2025-04-03,Referral,18-24,Active
USR006317,United States,French,2025-06-22,Social Media,45-54,Active
USR006318,Singapore,French,2025-04-17,Paid Ads,25-34,Inactive
USR006319,Germany,Tamil,2025-03-26,Organic Search,55+,Active
USR006320,India,Portuguese,2025-05-24,App Store,35-44,Active
USR006321,Canada,Portuguese,2025-06-10,Organic Search,18-24,Active
USR006322,United Kingdom,German,2025-04-16,Referral,25-34,Active
USR006323,France,Bengali,2025-06-06,Partner Bundle,25-34,Inactive
USR006324,India,French,2025-04-06,Social Media,35-44,Active
USR006325,Australia,Bengali,2025-05-19,Paid Ads,35-44,Inactive
USR006326,India,Portuguese,2025-09-09,Social Media,25-34,Active
USR006327,India,Bengali,2025-04-17,Referral,25-34,Inactive
USR006328,Australia,Bengali,2025-06-28,App Store,25-34,Inactive
USR006329,India,Portuguese,2025-05-28,App Store,25-34,Active
USR006330,Australia,Bengali,2025-03-24,App Store,25-34,Inactive
USR006331,India,French,2025-04-26,Organic Search,45-54,Active
USR006332,Brazil,German,2025-03-12,App Store,45-54,Inactive
USR006333,Germany,Tamil,2025-03-09,Organic Search,35-44,Active
USR006334,India,German,2025-04-04,Organic Search,18-24,Active
USR006335,Australia,Portuguese,2025-02-10,Partner Bundle,35-44,Inactive
USR006336,India,Hindi,2025-05-23,Organic Search,25-34,Active
USR006337,Canada,Tamil,2025-04-04,Organic Search,18-24,Active
USR006338,India,Hindi,2025-08-29,Social Media,35-44,Active
USR006339,India,Bengali,2025-03-04,App Store,25-34,Active
USR006340,Brazil,Bengali,2025-07-16,Social Media,25-34,Inactive
USR006341,India,German,2025-09-29,App Store,35-44,Active
USR006342,United Kingdom,Bengali,2025-05-13,Organic Search,45-54,Active
USR006343,India,German,2025-03-29,Referral,25-34,Active
USR006344,Canada,French,2025-04-16,Partner Bundle,35-44,Active
USR006345,India,Portuguese,2025-06-28,Organic Search,45-54,Active
USR006346,India,Bengali,2025-05-14,Partner Bundle,25-34,Active
USR006347,India,French,2025-02-04,Organic Search,45-54,Inactive
USR006348,India,Hindi,2025-02-14,Referral,25-34,Active
USR006349,Singapore,Hindi,2025-08-07,Organic Search,25-34,Active
USR006350,UAE,Hindi,2025-01-21,Referral,25-34,Active
USR006351,UAE,Bengali,2025-03-10,Referral,25-34,Active
USR006352,India,Tamil,2025-07-27,App Store,35-44,Active
USR006353,India,English,2025-04-29,Social Media,25-34,Inactive
USR006354,United Kingdom,French,2025-07-30,Partner Bundle,35-44,Active
USR006355,Brazil,Spanish,2025-05-17,Social Media,35-44,Inactive
USR006356,United Kingdom,Telugu,2025-03-18,Organic Search,18-24,Active
USR006357,India,German,2025-04-20,Social Media,18-24,Active
USR006358,France,English,2025-02-09,Social Media,45-54,Active
USR006359,India,Tamil,2025-05-07,Social Media,18-24,Active
USR006360,UAE,French,2025-05-08,Organic Search,35-44,Active
USR006361,Brazil,Tamil,2025-01-06,Social Media,35-44,Active
USR006362,Brazil,Telugu,2025-02-13,App Store,35-44,Inactive
USR006363,India,Portuguese,2025-01-20,Paid Ads,25-34,Active
USR006364,United Kingdom,English,2025-06-04,Organic Search,18-24,Active
USR006365,United Kingdom,Tamil,2025-07-08,Organic Search,25-34,Inactive
USR006366,India,Bengali,2025-02-17,Organic Search,18-24,Active
USR006367,United Kingdom,French,2025-01-04,Social Media,45-54,Active
USR006368,Canada,Portuguese,2025-05-23,Social Media,35-44,Active
USR006369,India,French,2025-04-22,App Store,45-54,Active
USR006370,India,French,2025-07-02,Referral,18-24,Inactive
USR006371,India,Portuguese,2025-03-21,App Store,45-54,Active
USR006372,Brazil,French,2025-04-22,Partner Bundle,35-44,Active
USR006373,Germany,Portuguese,2025-02-18,Social Media,18-24,Inactive
USR006374,Germany,English,2025-08-03,Referral,18-24,Active
USR006375,India,Bengali,2025-07-21,Paid Ads,45-54,Active
USR006376,Canada,Hindi,2025-07-25,Referral,25-34,Active
USR006377,India,Bengali,2025-03-30,Social Media,55+,Active
USR006378,Canada,German,2025-04-30,App Store,35-44,Inactive
USR006379,Canada,English,2025-01-16,Partner Bundle,35-44,Active
USR006380,France,English,2025-03-15,Organic Search,25-34,Inactive
USR006381,India,Tamil,2025-02-15,Social Media,25-34,Inactive
USR006382,India,English,2025-05-04,Referral,45-54,Active
USR006383,Singapore,Hindi,2025-06-01,App Store,25-34,Active
USR006384,UAE,Spanish,2025-05-26,Referral,25-34,Inactive
USR006385,United States,Hindi,2025-05-10,Organic Search,25-34,Active
USR006386,India,Portuguese,2025-05-13,Social Media,25-34,Active
USR006387,United States,Tamil,2025-05-18,Referral,45-54,Active
USR006388,United Kingdom,Portuguese,2025-05-01,Paid Ads,25-34,Active
USR006389,France,German,2025-03-16,App Store,25-34,Active
USR006390,Australia,French,2025-02-16,Paid Ads,35-44,Active
USR006391,India,Hindi,2025-05-11,Organic Search,25-34,Inactive
USR006392,Australia,French,2025-02-01,Referral,25-34,Active
USR006393,India,Bengali,2025-05-21,Social Media,18-24,Active
USR006394,India,Hindi,2025-07-03,Social Media,45-54,Active
USR006395,United States,Bengali,2025-03-09,App Store,25-34,Active
USR006396,India,Hindi,2025-05-16,Social Media,25-34,Active
USR006397,France,English,2025-07-12,Organic Search,35-44,Inactive
USR006398,United States,French,2025-01-23,Paid Ads,35-44,Active
USR006399,United Kingdom,Telugu,2025-03-08,Organic Search,25-34,Inactive
USR006400,United Kingdom,Hindi,2025-02-24,Social Media,35-44,Active
USR006401,Brazil,Spanish,2025-03-24,Social Media,35-44,Active
USR006402,Singapore,Tamil,2025-05-24,Organic Search,18-24,Active
USR006403,France,Hindi,2025-06-19,Social Media,25-34,Active
USR006404,United States,Portuguese,2025-01-22,Paid Ads,25-34,Active
USR006405,India,Tamil,2025-04-09,Referral,35-44,Active
USR006406,United Kingdom,Tamil,2025-01-20,App Store,25-34,Active
USR006407,United States,Bengali,2025-08-23,Organic Search,18-24,Active
USR006408,India,English,2025-08-23,App Store,18-24,Active
USR006409,India,Spanish,2025-03-25,Organic Search,45-54,Inactive
USR006410,United States,Hindi,2025-01-30,Paid Ads,25-34,Inactive
USR006411,Canada,English,2025-03-17,Organic Search,25-34,Inactive
USR006412,Canada,Tamil,2025-01-25,Partner Bundle,45-54,Active
USR006413,Germany,French,2025-04-24,Organic Search,45-54,Active
USR006414,United States,Tamil,2025-04-16,Referral,35-44,Inactive
USR006415,India,Bengali,2025-06-08,Organic Search,18-24,Active
USR006416,United Kingdom,Telugu,2025-03-13,Paid Ads,25-34,Active
USR006417,Brazil,Spanish,2025-03-01,Organic Search,45-54,Active
USR006418,India,Spanish,2025-03-04,Paid Ads,18-24,Active
USR006419,United Kingdom,Tamil,2025-02-27,App Store,35-44,Active
USR006420,India,English,2025-04-27,Partner Bundle,25-34,Active
USR006421,India,Spanish,2025-05-23,Social Media,18-24,Inactive
USR006422,United States,Bengali,2025-05-19,Referral,35-44,Active
USR006423,Canada,Spanish,2025-06-30,Paid Ads,25-34,Active
USR006424,United Kingdom,English,2025-05-02,App Store,35-44,Active
USR006425,India,Portuguese,2025-03-30,App Store,25-34,Active
USR006426,United Kingdom,Hindi,2025-07-29,App Store,25-34,Inactive
USR006427,India,Telugu,2025-05-17,Partner Bundle,45-54,Active
USR006428,United States,Bengali,2025-01-26,Paid Ads,25-34,Active
USR006429,India,Spanish,2025-06-29,Organic Search,45-54,Active
USR006430,France,Telugu,2025-01-31,App Store,55+,Active
USR006431,India,French,2025-03-10,Referral,25-34,Active
USR006432,United States,Hindi,2025-06-07,Organic Search,35-44,Active
USR006433,United States,French,2025-04-01,Paid Ads,25-34,Active
USR006434,United Kingdom,Bengali,2025-02-21,Paid Ads,35-44,Active
USR006435,Germany,Hindi,2025-03-23,Social Media,35-44,Inactive
USR006436,Australia,Tamil,2025-06-22,Referral,35-44,Active
USR006437,Germany,Spanish,2025-03-02,Referral,25-34,Inactive
USR006438,India,Spanish,2025-03-18,Organic Search,25-34,Active
USR006439,Singapore,Tamil,2025-09-09,Social Media,45-54,Active
USR006440,United States,Spanish,2025-03-25,App Store,35-44,Active
USR006441,India,Hindi,2025-03-10,Organic Search,45-54,Active
USR006442,Canada,Hindi,2025-09-02,Referral,25-34,Active
USR006443,United Kingdom,Spanish,2025-05-23,Organic Search,25-34,Inactive
USR006444,India,Hindi,2025-07-08,Organic Search,35-44,Active
USR006445,Brazil,Tamil,2025-04-03,Social Media,45-54,Active
USR006446,United Kingdom,French,2025-05-11,Organic Search,25-34,Active
USR006447,United States,English,2025-08-08,App Store,25-34,Inactive
USR006448,United States,Spanish,2025-06-24,App Store,25-34,Inactive
USR006449,India,Spanish,2025-05-21,Organic Search,25-34,Active
USR006450,Brazil,French,2025-03-16,Partner Bundle,45-54,Active
USR006451,Australia,Tamil,2025-04-13,Organic Search,25-34,Active
USR006452,United Kingdom,English,2025-05-31,Organic Search,35-44,Active
USR006453,Canada,Hindi,2025-03-20,Paid Ads,18-24,Inactive
USR006454,France,Spanish,2025-03-13,Referral,35-44,Active
USR006455,Canada,German,2025-06-16,Referral,25-34,Inactive
USR006456,India,Telugu,2025-06-22,Organic Search,25-34,Active
USR006457,Australia,English,2025-04-14,Partner Bundle,35-44,Active
USR006458,United Kingdom,Hindi,2025-03-01,App Store,35-44,Active
USR006459,Brazil,French,2025-07-11,Partner Bundle,18-24,Active
USR006460,Australia,English,2025-05-10,Organic Search,25-34,Active
USR006461,United States,English,2025-02-25,Referral,35-44,Active
USR006462,India,Portuguese,2025-09-04,Paid Ads,25-34,Active
USR006463,United States,Tamil,2025-06-05,App Store,18-24,Active
USR006464,Canada,Hindi,2025-02-28,App Store,25-34,Inactive
USR006465,India,Telugu,2025-02-28,Referral,45-54,Inactive
USR006466,Canada,Tamil,2025-03-10,Organic Search,25-34,Inactive
USR006467,France,Tamil,2025-05-13,Partner Bundle,45-54,Active
USR006468,India,Bengali,2025-03-09,Organic Search,35-44,Active
USR006469,Australia,Spanish,2025-05-20,Organic Search,55+,Active
USR006470,India,Hindi,2025-05-15,App Store,45-54,Active
USR006471,India,Portuguese,2025-02-23,Organic Search,55+,Active
USR006472,India,German,2025-03-28,Organic Search,18-24,Active
USR006473,Canada,Tamil,2025-03-19,Organic Search,25-34,Active
USR006474,Brazil,Telugu,2025-04-04,Organic Search,45-54,Active
USR006475,Germany,Hindi,2025-02-20,Paid Ads,25-34,Active
USR006476,India,Tamil,2025-03-08,Social Media,18-24,Active
USR006477,India,English,2025-02-24,Organic Search,45-54,Inactive
USR006478,United Kingdom,Portuguese,2025-04-24,Organic Search,25-34,Active
USR006479,India,Tamil,2025-04-04,Paid Ads,18-24,Inactive
USR006480,Germany,Telugu,2025-07-17,Referral,25-34,Active
USR006481,India,German,2025-07-12,Referral,45-54,Active
USR006482,India,Hindi,2025-04-23,Organic Search,45-54,Active
USR006483,United States,French,2025-06-05,Referral,55+,Active
USR006484,Germany,German,2025-05-19,Referral,25-34,Active
USR006485,India,Hindi,2025-02-18,Social Media,25-34,Active
USR006486,India,Portuguese,2025-03-31,Referral,18-24,Active
USR006487,United Kingdom,Hindi,2025-04-14,Organic Search,25-34,Active
USR006488,United States,Hindi,2025-05-15,Partner Bundle,25-34,Active
USR006489,Brazil,Hindi,2025-04-10,Social Media,35-44,Active
USR006490,India,Hindi,2025-06-06,Paid Ads,35-44,Active
USR006491,India,German,2025-03-01,Social Media,45-54,Active
USR006492,United Kingdom,Telugu,2025-08-07,Social Media,35-44,Active
USR006493,India,English,2025-05-16,Paid Ads,25-34,Inactive
USR006494,United States,Portuguese,2025-06-12,Social Media,25-34,Active
USR006495,India,Tamil,2025-01-30,Referral,18-24,Inactive
USR006496,UAE,English,2025-05-14,Organic Search,35-44,Active
USR006497,India,English,2025-08-02,Organic Search,25-34,Active
USR006498,Germany,Portuguese,2025-03-05,Organic Search,25-34,Active
USR006499,Singapore,Portuguese,2025-05-08,Social Media,45-54,Active
USR006500,Singapore,English,2025-04-21,Organic Search,35-44,Active
USR006501,United Kingdom,English,2025-04-09,Organic Search,35-44,Active
USR006502,Brazil,German,2025-04-15,App Store,25-34,Active
USR006503,Canada,German,2025-02-07,Organic Search,35-44,Active
USR006504,India,Telugu,2025-05-23,Referral,25-34,Active
USR006505,UAE,French,2025-03-05,Referral,35-44,Inactive
USR006506,United States,English,2025-05-27,Paid Ads,18-24,Active
USR006507,India,Tamil,2025-06-20,Paid Ads,35-44,Active
USR006508,Germany,Spanish,2025-03-14,Social Media,35-44,Active
USR006509,Canada,Telugu,2025-05-07,Organic Search,55+,Active
USR006510,UAE,English,2025-09-04,Organic Search,25-34,Active
USR006511,France,French,2025-05-02,Social Media,25-34,Active
USR006512,India,Portuguese,2025-04-10,Referral,45-54,Active
USR006513,India,Tamil,2025-03-17,Referral,35-44,Active
USR006514,Australia,Hindi,2025-04-22,Partner Bundle,35-44,Active
USR006515,United Kingdom,Tamil,2025-02-06,Social Media,18-24,Inactive
USR006516,India,Portuguese,2025-05-03,Organic Search,25-34,Active
USR006517,India,English,2025-04-13,Referral,18-24,Active
USR006518,India,German,2025-03-01,Organic Search,25-34,Active
USR006519,United Kingdom,Bengali,2025-02-10,Organic Search,25-34,Active
USR006520,India,Telugu,2025-03-11,Referral,25-34,Active
USR006521,India,Hindi,2025-02-20,Partner Bundle,35-44,Active
USR006522,United Kingdom,Bengali,2025-05-23,Organic Search,45-54,Inactive
USR006523,India,Portuguese,2025-01-22,Social Media,25-34,Inactive
USR006524,India,Bengali,2025-01-31,Social Media,35-44,Inactive
USR006525,UAE,Tamil,2025-06-22,Partner Bundle,35-44,Active
USR006526,Australia,Portuguese,2025-03-11,Paid Ads,45-54,Active
USR006527,India,Bengali,2025-06-12,Social Media,25-34,Active
USR006528,UAE,French,2025-02-07,Organic Search,55+,Inactive
USR006529,India,Tamil,2025-07-16,Referral,35-44,Active
USR006530,United Kingdom,German,2025-04-28,Social Media,18-24,Active
USR006531,United States,Portuguese,2025-05-12,Referral,18-24,Active
USR006532,Germany,French,2025-04-03,Referral,45-54,Active
USR006533,United States,English,2025-02-19,Organic Search,25-34,Active
USR006534,India,Portuguese,2025-04-01,Organic Search,25-34,Inactive
USR006535,United Kingdom,Portuguese,2025-06-03,Organic Search,35-44,Active
USR006536,Australia,Telugu,2025-03-07,Paid Ads,18-24,Active
USR006537,United Kingdom,German,2025-01-24,Partner Bundle,25-34,Active
USR006538,Australia,Telugu,2025-04-08,Social Media,25-34,Inactive
USR006539,United States,Portuguese,2025-03-09,Organic Search,55+,Active
USR006540,Germany,Spanish,2025-05-18,Referral,18-24,Active
USR006541,United Kingdom,German,2025-05-10,Paid Ads,18-24,Active
USR006542,India,Spanish,2025-02-13,Paid Ads,35-44,Active
USR006543,UAE,Bengali,2025-06-04,Paid Ads,35-44,Active
USR006544,France,English,2025-05-22,Paid Ads,25-34,Active
USR006545,Brazil,French,2025-06-09,Paid Ads,25-34,Active
USR006546,United Kingdom,Telugu,2025-05-29,App Store,45-54,Active
USR006547,Canada,Portuguese,2025-05-27,Partner Bundle,25-34,Inactive
USR006548,UAE,Hindi,2025-07-06,Organic Search,35-44,Active
USR006549,India,Portuguese,2025-07-26,Paid Ads,25-34,Active
USR006550,Singapore,Tamil,2025-05-03,Partner Bundle,25-34,Active
USR006551,India,Telugu,2025-05-16,Paid Ads,45-54,Inactive
USR006552,India,French,2025-03-20,Organic Search,25-34,Active
USR006553,India,German,2025-02-08,Paid Ads,45-54,Active
USR006554,United Kingdom,English,2025-05-19,Organic Search,35-44,Active
USR006555,India,French,2025-05-15,Organic Search,25-34,Inactive
USR006556,India,Bengali,2025-05-05,Organic Search,18-24,Inactive
USR006557,Canada,Tamil,2025-07-05,Partner Bundle,35-44,Active
USR006558,United States,Telugu,2025-01-25,Paid Ads,35-44,Active
USR006559,France,English,2025-06-04,Partner Bundle,55+,Active
USR006560,India,Telugu,2025-02-15,App Store,35-44,Active
USR006561,India,Tamil,2025-05-24,Partner Bundle,45-54,Active
USR006562,India,French,2025-01-24,Referral,18-24,Active
USR006563,United Kingdom,Hindi,2025-05-11,Social Media,35-44,Active
USR006564,United States,Hindi,2025-09-18,Paid Ads,25-34,Active
USR006565,India,Telugu,2025-03-24,Organic Search,55+,Active
USR006566,United States,Spanish,2025-03-19,Paid Ads,25-34,Active
USR006567,France,Hindi,2025-06-14,Partner Bundle,25-34,Active
USR006568,India,Spanish,2025-05-20,App Store,25-34,Active
USR006569,United Kingdom,Hindi,2025-03-07,Organic Search,25-34,Active
USR006570,India,Spanish,2025-04-29,Organic Search,25-34,Inactive
USR006571,India,German,2025-04-24,App Store,25-34,Active
USR006572,India,German,2025-05-31,Organic Search,25-34,Active
USR006573,United States,Telugu,2025-06-24,Partner Bundle,18-24,Active
USR006574,United States,Spanish,2025-05-23,Referral,35-44,Active
USR006575,UAE,Spanish,2025-05-29,Partner Bundle,35-44,Active
USR006576,UAE,Telugu,2025-03-25,App Store,55+,Active
USR006577,United Kingdom,Tamil,2025-08-09,Paid Ads,45-54,Active
USR006578,India,Tamil,2025-04-21,Organic Search,25-34,Active
USR006579,France,French,2025-05-17,Organic Search,35-44,Active
USR006580,Germany,French,2025-06-28,Paid Ads,35-44,Active
USR006581,Germany,Hindi,2025-04-02,Organic Search,25-34,Active
USR006582,India,Tamil,2025-05-13,App Store,25-34,Active
USR006583,Germany,Spanish,2025-05-16,Organic Search,18-24,Active
USR006584,France,Tamil,2025-08-17,Referral,18-24,Active
USR006585,United Kingdom,Spanish,2025-02-27,Social Media,25-34,Active
USR006586,Germany,Spanish,2025-02-01,Partner Bundle,35-44,Inactive
USR006587,Germany,English,2025-04-21,Partner Bundle,35-44,Active
USR006588,United States,German,2025-04-27,Paid Ads,55+,Active
USR006589,France,Hindi,2025-01-14,Paid Ads,25-34,Active
USR006590,Germany,Hindi,2025-05-14,Paid Ads,25-34,Active
USR006591,Singapore,Portuguese,2025-01-16,Paid Ads,18-24,Active
USR006592,Singapore,Hindi,2025-04-07,Partner Bundle,45-54,Inactive
USR006593,United Kingdom,Hindi,2025-05-30,Paid Ads,18-24,Active
USR006594,India,Tamil,2025-02-18,Partner Bundle,55+,Active
USR006595,India,English,2025-05-21,Social Media,25-34,Active
USR006596,Singapore,Bengali,2025-04-05,Partner Bundle,35-44,Active
USR006597,India,English,2025-04-25,Referral,25-34,Active
USR006598,United States,Portuguese,2025-05-19,Partner Bundle,25-34,Active
USR006599,United States,French,2025-04-18,Organic Search,25-34,Active
USR006600,India,Spanish,2025-06-06,Referral,25-34,Active
USR006601,United Kingdom,Telugu,2025-05-15,Partner Bundle,35-44,Active
USR006602,Germany,Bengali,2025-06-10,Organic Search,35-44,Active
USR006603,India,German,2025-01-19,Partner Bundle,18-24,Inactive
USR006604,Australia,Spanish,2025-07-07,Organic Search,18-24,Active
USR006605,Canada,French,2025-04-12,Partner Bundle,55+,Inactive
USR006606,United Kingdom,Tamil,2025-03-04,Social Media,25-34,Active
USR006607,India,German,2025-02-16,App Store,18-24,Active
USR006608,UAE,French,2025-03-08,Organic Search,25-34,Active
USR006609,United States,Spanish,2025-04-28,Social Media,18-24,Inactive
USR006610,United States,Tamil,2025-03-15,Referral,25-34,Inactive
USR006611,Canada,Telugu,2025-06-17,Organic Search,18-24,Active
USR006612,Singapore,Hindi,2025-02-27,Paid Ads,25-34,Inactive
USR006613,United States,Tamil,2025-05-10,Paid Ads,55+,Active
USR006614,Australia,Spanish,2025-05-26,Partner Bundle,35-44,Active
USR006615,United States,Bengali,2025-05-11,Referral,25-34,Active
USR006616,India,Hindi,2025-04-02,Paid Ads,45-54,Active
USR006617,India,German,2025-03-16,Organic Search,45-54,Active
USR006618,India,Bengali,2025-05-23,Organic Search,18-24,Inactive
USR006619,India,Portuguese,2025-03-21,Referral,25-34,Active
USR006620,United Kingdom,Telugu,2025-03-22,Partner Bundle,45-54,Inactive
USR006621,India,Portuguese,2025-03-22,Organic Search,35-44,Active
USR006622,UAE,Portuguese,2025-06-21,Organic Search,35-44,Active
USR006623,Brazil,Bengali,2025-05-28,Social Media,35-44,Inactive
USR006624,United States,Telugu,2025-01-28,Paid Ads,18-24,Active
USR006625,United States,Tamil,2025-05-22,App Store,45-54,Active
USR006626,United States,Spanish,2025-01-30,App Store,25-34,Active
USR006627,Canada,Bengali,2025-04-12,Organic Search,18-24,Active
USR006628,United Kingdom,Spanish,2025-06-07,App Store,25-34,Active
USR006629,United States,Portuguese,2025-04-05,Organic Search,35-44,Active
USR006630,United States,Portuguese,2025-01-15,Partner Bundle,45-54,Inactive
USR006631,Canada,Portuguese,2025-07-04,Social Media,35-44,Active
USR006632,United Kingdom,French,2025-06-23,Paid Ads,25-34,Active
USR006633,Australia,Portuguese,2025-04-18,Referral,35-44,Active
USR006634,Singapore,Hindi,2025-04-22,Organic Search,35-44,Inactive
USR006635,Germany,English,2025-06-09,Referral,45-54,Active
USR006636,India,Bengali,2025-02-11,Organic Search,18-24,Active
USR006637,Germany,Tamil,2025-03-01,Referral,18-24,Active
USR006638,United States,Portuguese,2025-03-21,Organic Search,25-34,Active
USR006639,Germany,Portuguese,2025-10-03,Referral,25-34,Inactive
USR006640,UAE,Spanish,2025-04-30,Social Media,35-44,Active
USR006641,India,Hindi,2025-06-13,Partner Bundle,35-44,Active
USR006642,India,Telugu,2025-05-30,Partner Bundle,18-24,Active
USR006643,United States,German,2025-05-04,Paid Ads,35-44,Active
USR006644,India,Tamil,2025-01-26,Organic Search,25-34,Active
USR006645,Canada,German,2025-02-02,Referral,25-34,Active
USR006646,Australia,French,2025-06-03,Organic Search,18-24,Active
USR006647,United States,English,2025-06-03,Paid Ads,18-24,Active
USR006648,United States,French,2025-04-13,Organic Search,55+,Active
USR006649,United Kingdom,Spanish,2025-04-11,App Store,35-44,Active
USR006650,India,Spanish,2025-01-26,Organic Search,35-44,Inactive
USR006651,Australia,German,2025-02-21,Organic Search,35-44,Inactive
USR006652,United Kingdom,English,2025-05-22,Organic Search,35-44,Active
USR006653,Canada,Tamil,2025-03-29,Paid Ads,25-34,Active
USR006654,Australia,Hindi,2025-06-01,Social Media,25-34,Inactive
USR006655,Canada,English,2025-05-04,Organic Search,45-54,Inactive
USR006656,India,Bengali,2025-04-17,Social Media,25-34,Active
USR006657,Germany,Spanish,2025-02-14,Partner Bundle,25-34,Active
USR006658,United Kingdom,Tamil,2025-03-31,Organic Search,18-24,Inactive
USR006659,Australia,Hindi,2025-04-05,Paid Ads,25-34,Inactive
USR006660,India,German,2025-04-20,Referral,18-24,Active
USR006661,India,Portuguese,2025-03-14,Referral,35-44,Active
USR006662,France,Telugu,2025-05-17,Social Media,25-34,Inactive
USR006663,United States,French,2025-07-30,Referral,25-34,Active
USR006664,United Kingdom,Spanish,2025-03-10,Paid Ads,18-24,Inactive
USR006665,United Kingdom,Portuguese,2025-09-01,Referral,25-34,Active
USR006666,United Kingdom,French,2025-05-28,Social Media,55+,Active
USR006667,India,German,2025-03-04,Organic Search,25-34,Active
USR006668,India,Tamil,2025-02-22,Social Media,35-44,Inactive
USR006669,India,German,2025-07-21,Referral,35-44,Active
USR006670,United States,Portuguese,2025-01-31,Social Media,25-34,Active
USR006671,UAE,English,2025-04-04,Partner Bundle,55+,Active
USR006672,United States,Tamil,2025-04-03,Partner Bundle,25-34,Inactive
USR006673,Germany,French,2025-04-12,Organic Search,35-44,Active
USR006674,India,French,2025-06-05,Paid Ads,18-24,Active
USR006675,France,Spanish,2025-03-04,Organic Search,25-34,Active
USR006676,United States,German,2025-03-27,Referral,25-34,Inactive
USR006677,United States,Bengali,2025-05-06,Social Media,35-44,Active
USR006678,Australia,French,2025-05-04,Organic Search,45-54,Inactive
USR006679,United States,Telugu,2025-07-04,Social Media,55+,Active
USR006680,India,Bengali,2025-02-13,Organic Search,55+,Active
USR006681,India,German,2025-05-26,Organic Search,25-34,Active
USR006682,India,English,2025-04-08,Social Media,35-44,Active
USR006683,Germany,Bengali,2025-05-09,App Store,18-24,Inactive
USR006684,Singapore,Spanish,2025-03-18,Paid Ads,25-34,Active
USR006685,India,French,2025-06-08,Referral,18-24,Active
USR006686,United Kingdom,Telugu,2025-03-12,Social Media,18-24,Inactive
USR006687,India,Portuguese,2025-05-29,Referral,35-44,Active
USR006688,India,French,2025-05-20,Organic Search,45-54,Active
USR006689,United States,French,2025-03-23,Partner Bundle,55+,Active
USR006690,Australia,Tamil,2025-08-20,Social Media,35-44,Active
USR006691,India,Portuguese,2025-05-20,Partner Bundle,35-44,Active
USR006692,Germany,French,2025-03-02,Paid Ads,25-34,Active
USR006693,India,Bengali,2025-04-26,Referral,35-44,Active
USR006694,Germany,Spanish,2025-03-03,Social Media,35-44,Inactive
USR006695,Canada,Hindi,2025-05-21,Social Media,18-24,Active
USR006696,India,French,2025-06-15,Paid Ads,18-24,Active
USR006697,Australia,French,2025-02-28,Partner Bundle,18-24,Active
USR006698,India,Telugu,2025-01-23,App Store,45-54,Active
USR006699,India,Telugu,2025-01-20,Social Media,35-44,Active
USR006700,India,Portuguese,2025-07-21,Referral,35-44,Inactive
USR006701,United States,Hindi,2025-04-26,Referral,25-34,Active
USR006702,India,French,2025-05-01,Organic Search,45-54,Active
USR006703,United States,Spanish,2025-03-28,App Store,55+,Active
USR006704,India,Spanish,2025-03-08,Paid Ads,25-34,Inactive
USR006705,India,Telugu,2025-01-28,Referral,25-34,Inactive
USR006706,Singapore,Tamil,2025-07-23,Social Media,25-34,Inactive
USR006707,Germany,Spanish,2025-02-16,Organic Search,55+,Active
USR006708,India,Bengali,2025-05-09,Paid Ads,25-34,Active
USR006709,Australia,Bengali,2025-06-02,Organic Search,35-44,Inactive
USR006710,Canada,Telugu,2025-03-24,Organic Search,25-34,Active
USR006711,India,Portuguese,2025-02-25,Organic Search,45-54,Active
USR006712,United States,Spanish,2025-05-16,Paid Ads,25-34,Active
USR006713,Singapore,German,2025-03-12,Social Media,25-34,Active
USR006714,Australia,Tamil,2025-02-18,Organic Search,25-34,Active
USR006715,Germany,Portuguese,2025-02-24,Organic Search,35-44,Active
USR006716,United Kingdom,French,2025-03-16,Referral,35-44,Active
USR006717,Canada,German,2025-01-28,Partner Bundle,18-24,Inactive
USR006718,United States,Portuguese,2025-01-14,Organic Search,45-54,Active
USR006719,Australia,French,2025-01-21,Paid Ads,18-24,Inactive
USR006720,Australia,Hindi,2025-04-13,App Store,18-24,Active
USR006721,India,Portuguese,2025-01-14,Referral,25-34,Active
USR006722,Canada,Spanish,2025-01-15,Organic Search,45-54,Active
USR006723,Canada,Tamil,2025-03-20,App Store,25-34,Active
USR006724,India,Portuguese,2025-06-11,App Store,25-34,Active
USR006725,United States,Spanish,2025-04-02,Organic Search,35-44,Active
USR006726,UAE,Bengali,2025-03-17,Organic Search,45-54,Inactive
USR006727,Brazil,Portuguese,2025-03-03,Organic Search,35-44,Active
USR006728,Germany,Spanish,2025-04-22,Organic Search,35-44,Active
USR006729,India,Spanish,2025-05-12,Referral,35-44,Active
USR006730,United States,French,2025-05-26,Organic Search,35-44,Inactive
USR006731,India,English,2025-03-19,Organic Search,25-34,Active
USR006732,Canada,Hindi,2025-05-18,Social Media,35-44,Inactive
USR006733,Germany,English,2025-01-07,Paid Ads,35-44,Active
USR006734,UAE,Spanish,2025-01-16,Partner Bundle,35-44,Active
USR006735,UAE,Tamil,2025-05-15,App Store,35-44,Active
USR006736,India,Bengali,2025-03-20,Organic Search,25-34,Active
USR006737,India,German,2025-04-25,Partner Bundle,45-54,Active
USR006738,UAE,Bengali,2025-02-15,Organic Search,55+,Active
USR006739,France,Tamil,2025-05-10,Social Media,35-44,Active
USR006740,United States,English,2025-07-15,Organic Search,25-34,Inactive
USR006741,United States,Spanish,2025-04-05,Partner Bundle,25-34,Active
USR006742,United Kingdom,Hindi,2025-04-25,Referral,35-44,Active
USR006743,United Kingdom,Tamil,2025-04-18,Referral,25-34,Active
USR006744,India,Bengali,2025-02-21,Organic Search,35-44,Active
USR006745,United States,Tamil,2025-03-24,Organic Search,18-24,Active
USR006746,United Kingdom,French,2025-01-27,Paid Ads,55+,Inactive
USR006747,India,French,2025-08-21,Referral,45-54,Active
USR006748,Brazil,Portuguese,2025-05-23,Referral,45-54,Active
USR006749,India,English,2025-05-13,Paid Ads,35-44,Active
USR006750,United Kingdom,Hindi,2025-04-20,Organic Search,18-24,Active
USR006751,United Kingdom,French,2025-09-01,Partner Bundle,18-24,Active
USR006752,United States,Spanish,2025-01-11,Organic Search,35-44,Active
USR006753,India,Portuguese,2025-02-05,Organic Search,35-44,Active
USR006754,United Kingdom,German,2025-06-21,Paid Ads,35-44,Active
USR006755,India,Bengali,2025-06-24,Referral,25-34,Active
USR006756,United States,French,2025-04-02,Organic Search,25-34,Active
USR006757,India,French,2025-08-03,App Store,18-24,Active
USR006758,India,Spanish,2025-05-12,Partner Bundle,45-54,Active
USR006759,Singapore,Portuguese,2025-09-10,Referral,25-34,Active
USR006760,Australia,Hindi,2025-06-22,Organic Search,25-34,Active
USR006761,India,Spanish,2025-05-07,Organic Search,35-44,Active
USR006762,Singapore,Spanish,2025-03-26,Organic Search,18-24,Active
USR006763,India,Spanish,2025-06-12,Social Media,55+,Active
USR006764,India,French,2025-02-13,Organic Search,25-34,Active
USR006765,India,German,2025-03-07,Paid Ads,25-34,Active
USR006766,Australia,Tamil,2025-04-04,Organic Search,18-24,Active
USR006767,United Kingdom,German,2025-07-07,Social Media,25-34,Active
USR006768,India,Portuguese,2025-05-18,Social Media,25-34,Inactive
USR006769,India,Telugu,2025-06-07,App Store,25-34,Active
USR006770,United Kingdom,Telugu,2025-06-08,Organic Search,18-24,Active
USR006771,Canada,Telugu,2025-07-03,Referral,25-34,Active
USR006772,France,Telugu,2025-04-19,Organic Search,45-54,Active
USR006773,United States,Hindi,2025-05-23,Partner Bundle,45-54,Active
USR006774,Canada,Bengali,2025-05-09,Paid Ads,35-44,Inactive
USR006775,Australia,English,2025-06-29,App Store,35-44,Active
USR006776,United Kingdom,Tamil,2025-04-04,Referral,35-44,Active
USR006777,United States,Spanish,2025-03-11,App Store,18-24,Active
USR006778,India,Tamil,2025-01-25,Organic Search,45-54,Active
USR006779,Canada,Tamil,2025-03-31,Paid Ads,25-34,Active
USR006780,Germany,Bengali,2025-03-09,Organic Search,35-44,Inactive
USR006781,India,French,2025-04-22,Referral,45-54,Active
USR006782,United States,Spanish,2025-01-28,Partner Bundle,45-54,Active
USR006783,United States,Hindi,2025-01-26,Organic Search,55+,Active
USR006784,India,Tamil,2025-02-19,Organic Search,35-44,Active
USR006785,India,Spanish,2025-08-12,Organic Search,35-44,Inactive
USR006786,India,French,2025-03-23,Social Media,25-34,Active
USR006787,United States,Portuguese,2025-04-18,Referral,25-34,Inactive
USR006788,United States,Telugu,2025-07-05,Organic Search,35-44,Active
USR006789,United Kingdom,English,2025-04-21,Organic Search,25-34,Active
USR006790,India,French,2025-04-24,Social Media,25-34,Active
USR006791,United Kingdom,Bengali,2025-02-23,Social Media,18-24,Active
USR006792,India,French,2025-07-27,Social Media,35-44,Active
USR006793,India,English,2025-03-09,Paid Ads,35-44,Active
USR006794,United States,Hindi,2025-03-08,Social Media,35-44,Inactive
USR006795,Canada,German,2025-05-12,Organic Search,25-34,Active
USR006796,Germany,Tamil,2025-06-07,Partner Bundle,35-44,Active
USR006797,India,English,2025-03-30,Paid Ads,25-34,Inactive
USR006798,United Kingdom,German,2025-02-20,Organic Search,35-44,Active
USR006799,United States,Bengali,2025-03-11,Partner Bundle,18-24,Active
USR006800,Australia,Bengali,2025-04-08,Partner Bundle,18-24,Active
USR006801,India,Hindi,2025-05-12,Organic Search,35-44,Inactive
USR006802,Australia,Portuguese,2025-03-03,Social Media,45-54,Active
USR006803,United Kingdom,Hindi,2025-10-25,Organic Search,25-34,Active
USR006804,Germany,French,2025-08-11,Referral,45-54,Active
USR006805,Brazil,French,2025-04-08,App Store,25-34,Active
USR006806,UAE,French,2025-02-18,Partner Bundle,35-44,Active
USR006807,United Kingdom,Telugu,2025-02-11,Referral,35-44,Active
USR006808,UAE,Bengali,2025-08-06,Social Media,18-24,Inactive
USR006809,India,Bengali,2025-06-01,Referral,25-34,Active
USR006810,India,French,2025-01-28,Organic Search,35-44,Inactive
USR006811,United Kingdom,French,2025-06-07,App Store,25-34,Inactive
USR006812,Brazil,Tamil,2025-02-18,Referral,35-44,Active
USR006813,Australia,Portuguese,2025-02-27,Partner Bundle,35-44,Active
USR006814,India,German,2025-05-31,Social Media,25-34,Active
USR006815,Canada,Hindi,2025-03-28,Paid Ads,35-44,Active
USR006816,India,Portuguese,2025-07-25,Social Media,35-44,Inactive
USR006817,United States,Portuguese,2025-06-20,Organic Search,55+,Inactive
USR006818,India,English,2025-04-28,Paid Ads,35-44,Inactive
USR006819,India,Portuguese,2025-01-28,Paid Ads,25-34,Inactive
USR006820,India,Telugu,2025-03-30,App Store,25-34,Active
USR006821,Australia,English,2025-02-25,Partner Bundle,35-44,Inactive
USR006822,United Kingdom,Hindi,2025-03-25,Partner Bundle,18-24,Active
USR006823,India,Hindi,2025-06-10,Partner Bundle,25-34,Active
USR006824,United States,Bengali,2025-04-17,Partner Bundle,18-24,Inactive
USR006825,Germany,English,2025-03-16,Social Media,25-34,Active
USR006826,Brazil,Spanish,2025-03-15,Referral,45-54,Active
USR006827,UAE,English,2025-02-16,Organic Search,25-34,Active
USR006828,India,German,2025-03-03,Paid Ads,25-34,Active
USR006829,India,French,2025-05-01,Referral,45-54,Active
USR006830,India,Spanish,2025-06-06,Paid Ads,25-34,Active
USR006831,United States,Bengali,2025-03-08,Paid Ads,35-44,Active
USR006832,Canada,Telugu,2025-05-31,Organic Search,55+,Active
USR006833,India,French,2025-04-07,Referral,45-54,Active
USR006834,Singapore,English,2025-07-09,Organic Search,45-54,Active
USR006835,Germany,Telugu,2025-05-16,Organic Search,18-24,Inactive
USR006836,United States,Spanish,2025-04-25,Referral,35-44,Active
USR006837,United Kingdom,German,2025-05-14,Referral,55+,Active
USR006838,United Kingdom,Bengali,2025-06-03,Social Media,25-34,Active
USR006839,United Kingdom,Portuguese,2025-03-25,Organic Search,18-24,Active
USR006840,UAE,Telugu,2025-08-19,Paid Ads,18-24,Active
USR006841,India,Tamil,2025-02-21,Paid Ads,55+,Active
USR006842,Canada,German,2025-05-08,Social Media,25-34,Active
USR006843,India,German,2025-05-20,Organic Search,25-34,Inactive
USR006844,United States,French,2025-06-06,Paid Ads,25-34,Active
USR006845,Canada,Telugu,2025-02-07,Organic Search,35-44,Inactive
USR006846,India,English,2025-09-08,Organic Search,45-54,Active
USR006847,India,Spanish,2025-02-27,Organic Search,25-34,Active
USR006848,India,Tamil,2025-06-01,Organic Search,45-54,Inactive
USR006849,United States,English,2025-05-07,Referral,25-34,Active
USR006850,Canada,Telugu,2025-06-09,Organic Search,35-44,Active
USR006851,Brazil,Hindi,2025-04-07,Paid Ads,45-54,Inactive
USR006852,India,Telugu,2025-02-04,Referral,25-34,Inactive
USR006853,India,French,2025-06-15,Social Media,25-34,Active
USR006854,United States,Portuguese,2025-04-17,Referral,45-54,Active
USR006855,India,German,2025-04-28,App Store,45-54,Active
USR006856,India,English,2025-01-18,Referral,25-34,Inactive
USR006857,United Kingdom,French,2025-08-23,Organic Search,35-44,Active
USR006858,UAE,French,2025-02-14,Referral,25-34,Active
USR006859,UAE,French,2025-03-05,Social Media,45-54,Active
USR006860,India,Spanish,2025-04-28,Partner Bundle,18-24,Active
USR006861,India,Spanish,2025-05-13,Referral,25-34,Active
USR006862,United States,German,2025-06-14,Organic Search,35-44,Active
USR006863,United States,German,2025-02-17,Organic Search,45-54,Active
USR006864,Australia,Hindi,2025-09-07,Referral,45-54,Active
USR006865,United States,Portuguese,2025-03-24,App Store,35-44,Inactive
USR006866,India,Spanish,2025-05-30,Organic Search,45-54,Active
USR006867,India,French,2025-03-16,Referral,18-24,Active
USR006868,UAE,Hindi,2025-07-24,Social Media,55+,Active
USR006869,United States,Bengali,2025-03-11,Social Media,25-34,Active
USR006870,Germany,Telugu,2025-03-27,Organic Search,35-44,Active
USR006871,United States,Spanish,2025-06-20,App Store,25-34,Inactive
USR006872,Canada,German,2025-07-11,Paid Ads,25-34,Active
USR006873,India,English,2025-05-29,Partner Bundle,45-54,Active
USR006874,Australia,Tamil,2025-04-13,Organic Search,25-34,Active
USR006875,Germany,Tamil,2025-04-17,Referral,45-54,Active
USR006876,India,German,2025-06-23,Organic Search,35-44,Active
USR006877,India,Portuguese,2025-07-13,Organic Search,25-34,Active
USR006878,United States,French,2025-03-07,App Store,25-34,Inactive
USR006879,Canada,Hindi,2025-01-25,Social Media,18-24,Active
USR006880,Canada,Telugu,2025-02-05,Organic Search,25-34,Active
USR006881,Canada,German,2025-06-28,Referral,45-54,Inactive
USR006882,Australia,Telugu,2025-04-15,Paid Ads,18-24,Active
USR006883,United States,Telugu,2025-03-16,Referral,25-34,Active
USR006884,United Kingdom,Telugu,2025-03-09,Organic Search,25-34,Active
USR006885,India,Spanish,2025-08-07,Partner Bundle,35-44,Active
USR006886,India,German,2025-07-05,Organic Search,35-44,Inactive
USR006887,United States,English,2025-04-27,Partner Bundle,45-54,Active
USR006888,Australia,Tamil,2025-06-09,Referral,18-24,Active
USR006889,Germany,French,2025-05-17,Organic Search,18-24,Active
USR006890,Australia,Hindi,2025-03-21,Organic Search,35-44,Active
USR006891,United States,Spanish,2025-05-16,Social Media,25-34,Active
USR006892,India,Spanish,2025-04-07,Partner Bundle,25-34,Active
USR006893,United States,English,2025-07-13,App Store,35-44,Active
USR006894,India,Telugu,2025-05-07,Partner Bundle,25-34,Active
USR006895,United Kingdom,Spanish,2025-05-22,Social Media,35-44,Active
USR006896,India,Telugu,2025-04-10,Paid Ads,45-54,Active
USR006897,India,Portuguese,2025-05-02,Referral,18-24,Active
USR006898,Canada,Tamil,2025-06-05,Organic Search,25-34,Active
USR006899,India,Bengali,2025-05-04,Organic Search,35-44,Inactive
USR006900,United Kingdom,English,2025-06-26,Social Media,25-34,Active
USR006901,Canada,Bengali,2025-06-03,Social Media,25-34,Active
USR006902,Germany,Bengali,2025-05-10,Paid Ads,35-44,Active
USR006903,India,Spanish,2025-04-18,Paid Ads,25-34,Active
USR006904,India,Tamil,2025-05-08,Social Media,45-54,Inactive
USR006905,Germany,Tamil,2025-05-28,Social Media,45-54,Active
USR006906,India,Telugu,2025-02-24,Organic Search,55+,Active
USR006907,UAE,Spanish,2025-03-25,Organic Search,25-34,Active
USR006908,India,English,2025-02-03,Referral,25-34,Active
USR006909,United Kingdom,Portuguese,2025-05-17,Social Media,45-54,Inactive
USR006910,India,Tamil,2025-03-25,Referral,45-54,Active
USR006911,United States,German,2025-03-02,Partner Bundle,25-34,Active
USR006912,UAE,Hindi,2025-04-08,Paid Ads,18-24,Active
USR006913,United Kingdom,French,2025-02-10,App Store,25-34,Active
USR006914,Canada,German,2025-02-10,Organic Search,25-34,Active
USR006915,India,French,2025-03-14,Organic Search,18-24,Inactive
USR006916,Singapore,French,2025-03-07,Organic Search,25-34,Inactive
USR006917,Canada,Tamil,2025-05-10,Paid Ads,25-34,Active
USR006918,India,French,2025-01-29,Social Media,55+,Active
USR006919,India,Portuguese,2025-04-18,Organic Search,25-34,Inactive
USR006920,India,Hindi,2025-01-30,Partner Bundle,55+,Active
USR006921,India,German,2025-07-16,Referral,35-44,Active
USR006922,Singapore,Spanish,2025-03-10,Social Media,25-34,Active
USR006923,United States,Bengali,2025-03-19,Partner Bundle,35-44,Active
USR006924,India,Spanish,2025-07-03,Organic Search,25-34,Active
USR006925,United States,Bengali,2025-02-05,Referral,35-44,Inactive
USR006926,United States,Bengali,2025-05-20,Paid Ads,25-34,Active
USR006927,India,Hindi,2025-07-31,Partner Bundle,55+,Inactive
USR006928,India,Telugu,2025-04-08,App Store,18-24,Active
USR006929,India,Tamil,2025-02-24,Social Media,25-34,Active
USR006930,United Kingdom,English,2025-02-14,Organic Search,18-24,Active
USR006931,United States,Hindi,2025-05-15,Organic Search,25-34,Inactive
USR006932,UAE,French,2025-04-05,Organic Search,18-24,Active
USR006933,United States,Hindi,2025-01-13,Paid Ads,55+,Active
USR006934,United States,German,2025-04-25,Social Media,25-34,Active
USR006935,Singapore,Spanish,2025-04-27,Social Media,45-54,Inactive
USR006936,United States,Tamil,2025-03-11,Paid Ads,35-44,Active
USR006937,United States,Portuguese,2025-06-10,Paid Ads,18-24,Active
USR006938,United States,Telugu,2025-01-08,App Store,18-24,Inactive
USR006939,Australia,German,2025-05-18,Organic Search,25-34,Active
USR006940,United States,English,2025-06-16,Referral,35-44,Inactive
USR006941,United Kingdom,English,2025-07-06,Partner Bundle,25-34,Active
USR006942,United States,English,2025-05-24,Social Media,35-44,Inactive
USR006943,United Kingdom,Spanish,2025-03-28,Organic Search,35-44,Active
USR006944,France,Telugu,2025-04-21,Organic Search,45-54,Active
USR006945,United States,Portuguese,2025-02-22,Partner Bundle,35-44,Active
USR006946,India,Tamil,2025-03-13,Organic Search,35-44,Inactive
USR006947,United Kingdom,Telugu,2025-03-20,App Store,35-44,Active
USR006948,Singapore,Spanish,2025-05-11,Organic Search,35-44,Active
USR006949,Australia,Bengali,2025-01-18,Organic Search,35-44,Active
USR006950,India,Tamil,2025-04-26,Organic Search,25-34,Inactive
USR006951,Brazil,Spanish,2025-03-21,Organic Search,18-24,Active
USR006952,United States,Hindi,2025-07-20,Referral,25-34,Active
USR006953,Brazil,Portuguese,2025-05-14,App Store,35-44,Active
USR006954,India,Telugu,2025-01-29,Social Media,18-24,Inactive
USR006955,Brazil,Portuguese,2025-05-08,Paid Ads,35-44,Inactive
USR006956,India,French,2025-06-13,Organic Search,55+,Active
USR006957,Australia,French,2025-04-28,Partner Bundle,25-34,Inactive
USR006958,Australia,Tamil,2025-03-24,Partner Bundle,25-34,Active
USR006959,Canada,Hindi,2025-05-10,Organic Search,18-24,Active
USR006960,Germany,English,2025-06-04,App Store,45-54,Active
USR006961,United States,Spanish,2025-09-23,Paid Ads,18-24,Active
USR006962,India,German,2025-07-12,Social Media,18-24,Active
USR006963,United States,Hindi,2025-05-28,App Store,25-34,Active
USR006964,Canada,Portuguese,2025-04-22,Partner Bundle,25-34,Active
USR006965,Canada,English,2025-02-05,Referral,55+,Inactive
USR006966,India,Spanish,2025-05-08,Referral,25-34,Active
USR006967,India,German,2025-03-22,Paid Ads,45-54,Active
USR006968,United States,English,2025-06-28,Organic Search,55+,Active
USR006969,Australia,French,2025-02-27,Organic Search,25-34,Active
USR006970,France,English,2025-05-05,Referral,25-34,Active
USR006971,India,Telugu,2025-07-20,Social Media,45-54,Active
USR006972,Singapore,English,2025-05-02,Organic Search,35-44,Active
USR006973,Singapore,Spanish,2025-06-19,Organic Search,25-34,Inactive
USR006974,India,French,2025-06-04,Organic Search,25-34,Active
USR006975,United States,French,2025-09-09,Social Media,35-44,Active
USR006976,United Kingdom,Telugu,2025-04-03,Social Media,35-44,Inactive
USR006977,United Kingdom,German,2025-02-04,Partner Bundle,55+,Active
USR006978,United Kingdom,Bengali,2025-02-09,Referral,55+,Active
USR006979,United States,Spanish,2025-02-02,Partner Bundle,35-44,Inactive
USR006980,India,Bengali,2025-03-20,Referral,35-44,Active
USR006981,India,Portuguese,2025-05-09,Organic Search,18-24,Active
USR006982,India,Portuguese,2025-05-06,App Store,45-54,Active
USR006983,Australia,Portuguese,2025-05-01,Organic Search,25-34,Inactive
USR006984,India,English,2025-04-08,Referral,45-54,Active
USR006985,France,Portuguese,2025-09-16,Social Media,55+,Active
USR006986,United States,Bengali,2025-05-03,Social Media,25-34,Active
USR006987,United States,Hindi,2025-06-15,App Store,45-54,Active
USR006988,UAE,Spanish,2025-03-27,Organic Search,35-44,Inactive
USR006989,India,Telugu,2025-05-14,Organic Search,25-34,Inactive
USR006990,India,Spanish,2025-03-08,App Store,18-24,Inactive
USR006991,Brazil,Hindi,2025-01-23,Referral,35-44,Active
USR006992,United Kingdom,French,2025-04-08,Organic Search,45-54,Active
USR006993,India,Portuguese,2025-03-17,Referral,35-44,Active
USR006994,India,Hindi,2025-04-03,Social Media,25-34,Inactive
USR006995,UAE,English,2025-03-25,Paid Ads,25-34,Inactive
USR006996,United Kingdom,Telugu,2025-02-14,Paid Ads,35-44,Active
USR006997,India,English,2025-02-25,Referral,25-34,Active
USR006998,UAE,Tamil,2025-02-17,Organic Search,25-34,Active
USR006999,United States,German,2025-03-30,Organic Search,25-34,Active
USR007000,Brazil,Bengali,2025-01-05,Referral,18-24,Active
USR007001,India,Spanish,2025-03-07,Referral,35-44,Active
USR007002,United Kingdom,Spanish,2025-05-06,Referral,25-34,Active
USR007003,India,English,2025-05-23,App Store,45-54,Inactive
USR007004,United States,French,2025-03-27,Referral,35-44,Active
USR007005,India,Tamil,2025-04-09,Paid Ads,35-44,Inactive
USR007006,India,German,2025-05-11,Organic Search,35-44,Active
USR007007,India,Telugu,2025-06-20,Paid Ads,25-34,Active
USR007008,India,English,2025-01-23,Social Media,55+,Active
USR007009,Brazil,Spanish,2025-03-18,Paid Ads,45-54,Inactive
USR007010,India,French,2025-05-02,App Store,25-34,Active
USR007011,United States,Tamil,2025-03-28,Organic Search,35-44,Active
USR007012,Canada,French,2025-02-12,Paid Ads,55+,Active
USR007013,Canada,Telugu,2025-04-07,Organic Search,25-34,Inactive
USR007014,Germany,Spanish,2025-05-27,Organic Search,35-44,Active
USR007015,Germany,Bengali,2025-09-22,Social Media,35-44,Active
USR007016,Brazil,Telugu,2025-06-29,Organic Search,35-44,Active
USR007017,Germany,Spanish,2025-05-06,Social Media,55+,Active
USR007018,France,Portuguese,2025-04-12,App Store,18-24,Active
USR007019,United Kingdom,German,2025-06-25,Organic Search,25-34,Active
USR007020,Canada,Hindi,2025-04-15,Social Media,18-24,Active
USR007021,United States,Portuguese,2025-05-31,Organic Search,25-34,Active
USR007022,India,Bengali,2025-02-27,Social Media,35-44,Inactive
USR007023,India,Bengali,2025-02-20,Paid Ads,45-54,Active
USR007024,United States,English,2025-04-08,App Store,45-54,Inactive
USR007025,United States,French,2025-02-01,Organic Search,18-24,Active
USR007026,United Kingdom,Telugu,2025-03-16,Referral,25-34,Active
USR007027,India,Tamil,2025-04-24,Paid Ads,25-34,Inactive
USR007028,United States,Portuguese,2025-04-25,Organic Search,25-34,Inactive
USR007029,Singapore,Bengali,2025-04-14,Partner Bundle,25-34,Active
USR007030,United States,Portuguese,2025-01-09,Organic Search,55+,Active
USR007031,India,French,2025-04-07,Social Media,35-44,Active
USR007032,United States,Bengali,2025-08-05,Organic Search,35-44,Active
USR007033,UAE,Tamil,2025-05-24,Organic Search,35-44,Inactive
USR007034,Singapore,Portuguese,2025-02-06,Paid Ads,35-44,Inactive
USR007035,UAE,English,2025-08-31,Referral,45-54,Active
USR007036,India,Tamil,2025-03-25,Social Media,55+,Active
USR007037,United States,Hindi,2025-05-26,Organic Search,25-34,Active
USR007038,Brazil,Spanish,2025-04-18,Social Media,35-44,Active
USR007039,India,Portuguese,2025-04-11,Partner Bundle,25-34,Active
USR007040,India,German,2025-02-14,Social Media,18-24,Inactive
USR007041,India,German,2025-02-07,Referral,18-24,Inactive
USR007042,Brazil,English,2025-02-24,Partner Bundle,25-34,Active
USR007043,United States,Hindi,2025-02-26,Paid Ads,18-24,Active
USR007044,Singapore,Portuguese,2025-03-19,Organic Search,35-44,Active
USR007045,India,Telugu,2025-03-30,Social Media,25-34,Inactive
USR007046,Germany,French,2025-07-16,Partner Bundle,35-44,Inactive
USR007047,India,Telugu,2025-07-19,App Store,18-24,Active
USR007048,India,Hindi,2025-05-04,App Store,18-24,Active
USR007049,United Kingdom,German,2025-08-06,Partner Bundle,25-34,Inactive
USR007050,United States,Portuguese,2025-08-09,Paid Ads,25-34,Active
USR007051,Canada,Hindi,2025-03-21,App Store,35-44,Active
USR007052,Brazil,Spanish,2025-02-23,Paid Ads,25-34,Active
USR007053,India,German,2025-05-28,Referral,45-54,Active
USR007054,India,German,2025-03-23,Referral,45-54,Active
USR007055,Canada,Bengali,2025-07-04,Organic Search,35-44,Active
USR007056,UAE,Telugu,2025-04-26,Organic Search,45-54,Active
USR007057,Germany,Spanish,2025-05-23,Organic Search,55+,Active
USR007058,United States,German,2025-07-18,Social Media,25-34,Active
USR007059,Australia,Bengali,2025-04-22,Paid Ads,55+,Inactive
USR007060,India,German,2025-03-14,Partner Bundle,55+,Active
USR007061,India,Hindi,2025-04-29,Organic Search,18-24,Inactive
USR007062,United Kingdom,Hindi,2025-02-10,Referral,18-24,Active
USR007063,France,English,2025-04-26,Paid Ads,18-24,Active
USR007064,United States,Tamil,2025-05-13,Paid Ads,25-34,Active
USR007065,United Kingdom,English,2025-03-23,Paid Ads,45-54,Active
USR007066,United States,Bengali,2025-05-25,App Store,25-34,Active
USR007067,United States,English,2025-03-13,Partner Bundle,25-34,Inactive
USR007068,UAE,Bengali,2025-06-12,Organic Search,18-24,Active
USR007069,United States,Tamil,2025-06-24,Partner Bundle,25-34,Inactive
USR007070,India,Portuguese,2025-08-20,App Store,18-24,Active
USR007071,Germany,Spanish,2025-04-20,Partner Bundle,18-24,Active
USR007072,United Kingdom,Telugu,2025-03-29,Social Media,45-54,Inactive
USR007073,Australia,Hindi,2025-08-09,Partner Bundle,35-44,Inactive
USR007074,UAE,German,2025-04-16,Organic Search,55+,Active
USR007075,India,English,2025-04-09,App Store,45-54,Active
USR007076,United States,German,2025-03-15,Paid Ads,45-54,Active
USR007077,United Kingdom,Bengali,2025-08-18,Organic Search,18-24,Active
USR007078,United States,Spanish,2025-06-17,App Store,35-44,Active
USR007079,France,Tamil,2025-06-21,App Store,35-44,Active
USR007080,Australia,French,2025-09-06,Referral,45-54,Active
USR007081,Australia,Bengali,2025-04-13,Paid Ads,45-54,Active
USR007082,Germany,Hindi,2025-08-09,Organic Search,35-44,Active
USR007083,India,German,2025-07-10,Social Media,25-34,Active
USR007084,Australia,Tamil,2025-04-03,Organic Search,18-24,Active
USR007085,Germany,Bengali,2025-05-14,Referral,25-34,Active
USR007086,France,Hindi,2025-08-26,Social Media,25-34,Active
USR007087,United States,Portuguese,2025-03-18,Organic Search,35-44,Active
USR007088,United States,Telugu,2025-06-23,Social Media,25-34,Inactive
USR007089,India,French,2025-02-14,Social Media,25-34,Active
USR007090,France,Hindi,2025-08-17,Paid Ads,35-44,Active
USR007091,United Kingdom,Bengali,2025-03-22,Organic Search,18-24,Active
USR007092,United Kingdom,Hindi,2025-04-07,Referral,45-54,Active
USR007093,India,Hindi,2025-04-07,Referral,35-44,Active
USR007094,United Kingdom,Portuguese,2025-02-23,Organic Search,25-34,Inactive
USR007095,India,French,2025-05-11,Paid Ads,25-34,Active
USR007096,Singapore,Telugu,2025-05-12,Referral,35-44,Active
USR007097,UAE,French,2025-02-04,Referral,25-34,Inactive
USR007098,India,German,2025-04-26,Partner Bundle,25-34,Inactive
USR007099,United Kingdom,English,2025-03-26,App Store,45-54,Active
USR007100,United Kingdom,English,2025-05-01,Organic Search,25-34,Active
USR007101,Germany,Spanish,2025-08-09,Social Media,25-34,Active
USR007102,Germany,Tamil,2025-05-24,Paid Ads,35-44,Inactive
USR007103,Brazil,English,2025-03-04,Referral,35-44,Active
USR007104,United States,French,2025-03-15,Social Media,18-24,Active
USR007105,India,Portuguese,2025-07-21,Partner Bundle,55+,Active
USR007106,United Kingdom,Hindi,2025-04-11,Organic Search,18-24,Inactive
USR007107,Germany,Hindi,2025-02-08,Social Media,18-24,Active
USR007108,India,Hindi,2025-01-27,Social Media,35-44,Active
USR007109,India,Telugu,2025-06-03,Organic Search,35-44,Inactive
USR007110,Germany,Telugu,2025-07-14,Referral,35-44,Active
USR007111,Germany,Tamil,2025-01-30,Referral,25-34,Inactive
USR007112,India,Hindi,2025-05-21,Organic Search,25-34,Active
USR007113,UAE,German,2025-05-05,Partner Bundle,45-54,Inactive
USR007114,India,Tamil,2025-04-26,Referral,35-44,Active
USR007115,India,Tamil,2025-07-01,Referral,55+,Inactive
USR007116,United States,Tamil,2025-01-26,Partner Bundle,25-34,Inactive
USR007117,UAE,Tamil,2025-03-09,Organic Search,25-34,Active
USR007118,Australia,English,2025-02-10,Paid Ads,45-54,Inactive
USR007119,United States,French,2025-05-11,Social Media,55+,Active
USR007120,India,English,2025-03-28,Social Media,45-54,Active
USR007121,Australia,Spanish,2025-05-25,Social Media,25-34,Active
USR007122,United Kingdom,Hindi,2025-01-02,Organic Search,55+,Active
USR007123,Brazil,Hindi,2025-02-10,App Store,25-34,Active
USR007124,Germany,Tamil,2025-07-16,Referral,25-34,Active
USR007125,India,English,2025-05-02,Partner Bundle,45-54,Active
USR007126,Australia,French,2025-02-28,App Store,25-34,Active
USR007127,India,Portuguese,2025-03-11,Partner Bundle,25-34,Inactive
USR007128,Brazil,Spanish,2025-08-19,Organic Search,55+,Active
USR007129,India,Bengali,2025-04-14,Paid Ads,25-34,Inactive
USR007130,India,Portuguese,2025-04-01,Partner Bundle,55+,Active
USR007131,United States,Hindi,2025-07-09,Paid Ads,25-34,Active
USR007132,India,German,2025-02-23,Social Media,25-34,Inactive
USR007133,United States,Tamil,2025-04-14,Organic Search,25-34,Inactive
USR007134,United States,German,2025-04-13,Paid Ads,35-44,Active
USR007135,United States,Tamil,2025-05-13,Paid Ads,45-54,Active
USR007136,United States,German,2025-08-28,Social Media,55+,Inactive
USR007137,UAE,Telugu,2025-01-18,App Store,25-34,Inactive
USR007138,United States,German,2025-04-29,Paid Ads,18-24,Active
USR007139,Singapore,German,2025-03-05,Social Media,18-24,Inactive
USR007140,India,Telugu,2025-04-17,Referral,18-24,Active
USR007141,India,Spanish,2025-07-08,Organic Search,35-44,Active
USR007142,Canada,Telugu,2025-05-20,Referral,35-44,Inactive
USR007143,India,Bengali,2025-02-21,Referral,35-44,Active
USR007144,United States,German,2025-04-13,Partner Bundle,55+,Active
USR007145,UAE,French,2025-02-03,Referral,35-44,Active
USR007146,United Kingdom,Hindi,2025-01-27,App Store,35-44,Active
USR007147,India,German,2025-02-03,Referral,25-34,Active
USR007148,Germany,Tamil,2025-06-15,Organic Search,25-34,Active
USR007149,India,Portuguese,2025-04-11,Organic Search,45-54,Active
USR007150,United Kingdom,Tamil,2025-07-05,Paid Ads,35-44,Active
USR007151,India,Tamil,2025-03-30,App Store,35-44,Active
USR007152,India,Tamil,2025-07-14,App Store,25-34,Active
USR007153,India,Bengali,2025-02-16,Paid Ads,35-44,Inactive
USR007154,UAE,Tamil,2025-06-10,Social Media,25-34,Active
USR007155,India,English,2025-06-27,Referral,35-44,Active
USR007156,United States,English,2025-04-20,Paid Ads,25-34,Active
USR007157,India,Hindi,2025-02-06,Organic Search,18-24,Active
USR007158,United States,English,2025-02-21,Social Media,45-54,Active
USR007159,United States,Spanish,2025-03-09,Organic Search,35-44,Active
USR007160,United States,Spanish,2025-05-29,Organic Search,45-54,Active
USR007161,Australia,French,2025-08-31,Organic Search,45-54,Active
USR007162,Singapore,Tamil,2025-01-24,Paid Ads,25-34,Active
USR007163,India,Telugu,2025-04-23,Partner Bundle,35-44,Active
USR007164,India,Portuguese,2025-02-23,Social Media,45-54,Active
USR007165,UAE,Bengali,2025-05-05,Referral,35-44,Active
USR007166,Brazil,Tamil,2025-04-09,Referral,25-34,Active
USR007167,United States,Portuguese,2025-05-28,Social Media,25-34,Active
USR007168,United States,French,2025-05-09,Paid Ads,25-34,Active
USR007169,India,Tamil,2025-05-06,Organic Search,18-24,Active
USR007170,United States,Telugu,2025-06-18,Organic Search,25-34,Active
USR007171,India,Hindi,2025-05-08,Organic Search,18-24,Active
USR007172,Brazil,English,2025-04-15,Referral,45-54,Active
USR007173,India,Bengali,2025-07-01,Organic Search,45-54,Active
USR007174,United States,Bengali,2025-06-08,Social Media,18-24,Active
USR007175,United Kingdom,Telugu,2025-04-20,Social Media,25-34,Active
USR007176,United States,Portuguese,2025-05-16,App Store,35-44,Active
USR007177,United States,Portuguese,2025-03-21,Organic Search,25-34,Active
USR007178,Brazil,Spanish,2025-07-31,Social Media,18-24,Active
USR007179,United States,English,2025-03-24,Partner Bundle,35-44,Active
USR007180,Singapore,Portuguese,2025-03-05,Organic Search,18-24,Active
USR007181,India,English,2025-03-10,App Store,35-44,Active
USR007182,India,English,2025-06-24,Organic Search,18-24,Active
USR007183,Singapore,German,2025-05-26,Referral,18-24,Active
USR007184,India,Hindi,2025-02-07,Organic Search,35-44,Active
USR007185,Australia,Hindi,2025-05-16,Social Media,25-34,Inactive
USR007186,United States,German,2025-03-17,Partner Bundle,18-24,Active
USR007187,United States,Telugu,2025-08-29,Paid Ads,35-44,Inactive
USR007188,Canada,Tamil,2025-01-25,Organic Search,35-44,Active
USR007189,Australia,German,2025-02-28,App Store,25-34,Inactive
USR007190,Singapore,Spanish,2025-07-25,Paid Ads,18-24,Active
USR007191,India,Portuguese,2025-05-30,Partner Bundle,25-34,Active
USR007192,Australia,Bengali,2025-04-30,Organic Search,18-24,Inactive
USR007193,United States,Spanish,2025-04-07,Organic Search,55+,Active
USR007194,Australia,Telugu,2025-05-04,Paid Ads,25-34,Active
USR007195,India,Spanish,2025-02-04,Partner Bundle,18-24,Active
USR007196,United States,Tamil,2025-07-24,App Store,25-34,Active
USR007197,India,Spanish,2025-04-02,Social Media,35-44,Active
USR007198,India,Bengali,2025-01-05,Social Media,55+,Active
USR007199,Australia,Spanish,2025-04-27,Social Media,25-34,Active
USR007200,India,German,2025-02-28,Partner Bundle,25-34,Active
USR007201,Canada,Spanish,2025-05-30,App Store,55+,Active
USR007202,United States,Bengali,2025-06-13,Organic Search,18-24,Active
USR007203,India,Portuguese,2025-05-14,Social Media,25-34,Inactive
USR007204,United States,Tamil,2025-04-11,Paid Ads,25-34,Active
USR007205,UAE,French,2025-04-15,Social Media,35-44,Inactive
USR007206,Brazil,French,2025-08-11,Referral,25-34,Active
USR007207,United States,German,2025-04-23,Organic Search,25-34,Active
USR007208,India,Spanish,2025-04-03,App Store,55+,Active
USR007209,India,French,2025-02-07,Referral,45-54,Active
USR007210,Germany,French,2025-03-15,App Store,55+,Active
USR007211,Canada,English,2025-05-02,Paid Ads,18-24,Active
USR007212,India,English,2025-06-03,Social Media,25-34,Active
USR007213,United States,Portuguese,2025-03-12,Paid Ads,35-44,Active
USR007214,France,Spanish,2025-08-04,Organic Search,35-44,Active
USR007215,United States,German,2025-08-25,Social Media,35-44,Active
USR007216,Germany,Hindi,2025-02-06,Social Media,45-54,Active
USR007217,India,English,2025-04-29,Social Media,18-24,Active
USR007218,Australia,Telugu,2025-04-06,Organic Search,25-34,Inactive
USR007219,United States,Portuguese,2025-03-14,Referral,25-34,Active
USR007220,United Kingdom,French,2025-06-02,Paid Ads,35-44,Active
USR007221,United Kingdom,French,2025-06-23,Social Media,45-54,Active
USR007222,United States,Spanish,2025-03-23,App Store,25-34,Active
USR007223,United States,Spanish,2025-02-24,Referral,35-44,Active
USR007224,India,Hindi,2025-04-02,Paid Ads,35-44,Active
USR007225,Brazil,Spanish,2025-04-26,Partner Bundle,45-54,Inactive
USR007226,UAE,German,2025-05-23,Referral,45-54,Active
USR007227,United Kingdom,Bengali,2025-05-09,App Store,45-54,Active
USR007228,India,Bengali,2025-05-27,Organic Search,25-34,Inactive
USR007229,India,German,2025-05-27,App Store,25-34,Active
USR007230,France,English,2025-03-26,App Store,25-34,Active
USR007231,Singapore,Hindi,2025-06-11,Partner Bundle,18-24,Active
USR007232,India,Bengali,2025-07-10,Organic Search,25-34,Active
USR007233,Australia,Portuguese,2025-02-15,Organic Search,35-44,Active
USR007234,Canada,Telugu,2025-06-03,Organic Search,35-44,Active
USR007235,India,Portuguese,2025-03-08,Referral,55+,Inactive
USR007236,United States,Portuguese,2025-02-27,Organic Search,18-24,Active
USR007237,Canada,Tamil,2025-05-27,Referral,25-34,Active
USR007238,India,Tamil,2025-02-13,Partner Bundle,35-44,Active
USR007239,India,Telugu,2025-07-27,Social Media,18-24,Active
USR007240,India,English,2025-04-19,Organic Search,25-34,Active
USR007241,UAE,Portuguese,2025-06-25,App Store,18-24,Active
USR007242,United Kingdom,English,2025-06-17,Paid Ads,25-34,Active
USR007243,United Kingdom,Bengali,2025-03-17,Organic Search,55+,Active
USR007244,Australia,Hindi,2025-04-14,Paid Ads,35-44,Active
USR007245,Brazil,Telugu,2025-04-26,Paid Ads,35-44,Active
USR007246,India,German,2025-02-15,Social Media,18-24,Active
USR007247,India,Bengali,2025-04-05,Organic Search,25-34,Active
USR007248,India,Telugu,2025-03-18,Partner Bundle,25-34,Active
USR007249,UAE,Bengali,2025-05-31,Paid Ads,25-34,Active
USR007250,United States,Hindi,2025-03-20,Organic Search,25-34,Active
USR007251,Germany,Portuguese,2025-04-16,Organic Search,35-44,Active
USR007252,India,Tamil,2025-03-21,Organic Search,35-44,Active
USR007253,United States,Tamil,2025-04-21,App Store,35-44,Inactive
USR007254,India,Tamil,2025-05-02,Referral,25-34,Active
USR007255,United States,English,2025-05-24,Organic Search,35-44,Active
USR007256,India,Telugu,2025-05-31,Organic Search,35-44,Active
USR007257,United Kingdom,Hindi,2025-07-17,Partner Bundle,35-44,Active
USR007258,Germany,Hindi,2025-07-02,Paid Ads,25-34,Active
USR007259,Singapore,German,2025-09-17,Organic Search,55+,Inactive
USR007260,India,Tamil,2025-03-11,App Store,25-34,Active
USR007261,Australia,English,2025-05-20,Organic Search,25-34,Active
USR007262,UAE,English,2025-04-27,Social Media,35-44,Active
USR007263,India,English,2025-05-11,Organic Search,18-24,Active
USR007264,United Kingdom,Telugu,2025-05-29,Organic Search,25-34,Active
USR007265,United Kingdom,English,2025-03-06,Referral,45-54,Active
USR007266,India,Portuguese,2025-04-03,Social Media,45-54,Inactive
USR007267,India,Spanish,2025-01-23,Social Media,18-24,Active
USR007268,India,Hindi,2025-06-02,Organic Search,35-44,Active
USR007269,United Kingdom,Tamil,2025-02-19,App Store,18-24,Active
USR007270,India,Hindi,2025-03-13,Organic Search,18-24,Active
USR007271,India,German,2025-02-23,Referral,45-54,Inactive
USR007272,Australia,German,2025-05-27,Referral,25-34,Active
USR007273,United States,Portuguese,2025-06-10,Partner Bundle,45-54,Active
USR007274,India,French,2025-02-15,Partner Bundle,25-34,Active
USR007275,United States,Bengali,2025-01-05,Partner Bundle,45-54,Active
USR007276,Brazil,Telugu,2025-06-07,Paid Ads,35-44,Active
USR007277,India,Telugu,2025-07-31,Social Media,25-34,Active
USR007278,India,English,2025-06-16,Organic Search,35-44,Active
USR007279,India,Tamil,2025-07-05,App Store,55+,Active
USR007280,India,Tamil,2025-03-27,Paid Ads,18-24,Active
USR007281,United Kingdom,Bengali,2025-06-11,Organic Search,25-34,Active
USR007282,Brazil,Tamil,2025-07-22,Organic Search,18-24,Active
USR007283,United Kingdom,Bengali,2025-02-07,Paid Ads,35-44,Active
USR007284,United States,Tamil,2025-09-17,Partner Bundle,35-44,Inactive
USR007285,United States,Bengali,2025-04-29,Organic Search,45-54,Inactive
USR007286,India,German,2025-03-24,Social Media,45-54,Active
USR007287,India,Portuguese,2025-07-14,Partner Bundle,18-24,Inactive
USR007288,Germany,French,2025-02-23,Partner Bundle,18-24,Active
USR007289,United States,Tamil,2025-04-18,Paid Ads,35-44,Active
USR007290,India,Hindi,2025-03-25,Referral,25-34,Inactive
USR007291,India,Spanish,2025-02-14,Social Media,25-34,Active
USR007292,United States,French,2025-07-13,Social Media,25-34,Inactive
USR007293,Germany,Spanish,2025-03-20,Referral,45-54,Active
USR007294,United States,Telugu,2025-06-09,Paid Ads,35-44,Active
USR007295,Germany,Portuguese,2025-05-10,Referral,25-34,Active
USR007296,Canada,Tamil,2025-08-18,Organic Search,25-34,Active
USR007297,India,Spanish,2025-06-11,Paid Ads,35-44,Inactive
USR007298,Brazil,Portuguese,2025-02-19,Social Media,25-34,Active
USR007299,India,English,2025-03-27,Referral,35-44,Active
USR007300,India,German,2025-02-15,App Store,35-44,Active
USR007301,Germany,German,2025-09-03,Social Media,18-24,Active
USR007302,India,Hindi,2025-05-31,Partner Bundle,18-24,Active
USR007303,United States,German,2025-05-18,Referral,25-34,Inactive
USR007304,UAE,English,2025-02-06,Paid Ads,18-24,Active
USR007305,Canada,English,2025-03-25,Paid Ads,18-24,Active
USR007306,India,French,2025-02-07,Social Media,18-24,Active
USR007307,Canada,Tamil,2025-06-14,Organic Search,35-44,Active
USR007308,France,Hindi,2025-03-20,Partner Bundle,45-54,Active
USR007309,United States,German,2025-04-24,Social Media,55+,Active
USR007310,United Kingdom,German,2025-06-02,Organic Search,55+,Active
USR007311,Brazil,Spanish,2025-05-06,Referral,35-44,Active
USR007312,Brazil,French,2025-05-08,App Store,45-54,Active
USR007313,United States,Hindi,2025-02-27,Social Media,18-24,Active
USR007314,India,Telugu,2025-05-24,Referral,35-44,Active
USR007315,Australia,Spanish,2025-01-30,Social Media,35-44,Active
USR007316,India,Tamil,2025-04-02,Organic Search,55+,Inactive
USR007317,Canada,Portuguese,2025-01-24,Organic Search,25-34,Active
USR007318,United States,Telugu,2025-06-08,App Store,35-44,Active
USR007319,Australia,French,2025-04-20,Partner Bundle,25-34,Active
USR007320,United States,Hindi,2025-06-01,Organic Search,35-44,Active
USR007321,Singapore,Telugu,2025-05-11,App Store,25-34,Active
USR007322,India,Bengali,2025-03-13,Paid Ads,45-54,Active
USR007323,India,Spanish,2025-02-17,Paid Ads,45-54,Active
USR007324,Germany,Telugu,2025-08-06,Social Media,25-34,Active
USR007325,United States,English,2025-08-09,Social Media,25-34,Active
USR007326,United States,Bengali,2025-08-28,Social Media,45-54,Active
USR007327,Singapore,Telugu,2025-01-27,Referral,55+,Active
USR007328,United Kingdom,Tamil,2025-05-06,Partner Bundle,18-24,Active
USR007329,Canada,Spanish,2025-06-13,Organic Search,25-34,Active
USR007330,India,French,2025-02-17,Partner Bundle,35-44,Active
USR007331,Canada,Bengali,2025-04-30,Organic Search,55+,Active
USR007332,United States,English,2025-04-13,App Store,35-44,Active
USR007333,United States,Hindi,2025-03-14,Paid Ads,35-44,Active
USR007334,Germany,English,2025-01-21,Paid Ads,55+,Active
USR007335,United Kingdom,French,2025-06-14,App Store,25-34,Active
USR007336,Brazil,Tamil,2025-04-12,Organic Search,45-54,Active
USR007337,Germany,German,2025-08-17,Paid Ads,25-34,Active
USR007338,Australia,Tamil,2025-05-29,Partner Bundle,35-44,Active
USR007339,United Kingdom,Hindi,2025-06-14,Referral,55+,Active
USR007340,United States,German,2025-03-26,Referral,35-44,Active
USR007341,India,English,2025-05-25,Organic Search,25-34,Active
USR007342,India,Tamil,2025-06-23,Social Media,18-24,Active
USR007343,India,French,2025-02-05,Referral,25-34,Inactive
USR007344,Brazil,Portuguese,2025-02-24,Organic Search,35-44,Active
USR007345,India,Spanish,2025-05-16,Social Media,55+,Active
USR007346,Australia,Spanish,2025-07-01,Social Media,45-54,Inactive
USR007347,United Kingdom,Portuguese,2025-08-07,App Store,45-54,Inactive
USR007348,United Kingdom,French,2025-03-01,Referral,18-24,Inactive
USR007349,United Kingdom,Telugu,2025-02-17,Referral,35-44,Active
USR007350,India,Hindi,2025-05-21,Social Media,45-54,Active
USR007351,UAE,English,2025-07-14,Social Media,25-34,Active
USR007352,Singapore,English,2025-02-21,Social Media,55+,Active
USR007353,Canada,Tamil,2025-05-19,App Store,18-24,Active
USR007354,UAE,French,2025-01-03,Social Media,25-34,Active
USR007355,India,Hindi,2025-06-20,Social Media,25-34,Inactive
USR007356,India,Telugu,2025-08-01,Referral,55+,Active
USR007357,United Kingdom,Bengali,2025-01-30,App Store,35-44,Active
USR007358,France,Telugu,2025-06-04,Referral,25-34,Active
USR007359,India,Portuguese,2025-05-21,Organic Search,55+,Active
USR007360,United Kingdom,English,2025-05-02,Partner Bundle,18-24,Active
USR007361,India,Tamil,2025-04-13,Referral,25-34,Active
USR007362,Brazil,Bengali,2025-03-09,App Store,25-34,Active
USR007363,Germany,Portuguese,2025-01-24,Organic Search,18-24,Inactive
USR007364,United States,Bengali,2025-05-31,App Store,55+,Active
USR007365,Brazil,Tamil,2025-05-07,Organic Search,35-44,Active
USR007366,India,Bengali,2025-04-25,Partner Bundle,18-24,Inactive
USR007367,United States,Bengali,2025-06-09,Partner Bundle,25-34,Active
USR007368,India,English,2025-01-31,Organic Search,25-34,Active
USR007369,India,Bengali,2025-08-26,Organic Search,35-44,Active
USR007370,India,Telugu,2025-08-09,App Store,25-34,Active
USR007371,India,Bengali,2025-02-04,Organic Search,25-34,Inactive
USR007372,Singapore,Bengali,2025-04-10,App Store,35-44,Active
USR007373,United States,Tamil,2025-09-16,Organic Search,18-24,Active
USR007374,India,Portuguese,2025-06-13,Paid Ads,35-44,Active
USR007375,Canada,Spanish,2025-06-30,Organic Search,35-44,Active
USR007376,Canada,English,2025-04-26,App Store,25-34,Active
USR007377,Brazil,Portuguese,2025-04-16,Social Media,25-34,Active
USR007378,United Kingdom,Hindi,2025-04-23,Social Media,25-34,Active
USR007379,Germany,Spanish,2025-03-15,Organic Search,25-34,Active
USR007380,United States,French,2025-04-22,Paid Ads,25-34,Inactive
USR007381,India,Bengali,2025-06-19,Referral,25-34,Active
USR007382,United States,Portuguese,2025-02-22,Organic Search,35-44,Active
USR007383,United States,Spanish,2025-05-08,Paid Ads,35-44,Active
USR007384,United States,Hindi,2025-04-12,Organic Search,25-34,Active
USR007385,Australia,Hindi,2025-06-30,Referral,18-24,Active
USR007386,United States,Portuguese,2025-02-09,Referral,55+,Active
USR007387,Brazil,Bengali,2025-07-08,Social Media,45-54,Inactive
USR007388,Brazil,Hindi,2025-06-05,Organic Search,55+,Active
USR007389,United Kingdom,Bengali,2025-04-09,Social Media,25-34,Active
USR007390,United Kingdom,French,2025-06-23,Social Media,18-24,Active
USR007391,United States,Tamil,2025-02-12,Partner Bundle,25-34,Inactive
USR007392,United States,German,2025-03-30,Paid Ads,25-34,Active
USR007393,Brazil,German,2025-09-15,Partner Bundle,35-44,Active
USR007394,India,Telugu,2025-04-12,Organic Search,35-44,Active
USR007395,United States,Bengali,2025-04-11,Organic Search,25-34,Active
USR007396,India,German,2025-05-18,Organic Search,55+,Active
USR007397,Australia,French,2025-04-06,App Store,18-24,Inactive
USR007398,India,Hindi,2025-05-05,App Store,45-54,Inactive
USR007399,UAE,German,2025-04-28,Social Media,35-44,Inactive
USR007400,United States,Bengali,2025-04-29,Social Media,35-44,Active
USR007401,Singapore,English,2025-02-25,Social Media,35-44,Active
USR007402,Brazil,Tamil,2025-05-30,Partner Bundle,35-44,Active
USR007403,Germany,Hindi,2025-03-08,Organic Search,18-24,Inactive
USR007404,Canada,Hindi,2025-04-15,Paid Ads,35-44,Active
USR007405,India,Bengali,2025-03-13,Organic Search,25-34,Inactive
USR007406,Singapore,Tamil,2025-04-28,Organic Search,25-34,Active
USR007407,Germany,Tamil,2025-05-11,Referral,18-24,Active
USR007408,India,Tamil,2025-04-26,Referral,25-34,Inactive
USR007409,United States,Portuguese,2025-03-22,Referral,25-34,Active
USR007410,India,Spanish,2025-03-05,Organic Search,35-44,Active
USR007411,Canada,Hindi,2025-01-07,Paid Ads,25-34,Inactive
USR007412,India,German,2025-05-17,Paid Ads,35-44,Active
USR007413,Canada,Tamil,2025-03-10,Paid Ads,35-44,Active
USR007414,Canada,Portuguese,2025-06-22,Organic Search,45-54,Inactive
USR007415,India,Portuguese,2025-05-25,Organic Search,25-34,Active
USR007416,Singapore,Hindi,2025-03-23,Partner Bundle,45-54,Active
USR007417,Germany,Portuguese,2025-02-23,Referral,18-24,Active
USR007418,United States,Portuguese,2025-03-18,Social Media,45-54,Active
USR007419,Singapore,Tamil,2025-08-09,App Store,55+,Active
USR007420,France,English,2025-06-12,Social Media,25-34,Active
USR007421,Australia,Bengali,2025-03-29,App Store,55+,Active
USR007422,India,Bengali,2025-02-19,Social Media,45-54,Active
USR007423,United States,Bengali,2025-04-24,Paid Ads,18-24,Active
USR007424,UAE,Bengali,2025-03-30,Social Media,35-44,Active
USR007425,United Kingdom,German,2025-06-13,Partner Bundle,45-54,Active
USR007426,United Kingdom,Hindi,2025-02-03,Organic Search,25-34,Active
USR007427,Brazil,Portuguese,2025-04-28,Organic Search,45-54,Active
USR007428,India,Tamil,2025-08-12,Organic Search,25-34,Active
USR007429,India,Spanish,2025-04-19,Organic Search,35-44,Inactive
USR007430,UAE,English,2025-02-05,Social Media,25-34,Active
USR007431,India,German,2025-04-07,Organic Search,35-44,Active
USR007432,India,French,2025-03-28,Organic Search,25-34,Active
USR007433,Singapore,French,2025-03-12,Referral,25-34,Inactive
USR007434,Australia,Portuguese,2025-04-10,Referral,25-34,Active
USR007435,Canada,Tamil,2025-04-23,Social Media,25-34,Active
USR007436,Canada,Bengali,2025-06-30,Organic Search,55+,Active
USR007437,India,Portuguese,2025-05-19,Organic Search,45-54,Active
USR007438,United Kingdom,English,2025-06-07,App Store,18-24,Active
USR007439,Canada,Telugu,2025-05-24,Social Media,55+,Active
USR007440,India,Telugu,2025-02-08,Partner Bundle,35-44,Active
USR007441,Germany,Portuguese,2025-04-22,Social Media,35-44,Active
USR007442,India,English,2025-05-16,Referral,25-34,Active
USR007443,India,Hindi,2025-06-05,Referral,25-34,Active
USR007444,India,Tamil,2025-08-12,Organic Search,18-24,Active
USR007445,United States,French,2025-03-26,Referral,45-54,Active
USR007446,UAE,German,2025-03-25,Referral,25-34,Active
USR007447,United States,German,2025-04-26,Referral,18-24,Inactive
USR007448,India,English,2025-03-16,Social Media,25-34,Inactive
USR007449,India,English,2025-02-24,Organic Search,25-34,Inactive
USR007450,United Kingdom,Telugu,2025-02-26,Social Media,35-44,Inactive
USR007451,India,Spanish,2025-03-20,Partner Bundle,25-34,Active
USR007452,India,German,2025-01-26,Referral,55+,Active
USR007453,Australia,Bengali,2025-08-22,Referral,45-54,Active
USR007454,Germany,German,2025-04-08,Organic Search,25-34,Active
USR007455,France,Portuguese,2025-03-29,Partner Bundle,25-34,Active
USR007456,France,French,2025-05-10,Paid Ads,35-44,Active
USR007457,United States,Telugu,2025-01-20,Partner Bundle,18-24,Active
USR007458,Australia,Bengali,2025-08-14,Organic Search,18-24,Active
USR007459,United Kingdom,Telugu,2025-05-20,Social Media,35-44,Active
USR007460,India,French,2025-04-18,Social Media,25-34,Active
USR007461,United States,Bengali,2025-05-28,Social Media,35-44,Active
USR007462,India,French,2025-04-19,Organic Search,25-34,Active
USR007463,India,Bengali,2025-04-26,Referral,18-24,Active
USR007464,India,Bengali,2025-04-15,Referral,35-44,Active
USR007465,Brazil,French,2025-01-30,Organic Search,35-44,Inactive
USR007466,France,German,2025-03-27,App Store,35-44,Inactive
USR007467,United States,German,2025-05-11,Organic Search,25-34,Active
USR007468,India,German,2025-06-16,Organic Search,45-54,Active
USR007469,India,Spanish,2025-06-17,Organic Search,35-44,Active
USR007470,United States,Hindi,2025-03-02,Social Media,35-44,Active
USR007471,United Kingdom,English,2025-04-12,Organic Search,25-34,Active
USR007472,Germany,Spanish,2025-01-12,App Store,45-54,Active
USR007473,India,Portuguese,2025-05-20,Paid Ads,55+,Inactive
USR007474,United States,Telugu,2025-06-25,Referral,35-44,Active
USR007475,Brazil,Hindi,2025-01-08,Referral,18-24,Active
USR007476,India,Bengali,2025-03-31,Social Media,25-34,Active
USR007477,United States,Bengali,2025-01-04,Paid Ads,35-44,Active
USR007478,India,Telugu,2025-07-23,Partner Bundle,45-54,Active
USR007479,India,Tamil,2025-01-22,Referral,25-34,Active
USR007480,France,Hindi,2025-09-23,Referral,35-44,Active
USR007481,Australia,French,2025-03-16,Referral,18-24,Inactive
USR007482,United States,English,2025-05-22,Partner Bundle,25-34,Inactive
USR007483,United States,Telugu,2025-02-03,Paid Ads,25-34,Active
USR007484,France,Hindi,2025-04-06,App Store,18-24,Inactive
USR007485,India,Tamil,2025-03-20,Referral,35-44,Active
USR007486,India,Portuguese,2025-05-27,Paid Ads,25-34,Inactive
USR007487,UAE,German,2025-03-15,Paid Ads,25-34,Active
USR007488,France,German,2025-04-07,Social Media,18-24,Inactive
USR007489,Germany,French,2025-02-25,Organic Search,45-54,Active
USR007490,Canada,English,2025-04-19,Social Media,18-24,Active
USR007491,India,French,2025-02-18,App Store,45-54,Active
USR007492,Singapore,Portuguese,2025-02-20,Paid Ads,25-34,Active
USR007493,United States,Portuguese,2025-09-04,Partner Bundle,18-24,Inactive
USR007494,India,Telugu,2025-04-11,Organic Search,55+,Active
USR007495,United States,French,2025-04-29,Referral,35-44,Active
USR007496,India,Portuguese,2025-02-04,Paid Ads,25-34,Active
USR007497,India,German,2025-03-02,Organic Search,25-34,Active
USR007498,India,Hindi,2025-05-22,Organic Search,25-34,Active
USR007499,India,Portuguese,2025-02-24,Paid Ads,25-34,Active
USR007500,India,Tamil,2025-03-02,Paid Ads,25-34,Active
USR007501,India,German,2025-04-20,Referral,25-34,Active
USR007502,India,Bengali,2025-03-25,Organic Search,25-34,Active
USR007503,India,Hindi,2025-03-23,Paid Ads,35-44,Active
USR007504,India,German,2025-09-21,Paid Ads,25-34,Active
USR007505,India,Bengali,2025-03-15,Social Media,18-24,Active
USR007506,United States,French,2025-05-07,Organic Search,18-24,Active
USR007507,United Kingdom,Portuguese,2025-07-25,Referral,25-34,Active
USR007508,India,Telugu,2025-04-12,Referral,45-54,Inactive
USR007509,India,Telugu,2025-02-06,Social Media,25-34,Inactive
USR007510,Singapore,Portuguese,2025-04-23,Referral,25-34,Inactive
USR007511,United States,Spanish,2025-01-28,Referral,45-54,Inactive
USR007512,Australia,Spanish,2025-01-04,Partner Bundle,35-44,Active
USR007513,Australia,Telugu,2025-05-07,App Store,55+,Active
USR007514,India,Hindi,2025-03-01,App Store,35-44,Inactive
USR007515,United Kingdom,Spanish,2025-07-23,Organic Search,35-44,Active
USR007516,United Kingdom,Tamil,2025-09-04,Social Media,55+,Inactive
USR007517,United States,Portuguese,2025-08-24,Organic Search,35-44,Active
USR007518,Canada,French,2025-05-12,Organic Search,25-34,Inactive
USR007519,Germany,German,2025-06-29,Referral,25-34,Active
USR007520,United States,Tamil,2025-02-04,Social Media,25-34,Active
USR007521,India,Spanish,2025-02-04,Organic Search,35-44,Active
USR007522,United States,Hindi,2025-04-23,Paid Ads,35-44,Active
USR007523,India,French,2025-03-18,Organic Search,25-34,Active
USR007524,India,Tamil,2025-04-30,Paid Ads,35-44,Active
USR007525,United States,French,2025-04-23,Partner Bundle,18-24,Inactive
USR007526,India,Bengali,2025-07-30,Paid Ads,45-54,Active
USR007527,Singapore,Portuguese,2025-04-24,Organic Search,35-44,Active
USR007528,Canada,Bengali,2025-01-26,Paid Ads,45-54,Inactive
USR007529,United States,Telugu,2025-06-03,Referral,18-24,Inactive
USR007530,India,Hindi,2025-02-23,Paid Ads,45-54,Active
USR007531,India,Hindi,2025-06-14,Social Media,35-44,Inactive
USR007532,Germany,German,2025-05-16,Organic Search,18-24,Active
USR007533,United States,French,2025-06-15,Organic Search,25-34,Inactive
USR007534,India,French,2025-05-31,Paid Ads,25-34,Active
USR007535,France,French,2025-07-23,Social Media,25-34,Active
USR007536,India,Telugu,2025-01-27,Organic Search,18-24,Active
USR007537,United States,Spanish,2025-02-28,Paid Ads,25-34,Inactive
USR007538,Brazil,Hindi,2025-07-08,App Store,35-44,Active
USR007539,India,German,2025-02-22,Referral,45-54,Active
USR007540,Australia,Tamil,2025-02-16,Paid Ads,25-34,Active
USR007541,Singapore,Bengali,2025-05-12,Social Media,25-34,Inactive
USR007542,India,Spanish,2025-05-04,Paid Ads,25-34,Active
USR007543,UAE,French,2025-06-21,Referral,35-44,Active
USR007544,United States,French,2025-02-17,Organic Search,18-24,Active
USR007545,UAE,French,2025-06-21,Paid Ads,35-44,Active
USR007546,India,Telugu,2025-06-09,Paid Ads,45-54,Active
USR007547,Brazil,French,2025-03-21,Paid Ads,25-34,Active
USR007548,Canada,Telugu,2025-02-22,Social Media,25-34,Active
USR007549,Canada,French,2025-07-30,Referral,18-24,Active
USR007550,Germany,Bengali,2025-03-04,Social Media,35-44,Active
USR007551,United States,German,2025-05-04,Organic Search,18-24,Active
USR007552,India,Hindi,2025-02-12,Organic Search,25-34,Active
USR007553,India,Portuguese,2025-04-14,Organic Search,25-34,Inactive
USR007554,India,Portuguese,2025-04-24,Partner Bundle,25-34,Active
USR007555,United Kingdom,English,2025-03-11,Paid Ads,55+,Active
USR007556,France,German,2025-05-03,Social Media,45-54,Active
USR007557,United States,Spanish,2025-03-29,Referral,18-24,Active
USR007558,United States,German,2025-04-28,Organic Search,25-34,Inactive
USR007559,Germany,French,2025-07-31,Organic Search,35-44,Active
USR007560,India,Spanish,2025-02-08,Organic Search,45-54,Inactive
USR007561,Canada,Telugu,2025-04-11,App Store,25-34,Inactive
USR007562,India,German,2025-03-09,Partner Bundle,45-54,Active
USR007563,India,English,2025-05-22,Organic Search,25-34,Inactive
USR007564,Canada,French,2025-03-19,Referral,18-24,Active
USR007565,India,English,2025-02-23,Organic Search,55+,Active
USR007566,India,Spanish,2025-02-10,App Store,25-34,Inactive
USR007567,Canada,German,2025-03-04,Organic Search,18-24,Active
USR007568,United States,Tamil,2025-03-16,Referral,35-44,Inactive
USR007569,United Kingdom,English,2025-03-31,Referral,25-34,Active
USR007570,Brazil,Portuguese,2025-02-14,Referral,18-24,Active
USR007571,Canada,Portuguese,2025-05-06,Organic Search,45-54,Active
USR007572,United Kingdom,English,2025-07-21,Paid Ads,25-34,Active
USR007573,United States,Telugu,2025-06-07,App Store,35-44,Active
USR007574,Canada,French,2025-06-12,Organic Search,35-44,Active
USR007575,India,Hindi,2025-10-03,Paid Ads,55+,Inactive
USR007576,United Kingdom,Hindi,2025-07-08,App Store,25-34,Inactive
USR007577,India,Tamil,2025-06-25,Organic Search,25-34,Active
USR007578,India,Tamil,2025-08-10,Partner Bundle,25-34,Active
USR007579,United Kingdom,German,2025-01-20,Social Media,25-34,Active
USR007580,Canada,Spanish,2025-02-07,Social Media,18-24,Active
USR007581,United States,Telugu,2025-03-07,Referral,45-54,Active
USR007582,United States,Spanish,2025-01-18,App Store,18-24,Active
USR007583,United States,Telugu,2025-04-01,Social Media,25-34,Active
USR007584,Germany,Hindi,2025-02-28,Referral,35-44,Active
USR007585,India,Bengali,2025-05-02,Referral,35-44,Inactive
USR007586,United States,Hindi,2025-05-14,App Store,35-44,Inactive
USR007587,India,Hindi,2025-02-14,Paid Ads,25-34,Active
USR007588,India,French,2025-05-29,Organic Search,45-54,Active
USR007589,United States,English,2025-07-02,Referral,55+,Inactive
USR007590,India,Telugu,2025-05-02,Organic Search,35-44,Active
USR007591,United States,Hindi,2025-07-25,Social Media,25-34,Active
USR007592,Singapore,Tamil,2025-03-05,App Store,18-24,Inactive
USR007593,Canada,German,2025-04-14,Organic Search,35-44,Active
USR007594,Germany,German,2025-04-02,Social Media,18-24,Active
USR007595,United Kingdom,French,2025-07-19,Referral,45-54,Active
USR007596,UAE,German,2025-02-21,App Store,35-44,Active
USR007597,India,Portuguese,2025-05-22,App Store,35-44,Active
USR007598,United States,English,2025-08-12,Social Media,18-24,Active
USR007599,United Kingdom,Hindi,2025-10-13,Referral,35-44,Inactive
USR007600,UAE,Telugu,2025-03-22,App Store,18-24,Active
USR007601,India,Portuguese,2025-05-15,App Store,25-34,Active
USR007602,India,Spanish,2025-05-31,Referral,25-34,Active
USR007603,Brazil,Tamil,2025-09-27,Organic Search,25-34,Active
USR007604,India,German,2025-05-17,Referral,25-34,Active
USR007605,India,Portuguese,2025-05-16,Partner Bundle,35-44,Active
USR007606,United States,Portuguese,2025-05-06,Referral,25-34,Active
USR007607,United States,Spanish,2025-01-21,App Store,25-34,Active
USR007608,France,Hindi,2025-06-17,Organic Search,25-34,Active
USR007609,United States,French,2025-05-02,Paid Ads,35-44,Active
USR007610,United Kingdom,Portuguese,2025-02-05,Referral,35-44,Inactive
USR007611,India,Spanish,2025-08-03,Referral,35-44,Active
USR007612,United Kingdom,French,2025-01-19,Paid Ads,55+,Inactive
USR007613,United States,Hindi,2025-03-17,App Store,25-34,Inactive
USR007614,India,English,2025-06-06,Partner Bundle,18-24,Active
USR007615,Singapore,German,2025-03-02,Organic Search,18-24,Active
USR007616,India,French,2025-03-18,Referral,18-24,Inactive
USR007617,Canada,Hindi,2025-06-02,Social Media,25-34,Active
USR007618,UAE,Tamil,2025-04-06,Social Media,35-44,Active
USR007619,India,German,2025-06-23,Referral,45-54,Inactive
USR007620,India,English,2025-05-11,App Store,35-44,Active
USR007621,United States,Spanish,2025-03-25,Partner Bundle,25-34,Active
USR007622,India,French,2025-01-21,Referral,45-54,Inactive
USR007623,Germany,English,2025-01-18,Partner Bundle,18-24,Active
USR007624,India,Bengali,2025-03-17,Referral,25-34,Active
USR007625,Brazil,Spanish,2025-02-03,App Store,18-24,Active
USR007626,France,German,2025-05-26,Organic Search,55+,Active
USR007627,UAE,Spanish,2025-03-15,Organic Search,18-24,Active
USR007628,India,French,2025-03-31,Organic Search,55+,Active
USR007629,India,Portuguese,2025-06-14,Partner Bundle,35-44,Active
USR007630,India,Spanish,2025-04-27,Organic Search,25-34,Active
USR007631,Canada,Bengali,2025-01-09,Referral,25-34,Active
USR007632,India,Tamil,2025-06-16,Referral,35-44,Inactive
USR007633,Germany,Tamil,2025-04-12,App Store,35-44,Active
USR007634,United Kingdom,English,2025-04-14,Social Media,25-34,Active
USR007635,United Kingdom,Telugu,2025-05-06,Social Media,45-54,Active
USR007636,United Kingdom,French,2025-02-17,Social Media,18-24,Inactive
USR007637,United Kingdom,Bengali,2025-03-29,Organic Search,18-24,Active
USR007638,India,Portuguese,2025-02-28,Organic Search,35-44,Active
USR007639,India,Hindi,2025-02-01,Organic Search,35-44,Active
USR007640,United States,Bengali,2025-02-05,Organic Search,25-34,Inactive
USR007641,Canada,Bengali,2025-03-01,App Store,45-54,Active
USR007642,India,Tamil,2025-02-03,Referral,55+,Active
USR007643,Germany,Spanish,2025-05-08,Referral,25-34,Active
USR007644,France,German,2025-03-29,Paid Ads,35-44,Active
USR007645,India,Hindi,2025-02-22,Social Media,18-24,Active
USR007646,United Kingdom,Tamil,2025-01-23,Paid Ads,25-34,Active
USR007647,United States,Spanish,2025-02-20,Organic Search,18-24,Active
USR007648,India,French,2025-03-26,App Store,25-34,Active
USR007649,Germany,Portuguese,2025-04-11,Referral,55+,Active
USR007650,Brazil,German,2025-03-11,App Store,35-44,Active
USR007651,United Kingdom,Telugu,2025-01-27,Organic Search,35-44,Active
USR007652,Singapore,Portuguese,2025-03-23,App Store,45-54,Active
USR007653,Canada,German,2025-04-16,Organic Search,45-54,Active
USR007654,United Kingdom,English,2025-06-23,Paid Ads,18-24,Active
USR007655,United States,Hindi,2025-05-13,Organic Search,45-54,Active
USR007656,India,Spanish,2025-04-12,Organic Search,35-44,Active
USR007657,India,Spanish,2025-05-03,Organic Search,35-44,Active
USR007658,United States,English,2025-05-31,Social Media,25-34,Active
USR007659,United Kingdom,Portuguese,2025-05-08,Organic Search,25-34,Active
USR007660,United States,Portuguese,2025-06-29,Organic Search,25-34,Active
USR007661,Australia,French,2025-02-13,Partner Bundle,25-34,Active
USR007662,India,Portuguese,2025-02-10,Organic Search,45-54,Active
USR007663,United States,French,2025-07-28,Organic Search,18-24,Active
USR007664,United States,Bengali,2025-04-26,Organic Search,35-44,Inactive
USR007665,India,Spanish,2025-05-24,Social Media,18-24,Active
USR007666,UAE,Portuguese,2025-03-18,Organic Search,18-24,Active
USR007667,Canada,French,2025-02-20,App Store,25-34,Active
USR007668,India,Bengali,2025-06-19,Partner Bundle,35-44,Inactive
USR007669,Australia,Hindi,2025-02-06,Referral,45-54,Active
USR007670,United Kingdom,Telugu,2025-07-26,Referral,18-24,Active
USR007671,United Kingdom,Hindi,2025-03-06,Partner Bundle,25-34,Active
USR007672,Brazil,German,2025-02-23,App Store,35-44,Active
USR007673,United Kingdom,Portuguese,2025-05-29,Social Media,25-34,Active
USR007674,UAE,German,2025-08-18,Paid Ads,35-44,Active
USR007675,Singapore,French,2025-02-25,Organic Search,18-24,Active
USR007676,India,Bengali,2025-02-07,Organic Search,25-34,Active
USR007677,India,German,2025-04-06,Organic Search,25-34,Active
USR007678,United States,Portuguese,2025-05-06,Referral,25-34,Inactive
USR007679,Germany,Portuguese,2025-04-07,Referral,25-34,Inactive
USR007680,France,Hindi,2025-07-04,Organic Search,18-24,Active
USR007681,Germany,Portuguese,2025-04-12,App Store,35-44,Inactive
USR007682,United States,Bengali,2025-07-01,Referral,35-44,Active
USR007683,Australia,Telugu,2025-01-22,Social Media,25-34,Active
USR007684,Australia,Tamil,2025-04-13,Referral,35-44,Active
USR007685,India,French,2025-02-16,Organic Search,55+,Active
USR007686,India,Telugu,2025-05-24,Partner Bundle,35-44,Active
USR007687,Canada,Tamil,2025-04-01,Social Media,25-34,Inactive
USR007688,Canada,Bengali,2025-05-16,Organic Search,25-34,Active
USR007689,United Kingdom,English,2025-01-30,Social Media,45-54,Inactive
USR007690,India,Spanish,2025-04-09,Social Media,25-34,Inactive
USR007691,India,Bengali,2025-04-22,Social Media,25-34,Active
USR007692,Australia,Hindi,2025-03-16,App Store,35-44,Active
USR007693,Brazil,Portuguese,2025-03-23,Referral,45-54,Active
USR007694,Singapore,Hindi,2025-05-09,Partner Bundle,35-44,Inactive
USR007695,United States,Portuguese,2025-07-11,Partner Bundle,18-24,Inactive
USR007696,UAE,Telugu,2025-07-06,Partner Bundle,25-34,Active
USR007697,India,French,2025-06-26,Organic Search,45-54,Active
USR007698,UAE,Spanish,2025-02-03,Partner Bundle,25-34,Active
USR007699,United States,Bengali,2025-05-22,Social Media,55+,Inactive
USR007700,Germany,Telugu,2025-05-28,Paid Ads,25-34,Active
USR007701,India,English,2025-02-22,App Store,45-54,Active
USR007702,UAE,Telugu,2025-04-23,Organic Search,25-34,Active
USR007703,United Kingdom,English,2025-01-18,Organic Search,55+,Active
USR007704,India,English,2025-08-08,Paid Ads,25-34,Active
USR007705,United States,German,2025-04-03,Social Media,25-34,Active
USR007706,India,German,2025-05-17,Paid Ads,35-44,Active
USR007707,United States,Hindi,2025-04-24,Organic Search,18-24,Inactive
USR007708,India,Telugu,2025-04-13,Partner Bundle,18-24,Active
USR007709,United Kingdom,Spanish,2025-03-10,Referral,45-54,Active
USR007710,France,English,2025-04-24,App Store,25-34,Active
USR007711,Brazil,Telugu,2025-01-29,Paid Ads,35-44,Active
USR007712,India,French,2025-04-18,Partner Bundle,25-34,Inactive
USR007713,India,French,2025-05-14,Referral,25-34,Inactive
USR007714,United States,Spanish,2025-09-21,Social Media,35-44,Active
USR007715,India,Telugu,2025-02-27,Referral,25-34,Active
USR007716,France,Hindi,2025-04-05,Partner Bundle,35-44,Inactive
USR007717,United States,Telugu,2025-07-13,App Store,25-34,Active
USR007718,United Kingdom,Bengali,2025-03-31,Social Media,35-44,Active
USR007719,India,Hindi,2025-03-24,App Store,25-34,Inactive
USR007720,Australia,Bengali,2025-05-10,Paid Ads,35-44,Active
USR007721,Brazil,Telugu,2025-02-21,Partner Bundle,25-34,Active
USR007722,United States,Bengali,2025-07-12,Social Media,25-34,Active
USR007723,Brazil,Spanish,2025-08-02,Organic Search,25-34,Active
USR007724,India,Tamil,2025-07-01,Organic Search,18-24,Active
USR007725,India,English,2025-03-16,Paid Ads,45-54,Active
USR007726,Brazil,Telugu,2025-05-21,Paid Ads,55+,Active
USR007727,Australia,French,2025-03-20,Paid Ads,25-34,Active
USR007728,India,French,2025-04-20,Paid Ads,35-44,Active
USR007729,United States,Portuguese,2025-04-05,Social Media,45-54,Active
USR007730,United States,Telugu,2025-02-19,Organic Search,18-24,Inactive
USR007731,Australia,Bengali,2025-02-28,App Store,55+,Active
USR007732,France,Tamil,2025-02-19,Organic Search,45-54,Active
USR007733,India,Hindi,2025-03-04,Partner Bundle,45-54,Active
USR007734,Canada,Spanish,2025-02-24,Organic Search,45-54,Active
USR007735,United States,French,2025-07-31,Organic Search,25-34,Active
USR007736,United Kingdom,Hindi,2025-04-20,Social Media,45-54,Active
USR007737,United States,English,2025-03-02,Social Media,55+,Active
USR007738,United States,Portuguese,2025-05-30,Partner Bundle,25-34,Active
USR007739,India,Hindi,2025-02-01,Social Media,18-24,Active
USR007740,United States,German,2025-03-03,Organic Search,18-24,Inactive
USR007741,India,Telugu,2025-06-28,Partner Bundle,25-34,Active
USR007742,India,Hindi,2025-03-27,App Store,45-54,Active
USR007743,United States,Tamil,2025-04-03,Partner Bundle,35-44,Active
USR007744,India,Bengali,2025-03-06,Social Media,25-34,Inactive
USR007745,United Kingdom,Telugu,2025-06-12,Organic Search,35-44,Active
USR007746,India,Tamil,2025-04-20,Social Media,25-34,Active
USR007747,United States,Bengali,2025-06-18,Organic Search,45-54,Active
USR007748,Brazil,Hindi,2025-07-14,Organic Search,45-54,Active
USR007749,India,French,2025-01-27,Partner Bundle,45-54,Active
USR007750,United States,French,2025-02-18,Partner Bundle,25-34,Active
USR007751,Canada,Telugu,2025-05-12,Partner Bundle,45-54,Active
USR007752,India,Telugu,2025-02-01,Social Media,35-44,Active
USR007753,United Kingdom,Spanish,2025-05-05,Organic Search,25-34,Inactive
USR007754,India,French,2025-05-13,Organic Search,35-44,Active
USR007755,India,English,2025-02-13,Social Media,25-34,Active
USR007756,UAE,Bengali,2025-04-26,Referral,35-44,Active
USR007757,India,French,2025-06-15,Paid Ads,35-44,Active
USR007758,United States,German,2025-03-14,Referral,45-54,Active
USR007759,India,German,2025-03-15,App Store,45-54,Active
USR007760,India,English,2025-01-08,Partner Bundle,25-34,Active
USR007761,India,English,2025-05-05,App Store,25-34,Active
USR007762,India,Telugu,2025-01-22,Social Media,25-34,Inactive
USR007763,Canada,English,2025-06-05,Partner Bundle,25-34,Active
USR007764,Australia,Portuguese,2025-03-01,Partner Bundle,18-24,Active
USR007765,United States,Tamil,2025-05-23,Social Media,55+,Active
USR007766,United Kingdom,English,2025-04-08,Social Media,18-24,Active
USR007767,France,English,2025-04-24,Organic Search,45-54,Inactive
USR007768,Brazil,German,2025-03-02,Partner Bundle,25-34,Active
USR007769,United States,Spanish,2025-03-14,Organic Search,45-54,Inactive
USR007770,Singapore,Bengali,2025-02-06,Referral,55+,Active
USR007771,United States,Bengali,2025-01-15,Paid Ads,45-54,Inactive
USR007772,Germany,Bengali,2025-04-04,App Store,25-34,Active
USR007773,United Kingdom,Tamil,2025-05-21,Referral,25-34,Active
USR007774,UAE,German,2025-04-11,Paid Ads,55+,Active
USR007775,United States,German,2025-04-26,Paid Ads,25-34,Inactive
USR007776,Australia,Tamil,2025-04-15,Organic Search,25-34,Active
USR007777,United States,Tamil,2025-02-09,Partner Bundle,25-34,Inactive
USR007778,France,Portuguese,2025-05-16,Social Media,25-34,Active
USR007779,Brazil,Telugu,2025-07-16,Organic Search,35-44,Active
USR007780,India,Tamil,2025-03-02,Referral,35-44,Active
USR007781,United States,Telugu,2025-02-19,Paid Ads,18-24,Active
USR007782,India,Spanish,2025-06-07,App Store,25-34,Inactive
USR007783,India,Hindi,2025-01-29,Paid Ads,55+,Active
USR007784,Singapore,Telugu,2025-06-11,Social Media,18-24,Active
USR007785,United Kingdom,Spanish,2025-03-11,Paid Ads,25-34,Active
USR007786,United States,French,2025-04-08,Social Media,25-34,Inactive
USR007787,Canada,Hindi,2025-03-13,Partner Bundle,25-34,Active
USR007788,United Kingdom,German,2025-06-19,Partner Bundle,25-34,Active
USR007789,India,German,2025-04-12,Organic Search,55+,Active
USR007790,India,English,2025-04-09,Referral,45-54,Active
USR007791,United Kingdom,French,2025-08-03,Referral,25-34,Active
USR007792,India,Spanish,2025-05-21,Paid Ads,18-24,Active
USR007793,India,Telugu,2025-03-17,Social Media,35-44,Active
USR007794,India,German,2025-04-04,Referral,45-54,Inactive
USR007795,UAE,Tamil,2025-05-23,Referral,25-34,Inactive
USR007796,India,Hindi,2025-02-24,Social Media,25-34,Active
USR007797,France,English,2025-03-05,Social Media,35-44,Active
USR007798,Canada,Spanish,2025-03-04,Paid Ads,25-34,Inactive
USR007799,India,Spanish,2025-04-07,Social Media,18-24,Active
USR007800,United Kingdom,Telugu,2025-03-12,Partner Bundle,25-34,Inactive
USR007801,United States,Telugu,2025-02-13,Social Media,25-34,Active
USR007802,France,Tamil,2025-01-30,Organic Search,25-34,Inactive
USR007803,UAE,French,2025-07-17,Social Media,45-54,Active
USR007804,India,Bengali,2025-04-23,Paid Ads,35-44,Active
USR007805,Germany,Hindi,2025-07-18,Social Media,25-34,Inactive
USR007806,India,Telugu,2025-05-25,Social Media,25-34,Active
USR007807,India,English,2025-02-03,Referral,25-34,Active
USR007808,India,Bengali,2025-03-29,Social Media,35-44,Active
USR007809,Canada,German,2025-05-18,Partner Bundle,25-34,Active
USR007810,India,Tamil,2025-04-24,Organic Search,45-54,Active
USR007811,United States,Tamil,2025-04-21,Social Media,25-34,Active
USR007812,France,English,2025-07-13,Social Media,35-44,Active
USR007813,Germany,Telugu,2025-07-07,Organic Search,25-34,Active
USR007814,France,Spanish,2025-03-22,Referral,45-54,Active
USR007815,India,Hindi,2025-03-04,Referral,25-34,Active
USR007816,United Kingdom,Telugu,2025-05-16,Organic Search,18-24,Active
USR007817,Singapore,Portuguese,2025-04-15,Paid Ads,18-24,Inactive
USR007818,India,French,2025-01-29,Social Media,18-24,Active
USR007819,Germany,Telugu,2025-05-17,Partner Bundle,25-34,Active
USR007820,India,German,2025-04-07,Paid Ads,35-44,Inactive
USR007821,Canada,Telugu,2025-03-10,Referral,25-34,Inactive
USR007822,Australia,English,2025-08-30,Partner Bundle,25-34,Active
USR007823,Singapore,Portuguese,2025-07-09,Paid Ads,55+,Active
USR007824,United States,Tamil,2025-07-01,App Store,18-24,Active
USR007825,France,Bengali,2025-05-15,Partner Bundle,35-44,Inactive
USR007826,India,Portuguese,2025-03-17,Partner Bundle,45-54,Active
USR007827,United States,English,2025-03-23,Organic Search,55+,Active
USR007828,United States,German,2025-02-28,Organic Search,25-34,Active
USR007829,United Kingdom,Telugu,2025-02-09,Paid Ads,35-44,Active
USR007830,United States,Bengali,2025-08-10,Organic Search,25-34,Active
USR007831,Brazil,Spanish,2025-08-13,Referral,18-24,Inactive
USR007832,India,Bengali,2025-04-08,Referral,25-34,Active
USR007833,India,German,2025-07-20,Referral,35-44,Active
USR007834,Brazil,English,2025-03-14,App Store,25-34,Active
USR007835,United States,French,2025-01-25,Referral,25-34,Active
USR007836,United Kingdom,Hindi,2025-07-17,App Store,25-34,Active
USR007837,India,German,2025-04-06,App Store,25-34,Active
USR007838,India,French,2025-04-10,Paid Ads,35-44,Inactive
USR007839,India,Hindi,2025-03-03,Referral,35-44,Active
USR007840,India,Telugu,2025-06-12,Organic Search,25-34,Active
USR007841,Canada,Hindi,2025-07-14,Paid Ads,45-54,Inactive
USR007842,Germany,Hindi,2025-05-10,App Store,25-34,Active
USR007843,UAE,French,2025-03-29,Referral,35-44,Active
USR007844,India,German,2025-04-08,Organic Search,25-34,Active
USR007845,India,Spanish,2025-03-25,Paid Ads,25-34,Inactive
USR007846,United Kingdom,Portuguese,2025-07-13,App Store,18-24,Active
USR007847,India,Tamil,2025-05-23,Referral,35-44,Active
USR007848,Germany,Bengali,2025-03-19,Paid Ads,35-44,Active
USR007849,United States,German,2025-02-25,App Store,35-44,Active
USR007850,Brazil,Bengali,2025-02-09,Social Media,25-34,Active
USR007851,India,Tamil,2025-02-10,Social Media,45-54,Active
USR007852,India,Telugu,2025-01-27,Paid Ads,18-24,Inactive
USR007853,United States,Hindi,2025-03-28,Referral,25-34,Active
USR007854,India,Tamil,2025-05-08,Referral,18-24,Active
USR007855,Australia,German,2025-06-21,Partner Bundle,25-34,Active
USR007856,Singapore,Bengali,2025-08-09,App Store,25-34,Active
USR007857,India,German,2025-02-11,Organic Search,35-44,Active
USR007858,India,Telugu,2025-06-12,Social Media,18-24,Active
USR007859,India,French,2025-03-27,App Store,18-24,Active
USR007860,United States,Hindi,2025-04-18,Organic Search,35-44,Active
USR007861,United States,Spanish,2025-03-11,Social Media,35-44,Inactive
USR007862,Australia,French,2025-05-26,Social Media,25-34,Inactive
USR007863,Australia,Spanish,2025-02-12,Social Media,25-34,Active
USR007864,United Kingdom,Telugu,2025-06-04,Organic Search,25-34,Active
USR007865,United Kingdom,German,2025-03-01,Paid Ads,25-34,Active
USR007866,France,Spanish,2025-03-19,Social Media,25-34,Active
USR007867,United States,Spanish,2025-02-15,Referral,25-34,Active
USR007868,India,Portuguese,2025-02-28,Organic Search,35-44,Active
USR007869,India,Portuguese,2025-09-08,App Store,35-44,Active
USR007870,India,German,2025-03-28,Organic Search,18-24,Active
USR007871,United States,Hindi,2025-09-24,App Store,25-34,Active
USR007872,United States,German,2025-03-14,Organic Search,18-24,Active
USR007873,India,French,2025-01-27,Social Media,25-34,Active
USR007874,Germany,Tamil,2025-03-30,App Store,35-44,Active
USR007875,United Kingdom,Tamil,2025-04-07,Referral,25-34,Active
USR007876,India,Tamil,2025-07-14,Organic Search,55+,Active
USR007877,Germany,Telugu,2025-07-24,Paid Ads,35-44,Active
USR007878,Canada,Hindi,2025-02-26,Organic Search,25-34,Active
USR007879,India,French,2025-02-22,Organic Search,55+,Active
USR007880,Brazil,Portuguese,2025-04-26,Organic Search,35-44,Inactive
USR007881,India,German,2025-04-09,Referral,45-54,Active
USR007882,Germany,English,2025-02-10,Referral,18-24,Active
USR007883,Brazil,Tamil,2025-05-06,Referral,35-44,Active
USR007884,Australia,German,2025-03-27,Organic Search,45-54,Active
USR007885,Canada,Hindi,2025-03-16,App Store,35-44,Active
USR007886,UAE,Spanish,2025-08-14,Organic Search,55+,Inactive
USR007887,India,Spanish,2025-04-16,Partner Bundle,55+,Inactive
USR007888,India,Telugu,2025-09-03,Organic Search,45-54,Active
USR007889,Canada,German,2025-04-11,App Store,25-34,Active
USR007890,UAE,Portuguese,2025-03-29,Social Media,45-54,Active
USR007891,United Kingdom,English,2025-02-07,Paid Ads,35-44,Active
USR007892,Brazil,Spanish,2025-03-05,Social Media,18-24,Active
USR007893,India,Bengali,2025-03-15,Paid Ads,25-34,Active
USR007894,France,Spanish,2025-07-01,Referral,45-54,Active
USR007895,Singapore,Spanish,2025-02-09,Referral,35-44,Active
USR007896,United States,Bengali,2025-07-30,Paid Ads,25-34,Active
USR007897,Brazil,Spanish,2025-02-01,Organic Search,35-44,Active
USR007898,India,Hindi,2025-05-29,Organic Search,55+,Active
USR007899,Brazil,Spanish,2025-02-27,App Store,35-44,Active
USR007900,UAE,Hindi,2025-05-31,App Store,25-34,Active
USR007901,India,Bengali,2025-04-08,Partner Bundle,35-44,Active
USR007902,United Kingdom,German,2025-04-13,Organic Search,25-34,Active
USR007903,United Kingdom,Spanish,2025-02-16,Organic Search,35-44,Active
USR007904,India,Bengali,2025-06-14,Social Media,35-44,Active
USR007905,India,Bengali,2025-03-01,Paid Ads,25-34,Active
USR007906,India,French,2025-02-11,Social Media,35-44,Inactive
USR007907,United Kingdom,Portuguese,2025-08-12,Social Media,25-34,Active
USR007908,United States,English,2025-07-23,Organic Search,18-24,Active
USR007909,Singapore,Telugu,2025-06-23,Partner Bundle,25-34,Active
USR007910,United States,German,2025-01-29,Referral,45-54,Active
USR007911,Canada,Telugu,2025-03-16,Organic Search,35-44,Active
USR007912,India,Bengali,2025-01-25,Referral,45-54,Active
USR007913,Canada,Spanish,2025-04-02,Organic Search,18-24,Active
USR007914,Singapore,Spanish,2025-05-11,Organic Search,25-34,Active
USR007915,United States,English,2025-06-13,Paid Ads,18-24,Active
USR007916,India,German,2025-03-31,Paid Ads,45-54,Active
USR007917,Canada,Bengali,2025-02-22,Social Media,35-44,Active
USR007918,India,English,2025-04-15,Organic Search,25-34,Active
USR007919,United States,Hindi,2025-02-24,Organic Search,45-54,Active
USR007920,India,Hindi,2025-07-10,Referral,25-34,Inactive
USR007921,United States,Hindi,2025-04-30,Referral,35-44,Inactive
USR007922,Canada,German,2025-04-21,App Store,45-54,Active
USR007923,Singapore,Telugu,2025-07-17,Organic Search,25-34,Inactive
USR007924,United Kingdom,Spanish,2025-05-12,Referral,35-44,Active
USR007925,India,English,2025-02-09,Organic Search,35-44,Active
USR007926,India,Portuguese,2025-03-06,Referral,45-54,Active
USR007927,Brazil,Portuguese,2025-04-29,Social Media,25-34,Active
USR007928,Singapore,French,2025-03-05,Organic Search,25-34,Active
USR007929,India,German,2025-05-10,Partner Bundle,25-34,Active
USR007930,UAE,French,2025-06-16,Organic Search,25-34,Inactive
USR007931,Brazil,Bengali,2025-03-15,Organic Search,25-34,Active
USR007932,India,English,2025-02-17,Paid Ads,25-34,Active
USR007933,Australia,French,2025-01-31,Organic Search,18-24,Active
USR007934,United Kingdom,French,2025-05-23,Organic Search,35-44,Inactive
USR007935,India,Spanish,2025-03-15,Partner Bundle,55+,Active
USR007936,India,French,2025-06-10,Social Media,25-34,Active
USR007937,United States,Telugu,2025-02-11,Organic Search,45-54,Inactive
USR007938,Singapore,German,2025-04-30,Organic Search,25-34,Active
USR007939,France,Spanish,2025-05-02,Organic Search,25-34,Active
USR007940,India,Tamil,2025-01-25,Partner Bundle,45-54,Active
USR007941,United Kingdom,Portuguese,2025-03-27,Organic Search,45-54,Active
USR007942,United States,Spanish,2025-04-19,App Store,35-44,Active
USR007943,United States,Hindi,2025-04-05,App Store,45-54,Active
USR007944,Germany,Portuguese,2025-05-24,Referral,25-34,Active
USR007945,United Kingdom,German,2025-06-12,Partner Bundle,25-34,Active
USR007946,India,German,2025-02-25,Organic Search,45-54,Active
USR007947,India,Telugu,2025-06-04,Referral,25-34,Active
USR007948,United Kingdom,Hindi,2025-03-10,Organic Search,45-54,Active
USR007949,Australia,German,2025-05-20,Paid Ads,25-34,Inactive
USR007950,United States,Bengali,2025-05-22,Organic Search,35-44,Active
USR007951,Canada,Bengali,2025-06-25,App Store,45-54,Active
USR007952,Germany,Telugu,2025-02-10,Social Media,45-54,Active
USR007953,United Kingdom,German,2025-03-29,Organic Search,55+,Active
USR007954,Brazil,French,2025-03-02,Organic Search,25-34,Active
USR007955,India,Hindi,2025-06-22,Paid Ads,35-44,Active
USR007956,Singapore,Hindi,2025-06-03,Partner Bundle,55+,Active
USR007957,India,Spanish,2025-07-01,Partner Bundle,18-24,Inactive
USR007958,United Kingdom,Spanish,2025-03-12,App Store,35-44,Active
USR007959,United States,Telugu,2025-02-22,Social Media,18-24,Active
USR007960,United States,Tamil,2025-04-26,Partner Bundle,25-34,Active
USR007961,Brazil,English,2025-06-06,Paid Ads,18-24,Active
USR007962,India,Tamil,2025-02-06,Organic Search,25-34,Active
USR007963,Canada,German,2025-03-08,Organic Search,35-44,Active
USR007964,Germany,Tamil,2025-04-18,Social Media,45-54,Active
USR007965,India,Bengali,2025-05-07,Social Media,35-44,Inactive
USR007966,Brazil,English,2025-04-03,Social Media,25-34,Active
USR007967,United Kingdom,Tamil,2025-05-21,Paid Ads,25-34,Active
USR007968,Singapore,French,2025-06-04,Organic Search,45-54,Active
USR007969,Canada,Portuguese,2025-08-06,Referral,25-34,Inactive
USR007970,Canada,Bengali,2025-04-11,Social Media,35-44,Inactive
USR007971,United States,Telugu,2025-06-19,App Store,18-24,Active
USR007972,Germany,Spanish,2025-03-13,Organic Search,45-54,Active
USR007973,India,Portuguese,2025-05-31,Partner Bundle,25-34,Inactive
USR007974,United Kingdom,Spanish,2025-04-06,Organic Search,25-34,Inactive
USR007975,India,Tamil,2025-05-31,Social Media,25-34,Active
USR007976,India,Hindi,2025-04-07,App Store,55+,Active
USR007977,India,Bengali,2025-02-08,Social Media,45-54,Inactive
USR007978,Singapore,English,2025-04-04,App Store,25-34,Active
USR007979,Canada,English,2025-06-17,Partner Bundle,18-24,Active
USR007980,Canada,Bengali,2025-03-05,Organic Search,45-54,Inactive
USR007981,France,Portuguese,2025-03-31,Referral,55+,Active
USR007982,Australia,Portuguese,2025-03-08,Organic Search,18-24,Active
USR007983,India,Bengali,2025-05-20,Paid Ads,35-44,Active
USR007984,United Kingdom,Bengali,2025-06-08,Organic Search,55+,Active
USR007985,Brazil,French,2025-03-07,App Store,35-44,Active
USR007986,India,Bengali,2025-04-05,Paid Ads,25-34,Active
USR007987,United Kingdom,Telugu,2025-02-15,Paid Ads,25-34,Inactive
USR007988,United Kingdom,Portuguese,2025-05-12,Social Media,35-44,Active
USR007989,United States,Bengali,2025-03-08,Referral,55+,Active
USR007990,Brazil,Hindi,2025-06-04,Organic Search,35-44,Active
USR007991,United States,Bengali,2025-08-21,Organic Search,25-34,Inactive
USR007992,India,Bengali,2025-03-20,Partner Bundle,18-24,Active
USR007993,Brazil,Portuguese,2025-03-10,Social Media,45-54,Active
USR007994,Australia,Spanish,2025-04-20,Social Media,25-34,Inactive
USR007995,United States,Bengali,2025-06-16,Organic Search,35-44,Active
USR007996,India,Bengali,2025-02-11,App Store,25-34,Active
USR007997,Singapore,French,2025-04-30,Paid Ads,18-24,Inactive
USR007998,India,German,2025-04-20,Organic Search,35-44,Inactive
USR007999,United Kingdom,Hindi,2025-01-31,Organic Search,35-44,Active
USR008000,India,Tamil,2025-04-14,Organic Search,18-24,Active
USR008001,Brazil,Portuguese,2025-02-19,Paid Ads,45-54,Active
USR008002,Germany,Spanish,2025-04-26,Organic Search,25-34,Active
USR008003,United Kingdom,Tamil,2025-06-05,Partner Bundle,25-34,Active
USR008004,Australia,Bengali,2025-06-12,Referral,25-34,Active
USR008005,Singapore,Hindi,2025-04-11,App Store,25-34,Active
USR008006,Brazil,English,2025-09-30,Paid Ads,25-34,Active
USR008007,Germany,Tamil,2025-05-19,Organic Search,18-24,Active
USR008008,France,Spanish,2025-03-28,Social Media,25-34,Active
USR008009,United States,Hindi,2025-02-12,Social Media,25-34,Active
USR008010,United States,Bengali,2025-04-23,Partner Bundle,25-34,Active
USR008011,Germany,Portuguese,2025-02-13,Social Media,25-34,Active
USR008012,Germany,Telugu,2025-04-18,Paid Ads,25-34,Active
USR008013,UAE,Portuguese,2025-07-30,Referral,35-44,Active
USR008014,India,Telugu,2025-06-02,Paid Ads,25-34,Active
USR008015,Australia,Spanish,2025-04-04,Organic Search,18-24,Active
USR008016,Canada,English,2025-03-03,Partner Bundle,35-44,Active
USR008017,Germany,English,2025-04-04,Partner Bundle,45-54,Active
USR008018,India,German,2025-02-15,Referral,18-24,Active
USR008019,France,Portuguese,2025-01-29,Organic Search,25-34,Active
USR008020,India,Tamil,2025-03-04,App Store,18-24,Active
USR008021,Canada,Hindi,2025-03-09,Paid Ads,25-34,Active
USR008022,United Kingdom,Tamil,2025-06-02,Paid Ads,25-34,Inactive
USR008023,United States,French,2025-07-13,App Store,25-34,Inactive
USR008024,Australia,Portuguese,2025-01-30,Paid Ads,35-44,Inactive
USR008025,Brazil,Spanish,2025-09-30,Partner Bundle,25-34,Active
USR008026,India,Telugu,2025-01-27,Partner Bundle,25-34,Inactive
USR008027,Australia,Bengali,2025-02-25,Social Media,35-44,Inactive
USR008028,India,Hindi,2025-05-11,Organic Search,35-44,Active
USR008029,France,Telugu,2025-04-14,Social Media,25-34,Active
USR008030,United States,German,2025-04-09,Partner Bundle,25-34,Active
USR008031,United States,English,2025-08-12,Organic Search,25-34,Active
USR008032,Germany,Telugu,2025-02-01,Referral,25-34,Inactive
USR008033,United States,Bengali,2025-05-06,Organic Search,18-24,Active
USR008034,India,English,2025-06-24,App Store,25-34,Active
USR008035,Brazil,French,2025-06-12,Paid Ads,35-44,Active
USR008036,Canada,French,2025-03-27,Referral,55+,Active
USR008037,Canada,German,2025-08-15,Paid Ads,18-24,Inactive
USR008038,Canada,German,2025-06-11,Organic Search,18-24,Inactive
USR008039,UAE,French,2025-02-10,App Store,18-24,Active
USR008040,India,English,2025-07-31,Social Media,25-34,Active
USR008041,India,Portuguese,2025-06-13,Organic Search,45-54,Active
USR008042,United States,German,2025-03-10,Organic Search,45-54,Active
USR008043,United Kingdom,English,2025-06-15,Organic Search,45-54,Active
USR008044,India,Spanish,2025-05-06,Paid Ads,45-54,Active
USR008045,Canada,English,2025-06-21,Paid Ads,25-34,Active
USR008046,India,Telugu,2025-03-17,Organic Search,35-44,Active
USR008047,Germany,Telugu,2025-05-27,Referral,35-44,Active
USR008048,Australia,Tamil,2025-04-03,Referral,25-34,Active
USR008049,India,Portuguese,2025-02-04,Partner Bundle,35-44,Active
USR008050,India,Telugu,2025-03-23,Paid Ads,25-34,Active
USR008051,Germany,German,2025-04-07,Referral,35-44,Active
USR008052,Germany,Telugu,2025-04-26,Social Media,25-34,Active
USR008053,France,French,2025-02-16,Referral,45-54,Inactive
USR008054,India,Portuguese,2025-02-08,Organic Search,25-34,Inactive
USR008055,Brazil,Tamil,2025-01-18,Paid Ads,25-34,Active
USR008056,Australia,French,2025-09-04,Referral,25-34,Active
USR008057,India,German,2025-03-10,Social Media,18-24,Active
USR008058,United States,Bengali,2025-06-07,Organic Search,18-24,Active
USR008059,Canada,Telugu,2025-04-13,Partner Bundle,55+,Active
USR008060,India,Tamil,2025-04-22,Organic Search,25-34,Active
USR008061,UAE,Hindi,2025-03-18,Referral,18-24,Active
USR008062,Germany,Spanish,2025-04-13,App Store,25-34,Active
USR008063,India,English,2025-03-13,Paid Ads,18-24,Active
USR008064,Singapore,Spanish,2025-04-02,Referral,35-44,Active
USR008065,United States,Hindi,2025-04-16,Paid Ads,18-24,Active
USR008066,United States,Tamil,2025-07-16,Social Media,35-44,Active
USR008067,Germany,French,2025-09-14,Social Media,35-44,Active
USR008068,Canada,Spanish,2025-02-09,Organic Search,18-24,Active
USR008069,United States,Bengali,2025-04-18,Organic Search,18-24,Active
USR008070,India,German,2025-06-01,Organic Search,35-44,Active
USR008071,United States,French,2025-05-31,App Store,25-34,Active
USR008072,United Kingdom,Tamil,2025-02-20,Referral,18-24,Active
USR008073,Canada,French,2025-03-30,Organic Search,45-54,Inactive
USR008074,United Kingdom,German,2025-04-23,Social Media,35-44,Active
USR008075,United Kingdom,French,2025-03-18,Organic Search,25-34,Inactive
USR008076,United States,Portuguese,2025-04-13,App Store,25-34,Inactive
USR008077,United Kingdom,Hindi,2025-08-02,Referral,35-44,Active
USR008078,India,English,2025-06-22,Organic Search,18-24,Active
USR008079,India,Telugu,2025-06-19,Paid Ads,25-34,Inactive
USR008080,United Kingdom,Portuguese,2025-05-20,Partner Bundle,25-34,Active
USR008081,India,Portuguese,2025-03-24,Social Media,45-54,Active
USR008082,India,French,2025-03-21,Paid Ads,25-34,Active
USR008083,India,French,2025-05-27,Social Media,25-34,Active
USR008084,India,English,2025-04-28,Paid Ads,18-24,Active
USR008085,United States,English,2025-06-19,Partner Bundle,18-24,Active
USR008086,United States,English,2025-03-06,Paid Ads,25-34,Active
USR008087,India,Tamil,2025-03-03,Organic Search,45-54,Active
USR008088,India,Tamil,2025-04-11,Paid Ads,25-34,Inactive
USR008089,India,German,2025-07-21,App Store,25-34,Active
USR008090,United States,Hindi,2025-02-11,Social Media,18-24,Inactive
USR008091,Germany,Tamil,2025-07-10,Paid Ads,35-44,Active
USR008092,India,English,2025-03-04,Organic Search,25-34,Inactive
USR008093,Canada,Spanish,2025-05-05,Social Media,25-34,Inactive
USR008094,India,German,2025-06-19,Organic Search,25-34,Active
USR008095,India,German,2025-06-19,App Store,25-34,Active
USR008096,United States,Telugu,2025-06-10,Organic Search,35-44,Inactive
USR008097,United States,German,2025-06-26,Organic Search,25-34,Active
USR008098,India,Tamil,2025-05-10,Referral,25-34,Active
USR008099,India,Telugu,2025-08-17,Referral,55+,Active
USR008100,India,Hindi,2025-02-18,Partner Bundle,45-54,Active
USR008101,Germany,Spanish,2025-03-18,Organic Search,35-44,Active
USR008102,India,Spanish,2025-04-24,App Store,25-34,Active
USR008103,India,English,2025-02-10,Paid Ads,25-34,Active
USR008104,Germany,Portuguese,2025-05-01,Paid Ads,55+,Active
USR008105,India,Portuguese,2025-03-01,Organic Search,45-54,Active
USR008106,India,Portuguese,2025-03-11,Social Media,18-24,Active
USR008107,India,Portuguese,2025-01-19,Social Media,25-34,Active
USR008108,India,Bengali,2025-08-07,Paid Ads,25-34,Active
USR008109,India,German,2025-04-05,Referral,25-34,Active
USR008110,Singapore,Portuguese,2025-06-30,Partner Bundle,35-44,Active
USR008111,UAE,Telugu,2025-02-27,Organic Search,18-24,Active
USR008112,United States,Hindi,2025-01-23,Referral,18-24,Inactive
USR008113,United States,Telugu,2025-02-11,Paid Ads,25-34,Active
USR008114,United Kingdom,French,2025-04-23,Social Media,45-54,Active
USR008115,United States,Telugu,2025-07-10,Partner Bundle,35-44,Active
USR008116,Germany,Telugu,2025-03-03,App Store,35-44,Active
USR008117,United States,Spanish,2025-04-27,App Store,18-24,Active
USR008118,India,Spanish,2025-05-05,Referral,18-24,Active
USR008119,India,Tamil,2025-05-28,Referral,35-44,Active
USR008120,Singapore,Hindi,2025-03-13,Social Media,25-34,Inactive
USR008121,India,Bengali,2025-04-12,Organic Search,35-44,Active
USR008122,UAE,Bengali,2025-07-11,Partner Bundle,25-34,Active
USR008123,Australia,French,2025-03-19,Organic Search,25-34,Active
USR008124,United States,Hindi,2025-04-17,App Store,25-34,Active
USR008125,India,Portuguese,2025-01-20,Organic Search,45-54,Inactive
USR008126,India,Portuguese,2025-04-06,Social Media,25-34,Active
USR008127,United Kingdom,Hindi,2025-03-18,Referral,55+,Active
USR008128,Canada,French,2025-03-09,Social Media,25-34,Inactive
USR008129,Australia,English,2025-06-15,Organic Search,25-34,Inactive
USR008130,United States,Tamil,2025-06-09,Organic Search,35-44,Active
USR008131,United States,English,2025-08-28,Partner Bundle,35-44,Active
USR008132,Germany,Telugu,2025-04-29,App Store,25-34,Active
USR008133,Singapore,Portuguese,2025-06-21,Social Media,18-24,Active
USR008134,Singapore,Portuguese,2025-03-08,Organic Search,35-44,Active
USR008135,United Kingdom,Hindi,2025-05-29,Referral,25-34,Active
USR008136,India,Bengali,2025-07-13,Social Media,25-34,Active
USR008137,India,Spanish,2025-03-08,Organic Search,18-24,Active
USR008138,United States,German,2025-02-23,App Store,25-34,Active
USR008139,Australia,French,2025-01-10,Social Media,35-44,Active
USR008140,United States,Tamil,2025-06-03,Partner Bundle,18-24,Inactive
USR008141,Canada,Telugu,2025-01-30,Paid Ads,25-34,Active
USR008142,France,Portuguese,2025-07-24,App Store,25-34,Active
USR008143,India,German,2025-08-13,Paid Ads,25-34,Active
USR008144,Singapore,Hindi,2025-03-10,Referral,55+,Active
USR008145,India,French,2025-06-13,Social Media,55+,Active
USR008146,India,Hindi,2025-02-16,Organic Search,25-34,Inactive
USR008147,France,English,2025-04-20,Paid Ads,25-34,Active
USR008148,Singapore,Hindi,2025-04-29,Social Media,25-34,Active
USR008149,Germany,Telugu,2025-05-09,Organic Search,45-54,Active
USR008150,Germany,Hindi,2025-03-09,Organic Search,25-34,Inactive
USR008151,UAE,French,2025-03-16,Organic Search,25-34,Active
USR008152,United Kingdom,German,2025-04-12,Referral,45-54,Active
USR008153,Canada,Spanish,2025-01-21,App Store,35-44,Active
USR008154,India,French,2025-05-14,Organic Search,25-34,Active
USR008155,India,Spanish,2025-03-07,Referral,25-34,Inactive
USR008156,United Kingdom,Bengali,2025-06-01,Social Media,35-44,Active
USR008157,Australia,Bengali,2025-02-07,Referral,18-24,Active
USR008158,United States,Spanish,2025-03-20,Organic Search,25-34,Active
USR008159,United States,Portuguese,2025-01-29,Referral,25-34,Active
USR008160,Brazil,Portuguese,2025-05-05,Referral,55+,Active
USR008161,United States,Telugu,2025-08-06,App Store,25-34,Active
USR008162,Brazil,English,2025-02-02,Organic Search,25-34,Active
USR008163,UAE,Spanish,2025-03-21,App Store,35-44,Inactive
USR008164,Canada,Bengali,2025-03-08,Paid Ads,25-34,Active
USR008165,India,Tamil,2025-03-20,Partner Bundle,18-24,Active
USR008166,India,Portuguese,2025-03-07,Partner Bundle,55+,Inactive
USR008167,United States,Portuguese,2025-03-15,Paid Ads,18-24,Active
USR008168,Canada,English,2025-02-22,Partner Bundle,45-54,Active
USR008169,United States,Tamil,2025-06-06,Organic Search,45-54,Active
USR008170,France,Spanish,2025-01-27,Organic Search,35-44,Inactive
USR008171,Canada,German,2025-05-29,Social Media,45-54,Inactive
USR008172,United States,English,2025-02-03,App Store,25-34,Active
USR008173,Germany,Telugu,2025-01-24,Social Media,25-34,Active
USR008174,India,Tamil,2025-07-12,App Store,25-34,Active
USR008175,India,German,2025-04-19,Social Media,55+,Active
USR008176,India,Hindi,2025-05-13,App Store,18-24,Inactive
USR008177,India,Bengali,2025-06-08,App Store,18-24,Active
USR008178,France,German,2025-01-15,Paid Ads,35-44,Active
USR008179,Canada,Hindi,2025-01-24,Partner Bundle,25-34,Active
USR008180,United Kingdom,French,2025-02-16,Paid Ads,35-44,Active
USR008181,Canada,Bengali,2025-05-22,Organic Search,35-44,Active
USR008182,Canada,Bengali,2025-03-19,Partner Bundle,45-54,Active
USR008183,United Kingdom,Spanish,2025-04-18,Paid Ads,35-44,Active
USR008184,France,Bengali,2025-05-01,Social Media,18-24,Inactive
USR008185,United States,Portuguese,2025-04-14,Referral,35-44,Active
USR008186,Germany,Hindi,2025-08-11,Paid Ads,25-34,Active
USR008187,Germany,Tamil,2025-06-20,Paid Ads,35-44,Active
USR008188,India,Spanish,2025-06-14,App Store,18-24,Active
USR008189,United States,German,2025-04-20,Organic Search,18-24,Active
USR008190,France,French,2025-07-07,Partner Bundle,45-54,Active
USR008191,France,Bengali,2025-05-17,Organic Search,35-44,Active
USR008192,India,Telugu,2025-07-16,Referral,18-24,Inactive
USR008193,India,Telugu,2025-07-27,Organic Search,35-44,Active
USR008194,United States,English,2025-02-07,Social Media,35-44,Active
USR008195,India,Tamil,2025-05-04,Paid Ads,45-54,Inactive
USR008196,India,Hindi,2025-06-02,Referral,35-44,Active
USR008197,India,Bengali,2025-04-20,Organic Search,45-54,Inactive
USR008198,India,Tamil,2025-06-17,Social Media,45-54,Active
USR008199,United States,Portuguese,2025-05-17,Referral,25-34,Inactive
USR008200,France,English,2025-05-08,Partner Bundle,25-34,Active
USR008201,India,Bengali,2025-03-08,Social Media,18-24,Inactive
USR008202,United Kingdom,Hindi,2025-01-21,Referral,18-24,Active
USR008203,United Kingdom,Telugu,2025-05-22,Partner Bundle,45-54,Active
USR008204,France,Spanish,2025-05-17,App Store,18-24,Active
USR008205,United States,Telugu,2025-03-14,Organic Search,35-44,Active
USR008206,India,English,2025-04-13,Social Media,45-54,Inactive
USR008207,UAE,Portuguese,2025-04-15,App Store,25-34,Inactive
USR008208,France,Tamil,2025-06-23,Paid Ads,25-34,Active
USR008209,Canada,Telugu,2025-07-03,Paid Ads,35-44,Active
USR008210,India,Portuguese,2025-02-20,Organic Search,35-44,Inactive
USR008211,India,English,2025-02-19,Referral,25-34,Active
USR008212,India,Bengali,2025-04-21,Paid Ads,45-54,Active
USR008213,India,Telugu,2025-05-31,Social Media,25-34,Active
USR008214,India,Hindi,2025-05-21,Referral,25-34,Active
USR008215,India,English,2025-07-20,Paid Ads,18-24,Active
USR008216,India,English,2025-09-28,Referral,45-54,Active
USR008217,Germany,French,2025-01-19,Referral,55+,Active
USR008218,Australia,German,2025-04-10,Social Media,35-44,Active
USR008219,India,Telugu,2025-01-29,Social Media,55+,Active
USR008220,Brazil,Bengali,2025-03-06,Organic Search,25-34,Inactive
USR008221,Germany,Hindi,2025-02-08,Partner Bundle,35-44,Active
USR008222,India,Portuguese,2025-04-27,Referral,45-54,Active
USR008223,India,Telugu,2025-05-18,Organic Search,25-34,Active
USR008224,India,Tamil,2025-02-24,Organic Search,18-24,Active
USR008225,Australia,Bengali,2025-03-30,Organic Search,35-44,Active
USR008226,India,Hindi,2025-04-12,Paid Ads,18-24,Active
USR008227,India,English,2025-04-18,Referral,25-34,Inactive
USR008228,United States,German,2025-02-07,Referral,45-54,Active
USR008229,Australia,Portuguese,2025-04-20,Paid Ads,25-34,Active
USR008230,India,Telugu,2025-02-12,Paid Ads,55+,Active
USR008231,United States,Telugu,2025-05-16,Paid Ads,45-54,Active
USR008232,India,Portuguese,2025-07-17,Organic Search,55+,Active
USR008233,United States,German,2025-05-21,App Store,18-24,Active
USR008234,United States,German,2025-02-06,Organic Search,25-34,Active
USR008235,United States,Telugu,2025-06-02,Paid Ads,45-54,Active
USR008236,United States,Tamil,2025-04-01,Organic Search,35-44,Active
USR008237,India,Tamil,2025-01-19,App Store,35-44,Active
USR008238,India,Bengali,2025-02-25,Paid Ads,45-54,Active
USR008239,India,French,2025-06-22,Organic Search,25-34,Inactive
USR008240,India,Hindi,2025-03-22,Referral,55+,Inactive
USR008241,India,Spanish,2025-03-20,Paid Ads,35-44,Active
USR008242,India,French,2025-06-06,Organic Search,55+,Active
USR008243,United States,German,2025-07-06,Organic Search,18-24,Active
USR008244,India,Hindi,2025-06-07,Social Media,35-44,Active
USR008245,UAE,Bengali,2025-02-22,Partner Bundle,45-54,Active
USR008246,France,German,2025-03-06,Organic Search,18-24,Active
USR008247,India,Telugu,2025-04-12,Social Media,25-34,Active
USR008248,United States,Portuguese,2025-07-27,App Store,45-54,Active
USR008249,Brazil,Telugu,2025-06-04,Social Media,18-24,Active
USR008250,United Kingdom,French,2025-03-06,Organic Search,35-44,Active
USR008251,France,Spanish,2025-03-22,Paid Ads,55+,Active
USR008252,France,Bengali,2025-07-20,Partner Bundle,18-24,Inactive
USR008253,Singapore,Portuguese,2025-04-05,Referral,45-54,Active
USR008254,India,German,2025-04-21,App Store,25-34,Active
USR008255,India,Tamil,2025-04-30,Organic Search,18-24,Active
USR008256,India,Tamil,2025-08-28,Paid Ads,25-34,Active
USR008257,United Kingdom,Spanish,2025-06-04,Organic Search,25-34,Active
USR008258,United Kingdom,French,2025-04-16,Paid Ads,25-34,Active
USR008259,India,Portuguese,2025-02-02,Referral,45-54,Inactive
USR008260,India,Tamil,2025-02-01,Organic Search,25-34,Active
USR008261,Australia,German,2025-03-10,Referral,25-34,Inactive
USR008262,United States,Portuguese,2025-01-23,Paid Ads,25-34,Active
USR008263,United Kingdom,Bengali,2025-03-23,Partner Bundle,55+,Active
USR008264,Australia,Portuguese,2025-04-15,App Store,35-44,Active
USR008265,United States,Portuguese,2025-04-24,Partner Bundle,18-24,Active
USR008266,India,French,2025-03-27,App Store,45-54,Active
USR008267,UAE,Bengali,2025-03-15,Referral,35-44,Inactive
USR008268,India,Portuguese,2025-02-26,App Store,25-34,Active
USR008269,France,German,2025-05-31,Paid Ads,18-24,Active
USR008270,France,French,2025-01-23,Paid Ads,25-34,Active
USR008271,United Kingdom,English,2025-06-20,Organic Search,25-34,Active
USR008272,Canada,Spanish,2025-02-01,Organic Search,35-44,Active
USR008273,United States,Hindi,2025-05-18,Organic Search,18-24,Active
USR008274,France,Telugu,2025-05-19,Organic Search,25-34,Active
USR008275,India,French,2025-05-21,Social Media,35-44,Active
USR008276,United Kingdom,Portuguese,2025-04-14,Social Media,35-44,Active
USR008277,India,Portuguese,2025-04-14,Organic Search,35-44,Inactive
USR008278,Singapore,Hindi,2025-03-23,Paid Ads,25-34,Inactive
USR008279,Singapore,Spanish,2025-01-09,Social Media,25-34,Active
USR008280,Australia,Bengali,2025-06-15,Organic Search,25-34,Active
USR008281,United States,Spanish,2025-04-11,App Store,25-34,Active
USR008282,India,French,2025-05-26,Organic Search,35-44,Active
USR008283,United States,Spanish,2025-03-11,Referral,35-44,Inactive
USR008284,Germany,Hindi,2025-03-05,Paid Ads,25-34,Active
USR008285,United Kingdom,English,2025-03-24,Social Media,25-34,Inactive
USR008286,United Kingdom,Spanish,2025-02-27,Referral,18-24,Active
USR008287,France,Portuguese,2025-07-03,Organic Search,35-44,Active
USR008288,India,Bengali,2025-04-08,Organic Search,45-54,Active
USR008289,France,Portuguese,2025-06-14,Paid Ads,45-54,Active
USR008290,United States,German,2025-03-14,App Store,18-24,Inactive
USR008291,India,German,2025-06-18,Organic Search,45-54,Active
USR008292,Australia,Bengali,2025-04-02,Partner Bundle,45-54,Active
USR008293,UAE,German,2025-06-15,Social Media,35-44,Active
USR008294,United States,French,2025-01-25,Partner Bundle,25-34,Inactive
USR008295,United States,Portuguese,2025-04-12,Referral,45-54,Active
USR008296,Germany,English,2025-03-16,Paid Ads,25-34,Active
USR008297,UAE,Tamil,2025-04-18,Organic Search,35-44,Active
USR008298,Brazil,Telugu,2025-06-29,App Store,25-34,Active
USR008299,United States,Tamil,2025-04-04,Organic Search,45-54,Active
USR008300,United Kingdom,Bengali,2025-05-16,Partner Bundle,25-34,Active
USR008301,France,Bengali,2025-03-09,Social Media,25-34,Inactive
USR008302,United Kingdom,German,2025-04-27,Organic Search,25-34,Active
USR008303,United States,French,2025-05-05,Referral,45-54,Active
USR008304,United Kingdom,Telugu,2025-03-27,App Store,25-34,Active
USR008305,United States,Portuguese,2025-06-20,Social Media,25-34,Active
USR008306,India,Hindi,2025-02-16,Organic Search,45-54,Active
USR008307,India,Telugu,2025-04-18,App Store,25-34,Active
USR008308,United Kingdom,Tamil,2025-06-28,Referral,35-44,Active
USR008309,United States,Spanish,2025-06-08,Organic Search,45-54,Active
USR008310,UAE,Hindi,2025-03-11,Partner Bundle,25-34,Active
USR008311,India,English,2025-02-02,App Store,25-34,Active
USR008312,India,Hindi,2025-09-24,Referral,25-34,Active
USR008313,Brazil,German,2025-07-16,Social Media,35-44,Active
USR008314,United Kingdom,English,2025-04-22,Paid Ads,45-54,Active
USR008315,United States,Bengali,2025-07-13,Social Media,55+,Active
USR008316,UAE,French,2025-03-22,Paid Ads,45-54,Active
USR008317,Australia,Spanish,2025-04-21,Organic Search,18-24,Active
USR008318,United Kingdom,Hindi,2025-06-09,Organic Search,18-24,Active
USR008319,UAE,English,2025-05-14,Social Media,18-24,Active
USR008320,India,Bengali,2025-03-15,App Store,35-44,Active
USR008321,United States,Portuguese,2025-09-09,App Store,18-24,Active
USR008322,France,Spanish,2025-03-15,Referral,25-34,Active
USR008323,United States,Spanish,2025-08-20,Referral,35-44,Inactive
USR008324,Singapore,Portuguese,2025-06-18,Paid Ads,25-34,Active
USR008325,India,Telugu,2025-05-10,Social Media,25-34,Active
USR008326,India,Portuguese,2025-05-24,Paid Ads,18-24,Inactive
USR008327,United States,Hindi,2025-06-11,Referral,18-24,Active
USR008328,Canada,Telugu,2025-04-24,Social Media,35-44,Active
USR008329,India,Bengali,2025-04-01,Social Media,18-24,Active
USR008330,India,French,2025-05-14,Partner Bundle,35-44,Active
USR008331,Brazil,French,2025-08-02,Social Media,18-24,Active
USR008332,UAE,Hindi,2025-03-06,Organic Search,45-54,Active
USR008333,India,Hindi,2025-06-01,App Store,45-54,Active
USR008334,United States,French,2025-03-18,App Store,25-34,Inactive
USR008335,United States,French,2025-03-31,Organic Search,25-34,Inactive
USR008336,UAE,German,2025-10-03,App Store,18-24,Active
USR008337,United Kingdom,Portuguese,2025-07-17,Partner Bundle,55+,Inactive
USR008338,France,Portuguese,2025-02-03,Social Media,18-24,Active
USR008339,Singapore,Telugu,2025-05-31,Social Media,25-34,Active
USR008340,United Kingdom,Tamil,2025-02-01,Organic Search,45-54,Active
USR008341,India,German,2025-06-27,Referral,18-24,Active
USR008342,United States,French,2025-01-25,Paid Ads,35-44,Inactive
USR008343,France,Hindi,2025-01-19,Organic Search,18-24,Active
USR008344,United Kingdom,French,2025-05-24,Organic Search,25-34,Active
USR008345,UAE,Telugu,2025-03-02,Organic Search,25-34,Active
USR008346,UAE,English,2025-07-27,Social Media,18-24,Inactive
USR008347,United States,Spanish,2025-03-21,App Store,18-24,Active
USR008348,United States,French,2025-06-01,Organic Search,35-44,Inactive
USR008349,Canada,Telugu,2025-05-14,App Store,18-24,Active
USR008350,India,Spanish,2025-02-18,App Store,55+,Inactive
USR008351,United States,French,2025-07-15,Organic Search,25-34,Active
USR008352,India,English,2025-03-31,Partner Bundle,18-24,Active
USR008353,France,English,2025-05-08,Referral,25-34,Inactive
USR008354,Singapore,Spanish,2025-04-15,Referral,25-34,Inactive
USR008355,India,Telugu,2025-07-30,Referral,18-24,Active
USR008356,Canada,Tamil,2025-08-10,App Store,35-44,Active
USR008357,Canada,German,2025-02-13,Paid Ads,35-44,Active
USR008358,Germany,Bengali,2025-03-06,Paid Ads,18-24,Active
USR008359,Australia,Bengali,2025-02-19,Social Media,35-44,Active
USR008360,India,French,2025-01-26,Referral,35-44,Active
USR008361,India,Tamil,2025-03-03,Organic Search,55+,Active
USR008362,India,English,2025-02-04,Social Media,35-44,Active
USR008363,Singapore,Portuguese,2025-05-29,Paid Ads,25-34,Active
USR008364,United Kingdom,German,2025-01-12,Organic Search,35-44,Inactive
USR008365,Brazil,Bengali,2025-02-23,Referral,25-34,Active
USR008366,United States,English,2025-04-19,Referral,18-24,Active
USR008367,United Kingdom,French,2025-05-09,Organic Search,35-44,Active
USR008368,Germany,Hindi,2025-04-06,Partner Bundle,25-34,Active
USR008369,Germany,Hindi,2025-03-09,Organic Search,55+,Inactive
USR008370,India,Hindi,2025-04-18,Organic Search,18-24,Active
USR008371,India,Hindi,2025-04-05,App Store,25-34,Active
USR008372,India,Bengali,2025-06-15,App Store,25-34,Active
USR008373,Germany,Tamil,2025-03-24,Social Media,25-34,Active
USR008374,Germany,Portuguese,2025-04-15,Partner Bundle,18-24,Active
USR008375,India,Hindi,2025-04-20,Partner Bundle,18-24,Inactive
USR008376,India,English,2025-02-10,Organic Search,35-44,Active
USR008377,United States,Bengali,2025-04-17,Referral,25-34,Inactive
USR008378,United Kingdom,Spanish,2025-06-08,Organic Search,18-24,Active
USR008379,United Kingdom,Spanish,2025-03-25,Social Media,35-44,Active
USR008380,Brazil,Bengali,2025-03-22,Organic Search,25-34,Active
USR008381,Germany,German,2025-01-18,Organic Search,55+,Active
USR008382,India,Bengali,2025-03-10,Partner Bundle,45-54,Inactive
USR008383,India,Hindi,2025-07-12,App Store,35-44,Active
USR008384,United States,Portuguese,2025-02-21,App Store,25-34,Active
USR008385,India,Hindi,2025-04-15,Organic Search,25-34,Active
USR008386,Germany,Portuguese,2025-03-21,Referral,55+,Inactive
USR008387,United States,Tamil,2025-02-13,App Store,35-44,Active
USR008388,United States,German,2025-01-15,Paid Ads,18-24,Inactive
USR008389,United Kingdom,Telugu,2025-04-30,Referral,25-34,Active
USR008390,India,Telugu,2025-04-04,Organic Search,25-34,Inactive
USR008391,India,French,2025-03-13,App Store,18-24,Inactive
USR008392,Germany,Telugu,2025-04-04,App Store,45-54,Active
USR008393,UAE,Spanish,2025-01-06,Organic Search,25-34,Inactive
USR008394,India,Spanish,2025-04-23,Referral,25-34,Active
USR008395,United Kingdom,Telugu,2025-03-03,Referral,55+,Active
USR008396,Canada,English,2025-07-27,Paid Ads,35-44,Active
USR008397,Australia,Bengali,2025-04-18,Partner Bundle,45-54,Inactive
USR008398,Australia,Hindi,2025-03-15,Social Media,18-24,Active
USR008399,UAE,English,2025-02-19,Referral,35-44,Active
USR008400,India,Tamil,2025-06-08,Organic Search,35-44,Inactive
USR008401,United States,French,2025-09-13,Organic Search,45-54,Active
USR008402,Germany,Telugu,2025-07-21,Organic Search,45-54,Active
USR008403,France,Spanish,2025-03-29,App Store,18-24,Inactive
USR008404,India,Hindi,2025-04-05,Social Media,35-44,Active
USR008405,United Kingdom,French,2025-04-30,Organic Search,18-24,Active
USR008406,India,French,2025-02-26,Referral,25-34,Active
USR008407,France,French,2025-05-11,Social Media,25-34,Inactive
USR008408,Australia,Spanish,2025-01-26,Partner Bundle,25-34,Active
USR008409,India,Telugu,2025-09-16,Social Media,45-54,Active
USR008410,Canada,German,2025-03-31,Organic Search,35-44,Active
USR008411,United States,French,2025-05-18,Paid Ads,18-24,Active
USR008412,India,German,2025-02-17,App Store,25-34,Inactive
USR008413,UAE,Telugu,2025-07-02,Referral,18-24,Active
USR008414,India,French,2025-03-01,App Store,25-34,Inactive
USR008415,United States,German,2025-01-27,Social Media,25-34,Inactive
USR008416,United Kingdom,Tamil,2025-06-02,Referral,25-34,Inactive
USR008417,France,Tamil,2025-09-29,App Store,45-54,Active
USR008418,India,Telugu,2025-04-28,Organic Search,45-54,Active
USR008419,United Kingdom,Spanish,2025-01-21,Organic Search,35-44,Active
USR008420,India,Bengali,2025-04-09,Paid Ads,45-54,Active
USR008421,France,German,2025-05-20,Referral,35-44,Active
USR008422,India,English,2025-03-14,Paid Ads,35-44,Active
USR008423,Australia,French,2025-07-05,Organic Search,18-24,Active
USR008424,United Kingdom,French,2025-08-31,App Store,18-24,Active
USR008425,India,Bengali,2025-04-21,Referral,25-34,Active
USR008426,India,Portuguese,2025-03-17,Organic Search,45-54,Inactive
USR008427,India,Spanish,2025-04-09,Organic Search,45-54,Inactive
USR008428,UAE,English,2025-05-21,Partner Bundle,25-34,Inactive
USR008429,United States,Bengali,2025-03-18,Social Media,18-24,Active
USR008430,Singapore,Portuguese,2025-05-06,Organic Search,45-54,Active
USR008431,India,French,2025-01-05,Organic Search,25-34,Active
USR008432,India,German,2025-03-10,Organic Search,55+,Inactive
USR008433,Singapore,French,2025-04-22,Referral,55+,Active
USR008434,Australia,French,2025-03-04,App Store,25-34,Inactive
USR008435,Germany,Spanish,2025-04-07,Organic Search,35-44,Active
USR008436,Singapore,French,2025-04-29,Social Media,35-44,Active
USR008437,Brazil,Portuguese,2025-02-10,App Store,35-44,Active
USR008438,India,Telugu,2025-03-02,Paid Ads,55+,Active
USR008439,India,Tamil,2025-08-19,Organic Search,25-34,Active
USR008440,India,Portuguese,2025-03-03,Organic Search,35-44,Active
USR008441,France,Hindi,2025-02-16,Organic Search,35-44,Active
USR008442,United States,French,2025-06-28,Organic Search,25-34,Inactive
USR008443,United Kingdom,Portuguese,2025-05-20,Partner Bundle,18-24,Active
USR008444,France,Bengali,2025-06-12,Paid Ads,35-44,Inactive
USR008445,Canada,English,2025-06-06,Referral,25-34,Active
USR008446,India,Portuguese,2025-06-06,App Store,18-24,Active
USR008447,United States,Hindi,2025-08-03,Referral,18-24,Active
USR008448,India,English,2025-05-16,Referral,18-24,Active
USR008449,United States,Hindi,2025-06-23,Organic Search,35-44,Active
USR008450,India,Tamil,2025-07-08,Paid Ads,35-44,Inactive
USR008451,India,Hindi,2025-01-18,Paid Ads,18-24,Active
USR008452,France,English,2025-04-30,App Store,18-24,Active
USR008453,Brazil,German,2025-04-02,Social Media,55+,Inactive
USR008454,Brazil,Hindi,2025-02-06,Organic Search,25-34,Active
USR008455,India,French,2025-05-22,Referral,45-54,Active
USR008456,France,Bengali,2025-04-10,Partner Bundle,25-34,Active
USR008457,Canada,Tamil,2025-04-16,Organic Search,25-34,Active
USR008458,Germany,Bengali,2025-04-18,Organic Search,45-54,Active
USR008459,France,German,2025-05-02,Organic Search,55+,Inactive
USR008460,Brazil,Hindi,2025-04-22,App Store,18-24,Active
USR008461,India,English,2025-03-08,Organic Search,35-44,Inactive
USR008462,Germany,Bengali,2025-02-03,Organic Search,25-34,Active
USR008463,Australia,English,2025-05-17,Partner Bundle,35-44,Active
USR008464,India,Portuguese,2025-03-09,Paid Ads,25-34,Active
USR008465,United States,French,2025-02-04,Organic Search,45-54,Inactive
USR008466,India,Tamil,2025-01-10,Organic Search,25-34,Active
USR008467,Singapore,Tamil,2025-04-16,Social Media,18-24,Active
USR008468,UAE,Spanish,2025-07-06,Organic Search,35-44,Active
USR008469,United Kingdom,English,2025-03-30,Paid Ads,55+,Inactive
USR008470,United States,Tamil,2025-05-27,Referral,25-34,Active
USR008471,India,German,2025-01-28,Social Media,25-34,Active
USR008472,Germany,French,2025-03-08,Referral,18-24,Active
USR008473,India,Portuguese,2025-04-06,Organic Search,25-34,Inactive
USR008474,United States,French,2025-03-23,Organic Search,45-54,Active
USR008475,UAE,English,2025-04-07,Organic Search,45-54,Inactive
USR008476,United Kingdom,Tamil,2025-05-29,Paid Ads,25-34,Active
USR008477,Canada,Telugu,2025-04-29,Referral,35-44,Active
USR008478,India,English,2025-02-12,Paid Ads,45-54,Active
USR008479,India,Portuguese,2025-02-27,Partner Bundle,18-24,Inactive
USR008480,Canada,Hindi,2025-02-22,Partner Bundle,25-34,Active
USR008481,India,Telugu,2025-06-20,Organic Search,18-24,Active
USR008482,India,Bengali,2025-04-29,Organic Search,18-24,Active
USR008483,United States,Bengali,2025-03-20,Partner Bundle,18-24,Active
USR008484,United States,English,2025-02-20,Social Media,18-24,Active
USR008485,United States,English,2025-04-13,App Store,25-34,Active
USR008486,United States,French,2025-03-17,Organic Search,25-34,Active
USR008487,United Kingdom,Hindi,2025-04-09,Social Media,25-34,Active
USR008488,India,French,2025-05-13,Organic Search,25-34,Active
USR008489,India,Tamil,2025-06-04,Partner Bundle,35-44,Active
USR008490,France,Spanish,2025-05-08,Organic Search,45-54,Active
USR008491,United States,Spanish,2025-06-19,Organic Search,55+,Active
USR008492,United States,English,2025-02-01,Referral,45-54,Active
USR008493,United States,German,2025-04-27,App Store,25-34,Active
USR008494,India,Telugu,2025-06-12,App Store,45-54,Active
USR008495,India,Tamil,2025-03-25,Organic Search,45-54,Active
USR008496,United States,French,2025-01-18,App Store,45-54,Active
USR008497,United States,Tamil,2025-03-19,Organic Search,18-24,Active
USR008498,United States,Spanish,2025-06-05,Social Media,25-34,Active
USR008499,India,Spanish,2025-06-26,Organic Search,18-24,Active
USR008500,India,Telugu,2025-03-04,Paid Ads,25-34,Active
USR008501,United States,Portuguese,2025-03-13,Organic Search,25-34,Inactive
USR008502,United States,English,2025-06-03,App Store,45-54,Inactive
USR008503,UAE,French,2025-03-07,Partner Bundle,55+,Active
USR008504,India,German,2025-05-10,Organic Search,35-44,Active
USR008505,Brazil,Hindi,2025-03-02,Partner Bundle,25-34,Active
USR008506,Brazil,Spanish,2025-02-20,Partner Bundle,18-24,Active
USR008507,United Kingdom,German,2025-03-03,Paid Ads,35-44,Inactive
USR008508,Australia,Bengali,2025-02-08,Referral,25-34,Active
USR008509,Singapore,Spanish,2025-05-16,App Store,25-34,Active
USR008510,India,Spanish,2025-01-12,Referral,18-24,Active
USR008511,India,Tamil,2025-03-03,Paid Ads,35-44,Active
USR008512,India,Bengali,2025-05-06,Organic Search,18-24,Active
USR008513,United Kingdom,English,2025-05-28,Social Media,35-44,Active
USR008514,India,Telugu,2025-06-17,Social Media,45-54,Active
USR008515,Singapore,Telugu,2025-02-18,Organic Search,45-54,Active
USR008516,United States,Spanish,2025-06-22,Organic Search,55+,Active
USR008517,Singapore,Spanish,2025-05-28,Paid Ads,25-34,Inactive
USR008518,India,Portuguese,2025-06-03,Organic Search,55+,Inactive
USR008519,Australia,English,2025-09-08,Organic Search,25-34,Active
USR008520,Canada,English,2025-04-22,Social Media,35-44,Active
USR008521,United States,Hindi,2025-05-11,Organic Search,25-34,Inactive
USR008522,UAE,Tamil,2025-05-22,Organic Search,55+,Active
USR008523,United States,Bengali,2025-03-06,App Store,25-34,Active
USR008524,India,English,2025-08-30,Social Media,25-34,Inactive
USR008525,Brazil,English,2025-03-25,Social Media,35-44,Active
USR008526,United States,Hindi,2025-05-14,Referral,25-34,Active
USR008527,India,Telugu,2025-02-28,Organic Search,25-34,Active
USR008528,United States,French,2025-01-19,Partner Bundle,25-34,Active
USR008529,United Kingdom,English,2025-06-03,App Store,25-34,Inactive
USR008530,United States,Bengali,2025-05-11,Social Media,18-24,Active
USR008531,Canada,French,2025-01-29,Organic Search,25-34,Active
USR008532,Canada,Telugu,2025-04-05,Referral,25-34,Active
USR008533,India,Bengali,2025-02-01,Referral,55+,Active
USR008534,India,English,2025-03-04,Social Media,35-44,Active
USR008535,Australia,Hindi,2025-04-14,Social Media,18-24,Active
USR008536,Canada,Hindi,2025-02-06,Referral,45-54,Active
USR008537,India,German,2025-02-16,App Store,35-44,Active
USR008538,India,German,2025-05-21,Organic Search,25-34,Active
USR008539,Singapore,Tamil,2025-04-08,Referral,25-34,Active
USR008540,UAE,Hindi,2025-07-26,Social Media,18-24,Active
USR008541,Canada,Bengali,2025-06-11,Referral,55+,Active
USR008542,India,English,2025-03-18,Partner Bundle,45-54,Active
USR008543,United Kingdom,Portuguese,2025-09-23,Referral,18-24,Active
USR008544,India,German,2025-07-26,Paid Ads,35-44,Active
USR008545,Canada,Bengali,2025-04-25,Partner Bundle,25-34,Inactive
USR008546,Australia,Bengali,2025-02-24,Social Media,45-54,Active
USR008547,United States,Hindi,2025-06-07,Social Media,35-44,Active
USR008548,India,Portuguese,2025-06-02,Organic Search,25-34,Active
USR008549,Canada,Tamil,2025-03-26,Paid Ads,25-34,Active
USR008550,France,Spanish,2025-04-20,Organic Search,35-44,Active
USR008551,United Kingdom,English,2025-04-10,Organic Search,35-44,Active
USR008552,Australia,Portuguese,2025-07-05,Partner Bundle,35-44,Active
USR008553,India,Spanish,2025-06-18,Paid Ads,45-54,Inactive
USR008554,Australia,English,2025-04-20,App Store,35-44,Active
USR008555,United Kingdom,German,2025-05-30,Partner Bundle,18-24,Active
USR008556,India,Bengali,2025-03-21,Partner Bundle,45-54,Active
USR008557,Canada,Telugu,2025-03-01,Social Media,25-34,Active
USR008558,Canada,German,2025-04-04,Referral,55+,Inactive
USR008559,United Kingdom,Hindi,2025-08-01,Partner Bundle,45-54,Inactive
USR008560,India,Hindi,2025-02-10,Organic Search,45-54,Active
USR008561,India,Spanish,2025-05-04,Partner Bundle,35-44,Active
USR008562,Brazil,Tamil,2025-03-15,App Store,35-44,Active
USR008563,United States,French,2025-05-22,Referral,25-34,Active
USR008564,India,Portuguese,2025-01-13,Referral,35-44,Active
USR008565,UAE,Spanish,2025-03-04,Organic Search,25-34,Active
USR008566,India,Tamil,2025-04-16,Referral,18-24,Active
USR008567,United States,French,2025-01-18,Organic Search,25-34,Active
USR008568,India,English,2025-09-07,Organic Search,35-44,Active
USR008569,Brazil,English,2025-07-07,App Store,45-54,Inactive
USR008570,United States,Bengali,2025-03-05,Referral,25-34,Inactive
USR008571,Australia,Spanish,2025-02-16,Paid Ads,25-34,Active
USR008572,United Kingdom,Hindi,2025-01-23,Partner Bundle,18-24,Active
USR008573,India,English,2025-03-31,Organic Search,25-34,Active
USR008574,United States,Bengali,2025-05-22,Organic Search,25-34,Active
USR008575,United States,Portuguese,2025-03-09,Referral,25-34,Active
USR008576,Brazil,English,2025-01-21,Partner Bundle,18-24,Active
USR008577,France,Bengali,2025-04-18,App Store,35-44,Inactive
USR008578,France,English,2025-03-03,Paid Ads,18-24,Active
USR008579,India,Hindi,2025-04-01,Paid Ads,35-44,Active
USR008580,India,English,2025-03-27,Social Media,25-34,Active
USR008581,United States,Hindi,2025-03-27,Social Media,25-34,Active
USR008582,Canada,Hindi,2025-07-02,Partner Bundle,18-24,Active
USR008583,Australia,German,2025-07-01,App Store,55+,Active
USR008584,France,Spanish,2025-07-17,Paid Ads,18-24,Active
USR008585,UAE,English,2025-04-15,Paid Ads,25-34,Inactive
USR008586,India,Hindi,2025-01-25,Referral,18-24,Active
USR008587,Germany,French,2025-04-30,Social Media,25-34,Inactive
USR008588,United Kingdom,Telugu,2025-07-05,Social Media,35-44,Inactive
USR008589,United Kingdom,English,2025-05-25,Organic Search,25-34,Active
USR008590,Canada,German,2025-04-30,Organic Search,35-44,Active
USR008591,UAE,Hindi,2025-06-26,Social Media,35-44,Active
USR008592,United Kingdom,Bengali,2025-06-17,Organic Search,45-54,Active
USR008593,India,Hindi,2025-06-24,Social Media,45-54,Active
USR008594,United States,French,2025-04-18,Organic Search,35-44,Active
USR008595,Singapore,Tamil,2025-06-19,Social Media,35-44,Active
USR008596,France,Portuguese,2025-02-17,Social Media,35-44,Active
USR008597,India,French,2025-06-11,App Store,18-24,Active
USR008598,Australia,French,2025-04-10,Paid Ads,45-54,Active
USR008599,India,Telugu,2025-03-24,App Store,25-34,Inactive
USR008600,United States,English,2025-03-10,Social Media,35-44,Active
USR008601,United States,German,2025-02-06,App Store,25-34,Active
USR008602,United States,German,2025-03-01,Partner Bundle,45-54,Active
USR008603,India,English,2025-06-05,Organic Search,25-34,Inactive
USR008604,Germany,Tamil,2025-07-15,Paid Ads,35-44,Active
USR008605,France,Portuguese,2025-03-17,Organic Search,25-34,Active
USR008606,United Kingdom,Telugu,2025-02-05,Referral,35-44,Active
USR008607,India,Hindi,2025-05-16,Organic Search,25-34,Active
USR008608,India,French,2025-04-11,App Store,45-54,Active
USR008609,India,Bengali,2025-02-01,Social Media,25-34,Active
USR008610,India,English,2025-03-24,Referral,25-34,Active
USR008611,UAE,Tamil,2025-07-07,Referral,35-44,Active
USR008612,United States,Spanish,2025-03-04,Organic Search,18-24,Inactive
USR008613,India,Spanish,2025-05-25,Organic Search,25-34,Active
USR008614,India,English,2025-03-10,Referral,55+,Inactive
USR008615,Singapore,Bengali,2025-05-24,Social Media,45-54,Active
USR008616,United States,German,2025-06-29,Organic Search,25-34,Active
USR008617,United States,English,2025-04-26,Social Media,25-34,Active
USR008618,United Kingdom,German,2025-01-28,Organic Search,35-44,Inactive
USR008619,India,German,2025-06-11,Organic Search,25-34,Active
USR008620,Brazil,Portuguese,2025-05-07,Social Media,25-34,Active
USR008621,India,Spanish,2025-07-29,Paid Ads,55+,Inactive
USR008622,Australia,Portuguese,2025-02-12,Organic Search,18-24,Active
USR008623,India,Bengali,2025-04-12,Referral,45-54,Inactive
USR008624,United States,Hindi,2025-09-10,Organic Search,25-34,Active
USR008625,UAE,Portuguese,2025-03-03,Organic Search,25-34,Active
USR008626,Germany,German,2025-02-07,Organic Search,25-34,Inactive
USR008627,India,Bengali,2025-05-08,Organic Search,25-34,Active
USR008628,United Kingdom,Bengali,2025-05-13,Referral,25-34,Active
USR008629,India,French,2025-03-08,Social Media,25-34,Active
USR008630,Brazil,English,2025-06-23,Referral,45-54,Active
USR008631,Australia,Portuguese,2025-04-22,Social Media,25-34,Active
USR008632,United States,Tamil,2025-05-06,App Store,45-54,Active
USR008633,India,Hindi,2025-05-13,App Store,55+,Inactive
USR008634,India,French,2025-05-13,Paid Ads,25-34,Active
USR008635,Germany,German,2025-06-22,Social Media,35-44,Active
USR008636,United States,Tamil,2025-06-02,Organic Search,25-34,Active
USR008637,India,German,2025-01-26,Paid Ads,45-54,Active
USR008638,UAE,Portuguese,2025-03-14,Partner Bundle,25-34,Inactive
USR008639,India,Hindi,2025-05-22,App Store,35-44,Active
USR008640,India,Spanish,2025-03-22,Social Media,25-34,Active
USR008641,United States,Spanish,2025-03-26,Organic Search,35-44,Active
USR008642,India,Spanish,2025-06-15,App Store,35-44,Active
USR008643,United Kingdom,Tamil,2025-03-22,Social Media,18-24,Active
USR008644,United Kingdom,Bengali,2025-04-05,Referral,35-44,Inactive
USR008645,India,German,2025-04-13,Organic Search,45-54,Inactive
USR008646,India,Tamil,2025-05-10,App Store,25-34,Active
USR008647,India,English,2025-08-23,Organic Search,25-34,Active
USR008648,India,Spanish,2025-05-01,Paid Ads,25-34,Active
USR008649,India,French,2025-04-03,Paid Ads,25-34,Active
USR008650,India,Telugu,2025-02-25,Social Media,25-34,Active
USR008651,United States,German,2025-05-10,Referral,35-44,Inactive
USR008652,Germany,English,2025-03-12,Referral,25-34,Active
USR008653,India,Spanish,2025-03-14,Organic Search,35-44,Active
USR008654,Canada,Hindi,2025-07-09,Organic Search,55+,Inactive
USR008655,India,Tamil,2025-03-31,App Store,35-44,Active
USR008656,Canada,German,2025-09-23,Paid Ads,25-34,Active
USR008657,Germany,Spanish,2025-07-29,Paid Ads,25-34,Active
USR008658,United Kingdom,Hindi,2025-03-11,Organic Search,25-34,Active
USR008659,India,English,2025-07-01,Social Media,18-24,Active
USR008660,India,Hindi,2025-03-29,Organic Search,35-44,Active
USR008661,Germany,German,2025-02-08,Paid Ads,35-44,Active
USR008662,United States,German,2025-04-02,Organic Search,45-54,Active
USR008663,India,Portuguese,2025-07-10,Organic Search,18-24,Active
USR008664,Singapore,Tamil,2025-03-07,Referral,45-54,Inactive
USR008665,Canada,Spanish,2025-03-27,Social Media,45-54,Active
USR008666,Germany,Spanish,2025-04-18,Organic Search,18-24,Inactive
USR008667,India,Spanish,2025-05-28,Paid Ads,55+,Active
USR008668,India,Bengali,2025-02-08,Partner Bundle,18-24,Inactive
USR008669,United States,Portuguese,2025-06-19,Social Media,45-54,Active
USR008670,United Kingdom,Spanish,2025-03-05,Referral,25-34,Inactive
USR008671,India,English,2025-07-16,Paid Ads,45-54,Inactive
USR008672,United States,Bengali,2025-05-28,Referral,35-44,Active
USR008673,Canada,Hindi,2025-07-13,Social Media,18-24,Active
USR008674,United States,Telugu,2025-03-12,Referral,25-34,Inactive
USR008675,Australia,Telugu,2025-03-31,Paid Ads,55+,Active
USR008676,United States,Portuguese,2025-05-10,Partner Bundle,18-24,Active
USR008677,United States,Bengali,2025-06-21,App Store,18-24,Active
USR008678,India,Portuguese,2025-04-10,Social Media,18-24,Inactive
USR008679,Canada,English,2025-07-07,Paid Ads,35-44,Inactive
USR008680,India,Spanish,2025-02-21,Partner Bundle,18-24,Active
USR008681,France,French,2025-03-29,Referral,25-34,Active
USR008682,United Kingdom,Spanish,2025-05-02,Organic Search,18-24,Active
USR008683,United Kingdom,Bengali,2025-03-28,Paid Ads,35-44,Active
USR008684,Singapore,Telugu,2025-01-22,Referral,25-34,Active
USR008685,India,German,2025-03-05,Organic Search,35-44,Active
USR008686,United Kingdom,German,2025-03-12,Organic Search,18-24,Active
USR008687,United States,French,2025-04-23,Paid Ads,25-34,Active
USR008688,Brazil,German,2025-04-04,Partner Bundle,45-54,Active
USR008689,Germany,German,2025-04-20,Organic Search,25-34,Inactive
USR008690,Germany,French,2025-03-03,Referral,18-24,Active
USR008691,India,German,2025-05-23,Referral,25-34,Active
USR008692,India,Telugu,2025-02-16,Social Media,25-34,Active
USR008693,India,Portuguese,2025-06-07,Partner Bundle,25-34,Active
USR008694,Canada,Telugu,2025-08-15,Partner Bundle,35-44,Active
USR008695,United States,English,2025-06-30,Organic Search,18-24,Active
USR008696,India,Portuguese,2025-02-21,Paid Ads,25-34,Active
USR008697,Canada,Spanish,2025-04-20,App Store,25-34,Active
USR008698,France,Hindi,2025-06-21,Partner Bundle,25-34,Active
USR008699,India,Portuguese,2025-04-13,Organic Search,18-24,Active
USR008700,Singapore,Hindi,2025-08-13,Partner Bundle,25-34,Active
USR008701,India,Portuguese,2025-04-12,Organic Search,35-44,Active
USR008702,India,German,2025-06-13,App Store,25-34,Active
USR008703,France,Tamil,2025-03-22,App Store,18-24,Active
USR008704,United States,Telugu,2025-05-21,App Store,35-44,Inactive
USR008705,Singapore,Telugu,2025-03-21,Social Media,45-54,Inactive
USR008706,United States,French,2025-03-25,Paid Ads,45-54,Active
USR008707,Singapore,French,2025-06-24,Organic Search,45-54,Active
USR008708,India,German,2025-01-12,Social Media,18-24,Active
USR008709,United Kingdom,Portuguese,2025-01-28,App Store,35-44,Inactive
USR008710,Brazil,English,2025-02-04,Referral,55+,Active
USR008711,United States,Bengali,2025-07-29,Social Media,35-44,Active
USR008712,India,Bengali,2025-02-23,Paid Ads,25-34,Active
USR008713,India,Telugu,2025-10-09,App Store,35-44,Inactive
USR008714,France,Tamil,2025-01-29,Referral,25-34,Active
USR008715,United States,Spanish,2025-01-20,Organic Search,25-34,Active
USR008716,United Kingdom,Bengali,2025-03-09,Referral,35-44,Inactive
USR008717,Germany,Telugu,2025-04-07,Referral,18-24,Inactive
USR008718,France,Bengali,2025-06-01,Paid Ads,18-24,Inactive
USR008719,United States,Hindi,2025-03-07,App Store,25-34,Active
USR008720,France,Bengali,2025-07-24,Partner Bundle,55+,Active
USR008721,United States,Telugu,2025-06-23,Organic Search,18-24,Active
USR008722,Canada,Tamil,2025-03-24,Organic Search,25-34,Inactive
USR008723,India,Portuguese,2025-06-05,App Store,25-34,Active
USR008724,India,Bengali,2025-03-24,Referral,18-24,Active
USR008725,France,German,2025-03-10,Paid Ads,25-34,Active
USR008726,India,German,2025-06-06,Social Media,18-24,Active
USR008727,India,Portuguese,2025-03-19,App Store,35-44,Active
USR008728,Canada,Bengali,2025-05-27,Social Media,25-34,Active
USR008729,United Kingdom,French,2025-04-14,Partner Bundle,35-44,Active
USR008730,India,Portuguese,2025-06-25,Social Media,35-44,Active
USR008731,Germany,Tamil,2025-05-07,Social Media,25-34,Active
USR008732,United Kingdom,German,2025-06-06,Organic Search,18-24,Inactive
USR008733,France,Telugu,2025-04-05,App Store,25-34,Active
USR008734,United Kingdom,Portuguese,2025-07-13,Partner Bundle,25-34,Active
USR008735,United States,English,2025-03-03,Partner Bundle,25-34,Active
USR008736,United States,Portuguese,2025-06-03,Paid Ads,55+,Active
USR008737,India,German,2025-01-29,Social Media,25-34,Active
USR008738,India,Portuguese,2025-05-22,Social Media,25-34,Active
USR008739,India,German,2025-05-25,Social Media,18-24,Active
USR008740,Singapore,Telugu,2025-08-15,Paid Ads,25-34,Inactive
USR008741,UAE,Telugu,2025-05-29,Social Media,35-44,Active
USR008742,United States,Portuguese,2025-02-18,App Store,45-54,Active
USR008743,India,German,2025-04-23,Partner Bundle,35-44,Active
USR008744,India,Telugu,2025-03-08,Organic Search,35-44,Active
USR008745,India,German,2025-03-02,Organic Search,55+,Inactive
USR008746,UAE,French,2025-04-08,Organic Search,25-34,Active
USR008747,United Kingdom,English,2025-01-07,Organic Search,25-34,Active
USR008748,Germany,German,2025-08-06,Paid Ads,18-24,Active
USR008749,United States,French,2025-05-05,Referral,35-44,Active
USR008750,United Kingdom,English,2025-02-18,Referral,45-54,Active
USR008751,United Kingdom,English,2025-03-13,Referral,25-34,Active
USR008752,India,German,2025-04-11,Organic Search,45-54,Inactive
USR008753,United States,Portuguese,2025-03-01,Social Media,35-44,Inactive
USR008754,UAE,English,2025-03-06,Organic Search,35-44,Inactive
USR008755,United States,Bengali,2025-04-17,Referral,35-44,Active
USR008756,United States,Portuguese,2025-07-15,App Store,35-44,Active
USR008757,United Kingdom,French,2025-06-30,Partner Bundle,55+,Active
USR008758,United States,Bengali,2025-05-31,Referral,25-34,Active
USR008759,United States,English,2025-02-17,Organic Search,18-24,Active
USR008760,India,French,2025-03-15,Social Media,35-44,Inactive
USR008761,Brazil,Hindi,2025-05-25,Social Media,18-24,Inactive
USR008762,India,French,2025-03-03,Organic Search,45-54,Active
USR008763,United States,Hindi,2025-05-11,Partner Bundle,55+,Active
USR008764,India,Spanish,2025-01-17,Organic Search,35-44,Active
USR008765,India,English,2025-05-12,Referral,25-34,Inactive
USR008766,Canada,Spanish,2025-08-11,App Store,25-34,Active
USR008767,Brazil,Telugu,2025-07-11,Partner Bundle,18-24,Active
USR008768,Australia,Bengali,2025-07-11,Organic Search,18-24,Active
USR008769,India,Tamil,2025-06-02,Organic Search,25-34,Active
USR008770,United States,English,2025-05-01,Referral,35-44,Active
USR008771,India,Telugu,2025-08-17,Social Media,25-34,Active
USR008772,United Kingdom,Spanish,2025-03-06,Organic Search,25-34,Active
USR008773,India,Portuguese,2025-05-27,Organic Search,35-44,Inactive
USR008774,Germany,Hindi,2025-06-17,Social Media,25-34,Active
USR008775,India,Portuguese,2025-03-08,Social Media,35-44,Active
USR008776,India,Hindi,2025-04-11,Organic Search,35-44,Active
USR008777,UAE,Hindi,2025-04-12,Social Media,35-44,Active
USR008778,Singapore,French,2025-07-02,Organic Search,35-44,Active
USR008779,India,Hindi,2025-04-08,Partner Bundle,18-24,Inactive
USR008780,India,Telugu,2025-03-22,Referral,35-44,Active
USR008781,Australia,Spanish,2025-06-26,Referral,35-44,Inactive
USR008782,United Kingdom,French,2025-08-09,Organic Search,35-44,Active
USR008783,Singapore,English,2025-08-03,App Store,35-44,Active
USR008784,United States,French,2025-02-03,Organic Search,55+,Active
USR008785,India,French,2025-06-15,Partner Bundle,25-34,Active
USR008786,India,French,2025-02-02,App Store,18-24,Active
USR008787,United Kingdom,Portuguese,2025-07-07,Referral,25-34,Active
USR008788,Germany,Spanish,2025-07-29,Paid Ads,18-24,Inactive
USR008789,Germany,Telugu,2025-04-16,Organic Search,45-54,Inactive
USR008790,Singapore,French,2025-02-11,Referral,25-34,Active
USR008791,India,English,2025-06-13,App Store,55+,Active
USR008792,Australia,Spanish,2025-01-27,Organic Search,18-24,Active
USR008793,France,Portuguese,2025-02-04,Organic Search,25-34,Active
USR008794,France,Tamil,2025-07-07,App Store,18-24,Active
USR008795,United States,Bengali,2025-02-12,Social Media,25-34,Active
USR008796,Canada,Portuguese,2025-08-23,Paid Ads,25-34,Inactive
USR008797,United Kingdom,Bengali,2025-07-21,App Store,35-44,Active
USR008798,United Kingdom,German,2025-03-19,Organic Search,18-24,Active
USR008799,India,Tamil,2025-01-29,Referral,25-34,Active
USR008800,Canada,Hindi,2025-02-18,Referral,25-34,Active
USR008801,Australia,Portuguese,2025-06-29,Referral,35-44,Active
USR008802,India,Tamil,2025-09-26,App Store,25-34,Inactive
USR008803,United States,Bengali,2025-03-15,Referral,25-34,Active
USR008804,United States,Telugu,2025-07-23,Social Media,25-34,Active
USR008805,Australia,Hindi,2025-05-15,App Store,45-54,Active
USR008806,Canada,Hindi,2025-05-01,Partner Bundle,45-54,Active
USR008807,United States,German,2025-05-19,Social Media,55+,Active
USR008808,Canada,Spanish,2025-05-13,Paid Ads,45-54,Active
USR008809,India,English,2025-02-15,Organic Search,45-54,Inactive
USR008810,India,Spanish,2025-06-08,Organic Search,55+,Active
USR008811,India,Telugu,2025-06-25,Social Media,45-54,Active
USR008812,India,Portuguese,2025-02-22,Social Media,25-34,Inactive
USR008813,Australia,French,2025-07-21,Organic Search,45-54,Inactive
USR008814,Brazil,Bengali,2025-04-14,Organic Search,35-44,Inactive
USR008815,India,Tamil,2025-01-21,Paid Ads,35-44,Inactive
USR008816,Singapore,French,2025-02-18,Paid Ads,18-24,Active
USR008817,United Kingdom,Spanish,2025-02-12,Organic Search,18-24,Active
USR008818,India,German,2025-03-21,Referral,25-34,Active
USR008819,India,Spanish,2025-06-26,Referral,45-54,Active
USR008820,Australia,Bengali,2025-06-11,Referral,25-34,Active
USR008821,Australia,Tamil,2025-01-27,Partner Bundle,25-34,Active
USR008822,India,Tamil,2025-02-08,Social Media,55+,Inactive
USR008823,India,Telugu,2025-09-17,Referral,25-34,Active
USR008824,UAE,Telugu,2025-01-15,Social Media,35-44,Inactive
USR008825,India,Bengali,2025-05-02,Organic Search,45-54,Inactive
USR008826,France,German,2025-01-14,App Store,45-54,Active
USR008827,India,German,2025-02-12,Partner Bundle,25-34,Active
USR008828,United States,Tamil,2025-08-10,Social Media,18-24,Inactive
USR008829,United States,French,2025-05-01,App Store,45-54,Inactive
USR008830,United States,Hindi,2025-01-19,Social Media,35-44,Active
USR008831,India,Hindi,2025-03-02,Referral,35-44,Active
USR008832,India,Hindi,2025-02-08,Organic Search,35-44,Active
USR008833,Australia,Hindi,2025-06-29,Referral,18-24,Active
USR008834,India,German,2025-03-17,Partner Bundle,25-34,Active
USR008835,United Kingdom,Hindi,2025-04-17,Organic Search,35-44,Active
USR008836,France,Telugu,2025-04-24,Organic Search,18-24,Inactive
USR008837,France,French,2025-07-19,Paid Ads,35-44,Active
USR008838,India,German,2025-06-17,Organic Search,18-24,Active
USR008839,Canada,Hindi,2025-08-01,Social Media,18-24,Active
USR008840,United Kingdom,English,2025-02-19,Social Media,45-54,Inactive
USR008841,India,Portuguese,2025-01-29,Partner Bundle,45-54,Active
USR008842,United States,Tamil,2025-04-09,Referral,25-34,Active
USR008843,India,German,2025-08-30,Organic Search,45-54,Active
USR008844,United Kingdom,German,2025-06-23,Organic Search,18-24,Active
USR008845,Germany,Hindi,2025-06-01,Social Media,25-34,Active
USR008846,UAE,Bengali,2025-05-01,Social Media,25-34,Inactive
USR008847,Australia,French,2025-02-23,Social Media,25-34,Active
USR008848,United States,French,2025-05-19,Referral,25-34,Active
USR008849,Brazil,Bengali,2025-01-10,App Store,35-44,Active
USR008850,United Kingdom,French,2025-07-04,App Store,35-44,Active
USR008851,United States,English,2025-06-02,Referral,55+,Active
USR008852,France,French,2025-04-01,Paid Ads,18-24,Inactive
USR008853,India,English,2025-05-22,Paid Ads,45-54,Active
USR008854,India,Tamil,2025-03-07,Organic Search,45-54,Active
USR008855,Germany,Hindi,2025-03-18,Paid Ads,25-34,Active
USR008856,UAE,Portuguese,2025-06-09,App Store,25-34,Active
USR008857,India,French,2025-06-21,App Store,18-24,Active
USR008858,Germany,Bengali,2025-02-12,Referral,25-34,Active
USR008859,United States,Hindi,2025-03-18,Social Media,35-44,Active
USR008860,Australia,German,2025-04-12,Social Media,35-44,Inactive
USR008861,India,Bengali,2025-05-28,Referral,25-34,Active
USR008862,Brazil,English,2025-03-16,Social Media,35-44,Active
USR008863,UAE,Tamil,2025-05-29,Social Media,35-44,Active
USR008864,United States,Hindi,2025-08-12,Organic Search,25-34,Inactive
USR008865,UAE,German,2025-02-11,Organic Search,35-44,Inactive
USR008866,UAE,English,2025-06-10,Organic Search,25-34,Inactive
USR008867,United States,French,2025-02-09,Partner Bundle,35-44,Inactive
USR008868,Singapore,Spanish,2025-06-04,Social Media,18-24,Inactive
USR008869,Brazil,German,2025-03-05,Organic Search,35-44,Active
USR008870,India,Bengali,2025-06-04,Referral,35-44,Active
USR008871,India,Portuguese,2025-03-08,Paid Ads,55+,Active
USR008872,India,German,2025-03-08,Paid Ads,25-34,Active
USR008873,United States,Portuguese,2025-04-24,Partner Bundle,25-34,Active
USR008874,India,French,2025-02-26,Organic Search,25-34,Inactive
USR008875,India,German,2025-02-03,Partner Bundle,25-34,Active
USR008876,Brazil,Portuguese,2025-02-08,Partner Bundle,18-24,Inactive
USR008877,Australia,Portuguese,2025-02-03,Social Media,35-44,Active
USR008878,UAE,Hindi,2025-07-05,Partner Bundle,18-24,Active
USR008879,Brazil,German,2025-04-24,Organic Search,25-34,Active
USR008880,United States,Bengali,2025-07-12,Social Media,18-24,Inactive
USR008881,Canada,English,2025-03-01,Paid Ads,55+,Active
USR008882,India,French,2025-03-10,Partner Bundle,35-44,Active
USR008883,United Kingdom,Bengali,2025-08-04,Organic Search,25-34,Active
USR008884,India,Hindi,2025-02-10,Paid Ads,25-34,Active
USR008885,India,English,2025-04-11,Partner Bundle,25-34,Inactive
USR008886,India,Tamil,2025-06-13,Organic Search,25-34,Active
USR008887,United Kingdom,Tamil,2025-07-06,Organic Search,35-44,Active
USR008888,Singapore,English,2025-02-14,Paid Ads,18-24,Active
USR008889,India,Spanish,2025-05-22,Paid Ads,35-44,Active
USR008890,United States,Bengali,2025-02-26,Social Media,18-24,Active
USR008891,Canada,Portuguese,2025-09-23,Partner Bundle,45-54,Active
USR008892,United States,Bengali,2025-03-02,Social Media,25-34,Inactive
USR008893,Singapore,English,2025-04-11,Social Media,55+,Active
USR008894,India,French,2025-03-01,App Store,35-44,Active
USR008895,India,Portuguese,2025-06-30,Referral,25-34,Active
USR008896,United States,English,2025-07-09,Social Media,45-54,Active
USR008897,United Kingdom,French,2025-06-11,Referral,18-24,Active
USR008898,India,Telugu,2025-02-21,Paid Ads,35-44,Active
USR008899,India,Telugu,2025-06-13,Organic Search,25-34,Active
USR008900,Germany,Telugu,2025-02-04,Social Media,45-54,Active
USR008901,India,French,2025-01-24,App Store,45-54,Active
USR008902,United States,Bengali,2025-04-13,Paid Ads,35-44,Active
USR008903,Brazil,Spanish,2025-05-23,Organic Search,25-34,Active
USR008904,United Kingdom,Portuguese,2025-08-06,Referral,25-34,Active
USR008905,United States,Tamil,2025-01-18,Social Media,35-44,Active
USR008906,United States,Telugu,2025-02-07,App Store,25-34,Active
USR008907,United Kingdom,Portuguese,2025-03-11,Organic Search,35-44,Active
USR008908,Australia,French,2025-03-28,Organic Search,25-34,Active
USR008909,France,German,2025-08-14,Paid Ads,25-34,Active
USR008910,Canada,English,2025-04-22,Partner Bundle,25-34,Active
USR008911,Germany,Bengali,2025-05-07,Social Media,35-44,Active
USR008912,India,Hindi,2025-06-29,App Store,45-54,Active
USR008913,India,German,2025-06-19,Social Media,25-34,Active
USR008914,Australia,German,2025-05-07,Paid Ads,55+,Active
USR008915,India,French,2025-05-27,Referral,18-24,Active
USR008916,UAE,French,2025-05-25,Paid Ads,25-34,Active
USR008917,United Kingdom,Hindi,2025-01-05,Organic Search,25-34,Active
USR008918,United States,Spanish,2025-05-01,Referral,25-34,Active
USR008919,Germany,Hindi,2025-05-24,Partner Bundle,45-54,Active
USR008920,Australia,English,2025-06-26,Paid Ads,45-54,Inactive
USR008921,Australia,French,2025-06-12,Organic Search,25-34,Active
USR008922,Canada,Portuguese,2025-03-06,Social Media,35-44,Inactive
USR008923,United States,Tamil,2025-03-13,Paid Ads,35-44,Active
USR008924,Singapore,Bengali,2025-01-28,Organic Search,18-24,Active
USR008925,UAE,Hindi,2025-02-05,Organic Search,25-34,Active
USR008926,India,Hindi,2025-05-25,App Store,18-24,Inactive
USR008927,Germany,Hindi,2025-03-28,Referral,25-34,Inactive
USR008928,UAE,Bengali,2025-07-04,Paid Ads,18-24,Active
USR008929,United Kingdom,English,2025-02-13,Organic Search,45-54,Active
USR008930,United Kingdom,German,2025-01-26,Social Media,45-54,Active
USR008931,Canada,French,2025-07-17,Referral,35-44,Active
USR008932,India,English,2025-03-25,Paid Ads,55+,Active
USR008933,India,Telugu,2025-03-26,App Store,35-44,Active
USR008934,France,English,2025-01-09,Social Media,25-34,Active
USR008935,United Kingdom,Tamil,2025-05-08,Partner Bundle,45-54,Inactive
USR008936,India,English,2025-03-27,Paid Ads,25-34,Active
USR008937,United States,Portuguese,2025-02-10,Social Media,25-34,Inactive
USR008938,India,Spanish,2025-05-02,Paid Ads,35-44,Active
USR008939,UAE,Hindi,2025-06-20,Paid Ads,18-24,Active
USR008940,United States,Telugu,2025-03-14,Organic Search,35-44,Inactive
USR008941,United Kingdom,English,2025-05-29,Organic Search,25-34,Active
USR008942,India,Telugu,2025-05-30,Organic Search,35-44,Active
USR008943,Germany,Portuguese,2025-01-15,Partner Bundle,45-54,Active
USR008944,Singapore,French,2025-02-04,App Store,25-34,Active
USR008945,Germany,Hindi,2025-02-23,Organic Search,25-34,Inactive
USR008946,United States,French,2025-02-24,Paid Ads,25-34,Active
USR008947,France,Portuguese,2025-04-09,Partner Bundle,25-34,Active
USR008948,India,Bengali,2025-06-20,Partner Bundle,45-54,Inactive
USR008949,India,German,2025-04-15,Referral,25-34,Inactive
USR008950,United States,Bengali,2025-05-09,Paid Ads,35-44,Active
USR008951,India,Telugu,2025-05-26,Social Media,35-44,Inactive
USR008952,India,French,2025-04-19,Organic Search,35-44,Active
USR008953,United Kingdom,Spanish,2025-03-06,Referral,25-34,Active
USR008954,United States,English,2025-02-16,Social Media,25-34,Active
USR008955,UAE,Spanish,2025-03-15,Social Media,35-44,Active
USR008956,India,Bengali,2025-06-27,Organic Search,25-34,Active
USR008957,Brazil,Portuguese,2025-03-08,Paid Ads,25-34,Active
USR008958,United States,Portuguese,2025-01-20,Partner Bundle,35-44,Inactive
USR008959,United States,German,2025-05-13,Paid Ads,35-44,Inactive
USR008960,India,French,2025-01-20,Referral,35-44,Active
USR008961,United Kingdom,Tamil,2025-03-18,Social Media,18-24,Inactive
USR008962,Brazil,Telugu,2025-03-04,Referral,55+,Active
USR008963,Australia,Tamil,2025-04-10,Paid Ads,35-44,Active
USR008964,India,German,2025-02-16,Organic Search,25-34,Active
USR008965,United States,Hindi,2025-04-01,App Store,35-44,Inactive
USR008966,United States,Spanish,2025-04-15,Organic Search,35-44,Active
USR008967,India,Portuguese,2025-01-14,App Store,35-44,Active
USR008968,UAE,Telugu,2025-02-03,Referral,35-44,Active
USR008969,United States,Hindi,2025-06-05,Social Media,18-24,Active
USR008970,United States,English,2025-04-17,Organic Search,25-34,Inactive
USR008971,India,English,2025-05-17,Referral,35-44,Active
USR008972,India,English,2025-03-26,Organic Search,18-24,Inactive
USR008973,UAE,Tamil,2025-09-06,App Store,55+,Active
USR008974,India,German,2025-02-25,Social Media,18-24,Active
USR008975,United States,Telugu,2025-09-18,Organic Search,25-34,Active
USR008976,Australia,German,2025-02-07,Organic Search,45-54,Active
USR008977,India,Portuguese,2025-05-30,Referral,18-24,Active
USR008978,United States,English,2025-06-03,Referral,35-44,Active
USR008979,United Kingdom,Portuguese,2025-05-07,Social Media,25-34,Active
USR008980,Brazil,French,2025-05-10,App Store,35-44,Active
USR008981,Germany,Telugu,2025-02-01,Social Media,35-44,Active
USR008982,Brazil,Hindi,2025-05-08,Social Media,35-44,Active
USR008983,Australia,Spanish,2025-02-18,Organic Search,45-54,Active
USR008984,India,French,2025-03-16,Organic Search,18-24,Active
USR008985,India,German,2025-04-07,Organic Search,18-24,Active
USR008986,France,Hindi,2025-05-23,Organic Search,45-54,Inactive
USR008987,United States,Telugu,2025-02-19,Partner Bundle,35-44,Inactive
USR008988,United States,Tamil,2025-01-17,Paid Ads,45-54,Inactive
USR008989,Singapore,Portuguese,2025-05-30,Paid Ads,25-34,Active
USR008990,India,Telugu,2025-07-21,Organic Search,35-44,Active
USR008991,United Kingdom,Hindi,2025-07-02,Referral,35-44,Active
USR008992,Germany,Spanish,2025-05-11,Referral,18-24,Inactive
USR008993,Australia,Spanish,2025-06-15,Social Media,18-24,Inactive
USR008994,United States,Bengali,2025-05-29,Organic Search,25-34,Active
USR008995,United Kingdom,Bengali,2025-06-16,Paid Ads,25-34,Active
USR008996,India,Spanish,2025-06-20,Social Media,25-34,Inactive
USR008997,United Kingdom,Bengali,2025-02-23,Referral,25-34,Active
USR008998,United Kingdom,German,2025-04-19,Partner Bundle,45-54,Inactive
USR008999,UAE,French,2025-09-14,Referral,18-24,Active
USR009000,India,French,2025-04-06,Referral,25-34,Active
USR009001,France,French,2025-05-03,App Store,55+,Inactive
USR009002,Australia,English,2025-03-21,Paid Ads,35-44,Active
USR009003,Canada,Telugu,2025-07-17,Organic Search,25-34,Active
USR009004,United States,French,2025-03-09,Organic Search,35-44,Active
USR009005,United States,Hindi,2025-04-24,Organic Search,25-34,Active
USR009006,Australia,English,2025-01-14,Social Media,25-34,Active
USR009007,Brazil,Spanish,2025-02-05,Organic Search,18-24,Active
USR009008,United States,English,2025-10-02,Referral,18-24,Active
USR009009,Singapore,German,2025-06-06,App Store,25-34,Active
USR009010,United Kingdom,Tamil,2025-03-17,Partner Bundle,25-34,Active
USR009011,UAE,Tamil,2025-03-02,Paid Ads,25-34,Active
USR009012,India,Tamil,2025-05-05,App Store,35-44,Inactive
USR009013,Germany,Telugu,2025-06-22,Social Media,35-44,Inactive
USR009014,France,English,2025-01-20,Organic Search,18-24,Active
USR009015,France,French,2025-04-04,App Store,35-44,Active
USR009016,Germany,Portuguese,2025-03-02,App Store,25-34,Inactive
USR009017,India,Hindi,2025-07-06,Organic Search,35-44,Active
USR009018,United Kingdom,Bengali,2025-02-07,Referral,45-54,Inactive
USR009019,India,Telugu,2025-03-17,Partner Bundle,25-34,Inactive
USR009020,United States,Telugu,2025-02-17,Partner Bundle,25-34,Active
USR009021,India,Spanish,2025-04-09,Social Media,25-34,Active
USR009022,India,Hindi,2025-01-19,Social Media,35-44,Active
USR009023,Australia,Hindi,2025-04-23,Social Media,35-44,Active
USR009024,Canada,Spanish,2025-03-20,App Store,18-24,Active
USR009025,India,Spanish,2025-03-13,Paid Ads,35-44,Active
USR009026,Australia,Hindi,2025-03-06,Referral,25-34,Active
USR009027,India,Telugu,2025-03-08,Organic Search,55+,Active
USR009028,India,Hindi,2025-03-07,Social Media,18-24,Active
USR009029,Australia,Tamil,2025-04-02,Referral,55+,Inactive
USR009030,United States,German,2025-03-27,Referral,45-54,Active
USR009031,United Kingdom,Telugu,2025-01-22,Organic Search,45-54,Active
USR009032,India,Telugu,2025-02-13,Referral,18-24,Active
USR009033,United Kingdom,Bengali,2025-02-01,Referral,25-34,Active
USR009034,India,French,2025-02-12,App Store,35-44,Active
USR009035,India,German,2025-06-15,Organic Search,35-44,Active
USR009036,United States,French,2025-03-10,App Store,35-44,Inactive
USR009037,Germany,Telugu,2025-04-27,Organic Search,18-24,Active
USR009038,India,Spanish,2025-03-31,Referral,35-44,Active
USR009039,India,Hindi,2025-01-10,Organic Search,25-34,Inactive
USR009040,India,French,2025-02-09,App Store,25-34,Active
USR009041,United States,German,2025-03-25,Referral,35-44,Inactive
USR009042,India,English,2025-02-06,Paid Ads,25-34,Active
USR009043,India,Spanish,2025-02-20,Referral,35-44,Inactive
USR009044,Brazil,Bengali,2025-04-28,Referral,35-44,Active
USR009045,India,German,2025-07-03,Organic Search,35-44,Inactive
USR009046,United States,English,2025-04-12,Partner Bundle,35-44,Active
USR009047,Brazil,French,2025-05-18,Paid Ads,25-34,Active
USR009048,India,Bengali,2025-03-23,Referral,25-34,Inactive
USR009049,Australia,Bengali,2025-05-07,Organic Search,25-34,Inactive
USR009050,United States,Hindi,2025-03-17,Social Media,55+,Active
USR009051,UAE,Portuguese,2025-08-09,Social Media,45-54,Active
USR009052,Singapore,English,2025-02-22,Paid Ads,25-34,Active
USR009053,United States,Bengali,2025-04-12,Organic Search,35-44,Active
USR009054,India,Bengali,2025-06-12,Paid Ads,25-34,Active
USR009055,United States,Tamil,2025-03-04,Partner Bundle,25-34,Active
USR009056,Brazil,English,2025-05-01,App Store,35-44,Active
USR009057,India,Portuguese,2025-06-27,Social Media,25-34,Active
USR009058,Brazil,Spanish,2025-05-03,Organic Search,35-44,Active
USR009059,France,English,2025-02-19,Social Media,18-24,Active
USR009060,India,Telugu,2025-02-28,Social Media,45-54,Active
USR009061,Germany,German,2025-05-09,Referral,25-34,Active
USR009062,India,Hindi,2025-05-07,Organic Search,18-24,Active
USR009063,United Kingdom,English,2025-05-06,Referral,55+,Active
USR009064,United States,Tamil,2025-08-30,Referral,35-44,Inactive
USR009065,United States,English,2025-06-27,Partner Bundle,45-54,Inactive
USR009066,United States,Tamil,2025-01-21,Paid Ads,25-34,Inactive
USR009067,United States,English,2025-03-04,Organic Search,25-34,Active
USR009068,Canada,Telugu,2025-04-30,Organic Search,25-34,Active
USR009069,Australia,Telugu,2025-04-19,Referral,25-34,Active
USR009070,Brazil,French,2025-01-28,Partner Bundle,25-34,Inactive
USR009071,Germany,Telugu,2025-03-14,Referral,25-34,Active
USR009072,Canada,Bengali,2025-06-17,App Store,18-24,Active
USR009073,United States,Bengali,2025-01-23,Organic Search,18-24,Active
USR009074,India,Spanish,2025-01-17,Social Media,25-34,Active
USR009075,India,Bengali,2025-05-28,Organic Search,55+,Inactive
USR009076,United States,Spanish,2025-01-18,Organic Search,25-34,Active
USR009077,Canada,German,2025-07-06,App Store,45-54,Active
USR009078,Canada,English,2025-05-07,Paid Ads,25-34,Active
USR009079,Brazil,Telugu,2025-03-13,Social Media,25-34,Active
USR009080,United States,Bengali,2025-04-03,App Store,45-54,Active
USR009081,Canada,French,2025-06-04,Paid Ads,35-44,Active
USR009082,UAE,Telugu,2025-04-01,Referral,35-44,Active
USR009083,United States,Telugu,2025-04-09,Organic Search,25-34,Active
USR009084,United States,Tamil,2025-06-02,Partner Bundle,35-44,Inactive
USR009085,Singapore,German,2025-07-31,Paid Ads,18-24,Active
USR009086,United Kingdom,French,2025-03-09,App Store,25-34,Inactive
USR009087,Germany,German,2025-02-22,Partner Bundle,45-54,Active
USR009088,Singapore,Telugu,2025-08-26,Organic Search,25-34,Active
USR009089,United Kingdom,Bengali,2025-01-27,Paid Ads,35-44,Active
USR009090,India,French,2025-02-25,Organic Search,25-34,Active
USR009091,France,German,2025-01-27,Referral,25-34,Inactive
USR009092,France,Tamil,2025-05-03,Paid Ads,35-44,Active
USR009093,India,Portuguese,2025-05-01,Referral,18-24,Active
USR009094,United Kingdom,Tamil,2025-03-09,Referral,25-34,Inactive
USR009095,United States,Telugu,2025-07-25,Social Media,25-34,Active
USR009096,France,Bengali,2025-04-01,Paid Ads,35-44,Active
USR009097,India,Spanish,2025-06-02,Organic Search,25-34,Active
USR009098,United States,German,2025-05-01,Organic Search,45-54,Active
USR009099,United Kingdom,French,2025-03-31,Organic Search,55+,Inactive
USR009100,United States,English,2025-06-03,Organic Search,45-54,Active
USR009101,Brazil,French,2025-07-06,Social Media,45-54,Active
USR009102,Brazil,Hindi,2025-02-24,Organic Search,35-44,Active
USR009103,India,French,2025-04-30,Organic Search,35-44,Active
USR009104,India,Hindi,2025-03-01,Organic Search,45-54,Active
USR009105,India,French,2025-02-15,App Store,35-44,Active
USR009106,United States,French,2025-03-11,App Store,55+,Active
USR009107,Canada,Spanish,2025-06-18,Paid Ads,45-54,Active
USR009108,United States,German,2025-07-30,Referral,35-44,Active
USR009109,India,Portuguese,2025-08-26,App Store,25-34,Active
USR009110,India,English,2025-04-20,Social Media,25-34,Active
USR009111,India,Telugu,2025-06-29,Paid Ads,25-34,Active
USR009112,United States,English,2025-03-18,Social Media,25-34,Active
USR009113,Canada,English,2025-03-13,Social Media,45-54,Active
USR009114,India,Hindi,2025-07-01,Partner Bundle,45-54,Inactive
USR009115,India,Tamil,2025-05-04,App Store,25-34,Inactive
USR009116,Germany,Portuguese,2025-08-09,Social Media,35-44,Active
USR009117,France,Spanish,2025-01-23,Partner Bundle,18-24,Active
USR009118,India,German,2025-07-09,Organic Search,35-44,Active
USR009119,United States,Bengali,2025-03-30,Partner Bundle,25-34,Active
USR009120,India,Tamil,2025-05-20,App Store,55+,Active
USR009121,India,Spanish,2025-04-15,Paid Ads,18-24,Inactive
USR009122,Germany,Hindi,2025-05-07,Social Media,18-24,Active
USR009123,United States,Spanish,2025-05-12,App Store,35-44,Active
USR009124,United Kingdom,Tamil,2025-05-31,Organic Search,25-34,Active
USR009125,Singapore,German,2025-03-08,Organic Search,25-34,Active
USR009126,Australia,Bengali,2025-02-03,Referral,25-34,Active
USR009127,United States,Hindi,2025-06-18,Organic Search,25-34,Active
USR009128,United States,Hindi,2025-03-28,Social Media,55+,Active
USR009129,India,French,2025-02-04,Referral,25-34,Active
USR009130,Germany,Portuguese,2025-02-14,Organic Search,25-34,Active
USR009131,India,German,2025-04-09,Social Media,18-24,Inactive
USR009132,India,Telugu,2025-04-07,Social Media,18-24,Active
USR009133,India,Telugu,2025-01-26,Organic Search,35-44,Active
USR009134,India,Tamil,2025-05-14,Paid Ads,25-34,Active
USR009135,Canada,Tamil,2025-02-15,Referral,35-44,Active
USR009136,UAE,Portuguese,2025-01-07,Referral,35-44,Active
USR009137,Brazil,French,2025-02-12,Partner Bundle,25-34,Active
USR009138,Australia,Hindi,2025-02-09,Partner Bundle,35-44,Active
USR009139,India,Telugu,2025-02-28,Referral,18-24,Active
USR009140,India,Tamil,2025-02-24,Paid Ads,25-34,Active
USR009141,India,French,2025-03-04,App Store,25-34,Active
USR009142,India,English,2025-06-14,Organic Search,18-24,Active
USR009143,United Kingdom,French,2025-06-18,App Store,18-24,Active
USR009144,UAE,Tamil,2025-04-02,Organic Search,35-44,Active
USR009145,Canada,Spanish,2025-05-28,Organic Search,25-34,Active
USR009146,Germany,English,2025-05-06,Social Media,55+,Active
USR009147,United States,Hindi,2025-04-19,App Store,35-44,Active
USR009148,United States,Tamil,2025-04-19,Partner Bundle,18-24,Active
USR009149,Singapore,English,2025-03-15,Social Media,35-44,Active
USR009150,Australia,Tamil,2025-06-20,Paid Ads,45-54,Active
USR009151,United States,English,2025-03-05,Referral,55+,Inactive
USR009152,India,English,2025-03-30,Organic Search,25-34,Active
USR009153,India,Tamil,2025-06-30,App Store,25-34,Active
USR009154,France,English,2025-03-25,Referral,35-44,Active
USR009155,India,Portuguese,2025-02-12,Paid Ads,45-54,Active
USR009156,United States,Hindi,2025-06-06,Referral,35-44,Active
USR009157,Canada,Portuguese,2025-04-22,Organic Search,25-34,Active
USR009158,Australia,German,2025-03-19,App Store,18-24,Active
USR009159,India,German,2025-05-18,Organic Search,18-24,Active
USR009160,India,Bengali,2025-07-05,Paid Ads,35-44,Inactive
USR009161,Australia,English,2025-05-02,Organic Search,25-34,Active
USR009162,United States,Portuguese,2025-05-12,Referral,25-34,Inactive
USR009163,India,English,2025-07-12,Organic Search,25-34,Active
USR009164,Brazil,German,2025-07-21,Partner Bundle,35-44,Active
USR009165,Germany,Bengali,2025-03-04,Social Media,25-34,Active
USR009166,United Kingdom,English,2025-01-20,App Store,25-34,Active
USR009167,Australia,German,2025-04-10,App Store,35-44,Inactive
USR009168,India,Spanish,2025-03-19,Organic Search,35-44,Inactive
USR009169,Brazil,Bengali,2025-04-12,Referral,25-34,Inactive
USR009170,Brazil,Spanish,2025-05-14,Partner Bundle,35-44,Active
USR009171,Canada,Bengali,2025-06-03,Social Media,25-34,Active
USR009172,Canada,Hindi,2025-02-09,Organic Search,45-54,Active
USR009173,Australia,Spanish,2025-06-19,Paid Ads,55+,Active
USR009174,Canada,English,2025-05-15,Referral,35-44,Inactive
USR009175,United States,English,2025-04-11,Paid Ads,35-44,Active
USR009176,United Kingdom,French,2025-02-11,Referral,45-54,Active
USR009177,India,German,2025-03-25,Organic Search,18-24,Active
USR009178,United States,Spanish,2025-04-23,Referral,35-44,Active
USR009179,United States,Hindi,2025-01-26,Referral,35-44,Active
USR009180,India,English,2025-06-06,Organic Search,45-54,Active
USR009181,Germany,Spanish,2025-07-01,App Store,45-54,Active
USR009182,United States,English,2025-04-28,Social Media,25-34,Active
USR009183,United Kingdom,Tamil,2025-03-30,Paid Ads,25-34,Active
USR009184,India,Spanish,2025-05-16,Partner Bundle,25-34,Active
USR009185,United States,French,2025-05-20,Social Media,25-34,Active
USR009186,Germany,Bengali,2025-08-27,Referral,25-34,Inactive
USR009187,United States,German,2025-04-11,Organic Search,35-44,Active
USR009188,United Kingdom,German,2025-03-20,Social Media,18-24,Active
USR009189,Australia,Bengali,2025-04-12,Referral,35-44,Active
USR009190,United States,French,2025-03-31,Organic Search,25-34,Inactive
USR009191,United States,Bengali,2025-02-19,Organic Search,35-44,Active
USR009192,India,German,2025-03-24,Organic Search,35-44,Active
USR009193,United Kingdom,Tamil,2025-04-14,Paid Ads,35-44,Active
USR009194,Australia,English,2025-06-07,App Store,25-34,Inactive
USR009195,United Kingdom,Portuguese,2025-01-29,Organic Search,18-24,Active
USR009196,India,French,2025-05-27,Paid Ads,45-54,Active
USR009197,India,English,2025-08-14,Social Media,25-34,Active
USR009198,India,Telugu,2025-04-14,Social Media,18-24,Inactive
USR009199,India,French,2025-02-23,Social Media,18-24,Inactive
USR009200,United States,German,2025-06-25,App Store,18-24,Active
USR009201,India,Telugu,2025-04-28,Referral,35-44,Active
USR009202,Australia,Telugu,2025-06-07,Paid Ads,35-44,Active
USR009203,Brazil,Portuguese,2025-03-27,Organic Search,25-34,Active
USR009204,India,Portuguese,2025-07-08,Organic Search,35-44,Active
USR009205,UAE,Telugu,2025-05-05,Referral,45-54,Inactive
USR009206,Canada,Portuguese,2025-05-29,Paid Ads,25-34,Active
USR009207,UAE,German,2025-04-18,Organic Search,45-54,Active
USR009208,India,Hindi,2025-05-15,Referral,25-34,Active
USR009209,UAE,Portuguese,2025-01-03,Partner Bundle,45-54,Active
USR009210,Brazil,Tamil,2025-02-15,Referral,25-34,Active
USR009211,UAE,Tamil,2025-06-16,Referral,18-24,Active
USR009212,Germany,Portuguese,2025-07-05,Referral,25-34,Active
USR009213,India,English,2025-02-26,Paid Ads,25-34,Active
USR009214,India,Hindi,2025-04-02,Social Media,25-34,Active
USR009215,Singapore,Spanish,2025-05-07,Social Media,25-34,Inactive
USR009216,India,English,2025-01-26,Organic Search,55+,Active
USR009217,United States,French,2025-01-27,Partner Bundle,25-34,Active
USR009218,India,Hindi,2025-06-15,Organic Search,25-34,Active
USR009219,Canada,Spanish,2025-07-20,Referral,25-34,Active
USR009220,United Kingdom,Bengali,2025-04-11,Paid Ads,45-54,Active
USR009221,Brazil,French,2025-06-13,Paid Ads,25-34,Active
USR009222,UAE,Portuguese,2025-04-13,Paid Ads,45-54,Active
USR009223,United States,Tamil,2025-04-29,Social Media,25-34,Inactive
USR009224,United Kingdom,English,2025-03-29,Organic Search,25-34,Active
USR009225,United States,Tamil,2025-05-01,Partner Bundle,35-44,Active
USR009226,India,Telugu,2025-05-13,Organic Search,35-44,Inactive
USR009227,UAE,French,2025-02-21,Partner Bundle,35-44,Active
USR009228,United Kingdom,Bengali,2025-03-03,Organic Search,35-44,Active
USR009229,United States,Spanish,2025-01-12,Organic Search,25-34,Active
USR009230,India,Telugu,2025-04-18,Organic Search,25-34,Inactive
USR009231,Canada,Telugu,2025-06-07,Social Media,35-44,Active
USR009232,United States,French,2025-01-27,Organic Search,25-34,Active
USR009233,India,English,2025-04-03,Referral,25-34,Inactive
USR009234,UAE,Tamil,2025-06-25,Social Media,18-24,Inactive
USR009235,India,Telugu,2025-03-23,App Store,45-54,Active
USR009236,United States,Spanish,2025-01-16,Paid Ads,18-24,Active
USR009237,Germany,German,2025-04-05,Paid Ads,18-24,Active
USR009238,France,Bengali,2025-03-13,Referral,35-44,Active
USR009239,France,Telugu,2025-02-13,Organic Search,35-44,Inactive
USR009240,UAE,Hindi,2025-05-11,Paid Ads,25-34,Inactive
USR009241,India,French,2025-02-23,Social Media,35-44,Active
USR009242,Singapore,Telugu,2025-06-26,App Store,25-34,Active
USR009243,India,Portuguese,2025-04-03,Organic Search,35-44,Active
USR009244,India,Telugu,2025-05-16,Paid Ads,35-44,Active
USR009245,India,Bengali,2025-05-02,Referral,35-44,Active
USR009246,Singapore,Portuguese,2025-01-20,Organic Search,35-44,Active
USR009247,United States,English,2025-02-22,Organic Search,25-34,Active
USR009248,India,Spanish,2025-03-20,Partner Bundle,25-34,Inactive
USR009249,India,Tamil,2025-02-26,Social Media,25-34,Active
USR009250,India,Bengali,2025-04-19,Social Media,25-34,Active
USR009251,United Kingdom,Telugu,2025-04-01,App Store,55+,Active
USR009252,India,Tamil,2025-03-03,Paid Ads,45-54,Active
USR009253,United Kingdom,French,2025-05-01,Paid Ads,35-44,Active
USR009254,Germany,Bengali,2025-03-01,Paid Ads,25-34,Active
USR009255,United Kingdom,French,2025-05-31,Social Media,25-34,Active
USR009256,France,Tamil,2025-06-24,App Store,45-54,Active
USR009257,India,Spanish,2025-03-18,Organic Search,35-44,Active
USR009258,India,Telugu,2025-04-18,Social Media,25-34,Active
USR009259,Australia,Tamil,2025-04-23,Partner Bundle,18-24,Active
USR009260,France,Telugu,2025-04-15,Social Media,18-24,Inactive
USR009261,United States,German,2025-04-17,Organic Search,35-44,Active
USR009262,France,German,2025-02-10,Organic Search,25-34,Active
USR009263,United States,Hindi,2025-01-26,Partner Bundle,25-34,Active
USR009264,India,Tamil,2025-10-12,App Store,35-44,Active
USR009265,United States,English,2025-04-11,Organic Search,25-34,Active
USR009266,India,Telugu,2025-03-30,Partner Bundle,18-24,Active
USR009267,United States,Spanish,2025-04-04,Organic Search,25-34,Active
USR009268,India,Hindi,2025-04-17,Partner Bundle,18-24,Active
USR009269,India,Telugu,2025-02-04,App Store,25-34,Active
USR009270,UAE,Portuguese,2025-03-29,Partner Bundle,35-44,Active
USR009271,India,English,2025-02-28,Organic Search,18-24,Inactive
USR009272,India,Tamil,2025-01-26,Social Media,45-54,Inactive
USR009273,Brazil,Bengali,2025-06-08,Paid Ads,18-24,Inactive
USR009274,United Kingdom,Hindi,2025-06-18,Referral,25-34,Active
USR009275,United Kingdom,German,2025-05-05,Social Media,18-24,Inactive
USR009276,France,French,2025-04-01,Paid Ads,35-44,Active
USR009277,United Kingdom,Spanish,2025-02-04,App Store,45-54,Active
USR009278,India,Bengali,2025-07-11,Social Media,25-34,Inactive
USR009279,United States,Hindi,2025-01-23,Organic Search,25-34,Active
USR009280,Germany,English,2025-03-10,Referral,35-44,Inactive
USR009281,UAE,English,2025-07-10,Social Media,45-54,Inactive
USR009282,India,German,2025-03-28,App Store,45-54,Inactive
USR009283,India,Portuguese,2025-02-16,Organic Search,35-44,Inactive
USR009284,India,French,2025-06-05,Paid Ads,35-44,Active
USR009285,United Kingdom,Telugu,2025-09-22,Organic Search,35-44,Active
USR009286,India,Hindi,2025-04-18,Organic Search,25-34,Active
USR009287,UAE,Spanish,2025-07-03,Social Media,35-44,Active
USR009288,Brazil,Portuguese,2025-04-19,Organic Search,18-24,Active
USR009289,Canada,German,2025-05-30,Organic Search,55+,Active
USR009290,Brazil,Tamil,2025-04-20,App Store,18-24,Inactive
USR009291,India,Spanish,2025-09-21,Organic Search,25-34,Active
USR009292,France,Tamil,2025-01-09,Social Media,45-54,Inactive
USR009293,Canada,Bengali,2025-05-22,Partner Bundle,35-44,Active
USR009294,India,English,2025-01-12,App Store,18-24,Active
USR009295,India,Bengali,2025-04-01,Referral,35-44,Active
USR009296,United States,Bengali,2025-04-04,Organic Search,45-54,Inactive
USR009297,Germany,Telugu,2025-04-19,Partner Bundle,35-44,Active
USR009298,UAE,French,2025-02-22,Paid Ads,35-44,Active
USR009299,Canada,English,2025-06-06,Organic Search,25-34,Inactive
USR009300,Australia,Hindi,2025-02-16,Partner Bundle,25-34,Active
USR009301,India,Spanish,2025-03-08,Organic Search,25-34,Inactive
USR009302,Australia,German,2025-02-24,Referral,45-54,Active
USR009303,United Kingdom,Spanish,2025-06-23,Social Media,35-44,Active
USR009304,India,Bengali,2025-02-17,Partner Bundle,18-24,Active
USR009305,Brazil,Tamil,2025-09-27,Partner Bundle,35-44,Active
USR009306,United States,Spanish,2025-03-11,Referral,35-44,Active
USR009307,Germany,Hindi,2025-03-23,Paid Ads,35-44,Active
USR009308,United Kingdom,Spanish,2025-05-16,App Store,55+,Inactive
USR009309,Singapore,Hindi,2025-05-09,App Store,25-34,Active
USR009310,India,Spanish,2025-07-14,Referral,35-44,Active
USR009311,United Kingdom,Portuguese,2025-06-23,Organic Search,35-44,Active
USR009312,India,English,2025-02-19,Social Media,45-54,Active
USR009313,India,Spanish,2025-04-27,Paid Ads,45-54,Active
USR009314,India,Telugu,2025-05-07,Paid Ads,35-44,Active
USR009315,United States,Hindi,2025-01-22,Social Media,25-34,Active
USR009316,France,Spanish,2025-03-18,App Store,18-24,Inactive
USR009317,United States,Tamil,2025-02-13,Social Media,45-54,Inactive
USR009318,United Kingdom,Hindi,2025-04-23,Paid Ads,45-54,Active
USR009319,Singapore,English,2025-01-22,Organic Search,25-34,Inactive
USR009320,Germany,Hindi,2025-02-09,Social Media,25-34,Active
USR009321,India,French,2025-04-25,Referral,55+,Active
USR009322,India,German,2025-02-25,Organic Search,25-34,Active
USR009323,India,English,2025-01-27,Organic Search,35-44,Active
USR009324,India,French,2025-05-15,Organic Search,35-44,Active
USR009325,India,German,2025-05-17,App Store,35-44,Active
USR009326,Australia,French,2025-04-15,Organic Search,18-24,Active
USR009327,India,Hindi,2025-03-16,App Store,35-44,Inactive
USR009328,United States,English,2025-04-12,Paid Ads,35-44,Inactive
USR009329,United States,French,2025-01-31,Paid Ads,35-44,Active
USR009330,United Kingdom,Hindi,2025-06-07,Paid Ads,55+,Active
USR009331,UAE,Portuguese,2025-06-24,Partner Bundle,45-54,Inactive
USR009332,Brazil,French,2025-03-24,Paid Ads,25-34,Active
USR009333,United Kingdom,Spanish,2025-06-09,Paid Ads,35-44,Active
USR009334,United States,Telugu,2025-01-31,Social Media,25-34,Inactive
USR009335,Canada,Spanish,2025-10-15,App Store,18-24,Active
USR009336,Canada,Bengali,2025-04-04,Organic Search,18-24,Active
USR009337,United Kingdom,German,2025-03-10,Social Media,18-24,Active
USR009338,Australia,French,2025-03-31,Social Media,35-44,Active
USR009339,United States,English,2025-07-14,Social Media,25-34,Active
USR009340,Brazil,German,2025-07-06,Referral,18-24,Active
USR009341,India,Portuguese,2025-04-17,Partner Bundle,25-34,Active
USR009342,United States,Bengali,2025-03-08,Partner Bundle,55+,Active
USR009343,United States,French,2025-02-16,Referral,25-34,Active
USR009344,Germany,Portuguese,2025-06-14,Organic Search,35-44,Active
USR009345,India,Telugu,2025-06-14,Referral,45-54,Inactive
USR009346,United States,Hindi,2025-05-15,Organic Search,45-54,Active
USR009347,Australia,Telugu,2025-05-10,Social Media,55+,Active
USR009348,United Kingdom,French,2025-03-05,Social Media,25-34,Inactive
USR009349,United Kingdom,German,2025-03-29,Paid Ads,25-34,Active
USR009350,United States,English,2025-06-30,Organic Search,25-34,Active
USR009351,Germany,French,2025-05-07,App Store,18-24,Active
USR009352,Canada,Hindi,2025-05-27,App Store,55+,Active
USR009353,UAE,Portuguese,2025-04-27,Organic Search,45-54,Inactive
USR009354,Australia,Bengali,2025-05-15,Organic Search,25-34,Inactive
USR009355,India,Spanish,2025-08-06,Partner Bundle,45-54,Active
USR009356,United Kingdom,Telugu,2025-02-24,Referral,45-54,Active
USR009357,India,Telugu,2025-05-10,Partner Bundle,25-34,Active
USR009358,United States,Tamil,2025-05-22,Social Media,55+,Inactive
USR009359,United States,Spanish,2025-04-21,Organic Search,25-34,Inactive
USR009360,France,Portuguese,2025-02-06,Social Media,35-44,Active
USR009361,India,Portuguese,2025-03-17,Partner Bundle,45-54,Inactive
USR009362,Canada,Tamil,2025-05-16,Organic Search,35-44,Active
USR009363,India,Spanish,2025-04-30,Partner Bundle,25-34,Active
USR009364,Singapore,French,2025-01-26,Referral,55+,Active
USR009365,United Kingdom,German,2025-03-15,Organic Search,18-24,Active
USR009366,Australia,Portuguese,2025-03-16,Social Media,25-34,Active
USR009367,Canada,Spanish,2025-03-30,Organic Search,18-24,Active
USR009368,India,Portuguese,2025-03-03,Referral,35-44,Active
USR009369,UAE,German,2025-02-27,Organic Search,18-24,Active
USR009370,Canada,Tamil,2025-04-19,Partner Bundle,18-24,Active
USR009371,United States,Hindi,2025-08-09,Organic Search,25-34,Inactive
USR009372,United Kingdom,Hindi,2025-04-07,Paid Ads,35-44,Active
USR009373,UAE,Hindi,2025-06-04,App Store,25-34,Active
USR009374,India,Telugu,2025-04-14,Referral,45-54,Active
USR009375,United States,Tamil,2025-03-04,Paid Ads,45-54,Inactive
USR009376,France,Telugu,2025-04-29,Social Media,25-34,Active
USR009377,India,Spanish,2025-04-06,Organic Search,35-44,Inactive
USR009378,Canada,French,2025-05-04,Organic Search,55+,Active
USR009379,United States,Tamil,2025-02-20,Paid Ads,45-54,Inactive
USR009380,India,Spanish,2025-05-17,App Store,18-24,Active
USR009381,United Kingdom,English,2025-06-24,App Store,18-24,Active
USR009382,France,Tamil,2025-05-20,Social Media,35-44,Active
USR009383,United States,Hindi,2025-03-25,Partner Bundle,45-54,Active
USR009384,India,Telugu,2025-04-10,Paid Ads,35-44,Active
USR009385,India,German,2025-01-26,Organic Search,35-44,Active
USR009386,Brazil,English,2025-03-28,Organic Search,45-54,Active
USR009387,India,Portuguese,2025-03-28,Referral,18-24,Active
USR009388,India,Hindi,2025-06-06,Paid Ads,25-34,Inactive
USR009389,Brazil,Hindi,2025-03-12,Organic Search,45-54,Active
USR009390,UAE,French,2025-06-07,Organic Search,18-24,Active
USR009391,Australia,Hindi,2025-04-25,Referral,25-34,Active
USR009392,India,Tamil,2025-04-30,Partner Bundle,25-34,Active
USR009393,India,German,2025-09-06,Paid Ads,18-24,Active
USR009394,India,Spanish,2025-06-07,Organic Search,18-24,Inactive
USR009395,Canada,Hindi,2025-05-01,Organic Search,25-34,Active
USR009396,United States,Tamil,2025-01-15,App Store,45-54,Active
USR009397,India,Hindi,2025-02-27,App Store,18-24,Inactive
USR009398,India,French,2025-03-06,Social Media,18-24,Active
USR009399,UAE,German,2025-03-19,Organic Search,18-24,Inactive
USR009400,Germany,Bengali,2025-05-03,Paid Ads,25-34,Inactive
USR009401,Canada,English,2025-02-10,Social Media,25-34,Active
USR009402,India,Telugu,2025-06-09,App Store,55+,Active
USR009403,UAE,Tamil,2025-03-03,Organic Search,45-54,Inactive
USR009404,United Kingdom,Spanish,2025-03-27,Referral,25-34,Active
USR009405,United States,English,2025-03-20,Referral,25-34,Active
USR009406,Singapore,Hindi,2025-03-21,Social Media,25-34,Active
USR009407,India,English,2025-04-03,Partner Bundle,35-44,Active
USR009408,United Kingdom,Spanish,2025-08-06,Paid Ads,45-54,Inactive
USR009409,Germany,English,2025-05-28,App Store,25-34,Active
USR009410,India,German,2025-04-15,Organic Search,25-34,Inactive
USR009411,United States,Tamil,2025-04-12,Social Media,55+,Active
USR009412,Brazil,English,2025-01-23,Organic Search,25-34,Active
USR009413,India,English,2025-04-09,Partner Bundle,35-44,Active
USR009414,United Kingdom,French,2025-02-25,Organic Search,45-54,Active
USR009415,Australia,French,2025-03-14,Organic Search,25-34,Active
USR009416,United States,Bengali,2025-09-11,Organic Search,18-24,Inactive
USR009417,United States,Telugu,2025-07-01,Referral,35-44,Active
USR009418,India,Telugu,2025-05-20,Social Media,35-44,Active
USR009419,India,Portuguese,2025-02-14,Organic Search,45-54,Active
USR009420,UAE,Bengali,2025-01-27,Referral,45-54,Active
USR009421,France,Spanish,2025-03-06,Paid Ads,25-34,Active
USR009422,India,French,2025-02-01,Paid Ads,18-24,Inactive
USR009423,United States,Bengali,2025-05-29,Organic Search,35-44,Inactive
USR009424,United States,German,2025-06-06,Paid Ads,55+,Inactive
USR009425,United States,German,2025-08-09,Organic Search,18-24,Inactive
USR009426,Canada,Bengali,2025-05-09,Partner Bundle,25-34,Active
USR009427,India,Bengali,2025-03-01,Organic Search,18-24,Active
USR009428,UAE,Tamil,2025-03-14,Social Media,55+,Active
USR009429,India,Portuguese,2025-05-13,Social Media,45-54,Active
USR009430,UAE,French,2025-06-14,Referral,35-44,Active
USR009431,United States,English,2025-05-24,Social Media,35-44,Active
USR009432,Germany,Hindi,2025-05-15,App Store,35-44,Active
USR009433,France,English,2025-01-24,Social Media,55+,Active
USR009434,India,French,2025-05-23,Social Media,55+,Active
USR009435,Canada,Portuguese,2025-08-02,Partner Bundle,35-44,Active
USR009436,United Kingdom,Tamil,2025-05-06,Social Media,25-34,Active
USR009437,United States,Tamil,2025-02-19,Organic Search,35-44,Active
USR009438,United States,Tamil,2025-03-26,Organic Search,35-44,Active
USR009439,India,English,2025-01-16,Paid Ads,45-54,Inactive
USR009440,India,English,2025-03-22,Organic Search,45-54,Active
USR009441,United Kingdom,Spanish,2025-02-06,Paid Ads,35-44,Inactive
USR009442,India,German,2025-02-10,Partner Bundle,25-34,Active
USR009443,Singapore,Hindi,2025-03-09,Social Media,45-54,Active
USR009444,Canada,English,2025-02-16,Organic Search,25-34,Active
USR009445,United States,Portuguese,2025-03-10,Paid Ads,25-34,Active
USR009446,India,English,2025-05-05,Social Media,18-24,Active
USR009447,Canada,French,2025-06-29,Organic Search,18-24,Active
USR009448,India,Portuguese,2025-03-26,Referral,25-34,Active
USR009449,Canada,Hindi,2025-07-02,Referral,18-24,Active
USR009450,India,Spanish,2025-04-18,Paid Ads,25-34,Active
USR009451,Canada,French,2025-05-12,Paid Ads,35-44,Active
USR009452,United States,Hindi,2025-04-11,Paid Ads,35-44,Active
USR009453,Canada,Hindi,2025-03-21,Social Media,35-44,Active
USR009454,India,Tamil,2025-06-14,App Store,45-54,Active
USR009455,India,German,2025-03-22,Partner Bundle,25-34,Active
USR009456,India,German,2025-07-01,Social Media,35-44,Active
USR009457,United States,Portuguese,2025-02-20,Social Media,35-44,Active
USR009458,India,Telugu,2025-08-19,Referral,35-44,Active
USR009459,India,Portuguese,2025-03-03,Partner Bundle,35-44,Active
USR009460,India,English,2025-02-16,Organic Search,45-54,Inactive
USR009461,Australia,Hindi,2025-04-11,Referral,35-44,Active
USR009462,United Kingdom,German,2025-03-25,Organic Search,45-54,Active
USR009463,Brazil,Telugu,2025-07-18,Social Media,25-34,Active
USR009464,United States,Bengali,2025-02-28,Social Media,55+,Inactive
USR009465,India,Telugu,2025-05-08,Referral,18-24,Active
USR009466,Australia,Portuguese,2025-07-01,Organic Search,18-24,Inactive
USR009467,United States,Spanish,2025-03-04,App Store,18-24,Active
USR009468,United Kingdom,German,2025-01-24,Paid Ads,25-34,Active
USR009469,Singapore,Tamil,2025-01-22,Partner Bundle,35-44,Active
USR009470,United States,Telugu,2025-04-28,Organic Search,25-34,Active
USR009471,United States,Telugu,2025-05-04,App Store,25-34,Active
USR009472,Germany,French,2025-07-06,Referral,25-34,Active
USR009473,Germany,English,2025-04-02,Organic Search,45-54,Active
USR009474,United States,Bengali,2025-02-28,Social Media,18-24,Active
USR009475,India,English,2025-02-02,Organic Search,55+,Active
USR009476,Brazil,English,2025-03-31,Social Media,35-44,Active
USR009477,United States,Portuguese,2025-08-25,Partner Bundle,45-54,Active
USR009478,India,Spanish,2025-03-20,Organic Search,25-34,Active
USR009479,Brazil,Portuguese,2025-02-04,Partner Bundle,35-44,Active
USR009480,UAE,English,2025-05-05,Social Media,25-34,Active
USR009481,India,Telugu,2025-05-12,Paid Ads,35-44,Active
USR009482,India,German,2025-05-22,Paid Ads,35-44,Active
USR009483,Australia,French,2025-03-22,Paid Ads,35-44,Active
USR009484,India,German,2025-01-22,Referral,25-34,Active
USR009485,India,English,2025-06-02,Referral,45-54,Inactive
USR009486,Brazil,Telugu,2025-04-09,Partner Bundle,18-24,Active
USR009487,United Kingdom,Hindi,2025-04-29,Paid Ads,25-34,Active
USR009488,Germany,Portuguese,2025-07-12,Referral,25-34,Active
USR009489,Australia,German,2025-04-15,Social Media,45-54,Active
USR009490,Germany,German,2025-04-11,Organic Search,25-34,Active
USR009491,UAE,Spanish,2025-05-13,Organic Search,35-44,Active
USR009492,United States,Hindi,2025-04-03,Partner Bundle,25-34,Active
USR009493,Germany,Bengali,2025-05-29,Paid Ads,55+,Inactive
USR009494,Germany,Portuguese,2025-04-26,Partner Bundle,18-24,Inactive
USR009495,Singapore,Spanish,2025-04-05,App Store,18-24,Active
USR009496,Australia,Bengali,2025-06-06,Organic Search,18-24,Active
USR009497,UAE,Tamil,2025-05-19,Social Media,18-24,Active
USR009498,India,Portuguese,2025-04-19,Organic Search,45-54,Active
USR009499,India,French,2025-02-28,App Store,25-34,Active
USR009500,India,Spanish,2025-06-11,Organic Search,25-34,Inactive
USR009501,India,Telugu,2025-02-13,Paid Ads,25-34,Active
USR009502,India,English,2025-01-26,Paid Ads,45-54,Inactive
USR009503,India,Spanish,2025-04-06,Paid Ads,25-34,Active
USR009504,Brazil,Telugu,2025-07-07,App Store,35-44,Active
USR009505,India,Telugu,2025-07-03,Paid Ads,45-54,Active
USR009506,United States,Portuguese,2025-07-07,Social Media,25-34,Active
USR009507,France,Portuguese,2025-03-22,Social Media,18-24,Active
USR009508,India,Telugu,2025-03-28,Organic Search,18-24,Active
USR009509,India,Spanish,2025-06-27,Partner Bundle,35-44,Active
USR009510,India,Spanish,2025-03-08,Organic Search,35-44,Active
USR009511,India,German,2025-03-19,Referral,45-54,Active
USR009512,Brazil,Portuguese,2025-01-19,Referral,25-34,Active
USR009513,France,English,2025-05-25,Social Media,45-54,Active
USR009514,UAE,English,2025-02-20,Referral,25-34,Active
USR009515,UAE,Portuguese,2025-03-22,Paid Ads,35-44,Inactive
USR009516,India,Telugu,2025-07-17,Organic Search,35-44,Active
USR009517,Germany,French,2025-06-30,Organic Search,25-34,Active
USR009518,Australia,English,2025-03-02,App Store,45-54,Active
USR009519,Singapore,Tamil,2025-04-16,Referral,45-54,Active
USR009520,India,Portuguese,2025-01-11,Organic Search,45-54,Inactive
USR009521,United States,Tamil,2025-01-19,Paid Ads,18-24,Active
USR009522,India,German,2025-04-16,Organic Search,35-44,Inactive
USR009523,India,English,2025-04-21,Organic Search,25-34,Active
USR009524,Canada,Portuguese,2025-05-10,Social Media,18-24,Active
USR009525,India,Portuguese,2025-05-25,Social Media,18-24,Active
USR009526,United States,English,2025-01-24,App Store,35-44,Inactive
USR009527,Canada,French,2025-05-11,Social Media,25-34,Inactive
USR009528,India,English,2025-03-22,App Store,25-34,Active
USR009529,India,French,2025-04-06,Referral,25-34,Active
USR009530,Brazil,Telugu,2025-06-14,Organic Search,35-44,Active
USR009531,Germany,Bengali,2025-04-05,Organic Search,18-24,Inactive
USR009532,Canada,Spanish,2025-04-23,Organic Search,18-24,Inactive
USR009533,France,Spanish,2025-07-01,Social Media,18-24,Active
USR009534,India,German,2025-02-16,Partner Bundle,25-34,Active
USR009535,India,Tamil,2025-05-27,Organic Search,35-44,Active
USR009536,India,Spanish,2025-07-05,Social Media,35-44,Active
USR009537,United States,Tamil,2025-02-06,App Store,25-34,Active
USR009538,United Kingdom,Telugu,2025-04-13,App Store,18-24,Active
USR009539,India,Tamil,2025-04-11,Paid Ads,25-34,Active
USR009540,India,Tamil,2025-05-04,Referral,45-54,Active
USR009541,France,Hindi,2025-05-26,Paid Ads,25-34,Inactive
USR009542,United States,French,2025-03-25,Social Media,18-24,Inactive
USR009543,Brazil,English,2025-04-06,App Store,45-54,Active
USR009544,India,German,2025-04-09,Social Media,25-34,Active
USR009545,Canada,Spanish,2025-01-24,App Store,35-44,Active
USR009546,Germany,Spanish,2025-07-14,Referral,25-34,Active
USR009547,UAE,French,2025-04-30,Referral,45-54,Active
USR009548,India,Portuguese,2025-02-14,Paid Ads,18-24,Active
USR009549,India,Tamil,2025-01-14,Social Media,25-34,Active
USR009550,India,Bengali,2025-06-19,Social Media,35-44,Active
USR009551,Canada,German,2025-05-30,App Store,25-34,Active
USR009552,United Kingdom,Tamil,2025-05-13,Social Media,35-44,Active
USR009553,United Kingdom,Spanish,2025-04-14,Paid Ads,25-34,Inactive
USR009554,India,Telugu,2025-03-19,Paid Ads,25-34,Active
USR009555,United States,Portuguese,2025-02-14,App Store,35-44,Active
USR009556,India,Portuguese,2025-04-05,Social Media,45-54,Inactive
USR009557,UAE,Telugu,2025-02-04,Partner Bundle,45-54,Inactive
USR009558,Germany,Spanish,2025-03-17,Partner Bundle,25-34,Active
USR009559,United States,German,2025-07-27,Organic Search,35-44,Inactive
USR009560,Canada,Portuguese,2025-02-26,Paid Ads,25-34,Inactive
USR009561,India,Portuguese,2025-03-12,Paid Ads,35-44,Inactive
USR009562,Canada,Spanish,2025-04-20,Social Media,35-44,Active
USR009563,India,German,2025-02-24,Social Media,35-44,Active
USR009564,Australia,English,2025-05-23,Organic Search,25-34,Active
USR009565,United Kingdom,Telugu,2025-03-21,Paid Ads,25-34,Active
USR009566,India,Hindi,2025-08-13,Social Media,25-34,Active
USR009567,United States,Tamil,2025-09-21,Referral,45-54,Inactive
USR009568,India,Tamil,2025-05-01,Organic Search,25-34,Active
USR009569,India,Telugu,2025-04-28,Organic Search,45-54,Inactive
USR009570,Brazil,Spanish,2025-06-19,App Store,18-24,Active
USR009571,United States,Bengali,2025-07-25,Organic Search,35-44,Active
USR009572,United States,German,2025-02-16,Organic Search,18-24,Active
USR009573,Canada,French,2025-04-03,Referral,25-34,Active
USR009574,United States,Portuguese,2025-05-22,Paid Ads,55+,Active
USR009575,United States,Portuguese,2025-02-17,Organic Search,35-44,Active
USR009576,India,Hindi,2025-05-11,Social Media,18-24,Active
USR009577,Canada,English,2025-05-04,Paid Ads,45-54,Active
USR009578,Australia,Spanish,2025-05-31,Paid Ads,25-34,Active
USR009579,Singapore,Bengali,2025-05-13,Partner Bundle,35-44,Active
USR009580,India,French,2025-04-19,Organic Search,35-44,Active
USR009581,India,German,2025-03-30,Partner Bundle,25-34,Active
USR009582,UAE,German,2025-02-01,Partner Bundle,25-34,Inactive
USR009583,Canada,Hindi,2025-01-24,App Store,25-34,Active
USR009584,Brazil,English,2025-02-25,Partner Bundle,18-24,Active
USR009585,United States,Bengali,2025-06-11,Organic Search,35-44,Active
USR009586,United States,German,2025-01-15,Partner Bundle,25-34,Inactive
USR009587,United States,Hindi,2025-01-18,Paid Ads,25-34,Active
USR009588,India,Telugu,2025-03-29,Organic Search,35-44,Active
USR009589,United States,Hindi,2025-07-19,Paid Ads,25-34,Active
USR009590,India,Tamil,2025-02-06,Paid Ads,25-34,Active
USR009591,United States,Portuguese,2025-01-13,Paid Ads,25-34,Active
USR009592,France,French,2025-04-30,App Store,35-44,Active
USR009593,India,German,2025-02-13,Paid Ads,35-44,Active
USR009594,India,English,2025-02-26,Organic Search,45-54,Active
USR009595,Brazil,English,2025-03-08,Organic Search,55+,Active
USR009596,India,Portuguese,2025-07-15,Referral,25-34,Active
USR009597,United Kingdom,German,2025-01-19,Social Media,25-34,Active
USR009598,Germany,Spanish,2025-07-21,Paid Ads,25-34,Active
USR009599,India,Hindi,2025-03-31,Organic Search,35-44,Active
USR009600,France,Telugu,2025-03-07,Social Media,25-34,Active
USR009601,United Kingdom,French,2025-06-09,Organic Search,25-34,Active
USR009602,India,Spanish,2025-04-20,Social Media,18-24,Active
USR009603,UAE,Hindi,2025-04-08,Paid Ads,35-44,Inactive
USR009604,Canada,French,2025-03-29,Organic Search,25-34,Active
USR009605,United Kingdom,Portuguese,2025-06-30,App Store,25-34,Active
USR009606,United States,Telugu,2025-07-01,Paid Ads,25-34,Active
USR009607,India,English,2025-04-25,Social Media,55+,Active
USR009608,India,Spanish,2025-03-23,Referral,35-44,Active
USR009609,India,German,2025-05-30,Paid Ads,25-34,Active
USR009610,India,Telugu,2025-02-19,Paid Ads,18-24,Active
USR009611,India,German,2025-05-21,App Store,25-34,Active
USR009612,India,Portuguese,2025-05-12,Organic Search,25-34,Active
USR009613,India,Telugu,2025-04-15,App Store,18-24,Active
USR009614,India,English,2025-06-05,App Store,25-34,Inactive
USR009615,Canada,Tamil,2025-04-21,App Store,55+,Inactive
USR009616,India,Hindi,2025-03-04,Organic Search,25-34,Active
USR009617,United Kingdom,Tamil,2025-03-22,Organic Search,25-34,Inactive
USR009618,United States,Spanish,2025-04-19,Paid Ads,25-34,Inactive
USR009619,France,Hindi,2025-04-19,Partner Bundle,25-34,Active
USR009620,United Kingdom,Spanish,2025-05-25,Organic Search,18-24,Inactive
USR009621,Singapore,French,2025-03-04,Paid Ads,25-34,Active
USR009622,Canada,English,2025-06-04,Organic Search,18-24,Active
USR009623,India,French,2025-08-29,Partner Bundle,18-24,Active
USR009624,United States,Tamil,2025-03-03,App Store,45-54,Active
USR009625,Australia,German,2025-06-12,Social Media,25-34,Active
USR009626,United States,German,2025-02-22,Organic Search,25-34,Active
USR009627,United States,Portuguese,2025-03-09,Social Media,35-44,Active
USR009628,Canada,Portuguese,2025-04-14,Referral,18-24,Active
USR009629,India,Portuguese,2025-04-06,Referral,55+,Active
USR009630,UAE,Telugu,2025-02-02,App Store,55+,Inactive
USR009631,United States,Portuguese,2025-07-02,Partner Bundle,35-44,Active
USR009632,Canada,Bengali,2025-02-21,Social Media,55+,Active
USR009633,Brazil,Bengali,2025-05-08,Organic Search,25-34,Active
USR009634,Germany,German,2025-01-31,Social Media,25-34,Active
USR009635,United Kingdom,Portuguese,2025-02-17,Paid Ads,45-54,Inactive
USR009636,France,Bengali,2025-01-31,Referral,35-44,Inactive
USR009637,United Kingdom,Telugu,2025-03-17,Organic Search,35-44,Active
USR009638,United States,Bengali,2025-02-15,Organic Search,18-24,Active
USR009639,UAE,Portuguese,2025-05-06,Paid Ads,25-34,Active
USR009640,India,Telugu,2025-04-20,Paid Ads,25-34,Active
USR009641,United States,Portuguese,2025-03-11,Referral,18-24,Active
USR009642,United States,Bengali,2025-03-12,Social Media,25-34,Active
USR009643,Australia,Hindi,2025-07-02,Organic Search,25-34,Active
USR009644,India,Spanish,2025-03-29,Organic Search,35-44,Active
USR009645,Canada,Tamil,2025-03-27,App Store,18-24,Active
USR009646,United States,Tamil,2025-04-07,Referral,45-54,Active
USR009647,India,Telugu,2025-04-03,Social Media,55+,Active
USR009648,Brazil,Hindi,2025-02-23,Organic Search,35-44,Active
USR009649,India,English,2025-05-30,Social Media,18-24,Active
USR009650,United States,German,2025-07-01,Social Media,35-44,Active
USR009651,India,Hindi,2025-02-04,App Store,45-54,Active
USR009652,Canada,Portuguese,2025-04-16,Partner Bundle,25-34,Active
USR009653,Germany,Spanish,2025-06-30,App Store,25-34,Active
USR009654,UAE,Hindi,2025-10-13,Social Media,18-24,Active
USR009655,India,Telugu,2025-07-01,Referral,35-44,Active
USR009656,United Kingdom,Tamil,2025-04-20,App Store,18-24,Active
USR009657,Canada,Bengali,2025-05-02,Organic Search,25-34,Active
USR009658,Canada,Portuguese,2025-07-01,Referral,25-34,Inactive
USR009659,Australia,Spanish,2025-01-11,Social Media,25-34,Active
USR009660,Germany,Bengali,2025-03-18,Social Media,45-54,Active
USR009661,India,French,2025-01-29,Social Media,35-44,Active
USR009662,India,Hindi,2025-06-03,Paid Ads,35-44,Active
USR009663,Australia,French,2025-02-12,Social Media,25-34,Active
USR009664,United States,French,2025-06-29,Social Media,35-44,Active
USR009665,United States,Bengali,2025-02-28,Referral,25-34,Active
USR009666,United States,Bengali,2025-06-27,Social Media,25-34,Active
USR009667,United States,Telugu,2025-06-14,Organic Search,18-24,Active
USR009668,United Kingdom,French,2025-05-01,Social Media,25-34,Active
USR009669,India,Hindi,2025-08-21,Organic Search,18-24,Inactive
USR009670,Canada,English,2025-01-29,Organic Search,25-34,Active
USR009671,India,Hindi,2025-07-17,App Store,55+,Active
USR009672,Germany,Hindi,2025-03-09,Paid Ads,45-54,Active
USR009673,Germany,Spanish,2025-04-13,Social Media,25-34,Inactive
USR009674,United Kingdom,German,2025-04-12,Partner Bundle,25-34,Active
USR009675,United States,English,2025-04-20,Social Media,25-34,Active
USR009676,India,German,2025-03-19,Organic Search,25-34,Active
USR009677,India,Telugu,2025-03-27,Referral,25-34,Inactive
USR009678,India,English,2025-02-19,Partner Bundle,25-34,Active
USR009679,India,French,2025-01-28,Paid Ads,25-34,Active
USR009680,Australia,Hindi,2025-05-19,Paid Ads,45-54,Active
USR009681,Brazil,Bengali,2025-07-20,Organic Search,18-24,Active
USR009682,India,Hindi,2025-04-11,Organic Search,25-34,Inactive
USR009683,India,English,2025-01-26,Referral,25-34,Active
USR009684,UAE,Hindi,2025-03-23,Social Media,35-44,Active
USR009685,Canada,French,2025-04-18,Organic Search,35-44,Active
USR009686,United States,German,2025-02-02,Partner Bundle,35-44,Active
USR009687,Brazil,Hindi,2025-05-08,Organic Search,35-44,Active
USR009688,United Kingdom,French,2025-03-31,Organic Search,35-44,Active
USR009689,Canada,Telugu,2025-03-05,Social Media,18-24,Inactive
USR009690,Canada,German,2025-01-15,Referral,25-34,Active
USR009691,India,Bengali,2025-04-25,Social Media,35-44,Active
USR009692,United States,Portuguese,2025-04-28,Social Media,18-24,Inactive
USR009693,India,English,2025-03-26,App Store,35-44,Active
USR009694,United States,English,2025-05-26,Social Media,18-24,Active
USR009695,India,Spanish,2025-06-18,Paid Ads,55+,Active
USR009696,United States,Bengali,2025-02-26,Social Media,18-24,Active
USR009697,United States,English,2025-02-12,Social Media,35-44,Active
USR009698,India,Hindi,2025-05-30,Partner Bundle,25-34,Inactive
USR009699,India,English,2025-03-15,Paid Ads,25-34,Active
USR009700,Germany,English,2025-04-07,Referral,45-54,Inactive
USR009701,United States,Portuguese,2025-08-03,Organic Search,25-34,Inactive
USR009702,France,English,2025-05-26,Organic Search,25-34,Active
USR009703,France,French,2025-02-17,Organic Search,25-34,Active
USR009704,India,Telugu,2025-02-25,Paid Ads,18-24,Active
USR009705,United States,German,2025-04-26,Organic Search,18-24,Active
USR009706,Australia,German,2025-05-09,Referral,35-44,Active
USR009707,United States,Telugu,2025-02-17,Social Media,18-24,Inactive
USR009708,France,Tamil,2025-05-27,Partner Bundle,25-34,Active
USR009709,United Kingdom,Tamil,2025-05-30,Social Media,25-34,Active
USR009710,Canada,Bengali,2025-05-26,Partner Bundle,18-24,Active
USR009711,Germany,Portuguese,2025-08-22,Referral,35-44,Active
USR009712,India,Hindi,2025-05-19,Social Media,55+,Active
USR009713,United Kingdom,French,2025-02-01,Referral,45-54,Active
USR009714,India,Portuguese,2025-02-20,Organic Search,55+,Active
USR009715,India,English,2025-03-27,App Store,35-44,Active
USR009716,India,Bengali,2025-02-20,Paid Ads,18-24,Active
USR009717,United Kingdom,English,2025-05-04,Social Media,35-44,Active
USR009718,France,French,2025-02-15,App Store,18-24,Active
USR009719,India,Portuguese,2025-03-07,Social Media,25-34,Inactive
USR009720,Germany,French,2025-01-28,Referral,45-54,Inactive
USR009721,India,German,2025-07-06,Social Media,45-54,Active
USR009722,India,Portuguese,2025-03-31,Partner Bundle,25-34,Active
USR009723,Singapore,Bengali,2025-07-23,App Store,25-34,Active
USR009724,India,English,2025-04-25,Partner Bundle,35-44,Active
USR009725,India,Spanish,2025-03-26,Social Media,18-24,Active
USR009726,India,French,2025-05-08,Referral,55+,Active
USR009727,India,Spanish,2025-02-13,Organic Search,25-34,Active
USR009728,United States,Portuguese,2025-02-27,Organic Search,35-44,Active
USR009729,India,Tamil,2025-07-03,Organic Search,35-44,Active
USR009730,United States,Spanish,2025-06-08,Partner Bundle,25-34,Active
USR009731,United States,Bengali,2025-03-15,Social Media,25-34,Active
USR009732,Canada,Portuguese,2025-02-25,Organic Search,45-54,Active
USR009733,UAE,French,2025-07-29,Social Media,25-34,Active
USR009734,India,German,2025-02-23,App Store,18-24,Active
USR009735,United Kingdom,Spanish,2025-05-15,Referral,18-24,Active
USR009736,United States,German,2025-05-15,Partner Bundle,35-44,Active
USR009737,India,Hindi,2025-02-15,Partner Bundle,25-34,Active
USR009738,France,Hindi,2025-04-01,Referral,35-44,Active
USR009739,Canada,German,2025-04-22,Organic Search,25-34,Active
USR009740,India,Telugu,2025-05-14,Paid Ads,45-54,Active
USR009741,India,English,2025-01-29,Social Media,25-34,Active
USR009742,India,Spanish,2025-03-09,App Store,18-24,Active
USR009743,France,English,2025-05-22,Social Media,45-54,Active
USR009744,Germany,Bengali,2025-06-22,Social Media,18-24,Active
USR009745,United States,Hindi,2025-05-20,Referral,45-54,Inactive
USR009746,India,Tamil,2025-01-13,Organic Search,18-24,Active
USR009747,United States,Tamil,2025-06-04,Organic Search,18-24,Active
USR009748,France,Portuguese,2025-03-17,App Store,35-44,Inactive
USR009749,United States,Tamil,2025-01-25,Partner Bundle,35-44,Active
USR009750,India,Tamil,2025-05-12,Organic Search,25-34,Active
USR009751,India,English,2025-07-01,App Store,55+,Active
USR009752,India,Telugu,2025-07-09,Organic Search,35-44,Inactive
USR009753,India,Tamil,2025-05-05,Referral,25-34,Active
USR009754,Australia,Bengali,2025-04-24,Referral,25-34,Active
USR009755,India,English,2025-03-30,Referral,45-54,Active
USR009756,UAE,Bengali,2025-07-12,Social Media,25-34,Inactive
USR009757,United Kingdom,Bengali,2025-06-19,App Store,45-54,Active
USR009758,United States,English,2025-04-23,Social Media,25-34,Active
USR009759,United Kingdom,Telugu,2025-01-07,Referral,18-24,Active
USR009760,India,Telugu,2025-07-01,Organic Search,25-34,Active
USR009761,India,Telugu,2025-01-25,Referral,18-24,Inactive
USR009762,Brazil,Spanish,2025-03-22,Organic Search,25-34,Active
USR009763,United Kingdom,Spanish,2025-04-09,Organic Search,25-34,Active
USR009764,India,Bengali,2025-01-18,Social Media,25-34,Active
USR009765,India,Bengali,2025-03-26,Organic Search,25-34,Active
USR009766,India,Bengali,2025-02-16,Organic Search,35-44,Active
USR009767,India,Spanish,2025-04-09,App Store,55+,Active
USR009768,India,French,2025-05-31,App Store,18-24,Inactive
USR009769,India,Hindi,2025-05-27,Partner Bundle,25-34,Inactive
USR009770,Canada,Spanish,2025-03-04,Partner Bundle,25-34,Active
USR009771,France,German,2025-06-20,Organic Search,25-34,Active
USR009772,United States,Spanish,2025-06-28,Organic Search,35-44,Active
USR009773,United Kingdom,French,2025-05-13,Paid Ads,45-54,Inactive
USR009774,India,Telugu,2025-04-22,App Store,45-54,Active
USR009775,India,Spanish,2025-03-14,Organic Search,18-24,Active
USR009776,United Kingdom,English,2025-02-18,Referral,35-44,Inactive
USR009777,France,English,2025-07-05,Partner Bundle,25-34,Active
USR009778,India,French,2025-03-21,Social Media,25-34,Active
USR009779,United States,English,2025-09-08,Referral,45-54,Inactive
USR009780,Brazil,Tamil,2025-02-27,Paid Ads,18-24,Active
USR009781,Australia,French,2025-08-27,Social Media,35-44,Active
USR009782,India,German,2025-05-24,Paid Ads,25-34,Active
USR009783,India,Tamil,2025-03-29,Organic Search,45-54,Inactive
USR009784,Singapore,Hindi,2025-05-06,Organic Search,25-34,Inactive
USR009785,India,English,2025-04-20,Social Media,25-34,Active
USR009786,United States,Hindi,2025-03-31,Partner Bundle,18-24,Active
USR009787,United States,Tamil,2025-02-17,Social Media,25-34,Active
USR009788,United States,Portuguese,2025-01-20,Partner Bundle,35-44,Active
USR009789,India,Bengali,2025-06-14,App Store,25-34,Active
USR009790,Canada,English,2025-06-11,Paid Ads,35-44,Active
USR009791,India,German,2025-03-25,Social Media,35-44,Active
USR009792,United Kingdom,Telugu,2025-03-23,Social Media,25-34,Active
USR009793,United States,Bengali,2025-07-01,Paid Ads,35-44,Inactive
USR009794,India,Telugu,2025-06-12,Organic Search,55+,Inactive
USR009795,Australia,English,2025-02-07,Social Media,25-34,Active
USR009796,Brazil,French,2025-06-19,App Store,18-24,Active
USR009797,UAE,French,2025-05-27,Organic Search,25-34,Inactive
USR009798,India,Portuguese,2025-04-25,App Store,25-34,Inactive
USR009799,United States,Tamil,2025-02-07,Referral,35-44,Active
USR009800,Australia,Tamil,2025-01-29,Referral,18-24,Inactive
USR009801,United Kingdom,German,2025-05-09,Referral,18-24,Inactive
USR009802,Australia,German,2025-04-16,Paid Ads,25-34,Active
USR009803,Brazil,Portuguese,2025-02-25,Referral,45-54,Active
USR009804,United States,Hindi,2025-08-22,Paid Ads,35-44,Active
USR009805,Germany,German,2025-07-05,Social Media,35-44,Active
USR009806,India,English,2025-02-08,App Store,25-34,Active
USR009807,UAE,German,2025-02-01,Organic Search,35-44,Inactive
USR009808,Germany,French,2025-04-19,Paid Ads,25-34,Active
USR009809,United Kingdom,French,2025-05-25,Social Media,35-44,Active
USR009810,France,French,2025-06-14,Paid Ads,45-54,Active
USR009811,Canada,Spanish,2025-05-20,Organic Search,18-24,Active
USR009812,United Kingdom,Tamil,2025-05-01,Social Media,25-34,Active
USR009813,Singapore,Spanish,2025-07-17,Partner Bundle,25-34,Active
USR009814,India,Tamil,2025-08-31,Referral,45-54,Active
USR009815,Brazil,Tamil,2025-05-13,Referral,45-54,Active
USR009816,India,Hindi,2025-06-13,Organic Search,18-24,Active
USR009817,United States,Portuguese,2025-01-26,Referral,25-34,Active
USR009818,India,Bengali,2025-09-09,App Store,35-44,Active
USR009819,India,Telugu,2025-06-06,Social Media,55+,Inactive
USR009820,Canada,Portuguese,2025-02-12,Referral,18-24,Active
USR009821,India,Bengali,2025-04-21,Paid Ads,25-34,Inactive
USR009822,Singapore,Portuguese,2025-04-10,Social Media,25-34,Inactive
USR009823,India,Bengali,2025-07-10,Social Media,18-24,Inactive
USR009824,India,Spanish,2025-06-18,Organic Search,45-54,Active
USR009825,UAE,English,2025-01-26,Organic Search,18-24,Active
USR009826,Germany,Tamil,2025-06-20,Organic Search,45-54,Active
USR009827,Canada,Spanish,2025-05-20,Organic Search,18-24,Inactive
USR009828,India,Spanish,2025-04-05,Paid Ads,55+,Active
USR009829,Germany,Tamil,2025-06-23,Organic Search,25-34,Active
USR009830,United States,Portuguese,2025-05-23,Partner Bundle,25-34,Inactive
USR009831,Brazil,German,2025-03-24,Referral,35-44,Active
USR009832,Canada,English,2025-05-07,Social Media,25-34,Inactive
USR009833,France,Telugu,2025-06-24,Organic Search,18-24,Active
USR009834,Australia,Portuguese,2025-03-11,Organic Search,25-34,Active
USR009835,United Kingdom,Hindi,2025-03-08,App Store,45-54,Inactive
USR009836,Australia,Portuguese,2025-04-05,Paid Ads,25-34,Active
USR009837,United Kingdom,German,2025-03-14,Organic Search,25-34,Inactive
USR009838,India,English,2025-05-08,Paid Ads,35-44,Active
USR009839,United States,French,2025-04-30,Organic Search,45-54,Inactive
USR009840,India,Bengali,2025-03-11,Paid Ads,18-24,Active
USR009841,Australia,Spanish,2025-02-04,Partner Bundle,45-54,Active
USR009842,United Kingdom,German,2025-04-23,Paid Ads,35-44,Inactive
USR009843,United Kingdom,Hindi,2025-04-28,App Store,25-34,Active
USR009844,France,German,2025-07-08,Paid Ads,55+,Active
USR009845,United Kingdom,Portuguese,2025-01-23,Organic Search,18-24,Active
USR009846,India,Spanish,2025-04-02,App Store,35-44,Active
USR009847,India,Telugu,2025-01-18,Social Media,35-44,Inactive
USR009848,India,Tamil,2025-01-20,App Store,55+,Active
USR009849,India,Hindi,2025-05-17,Referral,45-54,Active
USR009850,India,Telugu,2025-04-28,Organic Search,35-44,Inactive
USR009851,Canada,French,2025-03-10,Organic Search,25-34,Active
USR009852,India,Tamil,2025-03-20,Referral,25-34,Active
USR009853,India,Telugu,2025-04-01,Referral,18-24,Active
USR009854,Brazil,Portuguese,2025-01-26,App Store,25-34,Inactive
USR009855,Brazil,Telugu,2025-03-07,Organic Search,25-34,Active
USR009856,Canada,Spanish,2025-03-11,App Store,55+,Active
USR009857,India,Portuguese,2025-06-24,Social Media,25-34,Active
USR009858,France,Tamil,2025-05-11,Referral,18-24,Inactive
USR009859,United Kingdom,French,2025-05-19,Referral,18-24,Active
USR009860,India,German,2025-03-15,Social Media,25-34,Active
USR009861,United Kingdom,English,2025-03-27,Organic Search,18-24,Active
USR009862,India,French,2025-03-19,Organic Search,25-34,Active
USR009863,Brazil,Spanish,2025-01-23,Organic Search,18-24,Active
USR009864,France,Tamil,2025-03-07,Paid Ads,45-54,Active
USR009865,India,Portuguese,2025-07-09,Paid Ads,25-34,Inactive
USR009866,United States,Spanish,2025-04-22,Paid Ads,45-54,Active
USR009867,United States,German,2025-03-08,Partner Bundle,25-34,Active
USR009868,UAE,Hindi,2025-05-18,Social Media,35-44,Active
USR009869,United States,Portuguese,2025-08-07,Paid Ads,25-34,Active
USR009870,India,Bengali,2025-06-19,Paid Ads,35-44,Inactive
USR009871,India,French,2025-03-10,Partner Bundle,35-44,Inactive
USR009872,India,Bengali,2025-03-26,Paid Ads,35-44,Active
USR009873,Singapore,French,2025-05-14,Organic Search,18-24,Inactive
USR009874,Singapore,Hindi,2025-06-19,Paid Ads,25-34,Active
USR009875,India,Portuguese,2025-03-14,Social Media,35-44,Active
USR009876,India,Hindi,2025-01-27,Organic Search,45-54,Active
USR009877,United States,English,2025-04-04,Organic Search,35-44,Inactive
USR009878,Germany,English,2025-04-14,App Store,55+,Active
USR009879,India,Spanish,2025-02-13,Social Media,25-34,Active
USR009880,United States,Telugu,2025-06-16,Referral,18-24,Inactive
USR009881,India,Tamil,2025-03-10,Organic Search,25-34,Active
USR009882,India,Spanish,2025-04-18,Organic Search,35-44,Active
USR009883,Germany,German,2025-04-22,App Store,25-34,Active
USR009884,United States,Tamil,2025-03-13,Referral,35-44,Active
USR009885,United States,Hindi,2025-07-21,Social Media,35-44,Active
USR009886,Germany,Spanish,2025-05-27,Organic Search,35-44,Active
USR009887,Germany,French,2025-02-20,Social Media,35-44,Active
USR009888,India,Bengali,2025-03-31,Organic Search,25-34,Active
USR009889,United States,English,2025-02-28,Organic Search,18-24,Active
USR009890,France,Portuguese,2025-02-27,Social Media,18-24,Inactive
USR009891,United States,English,2025-04-24,Organic Search,55+,Active
USR009892,Canada,Spanish,2025-05-18,App Store,35-44,Active
USR009893,India,Spanish,2025-04-14,Paid Ads,25-34,Active
USR009894,India,Portuguese,2025-05-20,App Store,25-34,Active
USR009895,India,Spanish,2025-04-25,Social Media,18-24,Active
USR009896,United States,Spanish,2025-05-12,Organic Search,35-44,Inactive
USR009897,United States,Hindi,2025-03-26,Referral,55+,Inactive
USR009898,UAE,French,2025-06-04,Organic Search,35-44,Active
USR009899,United Kingdom,Bengali,2025-04-30,Organic Search,35-44,Inactive
USR009900,Canada,Tamil,2025-04-17,Paid Ads,45-54,Active
USR009901,Canada,English,2025-05-07,App Store,25-34,Active
USR009902,United Kingdom,German,2025-02-22,Organic Search,35-44,Active
USR009903,Germany,Bengali,2025-03-24,App Store,55+,Active
USR009904,Germany,English,2025-03-05,Social Media,35-44,Active
USR009905,United States,Tamil,2025-02-16,Social Media,25-34,Active
USR009906,India,Telugu,2025-08-02,App Store,35-44,Active
USR009907,Brazil,German,2025-04-20,Paid Ads,35-44,Active
USR009908,Canada,French,2025-08-04,App Store,18-24,Active
USR009909,Australia,Telugu,2025-02-25,App Store,25-34,Active
USR009910,Germany,Portuguese,2025-04-28,Referral,18-24,Active
USR009911,United Kingdom,French,2025-03-14,Paid Ads,45-54,Inactive
USR009912,United States,Spanish,2025-02-22,Paid Ads,45-54,Active
USR009913,Brazil,French,2025-03-29,Referral,25-34,Active
USR009914,Australia,German,2025-04-26,Organic Search,25-34,Active
USR009915,France,Portuguese,2025-09-20,Organic Search,18-24,Active
USR009916,United States,English,2025-05-03,Social Media,18-24,Active
USR009917,UAE,Portuguese,2025-07-21,Referral,35-44,Active
USR009918,Australia,Portuguese,2025-06-15,Social Media,25-34,Inactive
USR009919,Australia,Bengali,2025-01-21,Organic Search,55+,Active
USR009920,India,Bengali,2025-06-05,Organic Search,45-54,Active
USR009921,United Kingdom,Bengali,2025-06-13,Organic Search,25-34,Inactive
USR009922,India,French,2025-08-23,Referral,25-34,Active
USR009923,Canada,Telugu,2025-08-01,Organic Search,25-34,Active
USR009924,United Kingdom,Hindi,2025-04-09,Organic Search,18-24,Active
USR009925,India,Spanish,2025-03-19,Organic Search,35-44,Active
USR009926,United Kingdom,Bengali,2025-04-21,Partner Bundle,45-54,Active
USR009927,United States,French,2025-06-05,Organic Search,25-34,Active
USR009928,Germany,Tamil,2025-03-07,Referral,25-34,Active
USR009929,United States,Bengali,2025-07-07,Paid Ads,55+,Active
USR009930,United States,Bengali,2025-08-07,Organic Search,25-34,Active
USR009931,Australia,German,2025-02-05,Partner Bundle,18-24,Active
USR009932,Canada,Telugu,2025-03-14,Organic Search,18-24,Inactive
USR009933,Brazil,English,2025-01-25,App Store,35-44,Active
USR009934,United States,German,2025-03-06,Social Media,25-34,Active
USR009935,Canada,Spanish,2025-05-16,Social Media,55+,Active
USR009936,India,French,2025-03-18,Referral,55+,Active
USR009937,Germany,English,2025-04-27,Partner Bundle,45-54,Active
USR009938,Germany,English,2025-01-16,Paid Ads,25-34,Active
USR009939,Australia,Spanish,2025-02-26,App Store,25-34,Inactive
USR009940,India,French,2025-02-03,Organic Search,55+,Active
USR009941,Brazil,Spanish,2025-02-05,Partner Bundle,25-34,Active
USR009942,Singapore,Hindi,2025-05-06,Organic Search,25-34,Active
USR009943,United States,Telugu,2025-04-21,Social Media,25-34,Inactive
USR009944,United Kingdom,Portuguese,2025-06-05,Organic Search,25-34,Active
USR009945,UAE,Spanish,2025-05-28,Partner Bundle,45-54,Active
USR009946,United States,Portuguese,2025-06-11,Referral,35-44,Active
USR009947,United Kingdom,Bengali,2025-02-26,Organic Search,55+,Active
USR009948,United Kingdom,German,2025-06-08,Social Media,18-24,Active
USR009949,Canada,Tamil,2025-03-17,Social Media,45-54,Active
USR009950,United Kingdom,English,2025-06-27,Organic Search,25-34,Active
USR009951,United States,Tamil,2025-06-21,Social Media,35-44,Inactive
USR009952,United Kingdom,Portuguese,2025-03-18,Social Media,35-44,Inactive
USR009953,UAE,Telugu,2025-05-25,Partner Bundle,18-24,Inactive
USR009954,UAE,Portuguese,2025-05-23,App Store,35-44,Active
USR009955,Germany,German,2025-02-04,Organic Search,25-34,Active
USR009956,United States,German,2025-02-20,Partner Bundle,25-34,Active
USR009957,Germany,German,2025-02-19,Paid Ads,25-34,Active
USR009958,United States,Tamil,2025-05-09,Referral,45-54,Active
USR009959,Canada,French,2025-02-28,Social Media,25-34,Active
USR009960,United Kingdom,Portuguese,2025-01-26,Partner Bundle,35-44,Active
USR009961,India,Telugu,2025-04-22,Social Media,25-34,Inactive
USR009962,United States,Spanish,2025-05-22,Social Media,25-34,Active
USR009963,France,Telugu,2025-02-20,Paid Ads,55+,Active
USR009964,Singapore,Spanish,2025-05-21,Paid Ads,45-54,Active
USR009965,India,Spanish,2025-04-27,Social Media,45-54,Inactive
USR009966,United States,French,2025-05-30,Partner Bundle,25-34,Inactive
USR009967,United States,Hindi,2025-07-18,Organic Search,18-24,Active
USR009968,United States,Bengali,2025-01-29,Social Media,45-54,Inactive
USR009969,Brazil,English,2025-04-17,Organic Search,25-34,Active
USR009970,United States,English,2025-03-15,Referral,45-54,Active
USR009971,France,English,2025-01-09,Partner Bundle,25-34,Active
USR009972,Canada,French,2025-09-01,Paid Ads,45-54,Active
USR009973,India,English,2025-02-15,Referral,18-24,Active
USR009974,Australia,Spanish,2025-03-29,Partner Bundle,45-54,Active
USR009975,Canada,Telugu,2025-02-21,Organic Search,45-54,Active
USR009976,Germany,Spanish,2025-03-10,Social Media,25-34,Inactive
USR009977,India,Hindi,2025-07-03,App Store,35-44,Active
USR009978,India,Tamil,2025-04-15,Referral,18-24,Active
USR009979,Germany,Bengali,2025-07-06,Organic Search,25-34,Active
USR009980,United States,French,2025-04-23,Social Media,25-34,Active
USR009981,Singapore,French,2025-02-13,Organic Search,18-24,Inactive
USR009982,United States,Hindi,2025-06-27,Referral,25-34,Active
USR009983,India,German,2025-09-09,Paid Ads,35-44,Inactive
USR009984,Australia,Bengali,2025-06-02,Organic Search,35-44,Active
USR009985,United States,English,2025-07-18,Partner Bundle,25-34,Active
USR009986,India,Hindi,2025-02-11,App Store,18-24,Active
USR009987,India,English,2025-03-04,Referral,18-24,Active
USR009988,India,French,2025-03-18,Social Media,45-54,Active
USR009989,India,Telugu,2025-01-19,Organic Search,35-44,Active
USR009990,United Kingdom,Spanish,2025-02-08,Paid Ads,35-44,Active
USR009991,Germany,Bengali,2025-07-28,Organic Search,18-24,Active
USR009992,India,Tamil,2025-06-18,Social Media,25-34,Active
USR009993,Australia,Hindi,2025-06-10,Social Media,45-54,Active
USR009994,UAE,Portuguese,2025-07-08,App Store,35-44,Active
USR009995,Canada,Portuguese,2025-03-18,App Store,35-44,Inactive
USR009996,Germany,Telugu,2025-01-30,App Store,25-34,Active
USR009997,India,Bengali,2025-01-26,Paid Ads,35-44,Active
USR009998,India,English,2025-04-12,Referral,35-44,Active
USR009999,United States,Tamil,2025-05-10,App Store,18-24,Active
USR010000,Australia,Portuguese,2025-04-14,App Store,18-24,Active
